Sample ID,Speccode,Density,Avg Ind Wt,Biomass mg m3,Tow Depth,Station,Areal Bio g,Group,Type,Basin,D or N,Site Depth,Lat,Lon
23GO10I14,BOSLONG,8259.349372544477,1.04374007132736,8.620613903217158,20,ON49,0.17241227806434317,NDAP,OS,E,D,51.5,43.77256666666667,-77.4417
23GO10I14,BYTLONG,4.19001084240284,160.08010227458445,0.6707373641834644,20,ON49,0.013414747283669289,Pred,OS,E,D,51.5,43.77256666666667,-77.4417
23GO10I14,CECPENG,497.35428699321704,3.4534425479836726,1.7175844561244582,20,ON49,0.03435168912248916,Pred,OS,E,D,51.5,43.77256666666667,-77.4417
23GO10I14,CERLACU,35.75475918850423,0.8727842407862029,0.03120619035283218,20,ON49,6.241238070566436e-4,NDAP,OS,E,D,51.5,43.77256666666667,-77.4417
23GO10I14,CYCCOPE,572.0761470160677,0.5383349138930326,0.3079685633441526,20,ON49,0.006159371266883052,CYC,OS,E,D,51.5,43.77256666666667,-77.4417
23GO10I14,DAPAMBI,35.75475918850423,2.740269522336181,0.09797767688272767,20,ON49,0.0019595535376545534,DAP,OS,E,D,51.5,43.77256666666667,-77.4417
23GO10I14,DAPGALEM,3003.3997718343553,2.791918753200003,8.385248146340947,20,ON49,0.16770496292681894,DAP,OS,E,D,51.5,43.77256666666667,-77.4417
23GO10I14,DAPRETR,2681.6069391378173,2.2341816729009794,5.991197077345803,20,ON49,0.11982394154691606,DAP,OS,E,D,51.5,43.77256666666667,-77.4417
23GO10I14,DIACOPE,214.52855513102537,2.767971329571131,0.593808889976998,20,ON49,0.01187617779953996,CAL,OS,E,D,51.5,43.77256666666667,-77.4417
23GO10I14,DIYTHOM,321.7928326965381,2.545445465630921,0.8191061068599325,20,ON49,0.01638212213719865,CYC,OS,E,D,51.5,43.77256666666667,-77.4417
23GO10I14,EPICOPE,35.75475918850423,10.223773996840388,0.36554857725471945,20,ON49,0.007310971545094389,CAL,OS,E,D,51.5,43.77256666666667,-77.4417
23GO10I14,HOLGIBB,2574.3426615723047,1.0119477363925313,2.6051002290768177,20,ON49,0.052102004581536354,NDAP,OS,E,D,51.5,43.77256666666667,-77.4417
23GO10I14,LEOMINU,250.28331431952958,3.89941413531841,0.9759582936919142,20,ON49,0.01951916587383828,CAL,OS,E,D,51.5,43.77256666666667,-77.4417
23GO10I14,LETKIND,137.91121401280202,7.190061086800824,0.9915900533069083,20,ON49,0.019831801066138164,Pred,OS,E,D,51.5,43.77256666666667,-77.4417
23GO10I14,POYPEDI,61.293872894578676,5.437946885755057,0.3333128252229404,20,ON49,0.006666256504458809,Pred,OS,E,D,51.5,43.77256666666667,-77.4417
23GO10I14,SKIOREG,71.50951837700846,6.443666193463745,0.46078346607680387,20,ON49,0.009215669321536078,CAL,OS,E,D,51.5,43.77256666666667,-77.4417
23GO10I14,COPNAUP,3134.128110117324,0.07561880324890556,0.23699901691582617,20,ON49,0.004739980338316524,NAUP,OS,E,D,51.5,43.77256666666667,-77.4417
23GO10I14,DREPOLYV,3419.048847400717,0.446687942196147,1.5272478939135343,20,ON49,0.030544957878270686,DVEL,OS,E,D,51.5,43.77256666666667,-77.4417
23GO10I14,ASCOVAL,1567.064055058662,0.014025716727272725,0.021979196529744102,20,ON49,4.3958393059488203e-4,ROT,OS,E,D,51.5,43.77256666666667,-77.4417
23GO10I14,ASPPRIO,569.8414745667861,1.953022559475,1.1129132551534329,20,ON49,0.02225826510306866,ROT,OS,E,D,51.5,43.77256666666667,-77.4417
23GO10I14,COLSP,142.46036864169653,0.013335840000000002,0.0018998286825466825,20,ON49,3.799657365093365e-5,ROT,OS,E,D,51.5,43.77256666666667,-77.4417
23GO10I14,COOUNIC,28207.152991055915,0.018699096000000005,0.5274482616664418,20,ON49,0.010548965233328836,ROT,OS,E,D,51.5,43.77256666666667,-77.4417
23GO10I14,GASSTYL,1139.6829491335723,0.023020782500000003,0.026236393290962536,20,ON49,5.247278658192507e-4,ROT,OS,E,D,51.5,43.77256666666667,-77.4417
23GO10I14,KELLONG,7123.0184320848275,0.00559191123225,0.03983128677789893,20,ON49,7.966257355579787e-4,ROT,OS,E,D,51.5,43.77256666666667,-77.4417
23GO10I14,KERCOCH,7265.478800726523,0.0015430737,0.01121116925530864,20,ON49,2.2422338510617282e-4,ROT,OS,E,D,51.5,43.77256666666667,-77.4417
23GO10I14,KERCRAS,1139.6829491335723,0.004284692750000001,0.004883191269451238,20,ON49,9.766382538902475e-5,ROT,OS,E,D,51.5,43.77256666666667,-77.4417
23GO10I14,KEREARL,4131.3506906092,0.0022792065000000004,0.009416201347815978,20,ON49,1.8832402695631955e-4,ROT,OS,E,D,51.5,43.77256666666667,-77.4417
23GO10I14,KERQUAD,142.46036864169653,0.05810703359999999,0.008277949427331444,20,ON49,1.6555898854662886e-4,ROT,OS,E,D,51.5,43.77256666666667,-77.4417
23GO10I14,PLOLENT,712.3018432084828,0.02911457,0.020738361875222395,20,ON49,4.147672375044479e-4,ROT,OS,E,D,51.5,43.77256666666667,-77.4417
23GO10I14,PLOTRUN,569.8414745667861,0.0085876025,0.004893572071593419,20,ON49,9.787144143186838e-5,ROT,OS,E,D,51.5,43.77256666666667,-77.4417
23GO10I14,POLSP,854.7622118501793,0.03299631206666667,0.028204000685002763,20,ON49,5.640800137000552e-4,ROT,OS,E,D,51.5,43.77256666666667,-77.4417
23GO10I14,POLVULG,284.92073728339307,0.035440004600000005,0.010097592239958843,20,ON49,2.019518447991769e-4,ROT,OS,E,D,51.5,43.77256666666667,-77.4417
23GO10I14,SYNSP,1424.6036864169655,0.032393988,0.04614859472254694,20,ON49,9.229718944509388e-4,ROT,OS,E,D,51.5,43.77256666666667,-77.4417
23GO10I14,TRICYLI,142.46036864169653,0.044440299488,0.006330981447607877,20,ON49,1.2661962895215757e-4,ROT,OS,E,D,51.5,43.77256666666667,-77.4417
23GO10I14,TRIMULT,854.7622118501793,0.07833479621066668,0.06695762367386249,20,ON49,0.0013391524734772497,ROT,OS,E,D,51.5,43.77256666666667,-77.4417
23GO10I34,BOSLONG,76.6759170670905,0.6441170728591188,0.04938826726004288,20,ON55M,9.877653452008577e-4,NDAP,OS,E,D,198,43.4401,-77.4398
23GO10I34,BYTLONG,15.356966344403068,216.75772467335406,3.3287410826980848,20,ON55M,0.0665748216539617,Pred,OS,E,D,198,43.4401,-77.4398
23GO10I34,CECPENG,4.574415506843467,3.967282508601878,0.01814799862737728,20,ON55M,3.6295997254754564e-4,Pred,OS,E,D,198,43.4401,-77.4398
23GO10I34,CYCCOPE,501.87872989368327,0.34428795840562093,0.17279080328230229,20,ON55M,0.0034558160656460455,CYC,OS,E,D,198,43.4401,-77.4398
23GO10I34,DAPGALEM,160.32237204937104,2.247021514491453,0.36024781924923993,20,ON55M,0.007204956384984799,DAP,OS,E,D,198,43.4401,-77.4398
23GO10I34,DAPRETR,648.2600261126742,1.7931839506612033,1.16244947468046,20,ON55M,0.023248989493609196,DAP,OS,E,D,198,43.4401,-77.4398
23GO10I34,DIACOPE,1547.4594171721901,1.623989957602878,2.5130585532856395,20,ON55M,0.05026117106571279,CAL,OS,E,D,198,43.4401,-77.4398
23GO10I34,DIYTHOM,230.02775120127149,2.7646330385592273,0.6359423207565171,20,ON55M,0.012718846415130344,CYC,OS,E,D,198,43.4401,-77.4398
23GO10I34,EPICOPE,69.70537915190044,3.4994469452449635,0.24393027614025997,20,ON55M,0.0048786055228052,CAL,OS,E,D,198,43.4401,-77.4398
23GO10I34,EPILACU,17.92424035334583,10.578073808198372,0.18960393741357986,20,ON55M,0.0037920787482715974,CAL,OS,E,D,198,43.4401,-77.4398
23GO10I34,EUBCORE,13.94107583038009,0.8547518820794494,0.011916160804229704,20,ON55M,2.383232160845941e-4,NDAP,OS,E,D,198,43.4401,-77.4398
23GO10I34,HOLGIBB,146.38129621899094,0.9986841484703955,0.1461886801664557,20,ON55M,0.002923773603329114,NDAP,OS,E,D,198,43.4401,-77.4398
23GO10I34,LEOMINU,606.436798621534,3.7309583156533437,2.262590416735204,20,ON55M,0.04525180833470408,CAL,OS,E,D,198,43.4401,-77.4398
23GO10I34,LETKIND,425.2028128265927,3.7943093899965943,1.6133510253609051,20,ON55M,0.03226702050721811,Pred,OS,E,D,198,43.4401,-77.4398
23GO10I34,SKIOREG,118.49914455823075,7.469073884672163,0.8850788659758727,20,ON55M,0.017701577319517454,CAL,OS,E,D,198,43.4401,-77.4398
23GO10I34,COPNAUP,10813.918258177957,0.09399415722623511,1.0164451329908333,20,ON55M,0.020328902659816666,NAUP,OS,E,D,198,43.4401,-77.4398
23GO10I34,DREPOLYV,3089.6909309079874,0.20469057315470787,0.6324306075184588,20,ON55M,0.012648612150369177,DVEL,OS,E,D,198,43.4401,-77.4398
23GO10I34,ASCOVAL,1029.8969769693292,0.016239522,0.016725034615226914,20,ON55M,3.345006923045383e-4,ROT,OS,E,D,198,43.4401,-77.4398
23GO10I34,ASPPRIO,514.9484884846646,1.32036562944,0.6799202851272307,20,ON55M,0.013598405702544614,ROT,OS,E,D,198,43.4401,-77.4398
23GO10I34,COLSP,3089.6909309079874,0.014012490000000002,0.04329426327243887,20,ON55M,8.658852654487774e-4,ROT,OS,E,D,198,43.4401,-77.4398
23GO10I34,COOUNIC,67973.20047997573,0.0163771712,1.1132087412724845,20,ON55M,0.02226417482544969,ROT,OS,E,D,198,43.4401,-77.4398
23GO10I34,GASSTYL,5149.484884846646,0.019849802,0.10221625536619873,20,ON55M,0.002044325107323975,ROT,OS,E,D,198,43.4401,-77.4398
23GO10I34,KELLONG,13388.66070060128,0.006014311556842105,0.08052357678226399,20,ON55M,0.0016104715356452797,ROT,OS,E,D,198,43.4401,-77.4398
23GO10I34,KERCOCH,18538.145585447925,0.0017404353000000001,0.03226444297345274,20,ON55M,6.452888594690548e-4,ROT,OS,E,D,198,43.4401,-77.4398
23GO10I34,KERCOCHH,1029.8969769693292,0.002155165,0.0022195979183701046,20,ON55M,4.439195836740209e-5,ROT,OS,E,D,198,43.4401,-77.4398
23GO10I34,KERCRAS,18538.145585447925,0.003972097699999999,0.07363532544222283,20,ON55M,0.0014727065088444566,ROT,OS,E,D,198,43.4401,-77.4398
23GO10I34,KEREARL,3089.6909309079874,0.002495635,0.007710740826356555,20,ON55M,1.542148165271311e-4,ROT,OS,E,D,198,43.4401,-77.4398
23GO10I34,PLOHUDS,1544.8454654539937,0.35661537000000004,0.5509156372556983,20,ON55M,0.011018312745113966,ROT,OS,E,D,198,43.4401,-77.4398
23GO10I34,PLOLENT,7209.278838785304,0.03332834857142857,0.24027335808766043,20,ON55M,0.004805467161753208,ROT,OS,E,D,198,43.4401,-77.4398
23GO10I34,PLOTRUN,5664.433373331311,0.02145886909090909,0.12155233423249318,20,ON55M,0.0024310466846498634,ROT,OS,E,D,198,43.4401,-77.4398
23GO10I34,POLSP,3089.6909309079874,0.03996582333333334,0.12348204189927084,20,ON55M,0.0024696408379854167,ROT,OS,E,D,198,43.4401,-77.4398
23GO10I34,POLVULG,5664.433373331311,0.04254102440000001,0.24097079834706164,20,ON55M,0.004819415966941233,ROT,OS,E,D,198,43.4401,-77.4398
23GO10I34,SYNSP,7209.278838785304,0.02490433214285714,0.17954227471158066,20,ON55M,0.003590845494231613,ROT,OS,E,D,198,43.4401,-77.4398
23GO10I34,TRICYLI,2059.7939539386584,0.100612114252,0.20724022462925515,20,ON55M,0.004144804492585103,ROT,OS,E,D,198,43.4401,-77.4398
23GO10I34,TRIMULT,3604.639419392652,0.0756564766137143,0.27271431793415285,20,ON55M,0.005454286358683057,ROT,OS,E,D,198,43.4401,-77.4398
23GO10I54,BOSLONG,1168.1750228619117,1.0953914399542815,1.279608920411335,20,ON60,0.025592178408226703,NDAP,OS,E,D,150,43.580416666666665,-77.19986666666667
23GO10I54,BYTLONG,5.787452476068922,172.97087255543687,1.0010607046587652,20,ON60,0.020021214093175303,Pred,OS,E,D,150,43.580416666666665,-77.19986666666667
23GO10I54,CECPENG,179.85621541014189,4.4857768893124135,0.8067948544860096,20,ON60,0.016135897089720193,Pred,OS,E,D,150,43.580416666666665,-77.19986666666667
23GO10I54,CERLACU,9.497357909446436,1.9697958805028424,0.018707856485688675,20,ON60,3.7415712971377354e-4,NDAP,OS,E,D,150,43.580416666666665,-77.19986666666667
23GO10I54,CERSP,28.49207372833931,0.2805081161206976,0.00799225792590848,20,ON60,1.5984515851816958e-4,NDAP,OS,E,D,150,43.580416666666665,-77.19986666666667
23GO10I54,CYCCOPE,28.49207372833931,1.688876948101371,0.048119606523396946,20,ON60,9.623921304679389e-4,CYC,OS,E,D,150,43.580416666666665,-77.19986666666667
23GO10I54,DAPGALEM,75.97886327557148,2.3871041192943583,0.18136945750441952,20,ON60,0.0036273891500883905,DAP,OS,E,D,150,43.580416666666665,-77.19986666666667
23GO10I54,DAPRETR,2820.715299105592,1.6864699060519341,4.757051465481861,20,ON60,0.09514102930963722,DAP,OS,E,D,150,43.580416666666665,-77.19986666666667
23GO10I54,DIACOPE,997.2225804918759,2.377520233215054,2.3709168621383627,20,ON60,0.04741833724276725,CAL,OS,E,D,150,43.580416666666665,-77.19986666666667
23GO10I54,DIYTHOM,37.98943163778574,3.706525958454831,0.14080881451239807,20,ON60,0.002816176290247961,CYC,OS,E,D,150,43.580416666666665,-77.19986666666667
23GO10I54,EPICOPE,66.48150536612505,5.458738060963092,0.36290512369218886,20,ON60,0.007258102473843777,CAL,OS,E,D,150,43.580416666666665,-77.19986666666667
23GO10I54,EPILACU,36.63266622215054,9.844594118370225,0.3606337304308028,20,ON60,0.0072126746086160565,CAL,OS,E,D,150,43.580416666666665,-77.19986666666667
23GO10I54,EUBCORE,66.48150536612505,1.4914599187977695,0.09915450059491433,20,ON60,0.0019830900118982865,NDAP,OS,E,D,150,43.580416666666665,-77.19986666666667
23GO10I54,HOLGIBB,2250.8738245388054,1.7305500511071277,3.8952498120913255,20,ON60,0.07790499624182651,NDAP,OS,E,D,150,43.580416666666665,-77.19986666666667
23GO10I54,LEOMINU,883.2542855785185,3.5467693219490832,3.132699203569944,20,ON60,0.06265398407139888,CAL,OS,E,D,150,43.580416666666665,-77.19986666666667
23GO10I54,LETKIND,474.8678954723218,3.46514069814499,1.6454840708436034,20,ON60,0.03290968141687207,Pred,OS,E,D,150,43.580416666666665,-77.19986666666667
23GO10I54,SKIOREG,237.4339477361609,7.601103679629558,1.8047600538063047,20,ON60,0.03609520107612609,CAL,OS,E,D,150,43.580416666666665,-77.19986666666667
23GO10I54,COPNAUP,3804.4444444444443,0.08406209483868157,0.3198095696973841,20,ON60,0.0063961913939476825,NAUP,OS,E,D,150,43.580416666666665,-77.19986666666667
23GO10I54,DREPOLYV,3804.4444444444443,1.506235734466489,5.730390172014731,20,ON60,0.11460780344029461,DVEL,OS,E,D,150,43.580416666666665,-77.19986666666667
23GO10I54,ASCOVAL,4565.333333333333,0.013294712,0.06069479185066666,20,ON60,0.0012138958370133332,ROT,OS,E,D,150,43.580416666666665,-77.19986666666667
23GO10I54,ASPPRIO,760.8888888888889,4.63140102048,3.523981576471894,20,ON60,0.07047963152943788,ROT,OS,E,D,150,43.580416666666665,-77.19986666666667
23GO10I54,COLSP,760.8888888888889,0.02843739,0.02163769408,20,ON60,4.3275388159999995e-4,ROT,OS,E,D,150,43.580416666666665,-77.19986666666667
23GO10I54,COOUNIC,79893.33333333333,0.019258340399999997,1.5386130090239996,20,ON60,0.030772260180479988,ROT,OS,E,D,150,43.580416666666665,-77.19986666666667
23GO10I54,GASSTYL,1141.3333333333333,0.021868693333333338,0.02495946865777778,20,ON60,4.991893731555555e-4,ROT,OS,E,D,150,43.580416666666665,-77.19986666666667
23GO10I54,KELLONG,13696,0.0061692232875,0.0844936821456,20,ON60,0.001689873642912,ROT,OS,E,D,150,43.580416666666665,-77.19986666666667
23GO10I54,KERCOCH,17120,0.0013484175,0.023084907599999996,20,ON60,4.616981519999999e-4,ROT,OS,E,D,150,43.580416666666665,-77.19986666666667
23GO10I54,KERCRAS,7608.888888888889,0.0032848476000000002,0.02499404040533333,20,ON60,4.998808081066666e-4,ROT,OS,E,D,150,43.580416666666665,-77.19986666666667
23GO10I54,KEREARL,6087.111111111111,0.0021638116250000004,0.013171361784888891,20,ON60,2.634272356977778e-4,ROT,OS,E,D,150,43.580416666666665,-77.19986666666667
23GO10I54,PLOHUDS,380.44444444444446,0.16003008000000002,0.06088255488000001,20,ON60,0.0012176510976,ROT,OS,E,D,150,43.580416666666665,-77.19986666666667
23GO10I54,PLOLENT,3424,0.04134819555555555,0.14157622158222222,20,ON60,0.0028315244316444448,ROT,OS,E,D,150,43.580416666666665,-77.19986666666667
23GO10I54,POLREMA,380.44444444444446,0.020989337600000005,0.00798527688248889,20,ON60,1.5970553764977778e-4,ROT,OS,E,D,150,43.580416666666665,-77.19986666666667
23GO10I54,POLSP,9511.111111111111,0.04750703188000001,0.45184465876977786,20,ON60,0.009036893175395556,ROT,OS,E,D,150,43.580416666666665,-77.19986666666667
23GO10I54,POLVULG,5326.222222222223,0.054519377,0.2903823173191111,20,ON60,0.005807646346382223,ROT,OS,E,D,150,43.580416666666665,-77.19986666666667
23GO10I54,SYNSP,10272,0.0327890725,0.33680935272000007,20,ON60,0.006736187054400001,ROT,OS,E,D,150,43.580416666666665,-77.19986666666667
23GO10I54,TRIMULT,380.44444444444446,0.06570219801600001,0.024996036222976005,20,ON60,4.999207244595201e-4,ROT,OS,E,D,150,43.580416666666665,-77.19986666666667
23GO10I74,BOSLONG,666.1160615940514,0.7963681486544361,0.530473614760639,20,ON63,0.010609472295212781,NDAP,OS,E,N,88,43.73155,-77.01718333333334
23GO10I74,BYTLONG,20.002996966813555,193.82149011041994,3.8770106787820136,20,ON63,0.07754021357564027,Pred,OS,E,N,88,43.73155,-77.01718333333334
23GO10I74,CYCCOPE,3309.764181045443,0.5293863189836293,1.7521438765075135,20,ON63,0.03504287753015027,CYC,OS,E,N,88,43.73155,-77.01718333333334
23GO10I74,DAPGALEM,978.357965466263,2.860464534773717,2.7985582625296144,20,ON63,0.055971165250592286,DAP,OS,E,N,88,43.73155,-77.01718333333334
23GO10I74,DAPRETR,41.63225384962821,4.362087458794206,0.18160353239880003,20,ON63,0.0036320706479760004,DAP,OS,E,N,88,43.73155,-77.01718333333334
23GO10I74,DIACOPE,3497.1093233687698,1.4091771523227263,4.928046557666059,20,ON63,0.09856093115332118,CAL,OS,E,N,88,43.73155,-77.01718333333334
23GO10I74,DIYTHOM,2685.2803733010196,3.7257294640099294,10.004628205935191,20,ON63,0.20009256411870383,CYC,OS,E,N,88,43.73155,-77.01718333333334
23GO10I74,EPICOPE,270.60965002258337,1.8268247632285333,0.4943564098298621,20,ON63,0.009887128196597242,CAL,OS,E,N,88,43.73155,-77.01718333333334
23GO10I74,EPILACU,44.605986267458796,9.86704220906733,0.4401291492780936,20,ON63,0.008802582985561871,CAL,OS,E,N,88,43.73155,-77.01718333333334
23GO10I74,EUBCORE,20.816126924814107,2.1347687321001785,0.0444376168825218,20,ON63,8.88752337650436e-4,NDAP,OS,E,N,88,43.73155,-77.01718333333334
23GO10I74,LEOMINU,2185.6933271054813,3.713387023289677,8.116325237764332,20,ON63,0.16232650475528662,CAL,OS,E,N,88,43.73155,-77.01718333333334
23GO10I74,LETKIND,1436.3127578121732,2.438119198770007,3.5019017102601553,20,ON63,0.0700380342052031,Pred,OS,E,N,88,43.73155,-77.01718333333334
23GO10I74,SKIOREG,520.4031731203526,6.851165625979817,3.5653683313329836,20,ON63,0.07130736662665967,CAL,OS,E,N,88,43.73155,-77.01718333333334
23GO10I74,COPNAUP,22247.235650895076,0.15711156529178327,3.49529801652729,20,ON63,0.06990596033054582,NAUP,OS,E,N,88,43.73155,-77.01718333333334
23GO10I74,DREPOLYV,741.5745216965025,0.7197297719810669,0.5337332614075925,20,ON63,0.010674665228151848,DVEL,OS,E,N,88,43.73155,-77.01718333333334
23GO10I74,ASCOVAL,741.5745216965025,0.011643588,0.008634588201931135,20,ON63,1.7269176403862272e-4,ROT,OS,E,N,88,43.73155,-77.01718333333334
23GO10I74,ASPPRIO,741.5745216965025,4.03161221112,2.989740897127093,20,ON63,0.05979481794254186,ROT,OS,E,N,88,43.73155,-77.01718333333334
23GO10I74,COLSP,4449.447130179015,0.017678970000000002,0.07866164233102091,20,ON63,0.0015732328466204182,ROT,OS,E,N,88,43.73155,-77.01718333333334
23GO10I74,COOUNIC,100854.13495072434,0.026073817900000008,2.629652349167213,20,ON63,0.05259304698334426,ROT,OS,E,N,88,43.73155,-77.01718333333334
23GO10I74,GASSTYL,2224.7235650895077,0.024988913333333335,0.05559342435864607,20,ON63,0.0011118684871729214,ROT,OS,E,N,88,43.73155,-77.01718333333334
23GO10I74,KELLONG,4449.447130179015,0.005495190715,0.024450560556643124,20,ON63,4.890112111328625e-4,ROT,OS,E,N,88,43.73155,-77.01718333333334
23GO10I74,KERCOCH,21505.661129198572,0.0013242758000000002,0.028479426596398346,20,ON63,5.695885319279668e-4,ROT,OS,E,N,88,43.73155,-77.01718333333334
23GO10I74,KERCRAS,29662.9808678601,0.0034368382000000003,0.10194686577253076,20,ON63,0.002038937315450615,ROT,OS,E,N,88,43.73155,-77.01718333333334
23GO10I74,KEREARL,8898.89426035803,0.0021055455,0.01873702676487268,20,ON63,3.747405352974536e-4,ROT,OS,E,N,88,43.73155,-77.01718333333334
23GO10I74,PLOHUDS,741.5745216965025,0.61629875,0.4570314507534024,20,ON63,0.009140629015068048,ROT,OS,E,N,88,43.73155,-77.01718333333334
23GO10I74,POLSP,40045.024171611134,0.05059208462000001,2.0259612515000964,20,ON63,0.040519225030001924,ROT,OS,E,N,88,43.73155,-77.01718333333334
23GO10I74,POLVULG,22247.235650895076,0.051946198920000006,1.1556593285415115,20,ON63,0.02311318657083023,ROT,OS,E,N,88,43.73155,-77.01718333333334
23GO10I74,SYNSP,1483.149043393005,0.08315973000000002,0.1233382739983206,20,ON63,0.002466765479966412,ROT,OS,E,N,88,43.73155,-77.01718333333334
23GO10I74,TRICYLI,741.5745216965025,0.082112681664,0.06089267263019797,20,ON63,0.0012178534526039596,ROT,OS,E,N,88,43.73155,-77.01718333333334
23GO10I74,TRIMULT,5191.021651875518,0.07415256639885714,0.3849275777186044,20,ON63,0.007698551554372088,ROT,OS,E,N,88,43.73155,-77.01718333333334
23GO10I94,BOSLONG,11051.471021901309,1.3718890844053866,15.161392461568848,20,ON12,0.30322784923137697,NDAP,OS,W,N,106.8,43.50398333333333,-79.35345
23GO10I94,CECPENG,270.89054946261996,4.286017449220621,1.1610416218257509,20,ON12,0.02322083243651502,Pred,OS,W,N,106.8,43.50398333333333,-79.35345
23GO10I94,CYCCOPE,15748.346206209364,0.5255771335957395,8.276970657932857,20,ON12,0.16553941315865714,CYC,OS,W,N,106.8,43.50398333333333,-79.35345
23GO10I94,DAPAMBI,92.09559184917757,9.555361631913065,0.8800066848239569,20,ON12,0.017600133696479142,DAP,OS,W,N,106.8,43.50398333333333,-79.35345
23GO10I94,DAPGALEM,2578.6765717769717,6.915171026196657,17.83198951508424,20,ON12,0.3566397903016848,DAP,OS,W,N,106.8,43.50398333333333,-79.35345
23GO10I94,DAPRETR,2670.7721636261494,2.4966586700683133,6.668006478094334,20,ON12,0.13336012956188667,DAP,OS,W,N,106.8,43.50398333333333,-79.35345
23GO10I94,DIACOPE,1105.147102190131,3.6796527148112053,4.066557534839652,20,ON12,0.08133115069679304,CAL,OS,W,N,106.8,43.50398333333333,-79.35345
23GO10I94,DIYTHOM,4052.206041363813,3.663499970546718,14.845256713185561,20,ON12,0.2969051342637112,CYC,OS,W,N,106.8,43.50398333333333,-79.35345
23GO10I94,HOLGIBB,6354.595837593252,2.0852369921632645,13.250838310796155,20,ON12,0.26501676621592307,NDAP,OS,W,N,106.8,43.50398333333333,-79.35345
23GO10I94,LEOMINU,276.2867755475327,4.233460543055745,1.1696491628485788,20,ON12,0.023392983256971575,CAL,OS,W,N,106.8,43.50398333333333,-79.35345
23GO10I94,LETKIND,355.2258542753992,4.800283167513456,1.7051846889437863,20,ON12,0.034103693778875725,Pred,OS,W,N,106.8,43.50398333333333,-79.35345
23GO10I94,POYPEDI,78.93907872786649,4.091078776080221,0.32294598958690024,20,ON12,0.006458919791738005,Pred,OS,W,N,106.8,43.50398333333333,-79.35345
23GO10I94,COPNAUP,81124.32432432432,0.10256094581944404,8.320187431666032,20,ON12,0.1664037486333206,NAUP,OS,W,N,106.8,43.50398333333333,-79.35345
23GO10I94,DREPOLYV,27848.648648648646,0.21043188814727598,5.86024371748522,20,ON12,0.11720487434970439,DVEL,OS,W,N,106.8,43.50398333333333,-79.35345
23GO10I94,ASCECAU,3632.432432432432,0.039249215999999996,0.14257012514594591,20,ON12,0.002851402502918918,ROT,OS,W,N,106.8,43.50398333333333,-79.35345
23GO10I94,ASCOVAL,6054.054054054054,0.014603001599999998,0.08840736103783783,20,ON12,0.0017681472207567567,ROT,OS,W,N,106.8,43.50398333333333,-79.35345
23GO10I94,ASPPRIO,3632.432432432432,1.83598136111,6.669078241437404,20,ON12,0.13338156482874808,ROT,OS,W,N,106.8,43.50398333333333,-79.35345
23GO10I94,COLSP,16951.35135135135,0.019549709999999998,0.33139400302702693,20,ON12,0.006627880060540539,ROT,OS,W,N,106.8,43.50398333333333,-79.35345
23GO10I94,COOUNIC,73859.45945945945,0.021397907700000003,1.5804378962854055,20,ON12,0.03160875792570811,ROT,OS,W,N,106.8,43.50398333333333,-79.35345
23GO10I94,GASSTYL,2421.6216216216217,0.021723850000000003,0.05260694486486487,20,ON12,0.0010521388972972974,ROT,OS,W,N,106.8,43.50398333333333,-79.35345
23GO10I94,KELLONG,131978.37837837837,0.0063396397575,0.8366953746979459,20,ON12,0.016733907493958918,ROT,OS,W,N,106.8,43.50398333333333,-79.35345
23GO10I94,KERCOCH,158616.2162162162,0.0015997559,0.2537472277275676,20,ON12,0.0050749445545513515,ROT,OS,W,N,106.8,43.50398333333333,-79.35345
23GO10I94,KERCRAS,7264.864864864864,0.004205586,0.03055301396756756,20,ON12,6.110602793513513e-4,ROT,OS,W,N,106.8,43.50398333333333,-79.35345
23GO10I94,KEREARL,10897.297297297297,0.0026481139999999996,0.02885728553513513,20,ON12,5.771457107027026e-4,ROT,OS,W,N,106.8,43.50398333333333,-79.35345
23GO10I94,KERQUAD,13318.918918918918,0.08348706659999999,1.1119574708237836,20,ON12,0.022239149416475673,ROT,OS,W,N,106.8,43.50398333333333,-79.35345
23GO10I94,PLOHUDS,2421.6216216216217,0.5103828800000001,1.2359542175135139,20,ON12,0.02471908435027028,ROT,OS,W,N,106.8,43.50398333333333,-79.35345
23GO10I94,PLOTRUN,2421.6216216216217,0.017798400000000002,0.04310099027027028,20,ON12,8.620198054054056e-4,ROT,OS,W,N,106.8,43.50398333333333,-79.35345
23GO10I94,POLREMA,2421.6216216216217,0.0169915438,0.041147089850810815,20,ON12,8.229417970162163e-4,ROT,OS,W,N,106.8,43.50398333333333,-79.35345
23GO10I94,POLSP,2421.6216216216217,0.06478000760000001,0.15687266705297298,20,ON12,0.0031374533410594594,ROT,OS,W,N,106.8,43.50398333333333,-79.35345
23GO10I94,SYNSP,4843.243243243243,0.022449040000000003,0.10872616129729731,20,ON12,0.0021745232259459462,ROT,OS,W,N,106.8,43.50398333333333,-79.35345
23GO10I94,TRIMULT,2421.6216216216217,0.08224505718,0.1991664087385946,20,ON12,0.003983328174771892,ROT,OS,W,N,106.8,43.50398333333333,-79.35345
23GO10I94,TRIPUSI,1210.8108108108108,0.006875052287999998,0.0083243876352,20,ON12,1.6648775270399998e-4,ROT,OS,W,N,106.8,43.50398333333333,-79.35345
23GO11I14,BOSLONG,8090.143751596063,0.7642041227418349,6.182521208543807,20,ON25,0.12365042417087614,NDAP,OS,W,D,137,43.51623333333333,-79.08041666666666
23GO11I14,CECPENG,289.4353264304891,2.750710790742422,0.7961528756344017,20,ON25,0.015923057512688035,Pred,OS,W,D,137,43.51623333333333,-79.08041666666666
23GO11I14,CERLACU,42.80499339468816,2.667098021774182,0.11416511320502973,20,ON25,0.0022833022641005948,NDAP,OS,W,D,137,43.51623333333333,-79.08041666666666
23GO11I14,CHYSPHA,85.60998678937632,0.8968256581982916,0.07677723275072947,20,ON25,0.0015355446550145892,NDAP,OS,W,D,137,43.51623333333333,-79.08041666666666
23GO11I14,CYCCOPE,10144.783434541096,0.31852468034689385,3.2313639006756665,20,ON25,0.06462727801351334,CYC,OS,W,D,137,43.51623333333333,-79.08041666666666
23GO11I14,DAPGALEM,428.0499339468816,3.433693063976078,1.4697920892288256,20,ON25,0.02939584178457651,DAP,OS,W,D,137,43.51623333333333,-79.08041666666666
23GO11I14,DAPRETR,2568.2996036812897,1.805481087999014,4.637016362761932,20,ON25,0.09274032725523863,DAP,OS,W,D,137,43.51623333333333,-79.08041666666666
23GO11I14,DIACOPE,513.659920736258,2.1502977759468265,1.1045217851521987,20,ON25,0.022090435703043972,CAL,OS,W,D,137,43.51623333333333,-79.08041666666666
23GO11I14,DIYTHOM,1198.5398150512685,2.725728656879514,3.2668943202963154,20,ON25,0.06533788640592632,CYC,OS,W,D,137,43.51623333333333,-79.08041666666666
23GO11I14,EPICOPE,42.80499339468816,2.568090011040062,0.10992707595953449,20,ON25,0.00219854151919069,CAL,OS,W,D,137,43.51623333333333,-79.08041666666666
23GO11I14,EUBCORE,385.2449405521935,1.4904521554142993,0.5741891520084704,20,ON25,0.011483783040169409,NDAP,OS,W,D,137,43.51623333333333,-79.08041666666666
23GO11I14,HOLGIBB,4622.9392866263215,0.9979355655272377,4.613395531397523,20,ON25,0.09226791062795045,NDAP,OS,W,D,137,43.51623333333333,-79.08041666666666
23GO11I14,LEOMINU,42.80499339468816,3.328023532188576,0.14245602531269877,20,ON25,0.0028491205062539755,CAL,OS,W,D,137,43.51623333333333,-79.08041666666666
23GO11I14,LEOSICO,42.80499339468816,3.9959369923756203,0.1710460565642285,20,ON25,0.00342092113128457,CAL,OS,W,D,137,43.51623333333333,-79.08041666666666
23GO11I14,POYPEDI,128.4149801840645,5.643162035047941,0.7246665409061464,20,ON25,0.014493330818122927,Pred,OS,W,D,137,43.51623333333333,-79.08041666666666
23GO11I14,SKIOREG,42.80499339468816,6.56142471778304,0.28086174170444667,20,ON25,0.005617234834088933,CAL,OS,W,D,137,43.51623333333333,-79.08041666666666
23GO11I14,COPNAUP,43195.588959414694,0.08412380454659978,3.633777282897065,20,ON25,0.07267554565794129,NAUP,OS,W,D,137,43.51623333333333,-79.08041666666666
23GO11I14,DREPOLYV,23259.16328583868,0.36005324864458194,8.374537301821006,20,ON25,0.1674907460364201,DVEL,OS,W,D,137,43.51623333333333,-79.08041666666666
23GO11I14,ASCECAU,1661.3688061313344,0.03583180799999999,0.059529848078487185,20,ON25,0.0011905969615697437,ROT,OS,W,D,137,43.51623333333333,-79.08041666666666
23GO11I14,ASCOVAL,4984.106418394003,0.015638148,0.07794219381859535,20,ON25,0.001558843876371907,ROT,OS,W,D,137,43.51623333333333,-79.08041666666666
23GO11I14,ASPHERR,1661.3688061313344,3.23766882816,5.378961995688815,20,ON25,0.10757923991377631,ROT,OS,W,D,137,43.51623333333333,-79.08041666666666
23GO11I14,COLSP,16613.688061313343,0.018283302,0.3037530761587864,20,ON25,0.006075061523175727,ROT,OS,W,D,137,43.51623333333333,-79.08041666666666
23GO11I14,COOUNIC,212655.2071848108,0.018252976299999998,3.8815904568159407,20,ON25,0.07763180913631883,ROT,OS,W,D,137,43.51623333333333,-79.08041666666666
23GO11I14,GASSTYL,1661.3688061313344,0.026619999999999998,0.044225637619216114,20,ON25,8.845127523843222e-4,ROT,OS,W,D,137,43.51623333333333,-79.08041666666666
23GO11I14,KELLONG,96359.3907556174,0.0063647275125,0.6133012654300162,20,ON25,0.012266025308600322,ROT,OS,W,D,137,43.51623333333333,-79.08041666666666
23GO11I14,KERCOCH,142877.71732729475,0.001520931,0.21730714949231975,20,ON25,0.004346142989846395,ROT,OS,W,D,137,43.51623333333333,-79.08041666666666
23GO11I14,KERCOCHH,8306.844030656672,0.0022414068,0.01861901669685327,20,ON25,3.7238033393706545e-4,ROT,OS,W,D,137,43.51623333333333,-79.08041666666666
23GO11I14,KERCRAS,8306.844030656672,0.0036398955999999995,0.03023604503707348,20,ON25,6.047209007414696e-4,ROT,OS,W,D,137,43.51623333333333,-79.08041666666666
23GO11I14,KEREARL,26581.90089810135,0.0026760137500000006,0.07113353230445658,20,ON25,0.0014226706460891316,ROT,OS,W,D,137,43.51623333333333,-79.08041666666666
23GO11I14,KERQUAD,18275.056867444677,0.07700186549999999,1.407213470911826,20,ON25,0.028144269418236518,ROT,OS,W,D,137,43.51623333333333,-79.08041666666666
23GO11I14,PLOHUDS,1661.3688061313344,0.14706125,0.2443229733406817,20,ON25,0.004886459466813634,ROT,OS,W,D,137,43.51623333333333,-79.08041666666666
23GO11I14,POLREMA,4984.106418394003,0.01852177506666667,0.09231449798982337,20,ON25,0.0018462899597964674,ROT,OS,W,D,137,43.51623333333333,-79.08041666666666
23GO11I14,TRICYLI,1661.3688061313344,0.07940040908800002,0.13191336285287014,20,ON25,0.002638267257057403,ROT,OS,W,D,137,43.51623333333333,-79.08041666666666
23GO11I34,BOSLONG,16271.165796860847,1.7198782906870875,27.984424818191236,20,ON33,0.5596884963638247,NDAP,OS,W,D,140.9,43.597116666666665,-78.80105
23GO11I34,CECPENG,309.57733954830206,2.883465446277228,0.8926555615379617,20,ON33,0.017853111230759233,Pred,OS,W,D,140.9,43.597116666666665,-78.80105
23GO11I34,CYCCOPE,15149.016431560098,0.963965120893195,14.603123455861827,20,ON33,0.29206246911723655,CYC,OS,W,D,140.9,43.597116666666665,-78.80105
23GO11I34,DAPGALEM,1028.6369181923524,5.690735370094473,5.8537004933421946,20,ON33,0.1170740098668439,DAP,OS,W,D,140.9,43.597116666666665,-78.80105
23GO11I34,DAPRETR,3834.010331444222,3.7231298789267924,14.274518421114,20,ON33,0.28549036842228,DAP,OS,W,D,140.9,43.597116666666665,-78.80105
23GO11I34,DIACOPE,1496.1991537343306,5.287293953815038,7.910844739242703,20,ON33,0.15821689478485404,CAL,OS,W,D,140.9,43.597116666666665,-78.80105
23GO11I34,DIYTHOM,8696.657581080797,3.1186474306549665,27.121808820523665,20,ON33,0.5424361764104733,CYC,OS,W,D,140.9,43.597116666666665,-78.80105
23GO11I34,EUBCORE,93.51244710839566,0.8035976250154874,0.07514638040569313,20,ON33,0.0015029276081138625,NDAP,OS,W,D,140.9,43.597116666666665,-78.80105
23GO11I34,HOLGIBB,12904.717700958603,1.1050492155650933,14.260348172533279,20,ON33,0.2852069634506656,NDAP,OS,W,D,140.9,43.597116666666665,-78.80105
23GO11I34,LEOSICI,93.51244710839566,8.578219213775501,0.802170270512405,20,ON33,0.0160434054102481,CAL,OS,W,D,140.9,43.597116666666665,-78.80105
23GO11I34,LETKIND,40.076763046455284,0.7183810448464547,0.02879038691137633,20,ON33,5.758077382275266e-4,Pred,OS,W,D,140.9,43.597116666666665,-78.80105
23GO11I34,POYPEDI,240.4605782787317,6.123724801396491,1.4725144069636118,20,ON33,0.029450288139272234,Pred,OS,W,D,140.9,43.597116666666665,-78.80105
23GO11I34,COPNAUP,45306.7806240177,0.09609668477588096,4.35383141583622,20,ON33,0.0870766283167244,NAUP,OS,W,D,140.9,43.597116666666665,-78.80105
23GO11I34,DREPOLYV,8345.985904424313,0.3726557397730462,3.1101795513486588,20,ON33,0.06220359102697317,DVEL,OS,W,D,140.9,43.597116666666665,-78.80105
23GO11I34,ASCOVAL,2384.5674012640893,0.013116431999999999,0.03127701616809714,20,ON33,6.255403233619427e-4,ROT,OS,W,D,140.9,43.597116666666665,-78.80105
23GO11I34,ASPPRIO,3576.8511018961344,2.7256591680499995,9.749276998632942,20,ON33,0.19498553997265883,ROT,OS,W,D,140.9,43.597116666666665,-78.80105
23GO11I34,COLSP,11922.837006320447,0.023766858000000002,0.2833683740863632,20,ON33,0.005667367481727263,ROT,OS,W,D,140.9,43.597116666666665,-78.80105
23GO11I34,COOUNIC,172881.1365916465,0.020907828500000003,3.6145691547432204,20,ON33,0.07229138309486441,ROT,OS,W,D,140.9,43.597116666666665,-78.80105
23GO11I34,GASSTYL,1192.2837006320447,0.009491040000000001,0.011316012294046763,20,ON33,2.2632024588093526e-4,ROT,OS,W,D,140.9,43.597116666666665,-78.80105
23GO11I34,KELLONG,139497.19297394925,0.007073148285,0.9866843312460031,20,ON33,0.01973368662492006,ROT,OS,W,D,140.9,43.597116666666665,-78.80105
23GO11I34,KERCOCH,92998.1286492995,0.0014629394999999996,0.13605063582714186,20,ON33,0.002721012716542837,ROT,OS,W,D,140.9,43.597116666666665,-78.80105
23GO11I34,KERCRAS,3576.8511018961344,0.0032072693333333336,0.011471924849011014,20,ON33,2.294384969802203e-4,ROT,OS,W,D,140.9,43.597116666666665,-78.80105
23GO11I34,KEREARL,35768.51101896134,0.0023441619999999995,0.08384718432723044,20,ON33,0.0016769436865446089,ROT,OS,W,D,140.9,43.597116666666665,-78.80105
23GO11I34,KERQUAD,1192.2837006320447,0.0718903416,0.08571368252254984,20,ON33,0.0017142736504509968,ROT,OS,W,D,140.9,43.597116666666665,-78.80105
23GO11I34,PLOHUDS,1192.2837006320447,0.08998912,0.10729256101022115,20,ON33,0.002145851220204423,ROT,OS,W,D,140.9,43.597116666666665,-78.80105
23GO11I34,POLREMA,1192.2837006320447,0.0182552832,0.021765476609781995,20,ON33,4.3530953219563987e-4,ROT,OS,W,D,140.9,43.597116666666665,-78.80105
23GO11I34,POLSP,1192.2837006320447,0.023209986800000006,0.027672888953524915,20,ON33,5.534577790704984e-4,ROT,OS,W,D,140.9,43.597116666666665,-78.80105
23GO11I34,SYNSP,4769.134802528179,0.040091150000000006,0.19120009873837762,20,ON33,0.0038240019747675523,ROT,OS,W,D,140.9,43.597116666666665,-78.80105
23GO11I34,TRICYLI,5961.418503160224,0.0818414544064,0.48789116062385685,20,ON33,0.009757823212477137,ROT,OS,W,D,140.9,43.597116666666665,-78.80105
23GO11I34,TRIMULT,1192.2837006320447,0.055224104415999994,0.06584279957719892,20,ON33,0.0013168559915439785,ROT,OS,W,D,140.9,43.597116666666665,-78.80105
23GO11I54,BOSLONG,1671.5349920625727,1.301755302740146,2.1759295396331617,20,ON41,0.04351859079266323,NDAP,OS,W,N,132.2,43.7167,-78.02745
23GO11I54,BYTLONG,9.794150344116636,217.05038760344695,2.1258241284369492,20,ON41,0.04251648256873899,Pred,OS,W,N,132.2,43.7167,-78.02745
23GO11I54,CECPENG,3.5615092160424133,6.215999419479604,0.0221383392193909,20,ON41,4.42766784387818e-4,Pred,OS,W,N,132.2,43.7167,-78.02745
23GO11I54,CYCCOPE,5166.562702738861,0.8435376763685918,4.358190297080971,20,ON41,0.08716380594161942,CYC,OS,W,N,132.2,43.7167,-78.02745
23GO11I54,DAPGALEM,1823.4927186137156,6.644515915658663,12.116226390916518,20,ON41,0.24232452781833036,DAP,OS,W,N,132.2,43.7167,-78.02745
23GO11I54,DAPRETR,506.5257551704765,2.1706785426056876,1.0995045880256953,20,ON41,0.021990091760513905,DAP,OS,W,N,132.2,43.7167,-78.02745
23GO11I54,DIACOPE,1519.5772655114297,3.1694157752296244,4.816172156992221,20,ON41,0.09632344313984441,CAL,OS,W,N,132.2,43.7167,-78.02745
23GO11I54,DIYTHOM,1899.471581889287,4.254058799357902,8.080463797066397,20,ON41,0.16160927594132796,CYC,OS,W,N,132.2,43.7167,-78.02745
23GO11I54,EPICOPE,50.65257551704765,4.634763803051071,0.23476272353772337,20,ON41,0.004695254470754468,CAL,OS,W,N,132.2,43.7167,-78.02745
23GO11I54,EPILACU,21.70824665016328,14.581366797310977,0.3165359069325281,20,ON41,0.006330718138650562,CAL,OS,W,N,132.2,43.7167,-78.02745
23GO11I54,HOLGIBB,10.85412332508164,1.866984208896922,0.020264476849347172,20,ON41,4.052895369869435e-4,NDAP,OS,W,N,132.2,43.7167,-78.02745
23GO11I54,LEOMINU,253.26287758523824,3.886361120166808,0.9842710006288357,20,ON41,0.019685420012576713,CAL,OS,W,N,132.2,43.7167,-78.02745
23GO11I54,LEOSICI,50.65257551704765,13.289414609426299,0.6731430770813219,20,ON41,0.013462861541626438,CAL,OS,W,N,132.2,43.7167,-78.02745
23GO11I54,LETKIND,466.72730297851047,7.712114874341661,3.5994545755619374,20,ON41,0.07198909151123874,Pred,OS,W,N,132.2,43.7167,-78.02745
23GO11I54,LIMMACR,65.12473995048984,51.43557724782701,3.349728592468066,20,ON41,0.06699457184936132,LIMNO,OS,W,N,132.2,43.7167,-78.02745
23GO11I54,COPNAUP,17285.191395192513,0.1197547861258155,2.0699843986750657,20,ON41,0.04139968797350131,NAUP,OS,W,N,132.2,43.7167,-78.02745
23GO11I54,DREPOLYV,797.7780643935006,0.29332521440284226,0.23400842178410808,20,ON41,0.0046801684356821615,DVEL,OS,W,N,132.2,43.7167,-78.02745
23GO11I54,ASCOVAL,2393.3341931805016,0.01251564,0.029954109161537613,20,ON41,5.990821832307522e-4,ROT,OS,W,N,132.2,43.7167,-78.02745
23GO11I54,ASPPRIO,265.9260214645002,3.32021170104,0.8829306880774477,20,ON41,0.017658613761548952,ROT,OS,W,N,132.2,43.7167,-78.02745
23GO11I54,COLSP,1861.4821502515013,0.016597748571428574,0.030896412700076644,20,ON41,6.179282540015328e-4,ROT,OS,W,N,132.2,43.7167,-78.02745
23GO11I54,COOUNIC,32974.826661598025,0.019708851500000003,0.6498959619116763,20,ON41,0.012997919238233527,ROT,OS,W,N,132.2,43.7167,-78.02745
23GO11I54,GASSTYL,5052.594407825503,0.025753287368421054,0.1301209157408074,20,ON41,0.002602418314816148,ROT,OS,W,N,132.2,43.7167,-78.02745
23GO11I54,KELLONG,17551.117416657013,0.007261914381749999,0.12745471198380445,20,ON41,0.002549094239676089,ROT,OS,W,N,132.2,43.7167,-78.02745
23GO11I54,KERCOCH,5052.594407825503,0.0012349373684210528,0.0062396376416989545,20,ON41,1.2479275283397908e-4,ROT,OS,W,N,132.2,43.7167,-78.02745
23GO11I54,KERCRAS,16753.339352263512,0.0032139107,0.05384373660497077,20,ON41,0.0010768747320994154,ROT,OS,W,N,132.2,43.7167,-78.02745
23GO11I54,KEREARL,1063.7040858580008,0.00187089,0.0019900733371908752,20,ON41,3.98014667438175e-5,ROT,OS,W,N,132.2,43.7167,-78.02745
23GO11I54,KERQUAD,265.9260214645002,0.029915169900000003,0.00795522211294157,20,ON41,1.5910444225883142e-4,ROT,OS,W,N,132.2,43.7167,-78.02745
23GO11I54,PLOHUDS,265.9260214645002,0.62570773,0.16639196723848368,20,ON41,0.0033278393447696737,ROT,OS,W,N,132.2,43.7167,-78.02745
23GO11I54,PLOTRUN,15689.63526640551,0.023584124999999997,0.37002631932731583,20,ON41,0.007400526386546317,ROT,OS,W,N,132.2,43.7167,-78.02745
23GO11I54,POLREMA,265.9260214645002,0.0239835904,0.006377860775506181,20,ON41,1.2755721551012362e-4,ROT,OS,W,N,132.2,43.7167,-78.02745
23GO11I54,POLSP,6116.298493683505,0.051168180140000005,0.3129598631148082,20,ON41,0.006259197262296165,ROT,OS,W,N,132.2,43.7167,-78.02745
23GO11I54,POLVULG,3457.0382790385024,0.057219102769230784,0.1978086285654688,20,ON41,0.003956172571309376,ROT,OS,W,N,132.2,43.7167,-78.02745
23GO11I54,SYNSP,1595.5561287870012,0.03778666333333334,0.06029074226791106,20,ON41,0.0012058148453582213,ROT,OS,W,N,132.2,43.7167,-78.02745
23GO11I54,TRIMULT,531.8520429290004,0.067779062884,0.03604843306266858,20,ON41,7.209686612533717e-4,ROT,OS,W,N,132.2,43.7167,-78.02745
23GO11I54,TRISP,265.9260214645002,0.007641266152,0.0020320115067527108,20,ON41,4.064023013505422e-5,ROT,OS,W,N,132.2,43.7167,-78.02745
23GO11I74,BOSLONG,2030.3851071549827,0.8608313989162092,1.747819252130861,20,ON65b,0.03495638504261722,NDAP,NS,E,N,23.1,43.30775,-76.95155
23GO11I74,BYTLONG,8.308867626006254,120.62837151823558,1.0022851708857226,20,ON65b,0.020045703417714448,Pred,NS,E,N,23.1,43.30775,-76.95155
23GO11I74,CECPENG,7.931191824824151,3.0616468537910766,0.024282508497286373,20,ON65b,4.856501699457275e-4,Pred,NS,E,N,23.1,43.30775,-76.95155
23GO11I74,CYCCOPE,2223.755117360219,0.4679824693982132,1.0406784111591487,20,ON65b,0.020813568223182977,CYC,NS,E,N,23.1,43.30775,-76.95155
23GO11I74,DAPGALEM,741.2517057867396,2.974245399215119,2.2046644755965694,20,ON65b,0.04409328951193139,DAP,NS,E,N,23.1,43.30775,-76.95155
23GO11I74,DIACOPE,837.9367108893579,2.203337124034087,1.84625706269354,20,ON65b,0.0369251412538708,CAL,NS,E,N,23.1,43.30775,-76.95155
23GO11I74,DIYTHOM,257.8266802736486,3.1099289060213584,0.8018226457265465,20,ON65b,0.01603645291453093,CYC,NS,E,N,23.1,43.30775,-76.95155
23GO11I74,EPILACU,64.45667006841215,20.401653978644813,1.3150226793514168,20,ON65b,0.026300453587028337,CAL,NS,E,N,23.1,43.30775,-76.95155
23GO11I74,EUBCORE,64.45667006841215,0.8231643780642469,0.05305843472895685,20,ON65b,0.001061168694579137,NDAP,NS,E,N,23.1,43.30775,-76.95155
23GO11I74,HOLGIBB,2127.070112257601,3.3813002000171024,7.192262596027027,20,ON65b,0.14384525192054054,NDAP,NS,E,N,23.1,43.30775,-76.95155
23GO11I74,LEOASHL,64.45667006841215,4.666066836782094,0.3007591306156229,20,ON65b,0.0060151826123124585,CAL,NS,E,N,23.1,43.30775,-76.95155
23GO11I74,LEOMINU,386.7400204104729,3.848338579202373,1.488306540667136,20,ON65b,0.02976613081334272,CAL,NS,E,N,23.1,43.30775,-76.95155
23GO11I74,LETKIND,138.12143586088317,7.872519722282282,1.08736372788475,20,ON65b,0.021747274557695002,Pred,NS,E,N,23.1,43.30775,-76.95155
23GO11I74,SKIOREG,64.45667006841215,6.3243307688165675,0.4076453017691169,20,ON65b,0.008152906035382339,CAL,NS,E,N,23.1,43.30775,-76.95155
23GO11I74,COPNAUP,17173.674031352562,0.09234223666113921,1.585855471744419,20,ON65b,0.03171710943488838,NAU,NS,E,N,23.1,43.30775,-76.95155
23GO11I74,DREPOLYV,15693.184890718721,0.1565388461448661,2.4565930551311554,20,ON65b,0.0491318611026231,DVEL,NS,E,N,23.1,43.30775,-76.95155
23GO11I74,ASCECAU,296.0978281267683,0.010952076,0.0032428859170793045,20,ON65b,6.485771834158609e-5,ROT,NS,E,N,23.1,43.30775,-76.95155
23GO11I74,ASCOVAL,2072.684796887378,0.013312979999999999,0.027593611247265722,20,ON65b,5.518722249453145e-4,ROT,NS,E,N,23.1,43.30775,-76.95155
23GO11I74,ASPHERR,888.2934843803049,1.9945796081900002,1.7717720700329986,20,ON65b,0.035435441400659975,ROT,NS,E,N,23.1,43.30775,-76.95155
23GO11I74,ASPPRIO,296.0978281267683,0.86742213363,0.2568418098369304,20,ON65b,0.005136836196738609,ROT,NS,E,N,23.1,43.30775,-76.95155
23GO11I74,COLSP,1184.3913125070733,0.007026705000000001,0.008322368357550016,20,ON65b,1.6644736715100032e-4,ROT,NS,E,N,23.1,43.30775,-76.95155
23GO11I74,COOUNIC,24280.021906395003,0.012567551100000001,0.3051404160177386,20,ON65b,0.006102808320354773,ROT,NS,E,N,23.1,43.30775,-76.95155
23GO11I74,GASSTYL,888.2934843803049,0.017136893333333337,0.015222590690520288,20,ON65b,3.0445181381040575e-4,ROT,NS,E,N,23.1,43.30775,-76.95155
23GO11I74,KELLONG,13028.304437577806,0.010084706268,0.13138662342305313,20,ON65b,0.0026277324684610627,ROT,NS,E,N,23.1,43.30775,-76.95155
23GO11I74,KERCOCH,20726.847968873783,0.0019647305,0.04072267037330938,20,ON65b,8.144534074661876e-4,ROT,NS,E,N,23.1,43.30775,-76.95155
23GO11I74,KERCOCHH,888.2934843803049,0.002402568,0.0021341855001806203,20,ON65b,4.26837100036124e-5,ROT,NS,E,N,23.1,43.30775,-76.95155
23GO11I74,KERCRAS,3849.271765647988,0.00352907076923077,0.013584352470973629,20,ON65b,2.716870494194726e-4,ROT,NS,E,N,23.1,43.30775,-76.95155
23GO11I74,KEREARL,2664.880453140915,0.002618201777777778,0.006977194739978794,20,ON65b,1.3954389479957588e-4,ROT,NS,E,N,23.1,43.30775,-76.95155
23GO11I74,KERQUAD,296.0978281267683,0.09285458490000001,0.02749404092050262,20,ON65b,5.498808184100524e-4,ROT,NS,E,N,23.1,43.30775,-76.95155
23GO11I74,PLOHUDS,296.0978281267683,0.18399744,0.05448124236488537,20,ON65b,0.0010896248472977074,ROT,NS,E,N,23.1,43.30775,-76.95155
23GO11I74,PLOTRUN,2072.684796887378,0.027804648571428565,0.05763027237679634,20,ON65b,0.0011526054475359268,ROT,NS,E,N,23.1,43.30775,-76.95155
23GO11I74,POLREMA,296.0978281267683,0.006652800000000002,0.001969879630961765,20,ON65b,3.9397592619235296e-5,ROT,NS,E,N,23.1,43.30775,-76.95155
23GO11I74,POLSP,2072.684796887378,0.0312257088,0.06472105190179242,20,ON65b,0.0012944210380358486,ROT,NS,E,N,23.1,43.30775,-76.95155
23GO11I74,POLVULG,296.0978281267683,0.06161158080000001,0.018243055262336903,20,ON65b,3.648611052467381e-4,ROT,NS,E,N,23.1,43.30775,-76.95155
23GO11I74,SYNSP,1776.5869687606098,0.015699168333333336,0.027890937881379228,20,ON65b,5.578187576275845e-4,ROT,NS,E,N,23.1,43.30775,-76.95155
23GO11I74,TRICYLI,296.0978281267683,0.09,0.026648804531409147,20,ON65b,5.329760906281829e-4,ROT,NS,E,N,23.1,43.30775,-76.95155
23GO11I74,TRIMULT,10363.423984436891,0.1152108554792,1.1939789429406338,20,ON65b,0.023879578858812676,ROT,NS,E,N,23.1,43.30775,-76.95155
23GO11I94,BOSLONG,1201.6564919896834,1.1895780218281158,1.4294641526580008,20,ON68b,0.028589283053160018,NDAP,NS,W,N,50,43.583666666666666,-79.41721666666666
23GO11I94,CECPENG,3.9718213377062854,1.3207613402751484,0.005245828073322386,20,ON68b,1.049165614664477e-4,Pred,NS,W,N,50,43.583666666666666,-79.41721666666666
23GO11I94,CYCCOPE,1340.3091641423393,0.8932417399639168,1.197220089868086,20,ON68b,0.023944401797361722,CYC,NS,W,N,50,43.583666666666666,-79.41721666666666
23GO11I94,DAPGALEM,1617.614508447651,6.101874145452734,9.870480146405955,20,ON68b,0.1974096029281191,DAP,NS,W,N,50,43.583666666666666,-79.41721666666666
23GO11I94,DIACOPE,138.65267215265578,4.993462375521559,0.6923569016598125,20,ON68b,0.013847138033196248,CAL,NS,W,N,50,43.583666666666666,-79.41721666666666
23GO11I94,DIPBIRG,30.811704922812396,9.919022203203614,0.30562198524793427,20,ON68b,0.006112439704958685,NDAP,NS,W,N,50,43.583666666666666,-79.41721666666666
23GO11I94,DIYTHOM,1201.6564919896834,4.300673092952861,5.167931742072157,20,ON68b,0.10335863484144313,CYC,NS,W,N,50,43.583666666666666,-79.41721666666666
23GO11I94,EUBCORE,30.811704922812396,1.4440478385994258,0.04449357589735053,20,ON68b,8.898715179470106e-4,NDAP,NS,W,N,50,43.583666666666666,-79.41721666666666
23GO11I94,HOLGIBB,431.3638689193735,2.7468215117587027,1.1848795545431963,20,ON68b,0.023697591090863925,NDAP,NS,W,N,50,43.583666666666666,-79.41721666666666
23GO11I94,LEOASHL,46.217557384218594,4.293706592758692,0.19844463084182254,20,ON68b,0.003968892616836451,CAL,NS,W,N,50,43.583666666666666,-79.41721666666666
23GO11I94,LETKIND,19.80752459323654,0.3012018271802911,0.005966062599401398,20,ON68b,1.1932125198802796e-4,Pred,NS,W,N,50,43.583666666666666,-79.41721666666666
23GO11I94,SKIOREG,30.811704922812396,4.954713447288115,0.152663168714932,20,ON68b,0.00305326337429864,CAL,NS,W,N,50,43.583666666666666,-79.41721666666666
23GO11I94,COPNAUP,24844.82569135401,0.068278645513328,1.696371046220385,20,ON68b,0.033927420924407696,NAU,NS,W,N,50,43.583666666666666,-79.41721666666666
23GO11I94,DREPOLYV,7576.790813675336,0.17702392708397813,1.341273264530618,20,ON68b,0.02682546529061236,DVEL,NS,W,N,50,43.583666666666666,-79.41721666666666
23GO11I94,ASCOVAL,3171.679875492001,0.012372172666666665,0.03924057106297887,20,ON68b,7.848114212595774e-4,ROT,NS,W,N,50,43.583666666666666,-79.41721666666666
23GO11I94,COLSP,1938.2488128006673,0.01887218181818182,0.036578984004049256,20,ON68b,7.31579680080985e-4,ROT,NS,W,N,50,43.583666666666666,-79.41721666666666
23GO11I94,COOUNIC,8986.426313894002,0.0215567677,0.1937183045017803,20,ON68b,0.003874366090035606,ROT,NS,W,N,50,43.583666666666666,-79.41721666666666
23GO11I94,GASSTYL,881.022187636667,0.030273884000000008,0.0266719635099387,20,ON68b,5.33439270198774e-4,ROT,NS,W,N,50,43.583666666666666,-79.41721666666666
23GO11I94,KELLONG,8810.22187636667,0.007509471663749999,0.06616011153192584,20,ON68b,0.0013232022306385169,ROT,NS,W,N,50,43.583666666666666,-79.41721666666666
23GO11I94,KERCOCH,15505.990502405339,0.0015135256,0.02346871357874734,20,ON68b,4.693742715749468e-4,ROT,NS,W,N,50,43.583666666666666,-79.41721666666666
23GO11I94,KERCOCHH,3700.293188074001,0.0020060116,0.007422831058677428,20,ON68b,1.4845662117354854e-4,ROT,NS,W,N,50,43.583666666666666,-79.41721666666666
23GO11I94,KERCRAS,1409.6355002186672,0.0034694275,0.0048906281694348994,20,ON68b,9.781256338869798e-5,ROT,NS,W,N,50,43.583666666666666,-79.41721666666666
23GO11I94,KERQUAD,704.8177501093336,0.06700357125,0.047225306337715434,20,ON68b,9.445061267543087e-4,ROT,NS,W,N,50,43.583666666666666,-79.41721666666666
23GO11I94,PLOHUDS,352.4088750546668,0.35489948000000004,0.12506972650428624,20,ON68b,0.002501394530085725,ROT,NS,W,N,50,43.583666666666666,-79.41721666666666
23GO11I94,POLREMA,1938.2488128006673,0.020948421200000004,0.04060325252094834,20,ON68b,8.120650504189668e-4,ROT,NS,W,N,50,43.583666666666666,-79.41721666666666
23GO11I94,POLSP,881.022187636667,0.04239148144000001,0.03734783571542798,20,ON68b,7.469567143085596e-4,ROT,NS,W,N,50,43.583666666666666,-79.41721666666666
23GO11I94,SYNSP,2114.4532503280006,0.02075361666666667,0.0438825522168947,20,ON68b,8.776510443378939e-4,ROT,NS,W,N,50,43.583666666666666,-79.41721666666666
23GO11I94,TRICYLI,176.2044375273334,0.050804420472,0.0089519643331709,20,ON68b,1.79039286663418e-4,ROT,NS,W,N,50,43.583666666666666,-79.41721666666666
23GO11I94,TRIMULT,1938.2488128006673,0.07595098909745455,0.14721191444917772,20,ON68b,0.002944238288983554,ROT,NS,W,N,50,43.583666666666666,-79.41721666666666
23GO12I14,ALOSP,22.61181570948329,0.3919132442754754,0.008861870053662757,13,ON69b,1.1520431069761585e-4,NDAP,NS,W,D,13.3,43.31863333333333,-78.99975
23GO12I14,BOSLONG,390.05382098858684,1.1032030734115221,0.4303085741105167,13,ON69b,0.005594011463436717,NDAP,NS,W,D,13.3,43.31863333333333,-78.99975
23GO12I14,CECPENG,11.129253044511309,2.353726859376423,0.026195221815663097,13,ON69b,3.4053788360362025e-4,Pred,NS,W,D,13.3,43.31863333333333,-78.99975
23GO12I14,CYCCOPE,33.91772356422494,1.3171127729064684,0.04467346693435138,13,ON69b,5.80755070146568e-4,CYC,NS,W,D,13.3,43.31863333333333,-78.99975
23GO12I14,DAPGALEM,265.6888345864287,2.2404846085023964,0.5952717445418326,13,ON69b,0.007738532679043824,DAP,NS,W,D,13.3,43.31863333333333,-78.99975
23GO12I14,DAPRETR,39.57067749159576,2.899654508571751,0.11474129339574435,13,ON69b,0.0014916368141446765,DAP,NS,W,D,13.3,43.31863333333333,-78.99975
23GO12I14,DIACOPE,39.57067749159576,2.122034635314261,0.08397034818001664,13,ON69b,0.0010916145263402163,CAL,NS,W,D,13.3,43.31863333333333,-78.99975
23GO12I14,EPICOPE,11.305907854741646,0.6938437462783491,0.007844533461011757,13,ON69b,1.0197893499315284e-4,CAL,NS,W,D,13.3,43.31863333333333,-78.99975
23GO12I14,EUBCORE,62.182493201079055,1.8070783281119782,0.11236863585164039,13,ON69b,0.0014607922660713252,NDAP,NS,W,D,13.3,43.31863333333333,-78.99975
23GO12I14,HARCOPE,33.91772356422494,1.0430818720101207,0.03537896258969354,13,ON69b,4.59926513666016e-4,HAR,NS,W,D,13.3,43.31863333333333,-78.99975
23GO12I14,HOLGIBB,356.1360974243619,1.462930628405981,0.5210024048030755,13,ON69b,0.006773031262439982,NDAP,NS,W,D,13.3,43.31863333333333,-78.99975
23GO12I14,LEOMINU,11.305907854741646,3.1508058599075217,0.03562272072029445,13,ON69b,4.630953693638279e-4,CAL,NS,W,D,13.3,43.31863333333333,-78.99975
23GO12I14,MESCOPE,11.305907854741646,2.094321704744319,0.023678208212024706,13,ON69b,3.0781670675632115e-4,CYC,NS,W,D,13.3,43.31863333333333,-78.99975
23GO12I14,POYPEDI,41.18580718513028,11.454080990199136,0.47174557114520776,13,ON69b,0.006132692424887701,Pred,NS,W,D,13.3,43.31863333333333,-78.99975
23GO12I14,COPNAUP,1356.7089425689976,0.11688357792514165,0.15857699541049997,13,ON69b,0.0020615009403364996,NAU,NS,W,D,13.3,43.31863333333333,-78.99975
23GO12I14,DREPOLYV,20350.634138534966,0.1757862588404502,3.57736184024381,13,ON69b,0.04650570392316953,DVEL,NS,W,D,13.3,43.31863333333333,-78.99975
23GO12I14,ASCECAU,678.3544712844988,0.036714,0.024905106058739086,13,ON69b,3.2376637876360817e-4,ROT,NS,W,D,13.3,43.31863333333333,-78.99975
23GO12I14,ASCOVAL,16958.86178211247,0.016219134,0.27505805173156095,13,ON69b,0.0035757546725102922,ROT,NS,W,D,13.3,43.31863333333333,-78.99975
23GO12I14,ASPHERR,678.3544712844988,4.0728804138750005,2.7628566397591667,13,ON69b,0.035917136316869165,ROT,NS,W,D,13.3,43.31863333333333,-78.99975
23GO12I14,ASPPRIO,678.3544712844988,3.088439696745,2.095056877579512,13,ON69b,0.027235739408533657,ROT,NS,W,D,13.3,43.31863333333333,-78.99975
23GO12I14,COLSP,4070.126827706993,0.020129265,0.08192866149852342,13,ON69b,0.0010650725994808044,ROT,NS,W,D,13.3,43.31863333333333,-78.99975
23GO12I14,COOUNIC,37648.67315628968,0.015981633200000005,0.6016872848505082,13,ON69b,0.007821934703056605,ROT,NS,W,D,13.3,43.31863333333333,-78.99975
23GO12I14,GASSTYL,14923.798368258975,0.023407846,0.34933397393925736,13,ON69b,0.004541341661210346,ROT,NS,W,D,13.3,43.31863333333333,-78.99975
23GO12I14,KELLONG,14923.798368258975,0.012770750705999997,0.1905881085476449,13,ON69b,0.002477645411119384,ROT,NS,W,D,13.3,43.31863333333333,-78.99975
23GO12I14,KERCOCH,7461.899184129487,0.0018395290000000001,0.013726379944282533,13,ON69b,1.7844293927567293e-4,ROT,NS,W,D,13.3,43.31863333333333,-78.99975
23GO12I14,KERCOCHH,1017.5317069267483,0.0025545833333333336,0.0025993695396532893,13,ON69b,3.379180401549276e-5,ROT,NS,W,D,13.3,43.31863333333333,-78.99975
23GO12I14,KERCRAS,6105.190241560489,0.004580076999999999,0.027962241405995635,13,ON69b,3.635091382779432e-4,ROT,NS,W,D,13.3,43.31863333333333,-78.99975
23GO12I14,KEREARL,1695.886178211247,0.0017265924000000002,0.002928104186564585,13,ON69b,3.8065354425339604e-5,ROT,NS,W,D,13.3,43.31863333333333,-78.99975
23GO12I14,PLOHUDS,2374.240649495746,0.1847511142857143,0.4386436055767771,13,ON69b,0.005702366872498103,ROT,NS,W,D,13.3,43.31863333333333,-78.99975
23GO12I14,POLREMA,1695.886178211247,0.04243187256,0.07195962619012508,13,ON69b,9.35475140471626e-4,ROT,NS,W,D,13.3,43.31863333333333,-78.99975
23GO12I14,POLSP,5766.01300591824,0.04742028331764707,0.2734259703538808,13,ON69b,0.00355453761460045,ROT,NS,W,D,13.3,43.31863333333333,-78.99975
23GO12I14,SYNSP,39683.73657014318,0.0173670305,0.6891886633676418,13,ON69b,0.008959452623779344,ROT,NS,W,D,13.3,43.31863333333333,-78.99975
23GO12I14,TRICYLI,2035.0634138534965,0.011786965996,0.023987223258794838,13,ON69b,3.118339023643329e-4,ROT,NS,W,D,13.3,43.31863333333333,-78.99975
23GO12I14,TRIMULT,1017.5317069267483,0.15695818028800002,0.15970992510456494,13,ON69b,0.002076229026359344,ROT,NS,W,D,13.3,43.31863333333333,-78.99975
23GO12I34,BOSLONG,4416.087608062087,1.1289691514204145,4.985626679472063,20,ON67b,0.09971253358944127,NDAP,NS,W,D,51.9,43.3742,-78.73016666666666
23GO12I34,BYTLONG,17.25034221899253,25.204132255699143,0.4347799067435583,20,ON67b,0.008695598134871167,Pred,NS,W,D,51.9,43.3742,-78.73016666666666
23GO12I34,CYCCOPE,1682.319088785557,0.16122091786946396,0.27122502764332773,20,ON67b,0.005424500552866554,CYC,NS,W,D,51.9,43.3742,-78.73016666666666
23GO12I34,DAPRETR,4416.087608062087,2.0484484219823846,9.046127692070746,20,ON67b,0.18092255384141492,DAP,NS,W,D,51.9,43.3742,-78.73016666666666
23GO12I34,DIACOPE,420.57977219638923,1.0934180984162742,0.4598695347473257,20,ON67b,0.009197390694946515,CAL,NS,W,D,51.9,43.3742,-78.73016666666666
23GO12I34,DIYTHOM,280.38651479759284,4.41267135690427,1.2372535427095532,20,ON67b,0.024745070854191063,CYC,NS,W,D,51.9,43.3742,-78.73016666666666
23GO12I34,EUBCORE,1401.932573987964,1.3960960955799102,1.95723259281089,20,ON67b,0.0391446518562178,NDAP,NS,W,D,51.9,43.3742,-78.73016666666666
23GO12I34,HOLGIBB,4416.087608062087,1.7751707590370018,7.839309591177473,20,ON67b,0.15678619182354947,NDAP,NS,W,D,51.9,43.3742,-78.73016666666666
23GO12I34,LETKIND,150.20706149871043,9.171013055337049,1.3775509220084885,20,ON67b,0.02755101844016977,Pred,NS,W,D,51.9,43.3742,-78.73016666666666
23GO12I34,POYPEDI,4416.087608062087,4.963379061690294,21.918716768445343,20,ON67b,0.43837433536890685,Pred,NS,W,D,51.9,43.3742,-78.73016666666666
23GO12I34,SKIOREG,140.19325739879642,6.531094152260244,0.9156153635835944,20,ON67b,0.018312307271671886,CAL,NS,W,D,51.9,43.3742,-78.73016666666666
23GO12I34,COPNAUP,81106.18044449744,0.10232042920425224,8.298819194198508,20,ON67b,0.16597638388397015,NAU,NS,W,D,51.9,43.3742,-78.73016666666666
23GO12I34,DREPOLYV,467553.2755035735,0.22189466837442962,103.74757901524376,20,ON67b,2.0749515803048753,DVEL,NS,W,D,51.9,43.3742,-78.73016666666666
23GO12I34,ASCOVAL,22264.441690646356,0.013422860571428575,0.29885249651424756,20,ON67b,0.005977049930284951,ROT,NS,W,D,51.9,43.3742,-78.73016666666666
23GO12I34,ASPPRIO,4770.9517908527905,1.6740001951399999,7.9865742288911035,20,ON67b,0.15973148457782207,ROT,NS,W,D,51.9,43.3742,-78.73016666666666
23GO12I34,COLSP,7951.586318087984,0.010785384,0.08576091184972506,20,ON67b,0.0017152182369945012,ROT,NS,W,D,51.9,43.3742,-78.73016666666666
23GO12I34,COOUNIC,200379.9752158172,0.014191183500000001,2.843628998013114,20,ON67b,0.056872579960262286,ROT,NS,W,D,51.9,43.3742,-78.73016666666666
23GO12I34,GASSTYL,9541.903581705581,0.02281052,0.2176557824885668,20,ON67b,0.004353115649771336,ROT,NS,W,D,51.9,43.3742,-78.73016666666666
23GO12I34,KELLONG,151080.1400436717,0.012024781429499998,1.8167056623634026,20,ON67b,0.03633411324726805,ROT,NS,W,D,51.9,43.3742,-78.73016666666666
23GO12I34,KERCOCH,163802.67815261247,0.0018567199999999999,0.3041357085795186,20,ON67b,0.0060827141715903725,ROT,NS,W,D,51.9,43.3742,-78.73016666666666
23GO12I34,KERCOCHH,1590.3172636175968,0.0021224160000000002,0.003375314805378206,20,ON67b,6.750629610756411e-5,ROT,NS,W,D,51.9,43.3742,-78.73016666666666
23GO12I34,KERCRAS,20674.124427028757,0.004253626461538462,0.08794000273194821,20,ON67b,0.0017588000546389644,ROT,NS,W,D,51.9,43.3742,-78.73016666666666
23GO12I34,KERQUAD,15903.172636175968,0.09489653712000001,1.5091560123946413,20,ON67b,0.03018312024789282,ROT,NS,W,D,51.9,43.3742,-78.73016666666666
23GO12I34,PLOHUDS,4770.9517908527905,0.35394971,1.6886770027963258,20,ON67b,0.03377354005592652,ROT,NS,W,D,51.9,43.3742,-78.73016666666666
23GO12I34,POLSP,3180.6345272351937,0.020684125000000005,0.06578864214064867,20,ON67b,0.0013157728428129733,ROT,NS,W,D,51.9,43.3742,-78.73016666666666
23GO12I34,SYNSP,6361.269054470387,0.0570384,0.36283660883650376,20,ON67b,0.007256732176730075,ROT,NS,W,D,51.9,43.3742,-78.73016666666666
23GO12I34,TRICYLI,49299.835172145504,0.121465822244,5.988245015678325,20,ON67b,0.1197649003135665,ROT,NS,W,D,51.9,43.3742,-78.73016666666666
23GO12I54,BOSLONG,1814.2656839844242,1.461930273118933,2.6523299268976572,16,ON38N,0.04243727883036252,NDAP,NS,W,N,16.4,43.38325,-77.98985
23GO12I54,BYTLONG,2.2549466952931407,83.29166641506438,0.1878182679281081,16,ON38N,0.0030050922868497297,Pred,NS,W,N,16.4,43.38325,-77.98985
23GO12I54,CECPENG,10.630462992096236,1.6684511691869024,0.017736408408161063,16,ON38N,2.8378253453057703e-4,Pred,NS,W,N,16.4,43.38325,-77.98985
23GO12I54,CYCCOPE,137.44436999882,0.7634376252035421,0.10493020342949612,16,ON38N,0.001678883254871938,CYC,NS,W,N,16.4,43.38325,-77.98985
23GO12I54,DAPGALEM,439.82198399622405,2.896781113944755,1.2740680167379739,16,ON38N,0.02038508826780758,DAP,NS,W,N,16.4,43.38325,-77.98985
23GO12I54,DIACOPE,109.95549599905601,1.1849143073354143,0.13028784037944335,16,ON38N,0.0020846054460710935,CAL,NS,W,N,16.4,43.38325,-77.98985
23GO12I54,DIPBIRG,54.977747999528006,0.9168857408255079,0.05040831320346532,16,ON38N,8.06533011255445e-4,NDAP,NS,W,N,16.4,43.38325,-77.98985
23GO12I54,DIYTHOM,54.977747999528006,5.536028765090983,0.3043583943653103,16,ON38N,0.004869734309844965,CYC,NS,W,N,16.4,43.38325,-77.98985
23GO12I54,EUBCORE,302.377613997404,1.7088885108851124,0.5167296305090171,16,ON38N,0.008267674088144274,NDAP,NS,W,N,16.4,43.38325,-77.98985
23GO12I54,HOLGIBB,1814.2656839844242,1.3542602010948113,2.4569878100321616,16,ON38N,0.03931180496051458,NDAP,NS,W,N,16.4,43.38325,-77.98985
23GO12I54,LEOMINU,82.46662199929202,4.387502424447279,0.36182250395787097,16,ON38N,0.0057891600633259354,CAL,NS,W,N,16.4,43.38325,-77.98985
23GO12I54,LETKIND,47.12378399959543,2.5899904687504947,0.12205015141040923,16,ON38N,0.0019528024225665477,Pred,NS,W,N,16.4,43.38325,-77.98985
23GO12I54,SKIOREG,54.977747999528006,4.703114274123664,0.25856663137575386,16,ON38N,0.004137066102012062,CAL,NS,W,N,16.4,43.38325,-77.98985
23GO12I54,COPNAUP,1267.9243132391148,0.09386308658042347,0.119011289590987,16,ON38N,0.001904180633455792,NAU,NS,W,N,16.4,43.38325,-77.98985
23GO12I54,DREPOLYV,18701.88362027694,0.29805446051388707,5.574179833035145,16,ON38N,0.08918687732856231,DVEL,NS,W,N,16.4,43.38325,-77.98985
23GO12I54,ASCECAU,633.9621566195574,0.036498965999999994,0.023138963199743894,16,ON38N,3.702234111959023e-4,ROT,NS,W,N,16.4,43.38325,-77.98985
23GO12I54,ASCOVAL,9509.43234929336,0.0109384326,0.10401828481700508,16,ON38N,0.0016642925570720813,ROT,NS,W,N,16.4,43.38325,-77.98985
23GO12I54,ASPHERR,633.9621566195574,3.2192197537499996,2.0408634977196303,16,ON38N,0.032653815963514084,ROT,NS,W,N,16.4,43.38325,-77.98985
23GO12I54,ASPPRIO,1267.9243132391148,2.3825310265575,3.020869015618801,16,ON38N,0.04833390424990082,ROT,NS,W,N,16.4,43.38325,-77.98985
23GO12I54,COLSP,1267.9243132391148,0.020993895,0.026618669900089084,16,ON38N,4.2589871840142534e-4,ROT,NS,W,N,16.4,43.38325,-77.98985
23GO12I54,COOUNIC,87803.75869180869,0.0120244982,1.055796138342888,16,ON38N,0.01689273821348621,ROT,NS,W,N,16.4,43.38325,-77.98985
23GO12I54,GASSTYL,5071.697252956459,0.0233938925,0.11864674032820871,16,ON38N,0.0018983478452513393,ROT,NS,W,N,16.4,43.38325,-77.98985
23GO12I54,KELLONG,10777.356662532475,0.00785872829175,0.08469631771412432,16,ON38N,0.0013551410834259892,ROT,NS,W,N,16.4,43.38325,-77.98985
23GO12I54,KERCOCH,2852.829704788008,0.0013593584444444445,0.0038780181497655303,16,ON38N,6.204829039624848e-5,ROT,NS,W,N,16.4,43.38325,-77.98985
23GO12I54,KERCOCHH,316.9810783097787,0.001940598,6.151328466057999e-4,16,ON38N,9.8421255456928e-6,ROT,NS,W,N,16.4,43.38325,-77.98985
23GO12I54,KERCRAS,12362.262054081368,0.0035384665999999994,0.04374345137881431,16,ON38N,6.998952220610289e-4,ROT,NS,W,N,16.4,43.38325,-77.98985
23GO12I54,KEREARL,633.9621566195574,0.002117087,0.0013421530402712289,16,ON38N,2.147444864433966e-5,ROT,NS,W,N,16.4,43.38325,-77.98985
23GO12I54,PLOHUDS,1584.9053915488932,0.345260564,0.5472053293728116,16,ON38N,0.008755285269964986,ROT,NS,W,N,16.4,43.38325,-77.98985
23GO12I54,PLOLENT,316.9810783097787,0.05451776,0.01728109835183372,16,ON38N,2.764975736293395e-4,ROT,NS,W,N,16.4,43.38325,-77.98985
23GO12I54,PLOTRUN,633.9621566195574,0.018891730000000002,0.011976641893074392,16,ON38N,1.9162627028919028e-4,ROT,NS,W,N,16.4,43.38325,-77.98985
23GO12I54,SYNSP,3486.791861407565,0.03512899545454546,0.12248749545033245,16,ON38N,0.0019597999272053194,ROT,NS,W,N,16.4,43.38325,-77.98985
23GO12I54,TRIMULT,11728.299897461811,0.1069242266456,1.254039396403774,16,ON38N,0.020064630342460383,ROT,NS,W,N,16.4,43.38325,-77.98985
23GO12I74,BOSLONG,88.4714731157453,1.1166907644187907,0.09879527694287811,20,ON61N,0.0019759055388575623,NDAP,NS,E,N,51.9,43.7868,-77.1584
23GO12I74,BYTLONG,6.699162026793214,129.25253023323538,0.8658836424054323,20,ON61N,0.017317672848108645,Pred,NS,E,N,51.9,43.7868,-77.1584
23GO12I74,CECPENG,0.9570231466847449,9.04205868606285,0.008653459456244,20,ON61N,1.7306918912488002e-4,Pred,NS,E,N,51.9,43.7868,-77.1584
23GO12I74,CERSP,27.22199172792163,1.567448837304017,0.04266907928303033,20,ON61N,8.533815856606066e-4,NDAP,NS,E,N,51.9,43.7868,-77.1584
23GO12I74,CYCCOPE,34.02748965990204,1.1308534783927733,0.038480105042874344,20,ON61N,7.69602100857487e-4,CYC,NS,E,N,51.9,43.7868,-77.1584
23GO12I74,DAPGALEM,74.86047725178449,2.2175390865519433,0.1660060343437647,20,ON61N,0.0033201206868752942,DAP,NS,E,N,51.9,43.7868,-77.1584
23GO12I74,DIACOPE,612.4948138782368,1.804859606855193,1.105467148977119,20,ON61N,0.022109342979542382,CAL,NS,E,N,51.9,43.7868,-77.1584
23GO12I74,DIPBIRG,13.610995863960815,0.5207301354340338,0.007087655719632389,20,ON61N,1.4175311439264778e-4,NDAP,NS,E,N,51.9,43.7868,-77.1584
23GO12I74,DIYTHOM,20.416493795941225,4.603809481945072,0.09399364772582695,20,ON61N,0.001879872954516539,CYC,NS,E,N,51.9,43.7868,-77.1584
23GO12I74,EPICOPE,156.52645243554937,1.2613934763730352,0.19744144598201618,20,ON61N,0.003948828919640324,CAL,NS,E,N,51.9,43.7868,-77.1584
23GO12I74,EPILACU,17.499851825092477,19.38884675720391,0.33930194531049324,20,ON61N,0.006786038906209865,CAL,NS,E,N,51.9,43.7868,-77.1584
23GO12I74,EUBCORE,13.610995863960815,1.8652460737612824,0.025387856595233963,20,ON61N,5.077571319046793e-4,NDAP,NS,E,N,51.9,43.7868,-77.1584
23GO12I74,HARCOPE,13.610995863960815,0.6270999590095508,0.008535454948368994,20,ON61N,1.7070909896737987e-4,HAR,NS,E,N,51.9,43.7868,-77.1584
23GO12I74,LEOMINU,592.0783200822955,3.9054992471935472,2.312361433361025,20,ON61N,0.046247228667220495,CAL,NS,E,N,51.9,43.7868,-77.1584
23GO12I74,LEOSICI,40.83298759188245,6.732340979307918,0.27490159567240197,20,ON61N,0.005498031913448039,CAL,NS,E,N,51.9,43.7868,-77.1584
23GO12I74,LETKIND,469.57935730664815,2.0245216095664746,0.950673556273646,20,ON61N,0.01901347112547292,Pred,NS,E,N,51.9,43.7868,-77.1584
23GO12I74,SKIOREG,251.80342348327508,7.703166828068895,1.9396837789705488,20,ON61N,0.03879367557941097,CAL,NS,E,N,51.9,43.7868,-77.1584
23GO12I74,TROPRASM,20.416493795941225,0.3647590952505256,0.0074471018051954895,20,ON61N,1.489420361039098e-4,CYC,NS,E,N,51.9,43.7868,-77.1584
23GO12I74,COPNAUP,22662.30811349476,0.15791870603595948,3.5788023730713183,20,ON61N,0.07157604746142637,NAU,NS,E,N,51.9,43.7868,-77.1584
23GO12I74,DREPOLYV,7554.102704498253,0.1436805805566036,1.0853778621665182,20,ON61N,0.021707557243330365,DVEL,NS,E,N,51.9,43.7868,-77.1584
23GO12I74,ASCECAU,755.4102704498254,0.005267711999999999,0.00397928374657179,20,ON61N,7.95856749314358e-5,ROT,NS,E,N,51.9,43.7868,-77.1584
23GO12I74,ASCOVAL,5287.871893148777,0.015591514285714283,0.0824459301630562,20,ON61N,0.0016489186032611239,ROT,NS,E,N,51.9,43.7868,-77.1584
23GO12I74,ASPPRIO,755.4102704498254,2.3957971564799996,1.809809777919479,20,ON61N,0.036196195558389585,ROT,NS,E,N,51.9,43.7868,-77.1584
23GO12I74,COLSP,3777.0513522491265,0.0070998480000000015,0.02681649048916326,20,ON61N,5.363298097832652e-4,ROT,NS,E,N,51.9,43.7868,-77.1584
23GO12I74,COOUNIC,177521.41355570895,0.012575874999999997,2.232487106699901,20,ON61N,0.04464974213399802,ROT,NS,E,N,51.9,43.7868,-77.1584
23GO12I74,GASSTYL,4532.461622698952,0.03173829666666667,0.14385261161150079,20,ON61N,0.0028770522322300158,ROT,NS,E,N,51.9,43.7868,-77.1584
23GO12I74,KELLONG,3021.6410817993014,0.00913312199625,0.027597016628953846,20,ON61N,5.519403325790769e-4,ROT,NS,E,N,51.9,43.7868,-77.1584
23GO12I74,KERCOCH,14352.79513854668,0.001710464,0.02454993938385911,20,ON61N,4.909987876771822e-4,ROT,NS,E,N,51.9,43.7868,-77.1584
23GO12I74,KERCOCHH,755.4102704498254,0.002185454,0.0016509143971956525,20,ON61N,3.301828794391305e-5,ROT,NS,E,N,51.9,43.7868,-77.1584
23GO12I74,KERCRAS,27194.76973619371,0.0039513876,0.10745707592045109,20,ON61N,0.0021491415184090217,ROT,NS,E,N,51.9,43.7868,-77.1584
23GO12I74,PLOHUDS,755.4102704498254,0.19683,0.14868740353263915,20,ON61N,0.0029737480706527827,ROT,NS,E,N,51.9,43.7868,-77.1584
23GO12I74,PLOTRUN,2266.230811349476,0.01066968,0.024179957563239277,20,ON61N,4.8359915126478556e-4,ROT,NS,E,N,51.9,43.7868,-77.1584
23GO12I74,POLREMA,3777.0513522491265,0.02545268264,0.09613608938377988,20,ON61N,0.0019227217876755976,ROT,NS,E,N,51.9,43.7868,-77.1584
23GO12I74,POLSP,10575.743786297555,0.03699476880000001,0.39124719626211474,20,ON61N,0.007824943925242295,ROT,NS,E,N,51.9,43.7868,-77.1584
23GO12I74,SYNSP,1510.8205408996507,0.03401136,0.05138506131193274,20,ON61N,0.001027701226238655,ROT,NS,E,N,51.9,43.7868,-77.1584
23GO12I74,TRIMULT,3021.6410817993014,0.019500514254,0.05892355498609926,20,ON61N,0.0011784710997219852,ROT,NS,E,N,51.9,43.7868,-77.1584
23GO12I74,TRISP,755.4102704498254,0.019500514254,0.014730888746524815,20,ON61N,2.946177749304963e-4,ROT,NS,E,N,51.9,43.7868,-77.1584
23GO12I94,BOSLONG,2078.1588743821585,0.6203465464628254,1.2891786807240446,20,ON84N,0.025783573614480894,NDAP,NS,E,N,35.1,43.886,-76.73413333333333
23GO12I94,BYTLONG,8.117808103055307,111.75905783141759,0.9072385852537084,20,ON84N,0.018144771705074166,Pred,NS,E,N,35.1,43.886,-76.73413333333333
23GO12I94,CYCCOPE,2078.1588743821585,0.6322252130316914,1.3138644370699604,20,ON84N,0.02627728874139921,CYC,NS,E,N,35.1,43.886,-76.73413333333333
23GO12I94,DAPGALEM,626.7463271946192,2.669938286759665,1.673374015062914,20,ON84N,0.033467480301258276,DAP,NS,E,N,35.1,43.886,-76.73413333333333
23GO12I94,DIACOPE,2078.1588743821585,1.2128289802606687,2.5204513084365723,20,ON84N,0.05040902616873144,CAL,NS,E,N,35.1,43.886,-76.73413333333333
23GO12I94,DIYTHOM,758.6929223934864,2.4900722776527884,1.889200213303399,20,ON84N,0.03778400426606798,CYC,NS,E,N,35.1,43.886,-76.73413333333333
23GO12I94,EPICOPE,197.9198927983008,3.825239176159553,0.7570909276733592,20,ON84N,0.015141818553467183,CAL,NS,E,N,35.1,43.886,-76.73413333333333
23GO12I94,EPILACU,70.68567599939314,10.23977863160331,0.7238056746590208,20,ON84N,0.014476113493180415,CAL,NS,E,N,35.1,43.886,-76.73413333333333
23GO12I94,HOLGIBB,42.411405599635884,1.0488961347517116,0.04448515940284518,20,ON84N,8.897031880569035e-4,NDAP,NS,E,N,35.1,43.886,-76.73413333333333
23GO12I94,LEOMINU,824.6662199929199,3.4002302532357236,2.804055030041473,20,ON84N,0.05608110060082946,CAL,NS,E,N,35.1,43.886,-76.73413333333333
23GO12I94,LETKIND,692.7196247940528,4.201124278091086,2.9102012336324434,20,ON84N,0.05820402467264887,Pred,NS,E,N,35.1,43.886,-76.73413333333333
23GO12I94,POYPEDI,42.411405599635884,3.8986031814601456,0.1653452408009371,20,ON84N,0.0033069048160187416,Pred,NS,E,N,35.1,43.886,-76.73413333333333
23GO12I94,SKIOREG,131.9465951988672,6.955610575622539,0.9177691329826267,20,ON84N,0.018355382659652534,CAL,NS,E,N,35.1,43.886,-76.73413333333333
23GO12I94,COPNAUP,12122.593433895925,0.09934904266541011,1.2043680522795468,20,ON84N,0.024087361045590935,NAU,NS,E,N,35.1,43.886,-76.73413333333333
23GO12I94,DREPOLYV,45719.495236407485,0.1697461571648045,7.760708623894756,20,ON84N,0.15521417247789512,DVEL,NS,E,N,35.1,43.886,-76.73413333333333
23GO12I94,ASCOVAL,1385.4392495881057,0.011305166999999998,0.015662622084948213,20,ON84N,3.1325244169896427e-4,ROT,NS,E,N,35.1,43.886,-76.73413333333333
23GO12I94,ASPPRIO,2770.8784991762113,3.0458789439,8.439760476746056,20,ON84N,0.16879520953492114,ROT,NS,E,N,35.1,43.886,-76.73413333333333
23GO12I94,COLSP,2424.518686779185,0.007440942857142857,0.018040705004398958,20,ON84N,3.6081410008797913e-4,ROT,NS,E,N,35.1,43.886,-76.73413333333333
23GO12I94,COOUNIC,55071.2101711272,0.014119816100000002,0.7775953600207656,20,ON84N,0.015551907200415311,ROT,NS,E,N,35.1,43.886,-76.73413333333333
23GO12I94,GASSTYL,1039.0794371910793,0.022387660000000004,0.02326255715282524,20,ON84N,4.652511430565048e-4,ROT,NS,E,N,35.1,43.886,-76.73413333333333
23GO12I94,KELLONG,4156.317748764317,0.008643688234999999,0.035925914825915804,20,ON84N,7.185182965183161e-4,ROT,NS,E,N,35.1,43.886,-76.73413333333333
23GO12I94,KERCOCH,19396.14949423348,0.0016525180000000004,0.03205248616991173,20,ON84N,6.410497233982346e-4,ROT,NS,E,N,35.1,43.886,-76.73413333333333
23GO12I94,KERCOCHH,2424.518686779185,0.0018500274285714287,0.004485426071625473,20,ON84N,8.970852143250946e-5,ROT,NS,E,N,35.1,43.886,-76.73413333333333
23GO12I94,KERCRAS,9005.355122322686,0.0038766187999999995,0.03491032896787242,20,ON84N,6.982065793574483e-4,ROT,NS,E,N,35.1,43.886,-76.73413333333333
23GO12I94,PLOTRUN,1385.4392495881057,0.025943644999999998,0.0359433440603802,20,ON84N,7.18866881207604e-4,ROT,NS,E,N,35.1,43.886,-76.73413333333333
23GO12I94,POLSP,20088.86911902753,0.034492236240000015,0.6929100194479386,20,ON84N,0.013858200388958773,ROT,NS,E,N,35.1,43.886,-76.73413333333333
23GO12I94,SYNSP,2770.8784991762113,0.02561847,0.0709856677047908,20,ON84N,0.001419713354095816,ROT,NS,E,N,35.1,43.886,-76.73413333333333
23GO12I94,TRICYLI,692.7196247940528,0.071397823952,0.049458673819141284,20,ON84N,9.891734763828256e-4,ROT,NS,E,N,35.1,43.886,-76.73413333333333
23GO12I94,TRISP,692.7196247940528,0.071397823952,0.049458673819141284,20,ON84N,9.891734763828256e-4,ROT,NS,E,N,35.1,43.886,-76.73413333333333
23GO13I14,BOSLONG,386.7400204104729,0.5407076232468164,0.20911327725057205,20,ON67N,0.0041822655450114415,NDAP,NS,E,N,72.8,43.42476666666666,-76.78933333333333
23GO13I14,BYTLONG,4.532109614185229,109.96429429186539,0.498370235377257,20,ON67N,0.00996740470754514,Pred,NS,E,N,72.8,43.42476666666666,-76.78933333333333
23GO13I14,CYCCOPE,1305.247568885346,0.7973252076719555,1.0407067889248236,20,ON67N,0.02081413577849647,CYC,NS,E,N,72.8,43.42476666666666,-76.78933333333333
23GO13I14,DAPGALEM,338.39751785916377,2.7680878208322035,0.9367140477857993,20,ON67N,0.018734280955715985,DAP,NS,E,N,72.8,43.42476666666666,-76.78933333333333
23GO13I14,DAPRETR,96.68500510261822,3.4541403503745562,0.3339635774011235,20,ON67N,0.00667927154802247,DAP,NS,E,N,72.8,43.42476666666666,-76.78933333333333
23GO13I14,DIACOPE,354.5116853762668,1.7776397238731385,0.630194054502068,20,ON67N,0.01260388109004136,CAL,NS,E,N,72.8,43.42476666666666,-76.78933333333333
23GO13I14,DIYTHOM,435.082522961782,3.270074357122747,1.422752201569592,20,ON67N,0.02845504403139184,CYC,NS,E,N,72.8,43.42476666666666,-76.78933333333333
23GO13I14,EPILACU,27.624287172176633,13.38879259812033,0.36985585161918894,20,ON67N,0.007397117032383779,CAL,NS,E,N,72.8,43.42476666666666,-76.78933333333333
23GO13I14,EUBCORE,338.39751785916377,1.4064451226634005,0.4759375385144219,20,ON67N,0.009518750770288438,NDAP,NS,E,N,72.8,43.42476666666666,-76.78933333333333
23GO13I14,HOLGIBB,1063.5350561288005,2.0718631362538216,2.2034990769069007,20,ON67N,0.044069981538138014,NDAP,NS,E,N,72.8,43.42476666666666,-76.78933333333333
23GO13I14,LEOMINU,338.39751785916377,4.137303613810815,1.400053273543328,20,ON67N,0.02800106547086656,CAL,NS,E,N,72.8,43.42476666666666,-76.78933333333333
23GO13I14,LETKIND,165.74572303305982,4.592165939862267,0.7611318639902621,20,ON67N,0.015222637279805242,Pred,NS,E,N,72.8,43.42476666666666,-76.78933333333333
23GO13I14,SKIOREG,193.37001020523644,6.748162377579461,1.304892227819133,20,ON67N,0.02609784455638266,CAL,NS,E,N,72.8,43.42476666666666,-76.78933333333333
23GO13I14,COPNAUP,1849.1007225875735,0.13110648416745477,0.24242909460995687,20,ON67N,0.004848581892199137,NAU,NS,E,N,72.8,43.42476666666666,-76.78933333333333
23GO13I14,DREPOLYV,12943.705058113015,0.19357120648445253,2.5055286044778473,20,ON67N,0.050110572089556944,DVEL,NS,E,N,72.8,43.42476666666666,-76.78933333333333
23GO13I14,ASCECAU,410.91127168612746,0.017411813999999998,0.007154710633102317,20,ON67N,1.4309421266204633e-4,ROT,NS,E,N,72.8,43.42476666666666,-76.78933333333333
23GO13I14,ASCOVAL,1643.6450867445099,0.0111242475,0.018284314747104898,20,ON67N,3.65686294942098e-4,ROT,NS,E,N,72.8,43.42476666666666,-76.78933333333333
23GO13I14,ASPPRIO,410.91127168612746,1.724909584125,0.708784790756393,20,ON67N,0.01417569581512786,ROT,NS,E,N,72.8,43.42476666666666,-76.78933333333333
23GO13I14,COLSP,1438.1894509014462,0.009941657142857146,0.01429798642733616,20,ON67N,2.859597285467232e-4,ROT,NS,E,N,72.8,43.42476666666666,-76.78933333333333
23GO13I14,COOUNIC,19518.285405091054,0.0120514758,0.235224144216948,20,ON67N,0.00470448288433896,ROT,NS,E,N,72.8,43.42476666666666,-76.78933333333333
23GO13I14,GASSTYL,3081.834537645956,0.018405084000000002,0.05672142353947499,20,ON67N,0.0011344284707894999,ROT,NS,E,N,72.8,43.42476666666666,-76.78933333333333
23GO13I14,KELLONG,5136.390896076593,0.007023293109000001,0.03607437878554507,20,ON67N,7.214875757109014e-4,ROT,NS,E,N,72.8,43.42476666666666,-76.78933333333333
23GO13I14,KERCOCH,11710.971243054633,0.0012958672000000003,0.01517586351401773,20,ON67N,3.0351727028035463e-4,ROT,NS,E,N,72.8,43.42476666666666,-76.78933333333333
23GO13I14,KERCRAS,7807.314162036421,0.0034860185,0.027216441604170964,20,ON67N,5.443288320834193e-4,ROT,NS,E,N,72.8,43.42476666666666,-76.78933333333333
23GO13I14,KEREARL,1438.1894509014462,0.0022410751428571427,0.0032230906291345943,20,ON67N,6.44618125826919e-5,ROT,NS,E,N,72.8,43.42476666666666,-76.78933333333333
23GO13I14,PLOHUDS,410.91127168612746,0.34661624,0.142428519965464,20,ON67N,0.00284857039930928,ROT,NS,E,N,72.8,43.42476666666666,-76.78933333333333
23GO13I14,PLOLENT,1232.7338150583823,0.06693383833333334,0.08251160588515101,20,ON67N,0.0016502321177030202,ROT,NS,E,N,72.8,43.42476666666666,-76.78933333333333
23GO13I14,PLOTRUN,6574.580346978039,0.017570931499999998,0.11552150091799734,20,ON67N,0.002310430018359947,ROT,NS,E,N,72.8,43.42476666666666,-76.78933333333333
23GO13I14,POLSP,4109.112716861275,0.03172454054,0.13035971296949503,20,ON67N,0.0026071942593899004,ROT,NS,E,N,72.8,43.42476666666666,-76.78933333333333
23GO13I14,POLVULG,1232.7338150583823,0.04628912493333334,0.0570621695747821,20,ON67N,0.001141243391495642,ROT,NS,E,N,72.8,43.42476666666666,-76.78933333333333
23GO13I14,SYNSP,6369.124711134976,0.027099097499999995,0.172597531536706,20,ON67N,0.00345195063073412,ROT,NS,E,N,72.8,43.42476666666666,-76.78933333333333
23GO13I14,TRICYLI,4725.479624390466,0.0959309330824,0.4533196696296465,20,ON67N,0.009066393392592931,ROT,NS,E,N,72.8,43.42476666666666,-76.78933333333333
23GO13I14,TRIMULT,1027.2781792153187,0.0916145182576,0.0941135955053559,20,ON67N,0.0018822719101071182,ROT,NS,E,N,72.8,43.42476666666666,-76.78933333333333
23GO13I34,BOSLONG,308.4251662773521,1.0851719682265857,0.33469434473980614,20,ON73N,0.006693886894796122,NDAP,NS,E,N,37.1,43.63238333333334,-76.28703333333333
23GO13I34,BYTLONG,6.900136887597011,134.28356637678948,0.9265749897545668,20,ON73N,0.018531499795091336,Pred,NS,E,N,37.1,43.63238333333334,-76.28703333333333
23GO13I34,CYCCOPE,1219.6813393695288,0.44132942955593923,0.538281269743978,20,ON73N,0.01076562539487956,CYC,NS,E,N,37.1,43.63238333333334,-76.28703333333333
23GO13I34,DAPGALEM,168.23190887855571,5.458600180972025,0.9183107282497535,20,ON73N,0.01836621456499507,DAP,NS,E,N,37.1,43.63238333333334,-76.28703333333333
23GO13I34,DIACOPE,967.3334760516952,1.3546579544999586,1.3104059879875243,20,ON73N,0.026208119759750483,CAL,NS,E,N,37.1,43.63238333333334,-76.28703333333333
23GO13I34,DIYTHOM,308.4251662773521,4.5916660269167595,1.4161853578418702,20,ON73N,0.028323707156837404,CYC,NS,E,N,37.1,43.63238333333334,-76.28703333333333
23GO13I34,EPICOPE,238.32853757795388,2.7837974925809053,0.6634583853199821,20,ON73N,0.013269167706399642,CAL,NS,E,N,37.1,43.63238333333334,-76.28703333333333
23GO13I34,EPILACU,30.041412299742085,14.618168760830832,0.43915043481132887,20,ON73N,0.008783008696226578,CAL,NS,E,N,37.1,43.63238333333334,-76.28703333333333
23GO13I34,LEOMINU,1135.565384930251,4.163495664874569,4.727921557338721,20,ON73N,0.09455843114677442,CAL,NS,E,N,37.1,43.63238333333334,-76.28703333333333
23GO13I34,LETKIND,925.2754988320563,9.123944901799367,8.442162670328607,20,ON73N,0.16884325340657214,Pred,NS,E,N,37.1,43.63238333333334,-76.28703333333333
23GO13I34,MESCOPE,28.03865147975928,0.38031911643132343,0.010663635156707868,20,ON73N,2.1327270313415737e-4,CYC,NS,E,N,37.1,43.63238333333334,-76.28703333333333
23GO13I34,SKIOREG,182.25123461843532,6.568098858468466,1.1970441260518137,20,ON73N,0.023940882521036273,CAL,NS,E,N,37.1,43.63238333333334,-76.28703333333333
23GO13I34,TROPRASM,28.03865147975928,0.1934622989059851,0.005424421973497932,20,ON73N,1.0848843946995864e-4,CYC,NS,E,N,37.1,43.63238333333334,-76.28703333333333
23GO13I34,COPNAUP,8706.001284465257,0.15273626363331205,1.3297221073760388,20,ON73N,0.026594442147520776,NAU,NS,E,N,37.1,43.63238333333334,-76.28703333333333
23GO13I34,DREPOLYV,39660.67251811951,0.22344748189347374,8.862077404375501,20,ON73N,0.17724154808751,DVEL,NS,E,N,37.1,43.63238333333334,-76.28703333333333
23GO13I34,ASCOVAL,7255.001070387714,0.013986580000000002,0.1014726528710634,20,ON73N,0.002029453057421268,ROT,NS,E,N,37.1,43.63238333333334,-76.28703333333333
23GO13I34,ASPPRIO,2902.000428155086,1.8492350877650001,5.366481016453438,20,ON73N,0.10732962032906876,ROT,NS,E,N,37.1,43.63238333333334,-76.28703333333333
23GO13I34,COLSP,4353.000642232629,0.012488260000000003,0.05436140380036806,20,ON73N,0.0010872280760073612,ROT,NS,E,N,37.1,43.63238333333334,-76.28703333333333
23GO13I34,COOUNIC,65778.67637151528,0.016221207600000002,1.0670095650755642,20,ON73N,0.021340191301511283,ROT,NS,E,N,37.1,43.63238333333334,-76.28703333333333
23GO13I34,GASSTYL,4836.667380258476,0.022153042,0.10714689561489601,20,ON73N,0.00214293791229792,ROT,NS,E,N,37.1,43.63238333333334,-76.28703333333333
23GO13I34,KELLONG,3869.333904206781,0.006363620274374999,0.02462297168113684,20,ON73N,4.924594336227368e-4,ROT,NS,E,N,37.1,43.63238333333334,-76.28703333333333
23GO13I34,KERCOCH,20797.66973511145,0.0018357885000000005,0.03818012292651565,20,ON73N,7.636024585303131e-4,ROT,NS,E,N,37.1,43.63238333333334,-76.28703333333333
23GO13I34,KERCOCHH,483.6667380258476,0.0032032260000000004,0.001549293870579584,20,ON73N,3.098587741159168e-5,ROT,NS,E,N,37.1,43.63238333333334,-76.28703333333333
23GO13I34,KERCRAS,17895.669306956363,0.0041123686,0.0735935885339111,20,ON73N,0.0014718717706782218,ROT,NS,E,N,37.1,43.63238333333334,-76.28703333333333
23GO13I34,KEREARL,7738.667808413562,0.002017703875,0.0156143400243738,20,ON73N,3.1228680048747605e-4,ROT,NS,E,N,37.1,43.63238333333334,-76.28703333333333
23GO13I34,PLOHUDS,967.3334760516952,0.051860210000000004,0.05016611720807089,20,ON73N,0.0010033223441614177,ROT,NS,E,N,37.1,43.63238333333334,-76.28703333333333
23GO13I34,PLOTRUN,10157.0014985428,0.023693007000000006,0.24064990760398514,20,ON73N,0.004812998152079703,ROT,NS,E,N,37.1,43.63238333333334,-76.28703333333333
23GO13I34,POLREMA,14993.668878801276,0.029873428200000003,0.44791229070544447,20,ON73N,0.008958245814108888,ROT,NS,E,N,37.1,43.63238333333334,-76.28703333333333
23GO13I34,POLSP,19346.669521033906,0.03402677124,0.6583046980481012,20,ON73N,0.013166093960962025,ROT,NS,E,N,37.1,43.63238333333334,-76.28703333333333
23GO13I34,SYNSP,2418.333690129238,0.036161214000000004,0.08744988209217308,20,ON73N,0.0017489976418434616,ROT,NS,E,N,37.1,43.63238333333334,-76.28703333333333
23GO13I34,TRICYLI,1934.6669521033905,0.10104956027400001,0.19549724478668745,20,ON73N,0.003909944895733749,ROT,NS,E,N,37.1,43.63238333333334,-76.28703333333333
23GO13I34,TRIMULT,7255.001070387714,0.07776074873493334,0.5641543153060915,20,ON73N,0.01128308630612183,ROT,NS,E,N,37.1,43.63238333333334,-76.28703333333333
23GO13I54,BOSLONG,3154.3482914729193,1.6989732785975822,5.359153458602427,20,ON29N,0.10718306917204855,NDAP,NS,W,D,30.5,43.818216666666665,-78.86856666666667
23GO13I54,BYTLONG,0.29337316698966887,44.138847778588,0.012949153560079273,20,ON29N,2.589830712015855e-4,Pred,NS,W,D,30.5,43.818216666666665,-78.86856666666667
23GO13I54,CECPENG,6.1608365067830455,2.675710687971542,0.016484616088044652,20,ON29N,3.29692321760893e-4,Pred,NS,W,D,30.5,43.818216666666665,-78.86856666666667
23GO13I54,CERSP,100.1380409991403,0.8657542415828114,0.08669493373879919,20,ON29N,0.001733898674775984,NDAP,NS,W,D,30.5,43.818216666666665,-78.86856666666667
23GO13I54,CYCCOPE,3454.7624144703404,0.7334734078122251,2.533976361323152,20,ON29N,0.05067952722646304,CYC,NS,W,D,30.5,43.818216666666665,-78.86856666666667
23GO13I54,DAPGALEM,3004.141229974209,2.298220424575487,6.904178733036052,20,ON29N,0.13808357466072105,DAP,NS,W,D,30.5,43.818216666666665,-78.86856666666667
23GO13I54,DAPRETR,3004.141229974209,2.521581231236565,7.575186141486895,20,ON29N,0.15150372282973787,DAP,NS,W,D,30.5,43.818216666666665,-78.86856666666667
23GO13I54,DIACOPE,1301.794532988824,2.0909278485508476,2.7219584421175766,20,ON29N,0.05443916884235153,CAL,NS,W,D,30.5,43.818216666666665,-78.86856666666667
23GO13I54,DIYTHOM,3454.7624144703404,2.9869060251336608,10.319050671186773,20,ON29N,0.20638101342373547,CYC,NS,W,D,30.5,43.818216666666665,-78.86856666666667
23GO13I54,HOLGIBB,3004.141229974209,1.2295119145157867,3.6936274351414,20,ON29N,0.073872548702828,NDAP,NS,W,D,30.5,43.818216666666665,-78.86856666666667
23GO13I54,LEOMINU,200.2760819982806,3.9370107385283966,0.7884890854976244,20,ON29N,0.01576978170995249,CAL,NS,W,D,30.5,43.818216666666665,-78.86856666666667
23GO13I54,LETKIND,107.2907582133646,7.284539933777188,0.7815638127304871,20,ON29N,0.015631276254609743,Pred,NS,W,D,30.5,43.818216666666665,-78.86856666666667
23GO13I54,POYPEDI,300.4141229974209,5.224138898011326,1.5694051054627853,20,ON29N,0.0313881021092557,Pred,NS,W,D,30.5,43.818216666666665,-78.86856666666667
23GO13I54,SKIOREG,150.20706149871046,7.945556194019666,1.1934786478765718,20,ON29N,0.023869572957531435,CAL,NS,W,D,30.5,43.818216666666665,-78.86856666666667
23GO13I54,COPNAUP,65340.071751939045,0.08760195880778282,5.723918274110938,20,ON29N,0.11447836548221875,NAU,NS,W,D,30.5,43.818216666666665,-78.86856666666667
23GO13I54,DREPOLYV,66973.57354573753,0.16062870523494416,10.757878403609128,20,ON29N,0.21515756807218256,DVEL,NS,W,D,30.5,43.818216666666665,-78.86856666666667
23GO13I54,ASCOVAL,3811.5041855297777,0.016682482285714284,0.06358535105702637,20,ON29N,0.0012717070211405272,ROT,NS,W,D,30.5,43.818216666666665,-78.86856666666667
23GO13I54,ASPPRIO,544.5005979328254,2.53223473152,1.3788033254189074,20,ON29N,0.02757606650837815,ROT,NS,W,D,30.5,43.818216666666665,-78.86856666666667
23GO13I54,COLSP,2178.0023917313015,0.007012575000000002,0.015273405122195136,20,ON29N,3.0546810244390274e-4,ROT,NS,W,D,30.5,43.818216666666665,-78.86856666666667
23GO13I54,COOUNIC,13612.514948320635,0.014670451899999996,0.1997017457873688,20,ON29N,0.003994034915747376,ROT,NS,W,D,30.5,43.818216666666665,-78.86856666666667
23GO13I54,GASSTYL,544.5005979328254,0.021854540000000002,0.011899810097546851,20,ON29N,2.3799620195093701e-4,ROT,NS,W,D,30.5,43.818216666666665,-78.86856666666667
23GO13I54,KELLONG,14701.516144186286,0.00883434598725,0.12987828015488317,20,ON29N,0.002597565603097664,ROT,NS,W,D,30.5,43.818216666666665,-78.86856666666667
23GO13I54,KERCOCH,56628.06218501384,0.0016652588999999998,0.09430038454334773,20,ON29N,0.0018860076908669544,ROT,NS,W,D,30.5,43.818216666666665,-78.86856666666667
23GO13I54,KERCOCHH,8167.508968992381,0.002034495200000001,0.016616757793371954,20,ON29N,3.3233515586743914e-4,ROT,NS,W,D,30.5,43.818216666666665,-78.86856666666667
23GO13I54,KERCRAS,6534.007175193905,0.0034540980000000005,0.022569101115822922,20,ON29N,4.513820223164584e-4,ROT,NS,W,D,30.5,43.818216666666665,-78.86856666666667
23GO13I54,KERQUAD,544.5005979328254,0.09111360720000002,0.04961141360021659,20,ON29N,9.922282720043318e-4,ROT,NS,W,D,30.5,43.818216666666665,-78.86856666666667
23GO13I54,PLOHUDS,544.5005979328254,0.25672375,0.13978623537855717,20,ON29N,0.0027957247075711435,ROT,NS,W,D,30.5,43.818216666666665,-78.86856666666667
23GO13I54,PLOTRUN,544.5005979328254,0.01124864,0.006124891205931097,20,ON29N,1.2249782411862195e-4,ROT,NS,W,D,30.5,43.818216666666665,-78.86856666666667
23GO13I54,POLSP,544.5005979328254,0.060156249999999994,0.03275511409439653,20,ON29N,6.551022818879305e-4,ROT,NS,W,D,30.5,43.818216666666665,-78.86856666666667
23GO13I54,SYNSP,544.5005979328254,0.04251528,0.023149595381281494,20,ON29N,4.629919076256299e-4,ROT,NS,W,D,30.5,43.818216666666665,-78.86856666666667
23GO13I54,TRISP,2722.5029896641267,0.09,0.2450252690697714,20,ON29N,0.004900505381395428,ROT,NS,W,D,30.5,43.818216666666665,-78.86856666666667
23GO15I14,BOSLONG,1766.4350432248348,0.9526311346128532,1.6827610194471787,20,ON62N,0.03365522038894358,NDAP,NS,E,N,28.3,43.8457,-76.9972
23GO15I14,BYTLONG,6.900136887597011,116.64744861071844,0.8048833630028951,20,ON62N,0.016097667260057905,Pred,NS,E,N,28.3,43.8457,-76.9972
23GO15I14,CECPENG,3.61435741731272,3.688491313832822,0.0133315259388452,20,ON62N,2.6663051877690404e-4,Pred,NS,E,N,28.3,43.8457,-76.9972
23GO15I14,CERSP,56.07730295951856,1.0295682059997973,0.05773540820533865,20,ON62N,0.0011547081641067728,NDAP,NS,E,N,28.3,43.8457,-76.9972
23GO15I14,CYCCOPE,1766.4350432248348,0.6162322293572119,1.0885342047011428,20,ON62N,0.021770684094022854,CYC,NS,E,N,28.3,43.8457,-76.9972
23GO15I14,DAPGALEM,616.8503325547042,4.24379576516788,2.617786829038052,20,ON62N,0.05235573658076104,DAP,NS,E,N,28.3,43.8457,-76.9972
23GO15I14,DIACOPE,1766.4350432248348,1.1925955386713947,2.10664255190275,20,ON62N,0.042132851038055,CAL,NS,E,N,28.3,43.8457,-76.9972
23GO15I14,DIPBIRG,56.07730295951856,1.613842123107559,0.09049991366633525,20,ON62N,0.001809998273326705,NDAP,NS,E,N,28.3,43.8457,-76.9972
23GO15I14,DIYTHOM,616.8503325547042,3.16485683356419,1.9522429902720988,20,ON62N,0.03904485980544197,CYC,NS,E,N,28.3,43.8457,-76.9972
23GO15I14,EPICOPE,168.23190887855571,3.8097154954878123,0.6409157100901274,20,ON62N,0.012818314201802548,CAL,NS,E,N,28.3,43.8457,-76.9972
23GO15I14,EPILACU,72.099389519381,13.928754444071053,1.004254692182888,20,ON62N,0.020085093843657763,CAL,NS,E,N,28.3,43.8457,-76.9972
23GO15I14,HOLGIBB,56.07730295951856,1.6522097591244622,0.09265146721509565,20,ON62N,0.0018530293443019131,NDAP,NS,E,N,28.3,43.8457,-76.9972
23GO15I14,LEOMINU,1850.5509976641126,3.406595597128658,6.304078880904612,20,ON62N,0.12608157761809224,CAL,NS,E,N,28.3,43.8457,-76.9972
23GO15I14,LETKIND,672.9276355142229,2.5936556339498433,1.7453425530920108,20,ON62N,0.034906851061840216,Pred,NS,E,N,28.3,43.8457,-76.9972
23GO15I14,SKIOREG,168.23190887855571,6.582933900169319,1.1074595360468402,20,ON62N,0.022149190720936806,CAL,NS,E,N,28.3,43.8457,-76.9972
23GO15I14,COPNAUP,5719.884901870894,0.15798214854539833,0.9036397062299487,20,ON62N,0.018072794124598973,NAU,NS,E,N,28.3,43.8457,-76.9972
23GO15I14,DREPOLYV,34140.5630080419,0.14169849299560594,4.837666328261068,20,ON62N,0.09675332656522136,DVEL,NS,E,N,28.3,43.8457,-76.9972
23GO15I14,ASCOVAL,357.4928063669309,0.010616832,0.0037954410664062356,20,ON62N,7.590882132812471e-5,ROT,NS,E,N,28.3,43.8457,-76.9972
23GO15I14,ASPPRIO,357.4928063669309,3.9798067968749997,1.4227523006130298,20,ON62N,0.028455046012260597,ROT,NS,E,N,28.3,43.8457,-76.9972
23GO15I14,COLSP,2144.956838201585,0.009181485000000001,0.019693889035595283,20,ON62N,3.9387778071190566e-4,ROT,NS,E,N,28.3,43.8457,-76.9972
23GO15I14,COOUNIC,23058.28601066704,0.017791277400000003,0.4102363627843168,20,ON62N,0.008204727255686337,ROT,NS,E,N,28.3,43.8457,-76.9972
23GO15I14,GASSTYL,1966.2104350181198,0.015166707272727275,0.029820938104501576,20,ON62N,5.964187620900315e-4,ROT,NS,E,N,28.3,43.8457,-76.9972
23GO15I14,KELLONG,2323.7032413850507,0.009102037406538461,0.021150433824781403,20,ON62N,4.2300867649562807e-4,ROT,NS,E,N,28.3,43.8457,-76.9972
23GO15I14,KERCOCH,13942.219448310303,0.0014911894,0.020790489853794173,20,ON62N,0.00041580979707588344,ROT,NS,E,N,28.3,43.8457,-76.9972
23GO15I14,KERCRAS,4289.91367640317,0.0042734065,0.018332544989180202,20,ON62N,3.6665089978360406e-4,ROT,NS,E,N,28.3,43.8457,-76.9972
23GO15I14,PLOHUDS,178.74640318346545,0.13997521000000002,0.025020065322350248,20,ON62N,5.00401306447005e-4,ROT,NS,E,N,28.3,43.8457,-76.9972
23GO15I14,PLOTRUN,357.4928063669309,0.036866875,0.013179642605728846,20,ON62N,2.635928521145769e-4,ROT,NS,E,N,28.3,43.8457,-76.9972
23GO15I14,POLSP,20913.329172465455,0.03681505058000001,0.7699252712805055,20,ON62N,0.01539850542561011,ROT,NS,E,N,28.3,43.8457,-76.9972
23GO15I14,SYNSP,1429.9712254677236,0.03443335125,0.04923870148392307,20,ON62N,9.847740296784614e-4,ROT,NS,E,N,28.3,43.8457,-76.9972
23GO15I14,TRICYLI,178.74640318346545,0.09,0.016087176286511892,20,ON62N,3.2174352573023787e-4,ROT,NS,E,N,28.3,43.8457,-76.9972
23GO15I14,TRISP,1608.717628651189,0.09,0.144784586578607,20,ON62N,0.00289569173157214,ROT,NS,E,N,28.3,43.8457,-76.9972
23GO15I74,BOSLONG,2867.5893558844723,1.3589296327516915,3.896852150274746,16,ON43N,0.062349634404395934,NDAP,NS,W,N,16,43.949866666666665,-78.05011666666667
23GO15I74,CECPENG,7.841064644996603,2.5447407290129584,0.019953476560946388,16,ON43N,3.1925562497514223e-4,Pred,NS,W,N,16,43.949866666666665,-78.05011666666667
23GO15I74,CERSP,63.724207908543825,0.44827254079329065,0.028565812589202846,16,ON43N,4.5705300142724555e-4,NDAP,NS,W,N,16,43.949866666666665,-78.05011666666667
23GO15I74,CYCCOPE,2198.485172844762,0.5549995405839436,1.2201582609094548,16,ON43N,0.019522532174551275,CYC,NS,W,N,16,43.949866666666665,-78.05011666666667
23GO15I74,DAPGALEM,2676.4167321588407,3.4399175692238457,9.206652939517868,16,ON43N,0.14730644703228588,DAP,NS,W,N,16,43.949866666666665,-78.05011666666667
23GO15I74,DIACOPE,2198.485172844762,2.7591166879467552,6.06587712859949,16,ON43N,0.09705403405759183,CAL,NS,W,N,16,43.949866666666665,-78.05011666666667
23GO15I74,DIYTHOM,892.1389107196135,3.617065067026309,3.2269244888988173,16,ON43N,0.051630791822381075,CYC,NS,W,N,16,43.949866666666665,-78.05011666666667
23GO15I74,EPICOPE,127.44841581708765,3.4497316286305915,0.4396628310630706,16,ON43N,0.007034605297009129,CAL,NS,W,N,16,43.949866666666665,-78.05011666666667
23GO15I74,EPILACU,40.96556222692103,19.000117649578016,0.7783505018926087,16,ON43N,0.012453608030281739,CAL,NS,W,N,16,43.949866666666665,-78.05011666666667
23GO15I74,EUBCORE,191.17262372563147,2.1538507275073866,0.41175729469094724,16,ON43N,0.0065881167150551555,NDAP,NS,W,N,16,43.949866666666665,-78.05011666666667
23GO15I74,LEOMINU,637.2420790854381,4.419593400950224,2.8163508875338032,16,ON43N,0.045061614200540855,CAL,NS,W,N,16,43.949866666666665,-78.05011666666667
23GO15I74,LETKIND,54.620749635894704,2.0981256535768793,0.11460119602867067,16,ON43N,0.0018336191364587307,Pred,NS,W,N,16,43.949866666666665,-78.05011666666667
23GO15I74,SKIOREG,95.58631186281573,5.774102193015223,0.5519251329493214,16,ON43N,0.008830802127189143,CAL,NS,W,N,16,43.949866666666665,-78.05011666666667
23GO15I74,COPNAUP,32230.50953124318,0.06034386881514765,1.9449136389987045,16,ON43N,0.031118618223979273,NAU,NS,W,N,16,43.949866666666665,-78.05011666666667
23GO15I74,DREPOLYV,71450.76811745476,0.18255700623495158,13.043838320710268,16,ON43N,0.20870141313136428,DVEL,NS,W,N,16,43.949866666666665,-78.05011666666667
23GO15I74,ASCOVAL,3106.5551355415114,0.0173653665,0.05394646848113552,16,ON43N,8.631434956981683e-4,ROT,NS,W,N,16,43.949866666666665,-78.05011666666667
23GO15I74,ASPPRIO,388.3193919426889,1.35823234989,0.5274279602261742,16,ON43N,0.008438847363618787,ROT,NS,W,N,16,43.949866666666665,-78.05011666666667
23GO15I74,COLSP,1164.9581758280667,0.012479520000000003,0.014538118854409879,16,ON43N,2.3260990167055806e-4,ROT,NS,W,N,16,43.949866666666665,-78.05011666666667
23GO15I74,COOUNIC,13591.178717994113,0.020535095100000005,0.27909614749510525,16,ON43N,0.004465538359921684,ROT,NS,W,N,16,43.949866666666665,-78.05011666666667
23GO15I74,GASSTYL,1941.5969597134447,0.01975226,0.038350927963469485,16,ON43N,6.136148474155117e-4,ROT,NS,W,N,16,43.949866666666665,-78.05011666666667
23GO15I74,KELLONG,18639.330813249067,0.011886867593999999,0.22156325741785599,16,ON43N,0.003545012118685696,ROT,NS,W,N,16,43.949866666666665,-78.05011666666667
23GO15I74,KERCOCH,37666.98101844083,0.0024829778,0.09352627766180997,16,ON43N,0.0014964204425889597,ROT,NS,W,N,16,43.949866666666665,-78.05011666666667
23GO15I74,KERCOCHH,10872.94297439529,0.0025439171,0.02765986555988904,16,ON43N,0.00044255784895822463,ROT,NS,W,N,16,43.949866666666665,-78.05011666666667
23GO15I74,KERCRAS,7766.387838853779,0.0041193737,0.031992653807374094,16,ON43N,5.118824609179855e-4,ROT,NS,W,N,16,43.949866666666665,-78.05011666666667
23GO15I74,KEREARL,3494.8745274842004,0.0022064795555555555,0.00771136919412577,16,ON43N,1.233819071060123e-4,ROT,NS,W,N,16,43.949866666666665,-78.05011666666667
23GO15I74,PLOLENT,776.6387838853778,0.025434045000000002,0.019753065778085974,16,ON43N,3.1604905244937557e-4,ROT,NS,W,N,16,43.949866666666665,-78.05011666666667
23GO15I74,PLOTRUN,7378.06844691109,0.024981571052631574,0.1843157411376885,16,ON43N,0.002949051858203016,ROT,NS,W,N,16,43.949866666666665,-78.05011666666667
23GO15I74,POLREMA,1164.9581758280667,0.018703074133333334,0.0217882991247451,16,ON43N,3.486127859959216e-4,ROT,NS,W,N,16,43.949866666666665,-78.05011666666667
23GO15I74,POLSP,3106.5551355415114,0.023904688500000007,0.07426123282319513,16,ON43N,0.001188179725171122,ROT,NS,W,N,16,43.949866666666665,-78.05011666666667
23GO15I74,SYNSP,7378.06844691109,0.017745948947368424,0.13093082598907405,16,ON43N,0.0020948932158251846,ROT,NS,W,N,16,43.949866666666665,-78.05011666666667
23GO15I74,TRIMULT,388.3193919426889,0.09,0.03494874527484201,16,ON43N,5.591799243974721e-4,ROT,NS,W,N,16,43.949866666666665,-78.05011666666667
23GO15I94,BOSLONG,329.5587767210513,0.9206342408242227,0.3034030942135446,11,ON17N,0.0033374340363489905,NDAP,NS,W,N,10.7,43.225,-79.27176666666666
23GO15I94,BYTLONG,0.4904148463110882,70.05011086360722,0.03435361435325063,11,ON17N,3.778897578857569e-4,Pred,NS,W,N,10.7,43.225,-79.27176666666666
23GO15I94,CECPENG,10.298711772532853,2.48033116489518,0.02554421576768611,11,ON17N,2.8098637344454725e-4,Pred,NS,W,N,10.7,43.225,-79.27176666666666
23GO15I94,CYCCOPE,115.0840172676687,0.6656884544538972,0.07661010158726,11,ON17N,8.427111174598601e-4,CYC,NS,W,N,10.7,43.225,-79.27176666666666
23GO15I94,DAPGALEM,313.86550163909646,2.5268476683632137,0.7930903109964013,11,ON17N,0.008723993420960413,DAP,NS,W,N,10.7,43.225,-79.27176666666666
23GO15I94,DIACOPE,41.848733551879526,3.0095337103059148,0.12594517435799163,11,ON17N,0.001385396917937908,CAL,NS,W,N,10.7,43.225,-79.27176666666666
23GO15I94,DIPBIRG,10.462183387969882,0.4714168738734515,0.004932049786647517,11,ON17N,5.425254765312269e-5,NDAP,NS,W,N,10.7,43.225,-79.27176666666666
23GO15I94,DIYTHOM,73.23528371578917,3.2873576511449456,0.24075057025687036,11,ON17N,0.002648256272825574,CYC,NS,W,N,10.7,43.225,-79.27176666666666
23GO15I94,EPICOPE,10.462183387969882,4.154641717561519,0.04346662356043878,11,ON17N,4.781328591648266e-4,CAL,NS,W,N,10.7,43.225,-79.27176666666666
23GO15I94,EUBCORE,68.00419202180423,1.5368142788840191,0.10450981332307943,11,ON17N,0.0011496079465538737,NDAP,NS,W,N,10.7,43.225,-79.27176666666666
23GO15I94,HARCOPE,20.924366775939763,0.19932570509340042,0.004170764161247115,11,ON17N,4.5878405773718266e-5,HAR,NS,W,N,10.7,43.225,-79.27176666666666
23GO15I94,HARSP,20.924366775939763,1.1487189712043993,0.024036217075961038,11,ON17N,2.643983878355714e-4,HAR,NS,W,N,10.7,43.225,-79.27176666666666
23GO15I94,HOLGIBB,329.5587767210513,1.5874181420088973,0.5231475810252563,11,ON17N,0.005754623391277819,NDAP,NS,W,N,10.7,43.225,-79.27176666666666
23GO15I94,LEOMINU,52.310916939849406,5.339410440177198,0.27930945604387414,11,ON17N,0.0030724040164826156,CAL,NS,W,N,10.7,43.225,-79.27176666666666
23GO15I94,LETKIND,24.660860843071866,8.51078707229542,0.20988333565489237,11,ON17N,0.002308716692203816,Pred,NS,W,N,10.7,43.225,-79.27176666666666
23GO15I94,POYPEDI,360.94532688496093,3.914273995538693,1.4128389068370157,11,ON17N,0.015541227975207173,Pred,NS,W,N,10.7,43.225,-79.27176666666666
23GO15I94,SKIOREG,20.924366775939763,6.98840977594128,0.14622804933235836,11,ON17N,0.001608508542655942,CAL,NS,W,N,10.7,43.225,-79.27176666666666
23GO15I94,SKIREIG,10.462183387969882,5.842950544910522,0.06113002012769243,11,ON17N,6.724302214046168e-4,CAL,NS,W,N,10.7,43.225,-79.27176666666666
23GO15I94,COPNAUP,494.33816508157696,0.08923417161668042,0.04411185665956433,11,ON17N,4.8523042325520764e-4,NAU,NS,W,N,10.7,43.225,-79.27176666666666
23GO15I94,DREPOLYV,7662.241558764443,0.17119940700552502,1.3117712111935622,11,ON17N,0.014429483323129185,DVEL,NS,W,N,10.7,43.225,-79.27176666666666
23GO15I94,ASCOVAL,659.1175534421026,0.011385277499999999,0.007504236251059417,11,ON17N,8.254659876165359e-5,ROT,NS,W,N,10.7,43.225,-79.27176666666666
23GO15I94,ASPPRIO,247.16908254078848,2.3523970613,0.5814398234131679,11,ON17N,0.0063958380575448465,ROT,NS,W,N,10.7,43.225,-79.27176666666666
23GO15I94,COLSP,659.1175534421026,0.013593217500000003,0.008959528262006376,11,ON17N,9.855481088207013e-5,ROT,NS,W,N,10.7,43.225,-79.27176666666666
23GO15I94,COOUNIC,22986.72467629333,0.0199328766,0.45819154641072984,11,ON17N,0.005040107010518028,ROT,NS,W,N,10.7,43.225,-79.27176666666666
23GO15I94,GASSTYL,4201.874403193404,0.017018785714285715,0.07151080006629071,11,ON17N,7.866188007291978e-4,ROT,NS,W,N,10.7,43.225,-79.27176666666666
23GO15I94,KELLONG,4366.653791553929,0.010675521528,0.04661630655705679,11,ON17N,5.127793721276247e-4,ROT,NS,W,N,10.7,43.225,-79.27176666666666
23GO15I94,KERCOCH,3048.4186846697244,0.002095569405405406,0.006388172930460064,11,ON17N,7.02699022350607e-5,ROT,NS,W,N,10.7,43.225,-79.27176666666666
23GO15I94,KERCRAS,1071.0660243434168,0.004404314461538461,0.004717311580278216,11,ON17N,5.189042738306038e-5,ROT,NS,W,N,10.7,43.225,-79.27176666666666
23GO15I94,PLOHUDS,329.5587767210513,0.3977679175,0.13108790831018005,11,ON17N,0.0014419669914119805,ROT,NS,W,N,10.7,43.225,-79.27176666666666
23GO15I94,PLOTRUN,329.5587767210513,0.043184677500000004,0.014231889489993108,11,ON17N,1.5655078438992417e-4,ROT,NS,W,N,10.7,43.225,-79.27176666666666
23GO15I94,POLSP,1977.3526603263078,0.028986203399999997,0.05731594640574946,11,ON17N,6.30475410463244e-4,ROT,NS,W,N,10.7,43.225,-79.27176666666666
23GO15I94,POLVULG,82.38969418026282,0.014061216400000002,0.0011584993189984961,11,ON17N,1.2743492508983459e-5,ROT,NS,W,N,10.7,43.225,-79.27176666666666
23GO15I94,SYNSP,3295.587767210513,0.019234458500000003,0.06338884614151828,11,ON17N,6.972773075567012e-4,ROT,NS,W,N,10.7,43.225,-79.27176666666666
23GO15I94,TRIMULT,82.38969418026282,0.09,0.007415072476223653,11,ON17N,8.15657972384602e-5,ROT,NS,W,N,10.7,43.225,-79.27176666666666
23GO15I94,TRISP,164.77938836052564,0.09,0.014830144952447307,11,ON17N,1.631315944769204e-4,ROT,NS,W,N,10.7,43.225,-79.27176666666666
