Speccode,Station,Season,Group,Type,Basin,D or N,Site Depth,Lat,Lon,Zoop_Bio_Sum_m3,Zoop_Den_Sum_m3,Zoop_Bio_Sum_m2,Rot_GENERA
ALOSP,ON12,Spring,NDAP,OS,W,N,106.8,43.50398333333333,-79.35345,0,0,0,NA
ALOSP,ON12,Summer,NDAP,OS,W,N,106.8,43.50398333333333,-79.35345,0,0,0,NA
ALOSP,ON17N,Spring,NDAP,NS,W,N,10.7,43.225,-79.27176666666666,0,0,0,NA
ALOSP,ON17N,Summer,NDAP,NS,W,N,10.7,43.225,-79.27176666666666,0,0,0,NA
ALOSP,ON22N,Spring,NDAP,NS,W,D,50,43.3176666667,-78.9992166667,0,0,0,NA
ALOSP,ON25,Spring,NDAP,OS,W,D,137,43.51623333333333,-79.08041666666666,0,0,0,NA
ALOSP,ON25,Summer,NDAP,OS,W,D,137,43.51623333333333,-79.08041666666666,0,0,0,NA
ALOSP,ON29N,Summer,NDAP,NS,W,D,30.5,43.818216666666665,-78.86856666666667,0,0,0,NA
ALOSP,ON33M,Spring,NDAP,OS,W,D,140.9,43.597116666666665,-78.80105,0,0,0,NA
ALOSP,ON33M,Summer,NDAP,OS,W,D,140.9,43.597116666666665,-78.80105,0,0,0,NA
ALOSP,ON3528N,Spring,NDAP,NS,W,D,72.8,43.4247666666667,-76.78933333333333,0,0,0,NA
ALOSP,ON38N,Summer,NDAP,NS,W,N,16.4,43.38325,-77.98985,0,0,0,NA
ALOSP,ON41,Spring,NDAP,OS,W,N,132.2,43.7167,-78.02745,0,0,0,NA
ALOSP,ON41,Summer,NDAP,OS,W,N,132.2,43.7167,-78.02745,0,0,0,NA
ALOSP,ON43N,Spring,NDAP,NS,W,N,16,43.949866666666665,-78.05011666666667,0,0,0,NA
ALOSP,ON43N,Summer,NDAP,NS,W,N,16,43.949866666666665,-78.05011666666667,0,0,0,NA
ALOSP,ON49,Spring,NDAP,OS,E,D,51.5,43.77256666666667,-77.4417,0,0,0,NA
ALOSP,ON49,Summer,NDAP,OS,E,D,51.5,43.77256666666667,-77.4417,0,0,0,NA
ALOSP,ON55M,Spring,NDAP,OS,E,D,198,43.4401,-77.4398,0,0,0,NA
ALOSP,ON55M,Summer,NDAP,OS,E,D,198,43.4401,-77.4398,0,0,0,NA
ALOSP,ON60,Spring,NDAP,OS,E,D,150,43.580416666666665,-77.19986666666667,0,0,0,NA
ALOSP,ON60,Summer,NDAP,OS,E,D,150,43.580416666666665,-77.19986666666667,0,0,0,NA
ALOSP,ON61N,Spring,NDAP,NS,E,N,51.9,43.7868,-77.1584,0,0,0,NA
ALOSP,ON61N,Summer,NDAP,NS,E,N,51.9,43.7868,-77.1584,0,0,0,NA
ALOSP,ON62N,Spring,NDAP,NS,E,N,28.3,43.8457,-76.9972,0,0,0,NA
ALOSP,ON62N,Summer,NDAP,NS,E,N,28.3,43.8457,-76.9972,0,0,0,NA
ALOSP,ON63,Spring,NDAP,OS,E,N,88,43.73155,-77.01718333333334,0.008634788217645979,1.01747241613032,0.17269576435291958,NA
ALOSP,ON63,Summer,NDAP,OS,E,N,88,43.73155,-77.01718333333334,0,0,0,NA
ALOSP,ON65b,Summer,NDAP,NS,E,N,23.1,43.30775,-76.95155,0,0,0,NA
ALOSP,ON67b,Summer,NDAP,NS,W,D,51.9,43.3742,-78.73016666666666,0,0,0,NA
ALOSP,ON67N,Spring,NDAP,NS,E,N,72.8,43.42476666666666,-76.78933333333333,0,0,0,NA
ALOSP,ON67N,Summer,NDAP,NS,E,N,72.8,43.42476666666666,-76.78933333333333,0,0,0,NA
ALOSP,ON68b,Spring,NDAP,NS,W,N,50,43.583666666666666,-79.41721666666666,0,0,0,NA
ALOSP,ON68b,Summer,NDAP,NS,W,N,50,43.583666666666666,-79.41721666666666,0,0,0,NA
ALOSP,ON69b,Summer,NDAP,NS,W,D,13.3,43.31863333333333,-78.99975,0.07204142613554053,18.3819830505403,1.4408285227108106,NA
ALOSP,ON73N,Summer,NDAP,NS,E,N,37.1,43.63238333333334,-76.28703333333333,0,0,0,NA
ALOSP,ON84N,Spring,NDAP,NS,E,N,35.1,43.886,-76.73413333333333,0,0,0,NA
ALOSP,ON84N,Summer,NDAP,NS,E,N,35.1,43.886,-76.73413333333333,0,0,0,NA
ASCECAU,ON12,Spring,ROT,OS,W,N,106.8,43.50398333333333,-79.35345,0,0,0,Ascomorpha
ASCECAU,ON12,Summer,ROT,OS,W,N,106.8,43.50398333333333,-79.35345,1.4232801622472897,3626.26392906113,28.465603244945797,Ascomorpha
ASCECAU,ON17N,Spring,ROT,NS,W,N,10.7,43.225,-79.27176666666666,0,0,0,Ascomorpha
ASCECAU,ON17N,Summer,ROT,NS,W,N,10.7,43.225,-79.27176666666666,0,0,0,Ascomorpha
ASCECAU,ON22N,Spring,ROT,NS,W,D,50,43.3176666667,-78.9992166667,0,0,0,Ascomorpha
ASCECAU,ON25,Spring,ROT,OS,W,D,137,43.51623333333333,-79.08041666666666,0,0,0,Ascomorpha
ASCECAU,ON25,Summer,ROT,OS,W,D,137,43.51623333333333,-79.08041666666666,0.5952984807848309,1661.36880613122,11.90596961569662,Ascomorpha
ASCECAU,ON29N,Summer,ROT,NS,W,D,30.5,43.818216666666665,-78.86856666666667,0,0,0,Ascomorpha
ASCECAU,ON33M,Spring,ROT,OS,W,D,140.9,43.597116666666665,-78.80105,0,0,0,Ascomorpha
ASCECAU,ON33M,Summer,ROT,OS,W,D,140.9,43.597116666666665,-78.80105,0,0,0,Ascomorpha
ASCECAU,ON3528N,Spring,ROT,NS,W,D,72.8,43.4247666666667,-76.78933333333333,0,0,0,Ascomorpha
ASCECAU,ON38N,Summer,ROT,NS,W,N,16.4,43.38325,-77.98985,0.25080694377343116,687.16177815402,5.016138875468624,Ascomorpha
ASCECAU,ON41,Spring,ROT,OS,W,N,132.2,43.7167,-78.02745,0,0,0,Ascomorpha
ASCECAU,ON41,Summer,ROT,OS,W,N,132.2,43.7167,-78.02745,0,0,0,Ascomorpha
ASCECAU,ON43N,Spring,ROT,NS,W,N,16,43.949866666666665,-78.05011666666667,0,0,0,Ascomorpha
ASCECAU,ON43N,Summer,ROT,NS,W,N,16,43.949866666666665,-78.05011666666667,0,0,0,Ascomorpha
ASCECAU,ON49,Spring,ROT,OS,E,D,51.5,43.77256666666667,-77.4417,0,0,0,Ascomorpha
ASCECAU,ON49,Summer,ROT,OS,E,D,51.5,43.77256666666667,-77.4417,0,0,0,Ascomorpha
ASCECAU,ON55M,Spring,ROT,OS,E,D,198,43.4401,-77.4398,0,0,0,Ascomorpha
ASCECAU,ON55M,Summer,ROT,OS,E,D,198,43.4401,-77.4398,0,0,0,Ascomorpha
ASCECAU,ON60,Spring,ROT,OS,E,D,150,43.580416666666665,-77.19986666666667,0,0,0,Ascomorpha
ASCECAU,ON60,Summer,ROT,OS,E,D,150,43.580416666666665,-77.19986666666667,0,0,0,Ascomorpha
ASCECAU,ON61N,Spring,ROT,NS,E,N,51.9,43.7868,-77.1584,0,0,0,Ascomorpha
ASCECAU,ON61N,Summer,ROT,NS,E,N,51.9,43.7868,-77.1584,0.043132096553747355,818.801342095911,0.862641931074947,Ascomorpha
ASCECAU,ON62N,Spring,ROT,NS,E,N,28.3,43.8457,-76.9972,0,0,0,Ascomorpha
ASCECAU,ON62N,Summer,ROT,NS,E,N,28.3,43.8457,-76.9972,0,0,0,Ascomorpha
ASCECAU,ON63,Spring,ROT,OS,E,N,88,43.73155,-77.01718333333334,0,0,0,Ascomorpha
ASCECAU,ON63,Summer,ROT,OS,E,N,88,43.73155,-77.01718333333334,0,0,0,Ascomorpha
ASCECAU,ON65b,Summer,ROT,NS,E,N,23.1,43.30775,-76.95155,0.03515016203826983,320.945198319203,0.7030032407653966,Ascomorpha
ASCECAU,ON67b,Summer,ROT,NS,W,D,51.9,43.3742,-78.73016666666666,0,0,0,Ascomorpha
ASCECAU,ON67N,Spring,ROT,NS,E,N,72.8,43.42476666666666,-76.78933333333333,0,0,0,Ascomorpha
ASCECAU,ON67N,Summer,ROT,NS,E,N,72.8,43.42476666666666,-76.78933333333333,0.0775510593098452,445.393336442976,1.5510211861969037,Ascomorpha
ASCECAU,ON68b,Spring,ROT,NS,W,N,50,43.583666666666666,-79.41721666666666,0,0,0,Ascomorpha
ASCECAU,ON68b,Summer,ROT,NS,W,N,50,43.583666666666666,-79.41721666666666,0,0,0,Ascomorpha
ASCECAU,ON69b,Summer,ROT,NS,W,D,13.3,43.31863333333333,-78.99975,0.26995045028701425,735.279322021611,5.399009005740286,Ascomorpha
ASCECAU,ON73N,Summer,ROT,NS,E,N,37.1,43.63238333333334,-76.28703333333333,0,0,0,Ascomorpha
ASCECAU,ON84N,Spring,ROT,NS,E,N,35.1,43.886,-76.73413333333333,0,0,0,Ascomorpha
ASCECAU,ON84N,Summer,ROT,NS,E,N,35.1,43.886,-76.73413333333333,0,0,0,Ascomorpha
ASCOVAL,ON12,Spring,ROT,OS,W,N,106.8,43.50398333333333,-79.35345,0,0,0,Ascomorpha
ASCOVAL,ON12,Summer,ROT,OS,W,N,106.8,43.50398333333333,-79.35345,0.8825722993016989,6043.77321510188,17.651445986033977,Ascomorpha
ASCOVAL,ON17N,Spring,ROT,NS,W,N,10.7,43.225,-79.27176666666666,0,0,0,Ascomorpha
ASCOVAL,ON17N,Summer,ROT,NS,W,N,10.7,43.225,-79.27176666666666,0.08133962370028903,714.428117367267,1.6267924740057809,Ascomorpha
ASCOVAL,ON22N,Spring,ROT,NS,W,D,50,43.3176666667,-78.9992166667,0,0,0,Ascomorpha
ASCOVAL,ON25,Spring,ROT,OS,W,D,137,43.51623333333333,-79.08041666666666,0,0,0,Ascomorpha
ASCOVAL,ON25,Summer,ROT,OS,W,D,137,43.51623333333333,-79.08041666666666,0.7794219381859012,4984.10641839367,15.588438763718024,Ascomorpha
ASCOVAL,ON29N,Summer,ROT,NS,W,D,30.5,43.818216666666665,-78.86856666666667,0.6892118471215695,4131.35069060893,13.78423694243139,Ascomorpha
ASCOVAL,ON33M,Spring,ROT,OS,W,D,140.9,43.597116666666665,-78.80105,0,0,0,Ascomorpha
ASCOVAL,ON33M,Summer,ROT,OS,W,D,140.9,43.597116666666665,-78.80105,0.31277016168095056,2384.56740126393,6.255403233619011,Ascomorpha
ASCOVAL,ON3528N,Spring,ROT,NS,W,D,72.8,43.4247666666667,-76.78933333333333,0,0,0,Ascomorpha
ASCOVAL,ON38N,Summer,ROT,NS,W,N,16.4,43.38325,-77.98985,1.1274709193450851,10307.4266723103,22.549418386901703,Ascomorpha
ASCOVAL,ON41,Spring,ROT,OS,W,N,132.2,43.7167,-78.02745,0,0,0,Ascomorpha
ASCOVAL,ON41,Summer,ROT,OS,W,N,132.2,43.7167,-78.02745,0.38039615373061236,2393.33419318034,7.6079230746122475,Ascomorpha
ASCOVAL,ON43N,Spring,ROT,NS,W,N,16,43.949866666666665,-78.05011666666667,0,0,0,Ascomorpha
ASCOVAL,ON43N,Summer,ROT,NS,W,N,16,43.949866666666665,-78.05011666666667,0.5847344485717096,3367.24507698533,11.694688971434193,Ascomorpha
ASCOVAL,ON49,Spring,ROT,OS,E,D,51.5,43.77256666666667,-77.4417,0,0,0,Ascomorpha
ASCOVAL,ON49,Summer,ROT,OS,E,D,51.5,43.77256666666667,-77.4417,0.2197919652974267,1567.06405505856,4.395839305948534,Ascomorpha
ASCOVAL,ON55M,Spring,ROT,OS,E,D,198,43.4401,-77.4398,0,0,0,Ascomorpha
ASCOVAL,ON55M,Summer,ROT,OS,E,D,198,43.4401,-77.4398,0.16725034615225792,1029.89697696926,3.3450069230451582,Ascomorpha
ASCOVAL,ON60,Spring,ROT,OS,E,D,150,43.580416666666665,-77.19986666666667,0,0,0,Ascomorpha
ASCOVAL,ON60,Summer,ROT,OS,E,D,150,43.580416666666665,-77.19986666666667,0.6079642327741253,4572.97783339816,12.159284655482503,Ascomorpha
ASCOVAL,ON61N,Spring,ROT,NS,E,N,51.9,43.7868,-77.1584,0,0,0,Ascomorpha
ASCOVAL,ON61N,Summer,ROT,NS,E,N,51.9,43.7868,-77.1584,0.8936446975715286,5731.60939467137,17.872893951430573,Ascomorpha
ASCOVAL,ON62N,Spring,ROT,NS,E,N,28.3,43.8457,-76.9972,0,0,0,Ascomorpha
ASCOVAL,ON62N,Summer,ROT,NS,E,N,28.3,43.8457,-76.9972,0.04113939617433061,387.492202705389,0.8227879234866121,Ascomorpha
ASCOVAL,ON63,Spring,ROT,OS,E,N,88,43.73155,-77.01718333333334,0,0,0,Ascomorpha
ASCOVAL,ON63,Summer,ROT,OS,E,N,88,43.73155,-77.01718333333334,0.08634588201930571,741.574521696454,1.7269176403861142,Ascomorpha
ASCOVAL,ON65b,Summer,ROT,NS,E,N,23.1,43.30775,-76.95155,0.29909159044237066,2246.61638823442,5.981831808847414,Ascomorpha
ASCOVAL,ON67b,Summer,ROT,NS,W,D,51.9,43.3742,-78.73016666666666,2.59144822152197,19306.2291583214,51.82896443043939,Ascomorpha
ASCOVAL,ON67N,Spring,ROT,NS,E,N,72.8,43.42476666666666,-76.78933333333333,0,0,0,Ascomorpha
ASCOVAL,ON67N,Summer,ROT,NS,E,N,72.8,43.42476666666666,-76.78933333333333,0.19818662837769693,1781.5733457719,3.9637325675539388,Ascomorpha
ASCOVAL,ON68b,Spring,ROT,NS,W,N,50,43.583666666666666,-79.41721666666666,0,0,0,Ascomorpha
ASCOVAL,ON68b,Summer,ROT,NS,W,N,50,43.583666666666666,-79.41721666666666,0.8148520498244839,6586.16777972937,16.29704099648968,Ascomorpha
ASCOVAL,ON69b,Summer,ROT,NS,W,D,13.3,43.31863333333333,-78.99975,2.9813984628244197,18381.9830505403,59.6279692564884,Ascomorpha
ASCOVAL,ON73N,Summer,ROT,NS,E,N,37.1,43.63238333333334,-76.28703333333333,1.0998784052457198,7863.81234902113,21.997568104914393,Ascomorpha
ASCOVAL,ON84N,Spring,ROT,NS,E,N,35.1,43.886,-76.73413333333333,0,0,0,Ascomorpha
ASCOVAL,ON84N,Summer,ROT,NS,E,N,35.1,43.886,-76.73413333333333,0.16976967994173542,1501.69988591708,3.395393598834709,Ascomorpha
ASPHERR,ON12,Spring,ROT,OS,W,N,106.8,43.50398333333333,-79.35345,0,0,0,Asplanchna
ASPHERR,ON12,Summer,ROT,OS,W,N,106.8,43.50398333333333,-79.35345,0,0,0,Asplanchna
ASPHERR,ON17N,Spring,ROT,NS,W,N,10.7,43.225,-79.27176666666666,0,0,0,Asplanchna
ASPHERR,ON17N,Summer,ROT,NS,W,N,10.7,43.225,-79.27176666666666,0,0,0,Asplanchna
ASPHERR,ON22N,Spring,ROT,NS,W,D,50,43.3176666667,-78.9992166667,0,0,0,Asplanchna
ASPHERR,ON25,Spring,ROT,OS,W,D,137,43.51623333333333,-79.08041666666666,0,0,0,Asplanchna
ASPHERR,ON25,Summer,ROT,OS,W,D,137,43.51623333333333,-79.08041666666666,53.78961995688445,1661.36880613122,1075.792399137689,Asplanchna
ASPHERR,ON29N,Summer,ROT,NS,W,D,30.5,43.818216666666665,-78.86856666666667,0,0,0,Asplanchna
ASPHERR,ON33M,Spring,ROT,OS,W,D,140.9,43.597116666666665,-78.80105,0,0,0,Asplanchna
ASPHERR,ON33M,Summer,ROT,OS,W,D,140.9,43.597116666666665,-78.80105,0,0,0,Asplanchna
ASPHERR,ON3528N,Spring,ROT,NS,W,D,72.8,43.4247666666667,-76.78933333333333,0,0,0,Asplanchna
ASPHERR,ON38N,Summer,ROT,NS,W,N,16.4,43.38325,-77.98985,22.121247702553966,687.16177815402,442.4249540510793,Asplanchna
ASPHERR,ON41,Spring,ROT,OS,W,N,132.2,43.7167,-78.02745,0,0,0,Asplanchna
ASPHERR,ON41,Summer,ROT,OS,W,N,132.2,43.7167,-78.02745,0,0,0,Asplanchna
ASPHERR,ON43N,Spring,ROT,NS,W,N,16,43.949866666666665,-78.05011666666667,0,0,0,Asplanchna
ASPHERR,ON43N,Summer,ROT,NS,W,N,16,43.949866666666665,-78.05011666666667,0,0,0,Asplanchna
ASPHERR,ON49,Spring,ROT,OS,E,D,51.5,43.77256666666667,-77.4417,0,0,0,Asplanchna
ASPHERR,ON49,Summer,ROT,OS,E,D,51.5,43.77256666666667,-77.4417,0,0,0,Asplanchna
ASPHERR,ON55M,Spring,ROT,OS,E,D,198,43.4401,-77.4398,0,0,0,Asplanchna
ASPHERR,ON55M,Summer,ROT,OS,E,D,198,43.4401,-77.4398,0,0,0,Asplanchna
ASPHERR,ON60,Spring,ROT,OS,E,D,150,43.580416666666665,-77.19986666666667,0,0,0,Asplanchna
ASPHERR,ON60,Summer,ROT,OS,E,D,150,43.580416666666665,-77.19986666666667,0,0,0,Asplanchna
ASPHERR,ON61N,Spring,ROT,NS,E,N,51.9,43.7868,-77.1584,0,0,0,Asplanchna
ASPHERR,ON61N,Summer,ROT,NS,E,N,51.9,43.7868,-77.1584,0,0,0,Asplanchna
ASPHERR,ON62N,Spring,ROT,NS,E,N,28.3,43.8457,-76.9972,0,0,0,Asplanchna
ASPHERR,ON62N,Summer,ROT,NS,E,N,28.3,43.8457,-76.9972,0,0,0,Asplanchna
ASPHERR,ON63,Spring,ROT,OS,E,N,88,43.73155,-77.01718333333334,0,0,0,Asplanchna
ASPHERR,ON63,Summer,ROT,OS,E,N,88,43.73155,-77.01718333333334,0,0,0,Asplanchna
ASPHERR,ON65b,Summer,ROT,NS,E,N,23.1,43.30775,-76.95155,19.204522437419353,962.83559495761,384.0904487483871,Asplanchna
ASPHERR,ON67b,Summer,ROT,NS,W,D,51.9,43.3742,-78.73016666666666,0,0,0,Asplanchna
ASPHERR,ON67N,Spring,ROT,NS,E,N,72.8,43.42476666666666,-76.78933333333333,0,0,0,Asplanchna
ASPHERR,ON67N,Summer,ROT,NS,E,N,72.8,43.42476666666666,-76.78933333333333,0,0,0,Asplanchna
ASPHERR,ON68b,Spring,ROT,NS,W,N,50,43.583666666666666,-79.41721666666666,0,0,0,Asplanchna
ASPHERR,ON68b,Summer,ROT,NS,W,N,50,43.583666666666666,-79.41721666666666,0,0,0,Asplanchna
ASPHERR,ON69b,Summer,ROT,NS,W,D,13.3,43.31863333333333,-78.99975,29.94704749389108,735.279322021611,598.9409498778216,Asplanchna
ASPHERR,ON73N,Summer,ROT,NS,E,N,37.1,43.63238333333334,-76.28703333333333,0,0,0,Asplanchna
ASPHERR,ON84N,Spring,ROT,NS,E,N,35.1,43.886,-76.73413333333333,0,0,0,Asplanchna
ASPHERR,ON84N,Summer,ROT,NS,E,N,35.1,43.886,-76.73413333333333,0,0,0,Asplanchna
ASPPRIO,ON12,Spring,ROT,OS,W,N,106.8,43.50398333333333,-79.35345,0,0,0,Asplanchna
ASPPRIO,ON12,Summer,ROT,OS,W,N,106.8,43.50398333333333,-79.35345,66.5775298422175,3626.26392906113,1331.55059684435,Asplanchna
ASPPRIO,ON17N,Spring,ROT,NS,W,N,10.7,43.225,-79.27176666666666,0,0,0,Asplanchna
ASPPRIO,ON17N,Summer,ROT,NS,W,N,10.7,43.225,-79.27176666666666,6.302319764268186,267.910544012725,126.04639528536373,Asplanchna
ASPPRIO,ON22N,Spring,ROT,NS,W,D,50,43.3176666667,-78.9992166667,0,0,0,Asplanchna
ASPPRIO,ON25,Spring,ROT,OS,W,D,137,43.51623333333333,-79.08041666666666,0,0,0,Asplanchna
ASPPRIO,ON25,Summer,ROT,OS,W,D,137,43.51623333333333,-79.08041666666666,0,0,0,Asplanchna
ASPPRIO,ON29N,Summer,ROT,NS,W,D,30.5,43.818216666666665,-78.86856666666667,14.94507100978437,590.192955801275,298.90142019568736,Asplanchna
ASPPRIO,ON33M,Spring,ROT,OS,W,D,140.9,43.597116666666665,-78.80105,0,0,0,Asplanchna
ASPPRIO,ON33M,Summer,ROT,OS,W,D,140.9,43.597116666666665,-78.80105,97.49276998632303,3576.8511018959,1949.8553997264605,Asplanchna
ASPPRIO,ON3528N,Spring,ROT,NS,W,D,72.8,43.4247666666667,-76.78933333333333,0,0,0,Asplanchna
ASPPRIO,ON38N,Summer,ROT,NS,W,N,16.4,43.38325,-77.98985,32.74368513432749,1374.32355630804,654.8737026865499,Asplanchna
ASPPRIO,ON41,Spring,ROT,OS,W,N,132.2,43.7167,-78.02745,0,0,0,Asplanchna
ASPPRIO,ON41,Summer,ROT,OS,W,N,132.2,43.7167,-78.02745,9.626902965050197,265.92602146448297,192.53805930100395,Asplanchna
ASPPRIO,ON43N,Spring,ROT,NS,W,N,16,43.949866666666665,-78.05011666666667,0,0,0,Asplanchna
ASPPRIO,ON43N,Summer,ROT,NS,W,N,16,43.949866666666665,-78.05011666666667,5.716876491961658,420.905634623167,114.33752983923316,Asplanchna
ASPPRIO,ON49,Spring,ROT,OS,E,D,51.5,43.77256666666667,-77.4417,0,0,0,Asplanchna
ASPPRIO,ON49,Summer,ROT,OS,E,D,51.5,43.77256666666667,-77.4417,11.129132551533603,569.841474566749,222.58265103067205,Asplanchna
ASPPRIO,ON55M,Spring,ROT,OS,E,D,198,43.4401,-77.4398,0,0,0,Asplanchna
ASPPRIO,ON55M,Summer,ROT,OS,E,D,198,43.4401,-77.4398,6.799202851271863,514.948488484631,135.98405702543724,Asplanchna
ASPPRIO,ON60,Spring,ROT,OS,E,D,150,43.580416666666665,-77.19986666666667,0,0,0,Asplanchna
ASPPRIO,ON60,Summer,ROT,OS,E,D,150,43.580416666666665,-77.19986666666667,35.29882367372107,762.162972233026,705.9764734744214,Asplanchna
ASPPRIO,ON61N,Spring,ROT,NS,E,N,51.9,43.7868,-77.1584,0,0,0,Asplanchna
ASPPRIO,ON61N,Summer,ROT,NS,E,N,51.9,43.7868,-77.1584,19.616819271153915,818.801342095911,392.33638542307824,Asplanchna
ASPPRIO,ON62N,Spring,ROT,NS,E,N,28.3,43.8457,-76.9972,0,0,0,Asplanchna
ASPPRIO,ON62N,Summer,ROT,NS,E,N,28.3,43.8457,-76.9972,15.421441020629725,387.492202705389,308.4288204125945,Asplanchna
ASPPRIO,ON63,Spring,ROT,OS,E,N,88,43.73155,-77.01718333333334,0,0,0,Asplanchna
ASPPRIO,ON63,Summer,ROT,OS,E,N,88,43.73155,-77.01718333333334,29.89740897126897,741.574521696454,597.9481794253793,Asplanchna
ASPPRIO,ON65b,Summer,ROT,NS,E,N,23.1,43.30775,-76.95155,2.7839496870434655,320.945198319203,55.6789937408693,Asplanchna
ASPPRIO,ON67b,Summer,ROT,NS,W,D,51.9,43.3742,-78.73016666666666,69.25421009667346,4137.04910535459,1385.084201933469,Asplanchna
ASPPRIO,ON67N,Spring,ROT,NS,E,N,72.8,43.42476666666666,-76.78933333333333,0,0,0,Asplanchna
ASPPRIO,ON67N,Summer,ROT,NS,E,N,72.8,43.42476666666666,-76.78933333333333,7.682632347358999,445.393336442976,153.65264694718,Asplanchna
ASPPRIO,ON68b,Spring,ROT,NS,W,N,50,43.583666666666666,-79.41721666666666,0,0,0,Asplanchna
ASPPRIO,ON68b,Summer,ROT,NS,W,N,50,43.583666666666666,-79.41721666666666,0,0,0,Asplanchna
ASPPRIO,ON69b,Summer,ROT,NS,W,D,13.3,43.31863333333333,-78.99975,22.708658463272933,735.279322021611,454.1731692654586,Asplanchna
ASPPRIO,ON73N,Summer,ROT,NS,E,N,37.1,43.63238333333334,-76.28703333333333,58.16815087763828,3145.52493960845,1163.3630175527658,Asplanchna
ASPPRIO,ON84N,Spring,ROT,NS,E,N,35.1,43.886,-76.73413333333333,0,0,0,Asplanchna
ASPPRIO,ON84N,Summer,ROT,NS,E,N,35.1,43.886,-76.73413333333333,91.47992125143733,3003.39977183416,1829.5984250287468,Asplanchna
BOSLONG,ON12,Spring,NDAP,OS,W,D,106.8,43.50398333333333,-79.35345,1.0822573151726906,87.9910145469501,21.645146303453814,NA
BOSLONG,ON12,Summer,NDAP,OS,W,N,106.8,43.50398333333333,-79.35345,151.61392461567868,11051.4710219006,3032.278492313574,NA
BOSLONG,ON17N,Spring,NDAP,NS,W,N,35.1,43.886,-76.73413333333333,0.300625328856326,37.5613817038364,3.3068786174195863,NA
BOSLONG,ON17N,Summer,NDAP,NS,W,N,10.7,43.225,-79.27176666666666,14.720556385917632,1598.95816744103,294.41112771835265,NA
BOSLONG,ON22N,Spring,NDAP,NS,W,D,50,43.3176666667,-78.9992166667,0.3272388521502672,36.233929654932,4.254105077953474,NA
BOSLONG,ON25,Spring,NDAP,OS,W,D,137,43.51623333333333,-79.08041666666666,0.18777393659873712,24.9501931607609,3.7554787319747422,NA
BOSLONG,ON25,Summer,NDAP,OS,W,D,137,43.51623333333333,-79.08041666666666,61.825212085433996,8090.14375159553,1236.50424170868,NA
BOSLONG,ON29N,Summer,NDAP,NS,W,D,30.5,43.818216666666665,-78.86856666666667,243.41942449328062,14327.4427891068,4868.3884898656115,NA
BOSLONG,ON33M,Spring,NDAP,OS,W,D,140.9,43.597116666666665,-78.80105,0.19919009718120365,16.2105774773305,3.983801943624073,NA
BOSLONG,ON33M,Summer,NDAP,OS,W,D,140.9,43.597116666666665,-78.80105,279.8442481818944,16271.1657968598,5596.884963637887,NA
BOSLONG,ON3528N,Spring,NDAP,NS,W,D,72.8,43.4247666666667,-76.78933333333333,0.16440675016998,15.8053130403973,8.54915100883896,NA
BOSLONG,ON38N,Summer,NDAP,NS,W,N,16.4,43.38325,-77.98985,66.64548020382901,4558.73179653399,1332.90960407658,NA
BOSLONG,ON41,Spring,NDAP,OS,W,N,132.2,43.7167,-78.02745,0.030958753849569042,4.06988966452128,0.6191750769913809,NA
BOSLONG,ON41,Summer,NDAP,OS,W,N,132.2,43.7167,-78.02745,21.759295396330145,1671.53499206246,435.1859079266029,NA
BOSLONG,ON43N,Spring,NDAP,NS,W,N,16,43.949866666666665,-78.05011666666667,0,0,0,NA
BOSLONG,ON43N,Summer,NDAP,NS,W,N,16,43.949866666666665,-78.05011666666667,121.08400737333088,8910.24851140734,2421.6801474666177,NA
BOSLONG,ON49,Spring,NDAP,OS,E,N,51.5,43.77256666666667,-77.4417,0.01756625922611343,2.43985732439413,0.35132518452226863,NA
BOSLONG,ON49,Summer,NDAP,OS,E,D,51.5,43.77256666666667,-77.4417,86.20613903216582,8259.34937254393,1724.1227806433164,NA
BOSLONG,ON55M,Spring,NDAP,OS,E,D,198,43.4401,-77.4398,0.2139339528067024,4.66548327396342,4.278679056134048,NA
BOSLONG,ON55M,Summer,NDAP,OS,E,D,198,43.4401,-77.4398,0.4938826726003959,76.6759170670854,9.877653452007918,NA
BOSLONG,ON60,Spring,NDAP,OS,E,D,150,43.580416666666665,-77.19986666666667,0.12520408410224193,6.48423099093221,2.5040816820448386,NA
BOSLONG,ON60,Summer,NDAP,OS,E,D,150,43.580416666666665,-77.19986666666667,12.79608920411246,1168.17502286183,255.92178408224922,NA
BOSLONG,ON61N,Spring,NDAP,NS,E,N,51.9,43.7868,-77.1584,0.016608426849427652,2.66456588221864,0.8304213424713827,NA
BOSLONG,ON61N,Summer,NDAP,NS,E,N,51.9,43.7868,-77.1584,1.0708578969332228,95.8956526778994,21.417157938664456,NA
BOSLONG,ON62N,Spring,NDAP,NS,E,N,28.3,43.8457,-76.9972,0,0,0,NA
BOSLONG,ON62N,Summer,NDAP,NS,E,N,28.3,43.8457,-76.9972,19.108275312402654,2005.84199047496,382.1655062480531,NA
BOSLONG,ON63,Spring,NDAP,OS,E,N,88,43.73155,-77.01718333333334,0.2406976508023474,24.4193379871277,4.8139530160469475,NA
BOSLONG,ON63,Summer,NDAP,OS,E,N,88,43.73155,-77.01718333333334,5.304736147606041,666.116061594008,106.09472295212083,NA
BOSLONG,ON65b,Summer,NDAP,NS,E,N,23.1,43.30775,-76.95155,86.60522967600866,10060.649482006,1732.1045935201732,NA
BOSLONG,ON67b,Summer,NDAP,NS,W,D,51.9,43.3742,-78.73016666666666,162.63469514520514,14405.5924770474,3252.6939029041027,NA
BOSLONG,ON67N,Spring,NDAP,NS,E,D,74,43.4082833333,-76.7890833333,0.056726364163514044,7.53534437174039,4.027571855609497,NA
BOSLONG,ON67N,Summer,NDAP,NS,E,N,72.8,43.42476666666666,-76.78933333333333,3.588803039061156,663.723403326788,71.77606078122312,NA
BOSLONG,ON68b,Spring,NDAP,NS,W,D,50.3,43.54885,-79.417,0.09390353354552713,10.8878633101088,4.507369610185302,NA
BOSLONG,ON68b,Summer,NDAP,NS,W,N,50,43.583666666666666,-79.41721666666666,109.60102034659366,9213.43689404764,2192.020406931873,NA
BOSLONG,ON69b,Summer,NDAP,NS,W,D,13.3,43.31863333333333,-78.99975,38.327423771866016,3474.19479655211,766.5484754373203,NA
BOSLONG,ON73N,Summer,NDAP,NS,E,N,37.1,43.63238333333334,-76.28703333333333,6.596010608349213,607.830906204532,131.92021216698427,NA
BOSLONG,ON84N,Spring,NDAP,NS,W,D,10.7,43.225,-79.27176666666666,0.08823443291977628,13.1216717080221,3.08820515219217,NA
BOSLONG,ON84N,Summer,NDAP,NS,E,N,35.1,43.886,-76.73413333333333,35.26674279769341,5685.0067109718,705.3348559538682,NA
BRACALC,ON12,Spring,ROT,OS,W,N,106.8,43.50398333333333,-79.35345,0,0,0,Brachionus
BRACALC,ON12,Summer,ROT,OS,W,N,106.8,43.50398333333333,-79.35345,0,0,0,Brachionus
BRACALC,ON17N,Spring,ROT,NS,W,N,10.7,43.225,-79.27176666666666,0,0,0,Brachionus
BRACALC,ON17N,Summer,ROT,NS,W,N,10.7,43.225,-79.27176666666666,0,0,0,Brachionus
BRACALC,ON22N,Spring,ROT,NS,W,D,50,43.3176666667,-78.9992166667,0,0,0,Brachionus
BRACALC,ON25,Spring,ROT,OS,W,D,137,43.51623333333333,-79.08041666666666,0,0,0,Brachionus
BRACALC,ON25,Summer,ROT,OS,W,D,137,43.51623333333333,-79.08041666666666,0,0,0,Brachionus
BRACALC,ON29N,Summer,ROT,NS,W,D,30.5,43.818216666666665,-78.86856666666667,0,0,0,Brachionus
BRACALC,ON33M,Spring,ROT,OS,W,D,140.9,43.597116666666665,-78.80105,0,0,0,Brachionus
BRACALC,ON33M,Summer,ROT,OS,W,D,140.9,43.597116666666665,-78.80105,0,0,0,Brachionus
BRACALC,ON3528N,Spring,ROT,NS,W,D,72.8,43.4247666666667,-76.78933333333333,0.05324655183095035,15.7293259584723,2.768820695209418,Brachionus
BRACALC,ON38N,Summer,ROT,NS,W,N,16.4,43.38325,-77.98985,0,0,0,Brachionus
BRACALC,ON41,Spring,ROT,OS,W,N,132.2,43.7167,-78.02745,0,0,0,Brachionus
BRACALC,ON41,Summer,ROT,OS,W,N,132.2,43.7167,-78.02745,0,0,0,Brachionus
BRACALC,ON43N,Spring,ROT,NS,W,N,16,43.949866666666665,-78.05011666666667,0,0,0,Brachionus
BRACALC,ON43N,Summer,ROT,NS,W,N,16,43.949866666666665,-78.05011666666667,0,0,0,Brachionus
BRACALC,ON49,Spring,ROT,OS,E,D,51.5,43.77256666666667,-77.4417,0,0,0,Brachionus
BRACALC,ON49,Summer,ROT,OS,E,D,51.5,43.77256666666667,-77.4417,0,0,0,Brachionus
BRACALC,ON55M,Spring,ROT,OS,E,D,198,43.4401,-77.4398,0,0,0,Brachionus
BRACALC,ON55M,Summer,ROT,OS,E,D,198,43.4401,-77.4398,0,0,0,Brachionus
BRACALC,ON60,Spring,ROT,OS,E,D,150,43.580416666666665,-77.19986666666667,0,0,0,Brachionus
BRACALC,ON60,Summer,ROT,OS,E,D,150,43.580416666666665,-77.19986666666667,0,0,0,Brachionus
BRACALC,ON61N,Spring,ROT,NS,E,N,51.9,43.7868,-77.1584,0,0,0,Brachionus
BRACALC,ON61N,Summer,ROT,NS,E,N,51.9,43.7868,-77.1584,0,0,0,Brachionus
BRACALC,ON62N,Spring,ROT,NS,E,N,28.3,43.8457,-76.9972,0,0,0,Brachionus
BRACALC,ON62N,Summer,ROT,NS,E,N,28.3,43.8457,-76.9972,0,0,0,Brachionus
BRACALC,ON63,Spring,ROT,OS,E,N,88,43.73155,-77.01718333333334,0,0,0,Brachionus
BRACALC,ON63,Summer,ROT,OS,E,N,88,43.73155,-77.01718333333334,0,0,0,Brachionus
BRACALC,ON65b,Summer,ROT,NS,E,N,23.1,43.30775,-76.95155,0,0,0,Brachionus
BRACALC,ON67b,Summer,ROT,NS,W,D,51.9,43.3742,-78.73016666666666,0,0,0,Brachionus
BRACALC,ON67N,Spring,ROT,NS,E,N,72.8,43.42476666666666,-76.78933333333333,0,0,0,Brachionus
BRACALC,ON67N,Summer,ROT,NS,E,N,72.8,43.42476666666666,-76.78933333333333,0,0,0,Brachionus
BRACALC,ON68b,Spring,ROT,NS,W,N,50,43.583666666666666,-79.41721666666666,0,0,0,Brachionus
BRACALC,ON68b,Summer,ROT,NS,W,N,50,43.583666666666666,-79.41721666666666,0,0,0,Brachionus
BRACALC,ON69b,Summer,ROT,NS,W,D,13.3,43.31863333333333,-78.99975,0,0,0,Brachionus
BRACALC,ON73N,Summer,ROT,NS,E,N,37.1,43.63238333333334,-76.28703333333333,0,0,0,Brachionus
BRACALC,ON84N,Spring,ROT,NS,E,N,35.1,43.886,-76.73413333333333,0,0,0,Brachionus
BRACALC,ON84N,Summer,ROT,NS,E,N,35.1,43.886,-76.73413333333333,0,0,0,Brachionus
BYTLONG,ON12,Spring,PRED,OS,W,N,106.8,43.50398333333333,-79.35345,0,0,0,NA
BYTLONG,ON12,Summer,PRED,OS,W,N,106.8,43.50398333333333,-79.35345,0,0,0,NA
BYTLONG,ON17N,Spring,PRED,NS,W,N,10.7,43.225,-79.27176666666666,0,0,0,NA
BYTLONG,ON17N,Summer,PRED,NS,W,N,10.7,43.225,-79.27176666666666,0.3723643513813633,0.531568539707788,7.447287027627266,NA
BYTLONG,ON22N,Spring,PRED,NS,W,D,50,43.3176666667,-78.9992166667,0,0,0,NA
BYTLONG,ON25,Spring,PRED,OS,W,D,137,43.51623333333333,-79.08041666666666,0,0,0,NA
BYTLONG,ON25,Summer,PRED,OS,W,D,137,43.51623333333333,-79.08041666666666,0,0,0,NA
BYTLONG,ON29N,Summer,PRED,NS,W,D,30.5,43.818216666666665,-78.86856666666667,0.14035795816868205,0.31799189428948,2.807159163373641,NA
BYTLONG,ON33M,Spring,PRED,OS,W,D,140.9,43.597116666666665,-78.80105,0,0,0,NA
BYTLONG,ON33M,Summer,PRED,OS,W,D,140.9,43.597116666666665,-78.80105,0,0,0,NA
BYTLONG,ON3528N,Spring,PRED,NS,W,D,72.8,43.4247666666667,-76.78933333333333,0,0,0,NA
BYTLONG,ON38N,Summer,PRED,NS,W,N,16.4,43.38325,-77.98985,2.035792414605237,2.4441729914015,40.71584829210474,NA
BYTLONG,ON41,Spring,PRED,OS,W,N,132.2,43.7167,-78.02745,0,0,0,NA
BYTLONG,ON41,Summer,PRED,OS,W,N,132.2,43.7167,-78.02745,21.25824128436809,9.79415034411599,425.1648256873618,NA
BYTLONG,ON43N,Spring,PRED,NS,W,N,16,43.949866666666665,-78.05011666666667,0,0,0,NA
BYTLONG,ON43N,Summer,PRED,NS,W,N,16,43.949866666666665,-78.05011666666667,0,0,0,NA
BYTLONG,ON49,Spring,PRED,OS,E,D,51.5,43.77256666666667,-77.4417,0,0,0,NA
BYTLONG,ON49,Summer,PRED,OS,E,D,51.5,43.77256666666667,-77.4417,6.7073736418342005,4.19001084240256,134.14747283668402,NA
BYTLONG,ON55M,Spring,PRED,OS,E,D,198,43.4401,-77.4398,0,0,0,NA
BYTLONG,ON55M,Summer,PRED,OS,E,D,198,43.4401,-77.4398,33.28741082697875,15.3569663444021,665.7482165395751,NA
BYTLONG,ON60,Spring,PRED,OS,E,D,150,43.580416666666665,-77.19986666666667,0,0,0,NA
BYTLONG,ON60,Summer,PRED,OS,E,D,150,43.580416666666665,-77.19986666666667,10.010607046586987,5.78745247606854,200.21214093173975,NA
BYTLONG,ON61N,Spring,PRED,NS,E,N,51.9,43.7868,-77.1584,0,0,0,NA
BYTLONG,ON61N,Summer,PRED,NS,E,N,51.9,43.7868,-77.1584,35.30717682735201,27.3164299094497,706.1435365470402,NA
BYTLONG,ON62N,Spring,PRED,NS,E,N,28.3,43.8457,-76.9972,0,0,0,NA
BYTLONG,ON62N,Summer,PRED,NS,E,N,28.3,43.8457,-76.9972,15.786756603685472,13.5337350209603,315.73513207370945,NA
BYTLONG,ON63,Spring,PRED,OS,E,N,88,43.73155,-77.01718333333334,0,0,0,NA
BYTLONG,ON63,Summer,PRED,OS,E,N,88,43.73155,-77.01718333333334,38.77010678781752,20.0029969668122,775.4021357563503,NA
BYTLONG,ON65b,Summer,PRED,NS,E,N,23.1,43.30775,-76.95155,19.75260031624626,16.3747550162859,395.0520063249252,NA
BYTLONG,ON67b,Summer,PRED,NS,W,D,51.9,43.3742,-78.73016666666666,166.60337472125025,661.016110497428,3332.0674944250054,NA
BYTLONG,ON67N,Spring,PRED,NS,E,N,72.8,43.42476666666666,-76.78933333333333,0,0,0,NA
BYTLONG,ON67N,Summer,PRED,NS,E,N,72.8,43.42476666666666,-76.78933333333333,5.401915138704181,4.91242650488576,108.03830277408362,NA
BYTLONG,ON68b,Spring,PRED,NS,W,N,50,43.583666666666666,-79.41721666666666,0,0,0,NA
BYTLONG,ON68b,Summer,PRED,NS,W,N,50,43.583666666666666,-79.41721666666666,0,0,0,NA
BYTLONG,ON69b,Summer,PRED,NS,W,D,13.3,43.31863333333333,-78.99975,0,0,0,NA
BYTLONG,ON73N,Summer,PRED,NS,E,N,37.1,43.63238333333334,-76.28703333333333,16.73882557248814,12.4652822561476,334.7765114497628,NA
BYTLONG,ON84N,Spring,PRED,NS,E,N,35.1,43.886,-76.73413333333333,0,0,0,NA
BYTLONG,ON84N,Summer,PRED,NS,E,N,35.1,43.886,-76.73413333333333,19.6674098901141,17.5980455380908,393.348197802282,NA
CECPENG,ON12,Spring,PRED,OS,W,N,106.8,43.50398333333333,-79.35345,0,0,0,NA
CECPENG,ON12,Summer,PRED,OS,W,N,106.8,43.50398333333333,-79.35345,11.61041621825673,270.890549462602,232.20832436513462,NA
CECPENG,ON17N,Spring,PRED,NS,W,N,10.7,43.225,-79.27176666666666,0,0,0,NA
CECPENG,ON17N,Summer,PRED,NS,W,N,10.7,43.225,-79.27176666666666,2.1754689252698274,87.708809051785,43.50937850539654,NA
CECPENG,ON22N,Spring,PRED,NS,W,D,50,43.3176666667,-78.9992166667,0,0,0,NA
CECPENG,ON25,Spring,PRED,OS,W,D,137,43.51623333333333,-79.08041666666666,0,0,0,NA
CECPENG,ON25,Summer,PRED,OS,W,D,137,43.51623333333333,-79.08041666666666,7.961528756343496,289.43532643047,159.23057512686992,NA
CECPENG,ON29N,Summer,PRED,NS,W,D,30.5,43.818216666666665,-78.86856666666667,2.875887568606725,107.481260269844,57.5177513721345,NA
CECPENG,ON33M,Spring,PRED,OS,W,D,140.9,43.597116666666665,-78.80105,0,0,0,NA
CECPENG,ON33M,Summer,PRED,OS,W,D,140.9,43.597116666666665,-78.80105,9.392691765445564,309.577339548282,187.8538353089113,NA
CECPENG,ON3528N,Spring,PRED,NS,W,D,72.8,43.4247666666667,-76.78933333333333,0,0,0,NA
CECPENG,ON38N,Summer,PRED,NS,W,N,16.4,43.38325,-77.98985,19.93551257421504,1194.85142522513,398.7102514843007,NA
CECPENG,ON41,Spring,PRED,OS,W,N,132.2,43.7167,-78.02745,0,0,0,NA
CECPENG,ON41,Summer,PRED,OS,W,N,132.2,43.7167,-78.02745,0.22138339219389444,3.56150921604218,4.427667843877889,NA
CECPENG,ON43N,Spring,PRED,NS,W,N,16,43.949866666666665,-78.05011666666667,0,0,0,NA
CECPENG,ON43N,Summer,PRED,NS,W,N,16,43.949866666666665,-78.05011666666667,3.6149480263010956,142.055651685319,72.29896052602192,NA
CECPENG,ON49,Spring,PRED,OS,E,D,51.5,43.77256666666667,-77.4417,0,0,0,NA
CECPENG,ON49,Summer,PRED,OS,E,D,51.5,43.77256666666667,-77.4417,17.175844561243444,497.354286993184,343.5168912248689,NA
CECPENG,ON55M,Spring,PRED,OS,E,D,198,43.4401,-77.4398,0,0,0,NA
CECPENG,ON55M,Summer,PRED,OS,E,D,198,43.4401,-77.4398,0.18147998627376105,4.57441550684317,3.6295997254752206,NA
CECPENG,ON60,Spring,PRED,OS,E,D,150,43.580416666666665,-77.19986666666667,0,0,0,NA
CECPENG,ON60,Summer,PRED,OS,E,D,150,43.580416666666665,-77.19986666666667,8.067948544859563,179.85621541013,161.35897089719126,NA
CECPENG,ON61N,Spring,PRED,NS,E,N,51.9,43.7868,-77.1584,0,0,0,NA
CECPENG,ON61N,Summer,PRED,NS,E,N,51.9,43.7868,-77.1584,0.09379623886137983,1.03733278137151,1.8759247772275967,NA
CECPENG,ON62N,Spring,PRED,NS,E,N,28.3,43.8457,-76.9972,0,0,0,NA
CECPENG,ON62N,Summer,PRED,NS,E,N,28.3,43.8457,-76.9972,0.14450255388257838,3.9176601376464,2.8900510776515675,NA
CECPENG,ON63,Spring,PRED,OS,E,N,88,43.73155,-77.01718333333334,0,0,0,NA
CECPENG,ON63,Summer,PRED,OS,E,N,88,43.73155,-77.01718333333334,0,0,0,NA
CECPENG,ON65b,Summer,PRED,NS,E,N,23.1,43.30775,-76.95155,5.752844046084984,187.90031381188,115.05688092169969,NA
CECPENG,ON67b,Summer,PRED,NS,W,D,51.9,43.3742,-78.73016666666666,0,0,0,NA
CECPENG,ON67N,Spring,PRED,NS,E,N,72.8,43.42476666666666,-76.78933333333333,0,0,0,NA
CECPENG,ON67N,Summer,PRED,NS,E,N,72.8,43.42476666666666,-76.78933333333333,0,0,0,NA
CECPENG,ON68b,Spring,PRED,NS,W,N,50,43.583666666666666,-79.41721666666666,0,0,0,NA
CECPENG,ON68b,Summer,PRED,NS,W,N,50,43.583666666666666,-79.41721666666666,2.2083589934417236,167.203485300506,44.167179868834474,NA
CECPENG,ON69b,Summer,PRED,NS,W,D,13.3,43.31863333333333,-78.99975,7.9956550233301655,336.045627642689,159.9131004666033,NA
CECPENG,ON73N,Summer,PRED,NS,E,N,37.1,43.63238333333334,-76.28703333333333,0,0,0,NA
CECPENG,ON84N,Spring,PRED,NS,E,N,35.1,43.886,-76.73413333333333,0,0,0,NA
CECPENG,ON84N,Summer,PRED,NS,E,N,35.1,43.886,-76.73413333333333,0,0,0,NA
CEPSP,ON12,Spring,ROT,OS,W,N,106.8,43.50398333333333,-79.35345,0,0,0,Cephalodella
CEPSP,ON12,Summer,ROT,OS,W,N,106.8,43.50398333333333,-79.35345,0,0,0,Cephalodella
CEPSP,ON17N,Spring,ROT,NS,W,N,10.7,43.225,-79.27176666666666,0,0,0,Cephalodella
CEPSP,ON17N,Summer,ROT,NS,W,N,10.7,43.225,-79.27176666666666,0,0,0,Cephalodella
CEPSP,ON22N,Spring,ROT,NS,W,D,50,43.3176666667,-78.9992166667,0,0,0,Cephalodella
CEPSP,ON25,Spring,ROT,OS,W,D,137,43.51623333333333,-79.08041666666666,0,0,0,Cephalodella
CEPSP,ON25,Summer,ROT,OS,W,D,137,43.51623333333333,-79.08041666666666,0,0,0,Cephalodella
CEPSP,ON29N,Summer,ROT,NS,W,D,30.5,43.818216666666665,-78.86856666666667,0,0,0,Cephalodella
CEPSP,ON33M,Spring,ROT,OS,W,D,140.9,43.597116666666665,-78.80105,0,0,0,Cephalodella
CEPSP,ON33M,Summer,ROT,OS,W,D,140.9,43.597116666666665,-78.80105,0,0,0,Cephalodella
CEPSP,ON3528N,Spring,ROT,NS,W,D,72.8,43.4247666666667,-76.78933333333333,0,0,0,Cephalodella
CEPSP,ON38N,Summer,ROT,NS,W,N,16.4,43.38325,-77.98985,0,0,0,Cephalodella
CEPSP,ON41,Spring,ROT,OS,W,N,132.2,43.7167,-78.02745,0,0,0,Cephalodella
CEPSP,ON41,Summer,ROT,OS,W,N,132.2,43.7167,-78.02745,0,0,0,Cephalodella
CEPSP,ON43N,Spring,ROT,NS,E,N,28.3,43.8457,-76.9972,0.0026052214484355695,3.07422022873661,0.03647310027809797,Cephalodella
CEPSP,ON43N,Summer,ROT,NS,E,N,28.3,43.8457,-76.9972,0,0,0,Cephalodella
CEPSP,ON49,Spring,ROT,OS,E,D,51.5,43.77256666666667,-77.4417,0,0,0,Cephalodella
CEPSP,ON49,Summer,ROT,OS,E,D,51.5,43.77256666666667,-77.4417,0,0,0,Cephalodella
CEPSP,ON55M,Spring,ROT,OS,E,D,198,43.4401,-77.4398,0,0,0,Cephalodella
CEPSP,ON55M,Summer,ROT,OS,E,D,198,43.4401,-77.4398,0,0,0,Cephalodella
CEPSP,ON60,Spring,ROT,OS,E,D,150,43.580416666666665,-77.19986666666667,0,0,0,Cephalodella
CEPSP,ON60,Summer,ROT,OS,E,D,150,43.580416666666665,-77.19986666666667,0,0,0,Cephalodella
CEPSP,ON61N,Spring,ROT,NS,E,N,51.9,43.7868,-77.1584,0,0,0,Cephalodella
CEPSP,ON61N,Summer,ROT,NS,E,N,51.9,43.7868,-77.1584,0,0,0,Cephalodella
CEPSP,ON62N,Spring,ROT,NS,E,N,16,43.949866666666665,-78.05011666666667,1.4801571104107293e-4,0.28692722134875,0.0041444399091500415,Cephalodella
CEPSP,ON62N,Summer,ROT,NS,E,N,16,43.949866666666665,-78.05011666666667,0,0,0,Cephalodella
CEPSP,ON63,Spring,ROT,OS,E,N,88,43.73155,-77.01718333333334,0,0,0,Cephalodella
CEPSP,ON63,Summer,ROT,OS,E,N,88,43.73155,-77.01718333333334,0,0,0,Cephalodella
CEPSP,ON65b,Summer,ROT,NS,E,N,23.1,43.30775,-76.95155,0,0,0,Cephalodella
CEPSP,ON67b,Summer,ROT,NS,W,D,51.9,43.3742,-78.73016666666666,0,0,0,Cephalodella
CEPSP,ON67N,Spring,ROT,NS,E,N,72.8,43.42476666666666,-76.78933333333333,0,0,0,Cephalodella
CEPSP,ON67N,Summer,ROT,NS,E,N,72.8,43.42476666666666,-76.78933333333333,0,0,0,Cephalodella
CEPSP,ON68b,Spring,ROT,NS,W,N,50,43.583666666666666,-79.41721666666666,0,0,0,Cephalodella
CEPSP,ON68b,Summer,ROT,NS,W,N,50,43.583666666666666,-79.41721666666666,0,0,0,Cephalodella
CEPSP,ON69b,Summer,ROT,NS,W,D,13.3,43.31863333333333,-78.99975,0,0,0,Cephalodella
CEPSP,ON73N,Summer,ROT,NS,E,N,37.1,43.63238333333334,-76.28703333333333,0,0,0,Cephalodella
CEPSP,ON84N,Spring,ROT,NS,W,D,10.7,43.225,-79.27176666666666,3.3482482766284923e-4,0.43738905693407,0.011718868968199726,Cephalodella
CEPSP,ON84N,Summer,ROT,NS,W,D,10.7,43.225,-79.27176666666666,0,0,0,Cephalodella
CERLACU,ON12,Spring,NDAP,OS,W,N,106.8,43.50398333333333,-79.35345,0,0,0,NA
CERLACU,ON12,Summer,NDAP,OS,W,N,106.8,43.50398333333333,-79.35345,0,0,0,NA
CERLACU,ON17N,Spring,NDAP,NS,W,N,10.7,43.225,-79.27176666666666,0,0,0,NA
CERLACU,ON17N,Summer,NDAP,NS,W,N,10.7,43.225,-79.27176666666666,0,0,0,NA
CERLACU,ON22N,Spring,NDAP,NS,W,D,50,43.3176666667,-78.9992166667,0,0,0,NA
CERLACU,ON25,Spring,NDAP,OS,W,D,137,43.51623333333333,-79.08041666666666,0,0,0,NA
CERLACU,ON25,Summer,NDAP,OS,W,D,137,43.51623333333333,-79.08041666666666,1.14165113205022,42.8049933946853,22.8330226410044,NA
CERLACU,ON29N,Summer,NDAP,NS,W,D,30.5,43.818216666666665,-78.86856666666667,0,0,0,NA
CERLACU,ON33M,Spring,NDAP,OS,W,D,140.9,43.597116666666665,-78.80105,0,0,0,NA
CERLACU,ON33M,Summer,NDAP,OS,W,D,140.9,43.597116666666665,-78.80105,0,0,0,NA
CERLACU,ON3528N,Spring,NDAP,NS,W,D,72.8,43.4247666666667,-76.78933333333333,0,0,0,NA
CERLACU,ON38N,Summer,NDAP,NS,W,N,16.4,43.38325,-77.98985,0,0,0,NA
CERLACU,ON41,Spring,NDAP,OS,W,N,132.2,43.7167,-78.02745,0,0,0,NA
CERLACU,ON41,Summer,NDAP,OS,W,N,132.2,43.7167,-78.02745,0,0,0,NA
CERLACU,ON43N,Spring,NDAP,NS,E,N,28.3,43.8457,-76.9972,0,0,0,NA
CERLACU,ON43N,Summer,NDAP,NS,E,N,28.3,43.8457,-76.9972,0,0,0,NA
CERLACU,ON49,Spring,NDAP,OS,E,D,51.5,43.77256666666667,-77.4417,0,0,0,NA
CERLACU,ON49,Summer,NDAP,OS,E,D,51.5,43.77256666666667,-77.4417,0.31206190352830143,35.7547591885019,6.2412380705660295,NA
CERLACU,ON55M,Spring,NDAP,OS,E,D,198,43.4401,-77.4398,0,0,0,NA
CERLACU,ON55M,Summer,NDAP,OS,E,D,198,43.4401,-77.4398,0,0,0,NA
CERLACU,ON60,Spring,NDAP,OS,E,D,150,43.580416666666665,-77.19986666666667,0,0,0,NA
CERLACU,ON60,Summer,NDAP,OS,E,D,150,43.580416666666665,-77.19986666666667,0.1870785648568742,9.49735790944581,3.7415712971374844,NA
CERLACU,ON61N,Spring,NDAP,NS,E,N,51.9,43.7868,-77.1584,0,0,0,NA
CERLACU,ON61N,Summer,NDAP,NS,E,N,51.9,43.7868,-77.1584,0,0,0,NA
CERLACU,ON62N,Spring,NDAP,NS,E,N,16,43.949866666666665,-78.05011666666667,0,0,0,NA
CERLACU,ON62N,Summer,NDAP,NS,E,N,16,43.949866666666665,-78.05011666666667,0,0,0,NA
CERLACU,ON63,Spring,NDAP,OS,E,N,88,43.73155,-77.01718333333334,0,0,0,NA
CERLACU,ON63,Summer,NDAP,OS,E,N,88,43.73155,-77.01718333333334,0,0,0,NA
CERLACU,ON65b,Summer,NDAP,NS,E,N,23.1,43.30775,-76.95155,0,0,0,NA
CERLACU,ON67b,Summer,NDAP,NS,W,D,51.9,43.3742,-78.73016666666666,0,0,0,NA
CERLACU,ON67N,Spring,NDAP,NS,E,N,72.8,43.42476666666666,-76.78933333333333,0,0,0,NA
CERLACU,ON67N,Summer,NDAP,NS,E,N,72.8,43.42476666666666,-76.78933333333333,0,0,0,NA
CERLACU,ON68b,Spring,NDAP,NS,W,N,50,43.583666666666666,-79.41721666666666,0,0,0,NA
CERLACU,ON68b,Summer,NDAP,NS,W,N,50,43.583666666666666,-79.41721666666666,0,0,0,NA
CERLACU,ON69b,Summer,NDAP,NS,W,D,13.3,43.31863333333333,-78.99975,0,0,0,NA
CERLACU,ON73N,Summer,NDAP,NS,E,N,37.1,43.63238333333334,-76.28703333333333,0,0,0,NA
CERLACU,ON84N,Spring,NDAP,NS,W,D,10.7,43.225,-79.27176666666666,0,0,0,NA
CERLACU,ON84N,Summer,NDAP,NS,W,D,10.7,43.225,-79.27176666666666,0,0,0,NA
CERSP,ON12,Spring,NDAP,OS,W,N,106.8,43.50398333333333,-79.35345,0,0,0,NA
CERSP,ON12,Summer,NDAP,OS,W,N,106.8,43.50398333333333,-79.35345,0,0,0,NA
CERSP,ON17N,Spring,NDAP,NS,W,N,10.7,43.225,-79.27176666666666,0,0,0,NA
CERSP,ON17N,Summer,NDAP,NS,W,N,10.7,43.225,-79.27176666666666,0,0,0,NA
CERSP,ON22N,Spring,NDAP,NS,W,D,50,43.3176666667,-78.9992166667,0,0,0,NA
CERSP,ON25,Spring,NDAP,OS,W,D,137,43.51623333333333,-79.08041666666666,0,0,0,NA
CERSP,ON25,Summer,NDAP,OS,W,D,137,43.51623333333333,-79.08041666666666,0,0,0,NA
CERSP,ON29N,Summer,NDAP,NS,W,D,30.5,43.818216666666665,-78.86856666666667,0.4698501653675865,54.2706166254046,9.39700330735173,NA
CERSP,ON33M,Spring,NDAP,OS,W,D,140.9,43.597116666666665,-78.80105,0,0,0,NA
CERSP,ON33M,Summer,NDAP,OS,W,D,140.9,43.597116666666665,-78.80105,0,0,0,NA
CERSP,ON3528N,Spring,NDAP,NS,W,D,72.8,43.4247666666667,-76.78933333333333,0,0,0,NA
CERSP,ON38N,Summer,NDAP,NS,W,N,16.4,43.38325,-77.98985,0,0,0,NA
CERSP,ON41,Spring,NDAP,OS,W,N,132.2,43.7167,-78.02745,0,0,0,NA
CERSP,ON41,Summer,NDAP,OS,W,N,132.2,43.7167,-78.02745,0,0,0,NA
CERSP,ON43N,Spring,NDAP,NS,E,N,28.3,43.8457,-76.9972,0,0,0,NA
CERSP,ON43N,Summer,NDAP,NS,W,N,16,43.949866666666665,-78.05011666666667,0.30962943715567465,69.0716938868786,6.192588743113492,NA
CERSP,ON49,Spring,NDAP,OS,E,D,51.5,43.77256666666667,-77.4417,0,0,0,NA
CERSP,ON49,Summer,NDAP,OS,E,D,51.5,43.77256666666667,-77.4417,0,0,0,NA
CERSP,ON55M,Spring,NDAP,OS,E,D,198,43.4401,-77.4398,0,0,0,NA
CERSP,ON55M,Summer,NDAP,OS,E,D,198,43.4401,-77.4398,0,0,0,NA
CERSP,ON60,Spring,NDAP,OS,E,D,150,43.580416666666665,-77.19986666666667,0,0,0,NA
CERSP,ON60,Summer,NDAP,OS,E,D,150,43.580416666666665,-77.19986666666667,0.026640859753026547,9.49735790944581,0.5328171950605309,NA
CERSP,ON61N,Spring,NDAP,NS,E,N,51.9,43.7868,-77.1584,0,0,0,NA
CERSP,ON61N,Summer,NDAP,NS,E,N,51.9,43.7868,-77.1584,0.4624970132076407,29.5063546701229,9.249940264152814,NA
CERSP,ON62N,Spring,NDAP,NS,E,N,16,43.949866666666665,-78.05011666666667,0,0,0,NA
CERSP,ON62N,Summer,NDAP,NS,E,N,28.3,43.8457,-76.9972,0.3129016878261163,30.3915453102266,6.258033756522327,NA
CERSP,ON63,Spring,NDAP,OS,E,N,88,43.73155,-77.01718333333334,0,0,0,NA
CERSP,ON63,Summer,NDAP,OS,E,N,88,43.73155,-77.01718333333334,0,0,0,NA
CERSP,ON65b,Summer,NDAP,NS,E,N,23.1,43.30775,-76.95155,0,0,0,NA
CERSP,ON67b,Summer,NDAP,NS,W,D,51.9,43.3742,-78.73016666666666,0,0,0,NA
CERSP,ON67N,Spring,NDAP,NS,E,N,72.8,43.42476666666666,-76.78933333333333,0,0,0,NA
CERSP,ON67N,Summer,NDAP,NS,E,N,72.8,43.42476666666666,-76.78933333333333,0,0,0,NA
CERSP,ON68b,Spring,NDAP,NS,W,N,50,43.583666666666666,-79.41721666666666,0,0,0,NA
CERSP,ON68b,Summer,NDAP,NS,W,N,50,43.583666666666666,-79.41721666666666,0,0,0,NA
CERSP,ON69b,Summer,NDAP,NS,W,D,13.3,43.31863333333333,-78.99975,0,0,0,NA
CERSP,ON73N,Summer,NDAP,NS,E,N,37.1,43.63238333333334,-76.28703333333333,0,0,0,NA
CERSP,ON84N,Spring,NDAP,NS,W,D,10.7,43.225,-79.27176666666666,0,0,0,NA
CERSP,ON84N,Summer,NDAP,NS,W,D,10.7,43.225,-79.27176666666666,0,0,0,NA
CHYSPHA,ON12,Spring,NDAP,OS,W,N,106.8,43.50398333333333,-79.35345,0,0,0,NA
CHYSPHA,ON12,Summer,NDAP,OS,W,N,106.8,43.50398333333333,-79.35345,0,0,0,NA
CHYSPHA,ON17N,Spring,NDAP,NS,W,N,10.7,43.225,-79.27176666666666,0,0,0,NA
CHYSPHA,ON17N,Summer,NDAP,NS,W,N,10.7,43.225,-79.27176666666666,0,0,0,NA
CHYSPHA,ON22N,Spring,NDAP,NS,W,D,50,43.3176666667,-78.9992166667,0,0,0,NA
CHYSPHA,ON25,Spring,NDAP,OS,W,D,137,43.51623333333333,-79.08041666666666,0,0,0,NA
CHYSPHA,ON25,Summer,NDAP,OS,W,D,137,43.51623333333333,-79.08041666666666,0.7677723275072447,85.6099867893707,15.355446550144894,NA
CHYSPHA,ON29N,Summer,NDAP,NS,W,D,30.5,43.818216666666665,-78.86856666666667,0,0,0,NA
CHYSPHA,ON33M,Spring,NDAP,OS,W,D,140.9,43.597116666666665,-78.80105,0,0,0,NA
CHYSPHA,ON33M,Summer,NDAP,OS,W,D,140.9,43.597116666666665,-78.80105,0,0,0,NA
CHYSPHA,ON3528N,Spring,NDAP,NS,W,D,72.8,43.4247666666667,-76.78933333333333,0,0,0,NA
CHYSPHA,ON38N,Summer,NDAP,NS,W,N,16.4,43.38325,-77.98985,0,0,0,NA
CHYSPHA,ON41,Spring,NDAP,OS,W,N,132.2,43.7167,-78.02745,0,0,0,NA
CHYSPHA,ON41,Summer,NDAP,OS,W,N,132.2,43.7167,-78.02745,0,0,0,NA
CHYSPHA,ON43N,Spring,NDAP,NS,W,N,16,43.949866666666665,-78.05011666666667,0,0,0,NA
CHYSPHA,ON43N,Summer,NDAP,NS,W,N,16,43.949866666666665,-78.05011666666667,0,0,0,NA
CHYSPHA,ON49,Spring,NDAP,OS,E,D,51.5,43.77256666666667,-77.4417,0,0,0,NA
CHYSPHA,ON49,Summer,NDAP,OS,E,D,51.5,43.77256666666667,-77.4417,0,0,0,NA
CHYSPHA,ON55M,Spring,NDAP,OS,E,D,198,43.4401,-77.4398,0,0,0,NA
CHYSPHA,ON55M,Summer,NDAP,OS,E,D,198,43.4401,-77.4398,0,0,0,NA
CHYSPHA,ON60,Spring,NDAP,OS,E,D,150,43.580416666666665,-77.19986666666667,0,0,0,NA
CHYSPHA,ON60,Summer,NDAP,OS,E,D,150,43.580416666666665,-77.19986666666667,0,0,0,NA
CHYSPHA,ON61N,Spring,NDAP,NS,E,N,51.9,43.7868,-77.1584,0,0,0,NA
CHYSPHA,ON61N,Summer,NDAP,NS,E,N,51.9,43.7868,-77.1584,0,0,0,NA
CHYSPHA,ON62N,Spring,NDAP,NS,E,N,28.3,43.8457,-76.9972,0,0,0,NA
CHYSPHA,ON62N,Summer,NDAP,NS,E,N,28.3,43.8457,-76.9972,0,0,0,NA
CHYSPHA,ON63,Spring,NDAP,OS,E,N,88,43.73155,-77.01718333333334,0,0,0,NA
CHYSPHA,ON63,Summer,NDAP,OS,E,N,88,43.73155,-77.01718333333334,0,0,0,NA
CHYSPHA,ON65b,Summer,NDAP,NS,E,N,23.1,43.30775,-76.95155,0,0,0,NA
CHYSPHA,ON67b,Summer,NDAP,NS,W,D,51.9,43.3742,-78.73016666666666,0,0,0,NA
CHYSPHA,ON67N,Spring,NDAP,NS,E,N,72.8,43.42476666666666,-76.78933333333333,0,0,0,NA
CHYSPHA,ON67N,Summer,NDAP,NS,E,N,72.8,43.42476666666666,-76.78933333333333,0,0,0,NA
CHYSPHA,ON68b,Spring,NDAP,NS,W,N,50,43.583666666666666,-79.41721666666666,0,0,0,NA
CHYSPHA,ON68b,Summer,NDAP,NS,W,N,50,43.583666666666666,-79.41721666666666,0,0,0,NA
CHYSPHA,ON69b,Summer,NDAP,NS,W,D,13.3,43.31863333333333,-78.99975,0,0,0,NA
CHYSPHA,ON73N,Summer,NDAP,NS,E,N,37.1,43.63238333333334,-76.28703333333333,0,0,0,NA
CHYSPHA,ON84N,Spring,NDAP,NS,W,D,10.7,43.225,-79.27176666666666,0,0,0,NA
CHYSPHA,ON84N,Summer,NDAP,NS,W,D,10.7,43.225,-79.27176666666666,0,0,0,NA
COLSP,ON12,Spring,ROT,OS,W,D,106.8,43.50398333333333,-79.35345,0.0068135895999999994,22.9541777,0.13627179199999997,Collotheca
COLSP,ON12,Summer,ROT,OS,W,N,106.8,43.50398333333333,-79.35345,3.308312382508269,16922.5650022853,66.16624765016539,Collotheca
COLSP,ON17N,Spring,ROT,NS,W,N,35.1,43.886,-76.73413333333333,3.3012933138137473e-4,1.46724147280611,0.003631422645195122,Collotheca
COLSP,ON17N,Summer,ROT,NS,W,N,10.7,43.225,-79.27176666666666,0.09711376787488789,714.428117367267,1.9422753574977576,Collotheca
COLSP,ON22N,Spring,ROT,NS,W,D,50,43.3176666667,-78.9992166667,0,0,0,Collotheca
COLSP,ON25,Spring,ROT,OS,W,D,137,43.51623333333333,-79.08041666666666,0.0072452337,31.8114963,0.144904674,Collotheca
COLSP,ON25,Summer,ROT,OS,W,D,137,43.51623333333333,-79.08041666666666,3.037530761587655,16613.6880613122,60.7506152317531,Collotheca
COLSP,ON29N,Summer,ROT,NS,W,D,30.5,43.818216666666665,-78.86856666666667,0.16555089468112505,2360.7718232051,3.311017893622501,Collotheca
COLSP,ON33M,Spring,ROT,OS,W,D,140.9,43.597116666666665,-78.80105,0.0051082631,11.8539848,0.102165262,Collotheca
COLSP,ON33M,Summer,ROT,OS,W,D,140.9,43.597116666666665,-78.80105,2.8336837408634548,11922.8370063197,56.673674817269095,Collotheca
COLSP,ON3528N,Spring,ROT,NS,W,D,72.8,43.4247666666667,-76.78933333333333,0,0,0,Collotheca
COLSP,ON38N,Summer,ROT,NS,W,N,16.4,43.38325,-77.98985,0.28852404437157575,1374.32355630804,5.770480887431515,Collotheca
COLSP,ON41,Spring,ROT,OS,W,N,132.2,43.7167,-78.02745,0.004544114,4.57862587,0.09088228000000001,Collotheca
COLSP,ON41,Summer,ROT,OS,W,N,132.2,43.7167,-78.02745,0.6021178883213423,2127.40817171586,12.042357766426846,Collotheca
COLSP,ON43N,Spring,ROT,NS,E,N,28.3,43.8457,-76.9972,2.4981605453950375e-4,1.02474007624554,0.0034974247635530527,Collotheca
COLSP,ON43N,Summer,ROT,NS,W,N,16,43.949866666666665,-78.05011666666667,0.15758100856177504,1262.7169038695,3.1516201712355008,Collotheca
COLSP,ON49,Spring,ROT,OS,E,N,51.5,43.77256666666667,-77.4417,2.800523e-4,2.62284662,0.005601045999999999,Collotheca
COLSP,ON49,Summer,ROT,OS,E,D,51.5,43.77256666666667,-77.4417,0.018998286825465553,142.460368641687,0.37996573650931104,Collotheca
COLSP,ON55M,Spring,ROT,OS,E,D,198,43.4401,-77.4398,0.025944669899999998,155.163768,0.518893398,Collotheca
COLSP,ON55M,Summer,ROT,OS,E,D,198,43.4401,-77.4398,0.4329426327243596,3089.69093090778,8.658852654487193,Collotheca
COLSP,ON60,Spring,ROT,OS,E,D,150,43.580416666666665,-77.19986666666667,0.0036165851,15.1974164,0.072331702,Collotheca
COLSP,ON60,Summer,ROT,OS,E,D,150,43.580416666666665,-77.19986666666667,0.21673925684949732,762.162972233026,4.334785136989947,Collotheca
COLSP,ON61N,Spring,ROT,NS,E,N,51.9,43.7868,-77.1584,0,0,0,Collotheca
COLSP,ON61N,Summer,ROT,NS,E,N,51.9,43.7868,-77.1584,0.2906682535538481,4094.00671047955,5.813365071076963,Collotheca
COLSP,ON62N,Spring,ROT,NS,E,N,28.3,43.8457,-76.9972,0,0,0,Collotheca
COLSP,ON62N,Summer,ROT,NS,E,N,28.3,43.8457,-76.9972,0.21346523080538898,2324.95321623233,4.26930461610778,Collotheca
COLSP,ON63,Spring,ROT,OS,E,N,88,43.73155,-77.01718333333334,0.0053619445,20.3494483,0.10723889,Collotheca
COLSP,ON63,Summer,ROT,OS,E,N,88,43.73155,-77.01718333333334,0.7866164233101567,4449.44713017872,15.732328466203136,Collotheca
COLSP,ON65b,Summer,ROT,NS,E,N,23.1,43.30775,-76.95155,0.09020748919022128,1283.78079327681,1.8041497838044256,Collotheca
COLSP,ON67b,Summer,ROT,NS,W,D,51.9,43.3742,-78.73016666666666,0.743661053801763,6895.08184225766,14.873221076035259,Collotheca
COLSP,ON67N,Spring,ROT,NS,E,D,74,43.4082833333,-76.7890833333,0.001591872428490194,8.03185931096359,0.1130229424228038,Collotheca
COLSP,ON67N,Summer,ROT,NS,E,N,72.8,43.42476666666666,-76.78933333333333,0.15497817456202545,1558.87667755042,3.099563491240509,Collotheca
COLSP,ON68b,Spring,ROT,NS,W,N,50,43.583666666666666,-79.41721666666666,0,0,0,Collotheca
COLSP,ON68b,Summer,ROT,NS,W,N,50,43.583666666666666,-79.41721666666666,0.7595827300361875,4024.88030983461,15.191654600723748,Collotheca
COLSP,ON69b,Summer,ROT,NS,W,D,13.3,43.31863333333333,-78.99975,0.8880379393196013,4411.67593212967,17.760758786392024,Collotheca
COLSP,ON73N,Summer,ROT,NS,E,N,37.1,43.63238333333334,-76.28703333333333,0.58923199923472,4718.28740941268,11.7846399846944,Collotheca
COLSP,ON84N,Spring,ROT,NS,W,D,10.7,43.225,-79.27176666666666,0,0,0,Collotheca
COLSP,ON84N,Summer,ROT,NS,E,N,35.1,43.886,-76.73413333333333,0.19554610319452143,2627.97480035489,3.9109220638904283,Collotheca
COOUNIC,ON12,Spring,ROT,OS,W,N,106.8,43.50398333333333,-79.35345,0,0,0,Conochilus
COOUNIC,ON12,Summer,ROT,OS,W,N,106.8,43.50398333333333,-79.35345,15.777540372810831,73734.0332242429,315.55080745621666,Conochilus
COOUNIC,ON17N,Spring,ROT,NS,W,N,35.1,43.886,-76.73413333333333,6.424402769031859e-4,4.40172441841833,0.0070668430459350454,Conochilus
COOUNIC,ON17N,Summer,ROT,NS,W,N,10.7,43.225,-79.27176666666666,4.966411866689395,24915.6805931834,99.3282373337879,Conochilus
COOUNIC,ON22N,Spring,ROT,NS,W,D,50,43.3176666667,-78.9992166667,0.0029204286337284864,16.7284993790083,0.03796557223847032,Conochilus
COOUNIC,ON25,Spring,ROT,OS,W,D,137,43.51623333333333,-79.08041666666666,0,0,0,Conochilus
COOUNIC,ON25,Summer,ROT,OS,W,D,137,43.51623333333333,-79.08041666666666,38.81590456815689,212655.207184797,776.3180913631378,Conochilus
COOUNIC,ON29N,Summer,ROT,NS,W,D,30.5,43.818216666666665,-78.86856666666667,2.1645993424503605,14754.8238950319,43.291986849007216,Conochilus
COOUNIC,ON33M,Spring,ROT,OS,W,D,140.9,43.597116666666665,-78.80105,0,0,0,Conochilus
COOUNIC,ON33M,Summer,ROT,OS,W,D,140.9,43.597116666666665,-78.80105,36.14569154742979,172881.136591635,722.9138309485959,Conochilus
COOUNIC,ON3528N,Spring,ROT,NS,W,D,72.8,43.4247666666667,-76.78933333333333,0,0,0,Conochilus
COOUNIC,ON38N,Summer,ROT,NS,W,N,16.4,43.38325,-77.98985,11.443944156862715,95171.9062743318,228.87888313725432,Conochilus
COOUNIC,ON41,Spring,ROT,OS,W,N,132.2,43.7167,-78.02745,7.399042000000001e-4,9.15725175,0.014798084,Conochilus
COOUNIC,ON41,Summer,ROT,OS,W,N,132.2,43.7167,-78.02745,5.811389109860581,32974.8266615959,116.22778219721164,Conochilus
COOUNIC,ON43N,Spring,ROT,NS,E,N,28.3,43.8457,-76.9972,9.251959029729795e-5,1.02474007624554,0.0012952742641621714,Conochilus
COOUNIC,ON43N,Summer,ROT,NS,W,N,16,43.949866666666665,-78.05011666666667,3.025168032289396,14731.6972118108,60.503360645787915,Conochilus
COOUNIC,ON49,Spring,ROT,OS,E,D,51.5,43.77256666666667,-77.4417,0,0,0,Conochilus
COOUNIC,ON49,Summer,ROT,OS,E,D,51.5,43.77256666666667,-77.4417,5.274482616664078,28207.1529910541,105.48965233328155,Conochilus
COOUNIC,ON55M,Spring,ROT,OS,E,D,198,43.4401,-77.4398,0,0,0,Conochilus
COOUNIC,ON55M,Summer,ROT,OS,E,D,198,43.4401,-77.4398,11.132087412724104,67973.2004799712,222.64174825448208,Conochilus
COOUNIC,ON60,Spring,ROT,OS,E,D,150,43.580416666666665,-77.19986666666667,0,0,0,Conochilus
COOUNIC,ON60,Summer,ROT,OS,E,D,150,43.580416666666665,-77.19986666666667,15.411893657516341,80027.1120844678,308.23787315032683,Conochilus
COOUNIC,ON61N,Spring,ROT,NS,E,N,51.9,43.7868,-77.1584,0,0,0,Conochilus
COOUNIC,ON61N,Summer,ROT,NS,E,N,51.9,43.7868,-77.1584,24.19828682087146,192418.315392539,483.9657364174291,Conochilus
COOUNIC,ON62N,Spring,ROT,NS,E,N,16,43.949866666666665,-78.05011666666667,7.815395386902589e-5,0.28692722134875,0.002188310708332725,Conochilus
COOUNIC,ON62N,Summer,ROT,NS,E,N,28.3,43.8457,-76.9972,4.4466179182912535,24993.2470744976,88.93235836582508,Conochilus
COOUNIC,ON63,Spring,ROT,OS,E,N,88,43.73155,-77.01718333333334,7.260521000000001e-4,6.1048345,0.014521042,Conochilus
COOUNIC,ON63,Summer,ROT,OS,E,N,88,43.73155,-77.01718333333334,26.296523491670463,100854.134950718,525.9304698334093,Conochilus
COOUNIC,ON65b,Summer,ROT,NS,E,N,23.1,43.30775,-76.95155,3.3074660477445046,26317.5062621747,66.1493209548901,Conochilus
COOUNIC,ON67b,Summer,ROT,NS,W,D,51.9,43.3742,-78.73016666666666,24.658041661091115,173756.062424893,493.1608332218223,Conochilus
COOUNIC,ON67N,Spring,ROT,NS,E,D,74,43.4082833333,-76.7890833333,1.8024725987392487e-4,1.60637186219272,0.012797555451048666,Conochilus
COOUNIC,ON67N,Summer,ROT,NS,E,N,72.8,43.42476666666666,-76.78933333333333,2.549632332421302,21156.1834810414,50.99264664842603,Conochilus
COOUNIC,ON68b,Spring,ROT,NS,W,D,50.3,43.54885,-79.417,3.405691437285357e-4,1.46391439463648,0.01634731889896971,Conochilus
COOUNIC,ON68b,Summer,ROT,NS,W,N,50,43.583666666666666,-79.41721666666666,4.022667184390769,18660.8087092332,80.45334368781538,Conochilus
COOUNIC,ON69b,Summer,ROT,NS,W,D,13.3,43.31863333333333,-78.99975,6.521785255372207,40808.0023721994,130.43570510744414,Conochilus
COOUNIC,ON73N,Summer,ROT,NS,E,N,37.1,43.63238333333334,-76.28703333333333,11.565488292776335,71298.5652977916,231.3097658555267,Conochilus
COOUNIC,ON84N,Spring,ROT,NS,E,N,35.1,43.886,-76.73413333333333,0,0,0,Conochilus
COOUNIC,ON84N,Summer,ROT,NS,E,N,35.1,43.886,-76.73413333333333,8.428481175049704,59692.5704652039,168.56962350099406,Conochilus
COPNAUP,ON12,Spring,NAU,OS,W,D,106.8,43.50398333333333,-79.35345,1.20723728,510.730454,24.144745599999997,NA
COPNAUP,ON12,Summer,NAU,OS,W,N,106.8,43.50398333333333,-79.35345,83.06058303271551,80986.5610823652,1661.2116606543102,NA
COPNAUP,ON17N,Spring,NAU,NS,W,N,35.1,43.886,-76.73413333333333,1.1742232893492124,2627.82947779574,12.916456182841337,NA
COPNAUP,ON17N,Summer,NAU,NS,W,N,10.7,43.225,-79.27176666666666,0.4781355092469943,535.82108802545,9.562710184939885,NA
COPNAUP,ON22N,Spring,NAU,NS,W,D,50,43.3176666667,-78.9992166667,5.399875882213325,9434.87364976068,70.19838646877324,NA
COPNAUP,ON25,Spring,NAU,OS,W,D,137,43.51623333333333,-79.08041666666666,6.50383512,1770.83996,130.0767024,NA
COPNAUP,ON25,Summer,NAU,OS,W,D,137,43.51623333333333,-79.08041666666666,36.33777282896821,43195.5889594118,726.7554565793642,NA
COPNAUP,ON29N,Summer,NAU,NS,W,D,30.5,43.818216666666665,-78.86856666666667,62.042470803296254,70823.154696153,1240.849416065925,NA
COPNAUP,ON33M,Spring,NAU,OS,W,D,140.9,43.597116666666665,-78.80105,2.3079335,782.362995,46.15867,NA
COPNAUP,ON33M,Summer,NAU,OS,W,D,140.9,43.597116666666665,-78.80105,43.53831415835932,45306.7806240147,870.7662831671863,NA
COPNAUP,ON3528N,Spring,NAU,NS,W,D,72.8,43.4247666666667,-76.78933333333333,3.9392879382340804,3232.37648446605,204.8429727881722,NA
COPNAUP,ON38N,Summer,NAU,NS,W,N,16.4,43.38325,-77.98985,1.2899825095525705,1374.32355630804,25.79965019105141,NA
COPNAUP,ON41,Spring,NAU,OS,W,N,132.2,43.7167,-78.02745,2.73515599,1964.2305,54.7031198,NA
COPNAUP,ON41,Summer,NAU,OS,W,N,132.2,43.7167,-78.02745,19.99366723140228,17285.1913951914,399.8733446280456,NA
COPNAUP,ON43N,Spring,NAU,NS,E,N,28.3,43.8457,-76.9972,0.12477767092129763,332.528154741677,1.7468873928981667,NA
COPNAUP,ON43N,Summer,NAU,NS,W,N,16,43.949866666666665,-78.05011666666667,21.081231751383157,34935.1676737228,421.62463502766315,NA
COPNAUP,ON49,Spring,NAU,OS,E,N,51.5,43.77256666666667,-77.4417,1.8629282,1489.77688,37.258564,NA
COPNAUP,ON49,Summer,NAU,OS,E,D,51.5,43.77256666666667,-77.4417,2.369990169158107,3134.12811011712,47.399803383162144,NA
COPNAUP,ON55M,Spring,NAU,OS,E,D,198,43.4401,-77.4398,1.6333634399999999,963.896134,32.6672688,NA
COPNAUP,ON55M,Summer,NAU,OS,E,D,198,43.4401,-77.4398,10.164451329907623,10813.9182581772,203.28902659815245,NA
COPNAUP,ON60,Spring,NAU,OS,E,D,150,43.580416666666665,-77.19986666666667,1.2582986200000001,610.936139,25.1659724,NA
COPNAUP,ON60,Summer,NAU,OS,E,D,150,43.580416666666665,-77.19986666666667,3.2034508027192032,3810.81486116513,64.06901605438406,NA
COPNAUP,ON61N,Spring,NAU,NS,E,N,51.9,43.7868,-77.1584,0.19157212799158,222.977640175503,9.578606399579,NA
COPNAUP,ON61N,Summer,NAU,NS,E,N,51.9,43.7868,-77.1584,38.791214533287935,24564.0402628773,775.8242906657588,NA
COPNAUP,ON62N,Spring,NAU,NS,E,N,16,43.949866666666665,-78.05011666666667,0.04915041689567547,66.2801881315613,1.3762116730789131,NA
COPNAUP,ON62N,Summer,NAU,NS,E,N,28.3,43.8457,-76.9972,9.794696116477828,6199.87524328623,195.89392232955655,NA
COPNAUP,ON63,Spring,NAU,OS,E,N,88,43.73155,-77.01718333333334,1.8757538,799.733319,37.515076,NA
COPNAUP,ON63,Summer,NAU,OS,E,N,88,43.73155,-77.01718333333334,34.95298016527058,22247.2356508936,699.0596033054115,NA
COPNAUP,ON65b,Summer,NAU,NS,E,N,23.1,43.30775,-76.95155,17.189342525899924,18614.8215025138,343.78685051799846,NA
COPNAUP,ON67b,Summer,NAU,NS,W,D,51.9,43.3742,-78.73016666666666,78.16764034587617,70329.8347910281,1563.3528069175234,NA
COPNAUP,ON67N,Spring,NAU,NS,E,D,74,43.4082833333,-76.7890833333,0.07704218075264042,89.9568242827922,5.469994833437471,NA
COPNAUP,ON67N,Summer,NAU,NS,E,N,72.8,43.42476666666666,-76.78933333333333,2.6277279485692873,2004.27001399339,52.55455897138574,NA
COPNAUP,ON68b,Spring,NAU,NS,W,D,50.3,43.54885,-79.417,0.04628749714102189,57.824618588141,2.2217998627690507,NA
COPNAUP,ON68b,Summer,NAU,NS,W,N,50,43.583666666666666,-79.41721666666666,35.22607818466975,51591.64760788,704.521563693395,NA
COPNAUP,ON69b,Summer,NAU,NS,W,D,13.3,43.31863333333333,-78.99975,1.7188415586451635,1470.55864404322,34.376831172903266,NA
COPNAUP,ON73N,Summer,NAU,NS,E,N,37.1,43.63238333333334,-76.28703333333333,14.41307179323584,9436.57481882536,288.2614358647168,NA
COPNAUP,ON84N,Spring,NAU,NS,W,D,10.7,43.225,-79.27176666666666,0.12243601731563576,131.872800665622,4.285260606047252,NA
COPNAUP,ON84N,Summer,NAU,NS,E,N,35.1,43.886,-76.73413333333333,13.05433902820398,13139.8740017744,261.0867805640796,NA
COUSP,ON12,Spring,ROT,OS,W,N,106.8,43.50398333333333,-79.35345,0,0,0,Colurella
COUSP,ON12,Summer,ROT,OS,W,N,106.8,43.50398333333333,-79.35345,0,0,0,Colurella
COUSP,ON17N,Spring,ROT,NS,W,N,35.1,43.886,-76.73413333333333,9.131218843929762e-5,1.46724147280611,0.001004434072832274,Colurella
COUSP,ON17N,Summer,ROT,NS,W,N,35.1,43.886,-76.73413333333333,0,0,0,Colurella
COUSP,ON22N,Spring,ROT,NS,W,D,50,43.3176666667,-78.9992166667,0.002151778761799639,16.7284993790083,0.027973123903395312,Colurella
COUSP,ON25,Spring,ROT,OS,W,D,137,43.51623333333333,-79.08041666666666,0,0,0,Colurella
COUSP,ON25,Summer,ROT,OS,W,D,137,43.51623333333333,-79.08041666666666,0,0,0,Colurella
COUSP,ON29N,Summer,ROT,NS,W,D,30.5,43.818216666666665,-78.86856666666667,0,0,0,Colurella
COUSP,ON33M,Spring,ROT,OS,W,D,140.9,43.597116666666665,-78.80105,0,0,0,Colurella
COUSP,ON33M,Summer,ROT,OS,W,D,140.9,43.597116666666665,-78.80105,0,0,0,Colurella
COUSP,ON3528N,Spring,ROT,NS,W,D,72.8,43.4247666666667,-76.78933333333333,0,0,0,Colurella
COUSP,ON38N,Summer,ROT,NS,W,N,16.4,43.38325,-77.98985,0,0,0,Colurella
COUSP,ON41,Spring,ROT,OS,W,N,132.2,43.7167,-78.02745,0,0,0,Colurella
COUSP,ON41,Summer,ROT,OS,W,N,132.2,43.7167,-78.02745,0,0,0,Colurella
COUSP,ON43N,Spring,ROT,NS,W,N,16,43.949866666666665,-78.05011666666667,0,0,0,Colurella
COUSP,ON43N,Summer,ROT,NS,W,N,16,43.949866666666665,-78.05011666666667,0,0,0,Colurella
COUSP,ON49,Spring,ROT,OS,E,D,51.5,43.77256666666667,-77.4417,0,0,0,Colurella
COUSP,ON49,Summer,ROT,OS,E,D,51.5,43.77256666666667,-77.4417,0,0,0,Colurella
COUSP,ON55M,Spring,ROT,OS,E,D,198,43.4401,-77.4398,0,0,0,Colurella
COUSP,ON55M,Summer,ROT,OS,E,D,198,43.4401,-77.4398,0,0,0,Colurella
COUSP,ON60,Spring,ROT,OS,E,D,150,43.580416666666665,-77.19986666666667,0,0,0,Colurella
COUSP,ON60,Summer,ROT,OS,E,D,150,43.580416666666665,-77.19986666666667,0,0,0,Colurella
COUSP,ON61N,Spring,ROT,NS,E,N,51.9,43.7868,-77.1584,0,0,0,Colurella
COUSP,ON61N,Summer,ROT,NS,E,N,51.9,43.7868,-77.1584,0,0,0,Colurella
COUSP,ON62N,Spring,ROT,NS,E,N,16,43.949866666666665,-78.05011666666667,2.5955095717132575e-4,0.28692722134875,0.007267426800797121,Colurella
COUSP,ON62N,Summer,ROT,NS,E,N,16,43.949866666666665,-78.05011666666667,0,0,0,Colurella
COUSP,ON63,Spring,ROT,OS,E,N,88,43.73155,-77.01718333333334,0,0,0,Colurella
COUSP,ON63,Summer,ROT,OS,E,N,88,43.73155,-77.01718333333334,0,0,0,Colurella
COUSP,ON65b,Summer,ROT,NS,E,N,23.1,43.30775,-76.95155,0,0,0,Colurella
COUSP,ON67b,Summer,ROT,NS,W,D,51.9,43.3742,-78.73016666666666,0,0,0,Colurella
COUSP,ON67N,Spring,ROT,NS,E,N,72.8,43.42476666666666,-76.78933333333333,0,0,0,Colurella
COUSP,ON67N,Summer,ROT,NS,E,N,72.8,43.42476666666666,-76.78933333333333,0,0,0,Colurella
COUSP,ON68b,Spring,ROT,NS,W,N,50,43.583666666666666,-79.41721666666666,0,0,0,Colurella
COUSP,ON68b,Summer,ROT,NS,W,N,50,43.583666666666666,-79.41721666666666,0,0,0,Colurella
COUSP,ON69b,Summer,ROT,NS,W,D,13.3,43.31863333333333,-78.99975,0,0,0,Colurella
COUSP,ON73N,Summer,ROT,NS,E,N,37.1,43.63238333333334,-76.28703333333333,0,0,0,Colurella
COUSP,ON84N,Spring,ROT,NS,W,D,10.7,43.225,-79.27176666666666,1.0503921821280765e-4,0.218694528467035,0.0036763726374482676,Colurella
COUSP,ON84N,Summer,ROT,NS,W,D,10.7,43.225,-79.27176666666666,0,0,0,Colurella
CYCCOPE,ON12,Spring,CYC,OS,W,D,106.8,43.50398333333333,-79.35345,19.885939285883172,900.951475035076,397.7187857176635,NA
CYCCOPE,ON12,Summer,CYC,OS,W,N,106.8,43.50398333333333,-79.35345,82.76970657932303,15748.3462062083,1655.3941315864606,NA
CYCCOPE,ON17N,Spring,CYC,NS,W,N,35.1,43.886,-76.73413333333333,4.204648036530798,225.368290223018,46.25112840183877,NA
CYCCOPE,ON17N,Summer,CYC,NS,W,N,10.7,43.225,-79.27176666666666,1.2078388552853958,181.442061553592,24.156777105707917,NA
CYCCOPE,ON22N,Spring,CYC,NS,W,D,50,43.3176666667,-78.9992166667,1.1260552490884215,209.775382212764,14.63871823814948,NA
CYCCOPE,ON25,Spring,CYC,OS,W,D,137,43.51623333333333,-79.08041666666666,6.15341296103959,406.688148520402,123.06825922079179,NA
CYCCOPE,ON25,Summer,CYC,OS,W,D,137,43.51623333333333,-79.08041666666666,32.31363900675442,10144.7834345404,646.2727801350885,NA
CYCCOPE,ON29N,Summer,CYC,NS,W,D,30.5,43.818216666666665,-78.86856666666667,140.9134315858842,19211.7982853932,2818.2686317176845,NA
CYCCOPE,ON33M,Spring,CYC,OS,W,D,140.9,43.597116666666665,-78.80105,8.582838651862602,641.938868102288,171.65677303725204,NA
CYCCOPE,ON33M,Summer,CYC,OS,W,D,140.9,43.597116666666665,-78.80105,146.03123455860867,15149.0164315591,2920.6246911721737,NA
CYCCOPE,ON3528N,Spring,CYC,NS,W,D,72.8,43.4247666666667,-76.78933333333333,0.9452330130325787,124.466840193128,49.152116677694096,NA
CYCCOPE,ON38N,Summer,CYC,NS,W,N,16.4,43.38325,-77.98985,1.1373553518580952,148.978163285424,22.747107037161904,NA
CYCCOPE,ON41,Spring,CYC,OS,W,N,132.2,43.7167,-78.02745,8.370848288238196,512.806097729681,167.41696576476392,NA
CYCCOPE,ON41,Summer,CYC,OS,W,N,132.2,43.7167,-78.02745,43.581902970806794,5166.56270273852,871.638059416136,NA
CYCCOPE,ON43N,Spring,CYC,NS,E,N,28.3,43.8457,-76.9972,7.433773269053834,486.75153621663,104.07282576675367,NA
CYCCOPE,ON43N,Summer,CYC,NS,W,N,16,43.949866666666665,-78.05011666666667,23.000855024743473,4144.30163321272,460.01710049486945,NA
CYCCOPE,ON49,Spring,CYC,OS,E,N,51.5,43.77256666666667,-77.4417,0.8098567202124627,48.3091750230039,16.197134404249255,NA
CYCCOPE,ON49,Summer,CYC,OS,E,D,51.5,43.77256666666667,-77.4417,3.0796856334413216,572.07614701603,61.59371266882644,NA
CYCCOPE,ON55M,Spring,CYC,OS,E,D,198,43.4401,-77.4398,34.6760842187776,2533.35741776214,693.521684375552,NA
CYCCOPE,ON55M,Summer,CYC,OS,E,D,198,43.4401,-77.4398,1.7279080328229088,501.87872989365,34.55816065645818,NA
CYCCOPE,ON60,Spring,CYC,OS,E,D,150,43.580416666666665,-77.19986666666667,20.310957115951247,710.023293507077,406.2191423190249,NA
CYCCOPE,ON60,Summer,CYC,OS,E,D,150,43.580416666666665,-77.19986666666667,0.4811960652339367,28.4920737283374,9.623921304678733,NA
CYCCOPE,ON61N,Spring,CYC,NS,E,N,51.9,43.7868,-77.1584,1.2404462373111964,63.9495811732474,62.02231186555982,NA
CYCCOPE,ON61N,Summer,CYC,NS,E,N,51.9,43.7868,-77.1584,0.41709204766749086,36.8829433376536,8.341840953349818,NA
CYCCOPE,ON62N,Spring,CYC,NS,E,N,16,43.949866666666665,-78.05011666666667,1.8166729485315047,108.171562448479,50.866842558882134,NA
CYCCOPE,ON62N,Summer,CYC,NS,E,N,28.3,43.8457,-76.9972,23.59759464736586,3829.33470908855,471.95189294731716,NA
CYCCOPE,ON63,Spring,CYC,OS,E,N,88,43.73155,-77.01718333333334,6.879050521364417,271.665135106795,137.58101042728833,NA
CYCCOPE,ON63,Summer,CYC,OS,E,N,88,43.73155,-77.01718333333334,17.521438765074002,3309.76418104523,350.4287753014801,NA
CYCCOPE,ON65b,Summer,CYC,NS,E,N,23.1,43.30775,-76.95155,24.031476232147202,5135.12317310725,480.62952464294403,NA
CYCCOPE,ON67b,Summer,CYC,NS,W,D,51.9,43.3742,-78.73016666666666,5.255982013915843,3099.93762164311,105.11964027831688,NA
CYCCOPE,ON67N,Spring,CYC,NS,E,D,74,43.4082833333,-76.7890833333,20.939450749060825,1190.58441073498,1486.7010031833186,NA
CYCCOPE,ON67N,Summer,CYC,NS,E,N,72.8,43.42476666666666,-76.78933333333333,27.574282441596093,3458.34825943958,551.4856488319218,NA
CYCCOPE,ON68b,Spring,CYC,NS,W,D,50.3,43.54885,-79.417,4.964975225270165,362.928777003627,238.31881081296794,NA
CYCCOPE,ON68b,Summer,CYC,NS,W,N,50,43.583666666666666,-79.41721666666666,69.43916026929543,7773.8373793527,1388.7832053859083,NA
CYCCOPE,ON69b,Summer,CYC,NS,W,D,13.3,43.31863333333333,-78.99975,0.4842228933443369,36.7639661010806,9.684457866886737,NA
CYCCOPE,ON73N,Summer,CYC,NS,E,N,37.1,43.63238333333334,-76.28703333333333,5.834517259462327,1322.03222099486,116.69034518924654,NA
CYCCOPE,ON84N,Spring,CYC,NS,W,D,10.7,43.225,-79.27176666666666,5.577651682611905,291.957195503492,195.21780889141667,NA
CYCCOPE,ON84N,Summer,CYC,NS,E,N,35.1,43.886,-76.73413333333333,31.873134945234845,5041.42104557876,637.4626989046969,NA
DAPAMBI,ON12,Spring,DAP,OS,W,N,106.8,43.50398333333333,-79.35345,0,0,0,NA
DAPAMBI,ON12,Summer,DAP,OS,W,N,106.8,43.50398333333333,-79.35345,8.800066848238995,92.0955918491715,176.0013369647799,NA
DAPAMBI,ON17N,Spring,DAP,NS,W,N,10.7,43.225,-79.27176666666666,0,0,0,NA
DAPAMBI,ON17N,Summer,DAP,NS,W,N,10.7,43.225,-79.27176666666666,0,0,0,NA
DAPAMBI,ON22N,Spring,DAP,NS,W,D,50,43.3176666667,-78.9992166667,0,0,0,NA
DAPAMBI,ON25,Spring,DAP,OS,W,D,137,43.51623333333333,-79.08041666666666,0,0,0,NA
DAPAMBI,ON25,Summer,DAP,OS,W,D,137,43.51623333333333,-79.08041666666666,0,0,0,NA
DAPAMBI,ON29N,Summer,DAP,NS,W,D,30.5,43.818216666666665,-78.86856666666667,0,0,0,NA
DAPAMBI,ON33M,Spring,DAP,OS,W,D,140.9,43.597116666666665,-78.80105,0,0,0,NA
DAPAMBI,ON33M,Summer,DAP,OS,W,D,140.9,43.597116666666665,-78.80105,0,0,0,NA
DAPAMBI,ON3528N,Spring,DAP,NS,W,D,72.8,43.4247666666667,-76.78933333333333,0,0,0,NA
DAPAMBI,ON38N,Summer,DAP,NS,W,N,16.4,43.38325,-77.98985,0,0,0,NA
DAPAMBI,ON41,Spring,DAP,OS,W,N,132.2,43.7167,-78.02745,0,0,0,NA
DAPAMBI,ON41,Summer,DAP,OS,W,N,132.2,43.7167,-78.02745,0,0,0,NA
DAPAMBI,ON43N,Spring,DAP,NS,W,N,16,43.949866666666665,-78.05011666666667,0,0,0,NA
DAPAMBI,ON43N,Summer,DAP,NS,W,N,16,43.949866666666665,-78.05011666666667,0,0,0,NA
DAPAMBI,ON49,Spring,DAP,OS,E,D,51.5,43.77256666666667,-77.4417,0,0,0,NA
DAPAMBI,ON49,Summer,DAP,OS,E,D,51.5,43.77256666666667,-77.4417,0.9797767688272125,35.7547591885019,19.59553537654425,NA
DAPAMBI,ON55M,Spring,DAP,OS,E,D,198,43.4401,-77.4398,0,0,0,NA
DAPAMBI,ON55M,Summer,DAP,OS,E,D,198,43.4401,-77.4398,0,0,0,NA
DAPAMBI,ON60,Spring,DAP,OS,E,D,150,43.580416666666665,-77.19986666666667,0,0,0,NA
DAPAMBI,ON60,Summer,DAP,OS,E,D,150,43.580416666666665,-77.19986666666667,0,0,0,NA
DAPAMBI,ON61N,Spring,DAP,NS,E,N,51.9,43.7868,-77.1584,0,0,0,NA
DAPAMBI,ON61N,Summer,DAP,NS,E,N,51.9,43.7868,-77.1584,0,0,0,NA
DAPAMBI,ON62N,Spring,DAP,NS,E,N,28.3,43.8457,-76.9972,0,0,0,NA
DAPAMBI,ON62N,Summer,DAP,NS,E,N,28.3,43.8457,-76.9972,0,0,0,NA
DAPAMBI,ON63,Spring,DAP,OS,E,N,88,43.73155,-77.01718333333334,0,0,0,NA
DAPAMBI,ON63,Summer,DAP,OS,E,N,88,43.73155,-77.01718333333334,0,0,0,NA
DAPAMBI,ON65b,Summer,DAP,NS,E,N,23.1,43.30775,-76.95155,0,0,0,NA
DAPAMBI,ON67b,Summer,DAP,NS,W,D,51.9,43.3742,-78.73016666666666,0,0,0,NA
DAPAMBI,ON67N,Spring,DAP,NS,E,N,72.8,43.42476666666666,-76.78933333333333,0,0,0,NA
DAPAMBI,ON67N,Summer,DAP,NS,E,N,72.8,43.42476666666666,-76.78933333333333,0,0,0,NA
DAPAMBI,ON68b,Spring,DAP,NS,W,N,50,43.583666666666666,-79.41721666666666,0,0,0,NA
DAPAMBI,ON68b,Summer,DAP,NS,W,N,50,43.583666666666666,-79.41721666666666,0,0,0,NA
DAPAMBI,ON69b,Summer,DAP,NS,W,D,13.3,43.31863333333333,-78.99975,0,0,0,NA
DAPAMBI,ON73N,Summer,DAP,NS,E,N,37.1,43.63238333333334,-76.28703333333333,0,0,0,NA
DAPAMBI,ON84N,Spring,DAP,NS,E,N,35.1,43.886,-76.73413333333333,0,0,0,NA
DAPAMBI,ON84N,Summer,DAP,NS,E,N,35.1,43.886,-76.73413333333333,0,0,0,NA
DAPGALEM,ON12,Spring,DAP,OS,W,N,106.8,43.50398333333333,-79.35345,0,0,0,NA
DAPGALEM,ON12,Summer,DAP,OS,W,N,106.8,43.50398333333333,-79.35345,178.31989515083052,2578.6765717768,3566.3979030166106,NA
DAPGALEM,ON17N,Spring,DAP,NS,W,N,35.1,43.886,-76.73413333333333,2.102730495426598,50.0818422717819,23.130035449692578,NA
DAPGALEM,ON17N,Summer,DAP,NS,W,N,10.7,43.225,-79.27176666666666,8.596433440869514,340.203865412984,171.9286688173903,NA
DAPGALEM,ON22N,Spring,DAP,NS,W,D,50,43.3176666667,-78.9992166667,0,0,0,NA
DAPGALEM,ON25,Spring,DAP,OS,W,D,137,43.51623333333333,-79.08041666666666,0,0,0,NA
DAPGALEM,ON25,Summer,DAP,OS,W,D,137,43.51623333333333,-79.08041666666666,14.697920892287295,428.049933946853,293.9584178457459,NA
DAPGALEM,ON29N,Summer,DAP,NS,W,D,30.5,43.818216666666665,-78.86856666666667,74.8355037496866,3256.23699752428,1496.710074993732,NA
DAPGALEM,ON33M,Spring,DAP,OS,W,D,140.9,43.597116666666665,-78.80105,0,0,0,NA
DAPGALEM,ON33M,Summer,DAP,OS,W,D,140.9,43.597116666666665,-78.80105,58.53700493341782,1028.63691819228,1170.7400986683563,NA
DAPGALEM,ON3528N,Spring,DAP,NS,W,D,72.8,43.4247666666667,-76.78933333333333,0.05151635408473564,5.92699239014897,2.6788504124062538,NA
DAPGALEM,ON38N,Summer,DAP,NS,W,N,16.4,43.38325,-77.98985,13.809828153452646,476.730122513358,276.1965630690529,NA
DAPGALEM,ON41,Spring,DAP,OS,W,N,132.2,43.7167,-78.02745,0,0,0,NA
DAPGALEM,ON41,Summer,DAP,OS,W,N,132.2,43.7167,-78.02745,121.16226390915753,1823.4927186136,2423.2452781831507,NA
DAPGALEM,ON43N,Spring,DAP,NS,W,N,16,43.949866666666665,-78.05011666666667,0,0,0,NA
DAPGALEM,ON43N,Summer,DAP,NS,W,N,16,43.949866666666665,-78.05011666666667,99.7923920017605,2901.0111432489,1995.8478400352103,NA
DAPGALEM,ON49,Spring,DAP,OS,E,N,51.5,43.77256666666667,-77.4417,0.013967717684988445,1.95188585951531,0.2793543536997689,NA
DAPGALEM,ON49,Summer,DAP,OS,E,D,51.5,43.77256666666667,-77.4417,83.85248146340402,3003.39977183416,1677.0496292680805,NA
DAPGALEM,ON55M,Spring,DAP,OS,E,D,198,43.4401,-77.4398,0,0,0,NA
DAPGALEM,ON55M,Summer,DAP,OS,E,D,198,43.4401,-77.4398,3.6024781924921507,160.32237204936,72.04956384984301,NA
DAPGALEM,ON60,Spring,DAP,OS,E,D,150,43.580416666666665,-77.19986666666667,0.013129641883780012,1.62105774773305,0.26259283767560027,NA
DAPGALEM,ON60,Summer,DAP,OS,E,D,150,43.580416666666665,-77.19986666666667,1.8136945750440776,75.9788632755665,36.273891500881554,NA
DAPGALEM,ON61N,Spring,DAP,NS,E,N,51.9,43.7868,-77.1584,0.02615881756653621,2.66456588221864,1.3079408783268105,NA
DAPGALEM,ON61N,Summer,DAP,NS,E,N,51.9,43.7868,-77.1584,1.799366106523204,81.142475342838,35.98732213046408,NA
DAPGALEM,ON62N,Spring,DAP,NS,E,N,28.3,43.8457,-76.9972,0,0,0,NA
DAPGALEM,ON62N,Summer,DAP,NS,E,N,28.3,43.8457,-76.9972,78.67506188351278,1853.88426392382,1573.5012376702557,NA
DAPGALEM,ON63,Spring,DAP,OS,E,N,88,43.73155,-77.01718333333334,0,0,0,NA
DAPGALEM,ON63,Summer,DAP,OS,E,N,88,43.73155,-77.01718333333334,27.985582625294292,978.357965466198,559.7116525058859,NA
DAPGALEM,ON65b,Summer,DAP,NS,E,N,23.1,43.30775,-76.95155,23.896712847373827,803.454646132427,477.9342569474765,NA
DAPGALEM,ON67b,Summer,DAP,NS,W,D,51.9,43.3742,-78.73016666666666,0,0,0,NA
DAPGALEM,ON67N,Spring,DAP,NS,E,N,72.8,43.42476666666666,-76.78933333333333,0,0,0,NA
DAPGALEM,ON67N,Summer,DAP,NS,E,N,72.8,43.42476666666666,-76.78933333333333,20.78987388775207,751.055430080312,415.7974777550414,NA
DAPGALEM,ON68b,Spring,DAP,NS,W,N,50,43.583666666666666,-79.41721666666666,0,0,0,NA
DAPGALEM,ON68b,Summer,DAP,NS,W,N,50,43.583666666666666,-79.41721666666666,204.9659513655454,3359.0655342882,4099.319027310908,NA
DAPGALEM,ON69b,Summer,DAP,NS,W,D,13.3,43.31863333333333,-78.99975,7.275937184066122,324.748367226212,145.51874368132246,NA
DAPGALEM,ON73N,Summer,DAP,NS,E,N,37.1,43.63238333333334,-76.28703333333333,9.95371768382537,182.34927186136,199.07435367650743,NA
DAPGALEM,ON84N,Spring,DAP,NS,E,N,35.1,43.886,-76.73413333333333,0,0,0,NA
DAPGALEM,ON84N,Summer,DAP,NS,E,N,35.1,43.886,-76.73413333333333,18.137970093338094,679.340424581536,362.7594018667619,NA
DAPRETR,ON12,Spring,DAP,OS,W,N,106.8,43.50398333333333,-79.35345,0,0,0,NA
DAPRETR,ON12,Summer,DAP,OS,W,N,106.8,43.50398333333333,-79.35345,66.68006478093885,2670.77216362597,1333.6012956187772,NA
DAPRETR,ON17N,Spring,DAP,NS,W,N,10.7,43.225,-79.27176666666666,0,0,0,NA
DAPRETR,ON17N,Summer,DAP,NS,W,N,10.7,43.225,-79.27176666666666,0,0,0,NA
DAPRETR,ON22N,Spring,DAP,NS,W,D,50,43.3176666667,-78.9992166667,0,0,0,NA
DAPRETR,ON25,Spring,DAP,OS,W,D,137,43.51623333333333,-79.08041666666666,0,0,0,NA
DAPRETR,ON25,Summer,DAP,OS,W,D,137,43.51623333333333,-79.08041666666666,46.37016362761626,2568.29960368112,927.4032725523252,NA
DAPRETR,ON29N,Summer,DAP,NS,W,D,30.5,43.818216666666665,-78.86856666666667,82.1086609741533,3256.23699752428,1642.173219483066,NA
DAPRETR,ON33M,Spring,DAP,OS,W,D,140.9,43.597116666666665,-78.80105,0,0,0,NA
DAPRETR,ON33M,Summer,DAP,OS,W,D,140.9,43.597116666666665,-78.80105,142.74518421113055,3834.01033144397,2854.9036842226114,NA
DAPRETR,ON3528N,Spring,DAP,NS,W,D,72.8,43.4247666666667,-76.78933333333333,0,0,0,NA
DAPRETR,ON38N,Summer,DAP,NS,W,N,16.4,43.38325,-77.98985,0,0,0,NA
DAPRETR,ON41,Spring,DAP,OS,W,N,132.2,43.7167,-78.02745,0,0,0,NA
DAPRETR,ON41,Summer,DAP,OS,W,N,132.2,43.7167,-78.02745,10.995045880256223,506.525755170443,219.90091760512445,NA
DAPRETR,ON43N,Spring,DAP,NS,W,N,16,43.949866666666665,-78.05011666666667,0,0,0,NA
DAPRETR,ON43N,Summer,DAP,NS,W,N,16,43.949866666666665,-78.05011666666667,0,0,0,NA
DAPRETR,ON49,Spring,DAP,OS,E,D,51.5,43.77256666666667,-77.4417,0,0,0,NA
DAPRETR,ON49,Summer,DAP,OS,E,D,51.5,43.77256666666667,-77.4417,59.9119707734541,2681.60693913764,1198.239415469082,NA
DAPRETR,ON55M,Spring,DAP,OS,E,D,198,43.4401,-77.4398,0,0,0,NA
DAPRETR,ON55M,Summer,DAP,OS,E,D,198,43.4401,-77.4398,11.62449474680384,648.260026112632,232.4898949360768,NA
DAPRETR,ON60,Spring,DAP,OS,E,D,150,43.580416666666665,-77.19986666666667,0,0,0,NA
DAPRETR,ON60,Summer,DAP,OS,E,D,150,43.580416666666665,-77.19986666666667,47.57051465481553,2820.71529910541,951.4102930963106,NA
DAPRETR,ON61N,Spring,DAP,NS,E,N,51.9,43.7868,-77.1584,0,0,0,NA
DAPRETR,ON61N,Summer,DAP,NS,E,N,51.9,43.7868,-77.1584,0,0,0,NA
DAPRETR,ON62N,Spring,DAP,NS,E,N,28.3,43.8457,-76.9972,0,0,0,NA
DAPRETR,ON62N,Summer,DAP,NS,E,N,28.3,43.8457,-76.9972,0,0,0,NA
DAPRETR,ON63,Spring,DAP,OS,E,N,88,43.73155,-77.01718333333334,0,0,0,NA
DAPRETR,ON63,Summer,DAP,OS,E,N,88,43.73155,-77.01718333333334,1.8160353239878817,41.6322538496255,36.32070647975763,NA
DAPRETR,ON65b,Summer,DAP,NS,E,N,23.1,43.30775,-76.95155,0,0,0,NA
DAPRETR,ON67b,Summer,DAP,NS,W,D,51.9,43.3742,-78.73016666666666,123.26591580403297,6017.52597142487,2465.3183160806598,NA
DAPRETR,ON67N,Spring,DAP,NS,E,N,72.8,43.42476666666666,-76.78933333333333,0,0,0,NA
DAPRETR,ON67N,Summer,DAP,NS,E,N,72.8,43.42476666666666,-76.78933333333333,3.6198849298720925,104.79843210423,72.39769859744185,NA
DAPRETR,ON68b,Spring,DAP,NS,W,N,50,43.583666666666666,-79.41721666666666,0,0,0,NA
DAPRETR,ON68b,Summer,DAP,NS,W,N,50,43.583666666666666,-79.41721666666666,0,0,0,NA
DAPRETR,ON69b,Summer,DAP,NS,W,D,13.3,43.31863333333333,-78.99975,1.243699334009735,42.891293784594,24.873986680194704,NA
DAPRETR,ON73N,Summer,DAP,NS,E,N,37.1,43.63238333333334,-76.28703333333333,0,0,0,NA
DAPRETR,ON84N,Spring,DAP,NS,E,N,35.1,43.886,-76.73413333333333,0,0,0,NA
DAPRETR,ON84N,Summer,DAP,NS,E,N,35.1,43.886,-76.73413333333333,0,0,0,NA
DAPSP,ON12,Spring,DAP,OS,W,D,106.8,43.50398333333333,-79.35345,0.18386946438015922,15.3027851386,3.6773892876031846,NA
DAPSP,ON12,Summer,DAP,OS,W,D,106.8,43.50398333333333,-79.35345,0,0,0,NA
DAPSP,ON17N,Spring,DAP,NS,W,N,10.7,43.225,-79.27176666666666,0,0,0,NA
DAPSP,ON17N,Summer,DAP,NS,W,N,10.7,43.225,-79.27176666666666,0,0,0,NA
DAPSP,ON22N,Spring,DAP,NS,W,D,50,43.3176666667,-78.9992166667,0,0,0,NA
DAPSP,ON25,Spring,DAP,OS,W,D,137,43.51623333333333,-79.08041666666666,0.007104743033954443,0.831673105358696,0.14209486067908886,NA
DAPSP,ON25,Summer,DAP,OS,W,D,137,43.51623333333333,-79.08041666666666,0,0,0,NA
DAPSP,ON29N,Summer,DAP,NS,W,D,30.5,43.818216666666665,-78.86856666666667,0,0,0,NA
DAPSP,ON33M,Spring,DAP,OS,W,D,140.9,43.597116666666665,-78.80105,0.0535974572248665,6.48423099093221,1.0719491444973301,NA
DAPSP,ON33M,Summer,DAP,OS,W,D,140.9,43.597116666666665,-78.80105,0,0,0,NA
DAPSP,ON3528N,Spring,DAP,NS,W,D,72.8,43.4247666666667,-76.78933333333333,0,0,0,NA
DAPSP,ON38N,Summer,DAP,NS,W,N,16.4,43.38325,-77.98985,0,0,0,NA
DAPSP,ON41,Spring,DAP,OS,W,N,132.2,43.7167,-78.02745,0.025339071218400396,3.05241724839096,0.5067814243680079,NA
DAPSP,ON41,Summer,DAP,OS,W,N,132.2,43.7167,-78.02745,0,0,0,NA
DAPSP,ON43N,Spring,DAP,NS,W,N,16,43.949866666666665,-78.05011666666667,0,0,0,NA
DAPSP,ON43N,Summer,DAP,NS,W,N,16,43.949866666666665,-78.05011666666667,0,0,0,NA
DAPSP,ON49,Spring,DAP,OS,E,D,51.5,43.77256666666667,-77.4417,0,0,0,NA
DAPSP,ON49,Summer,DAP,OS,E,D,51.5,43.77256666666667,-77.4417,0,0,0,NA
DAPSP,ON55M,Spring,DAP,OS,E,D,198,43.4401,-77.4398,0,0,0,NA
DAPSP,ON55M,Summer,DAP,OS,E,D,198,43.4401,-77.4398,0,0,0,NA
DAPSP,ON60,Spring,DAP,OS,E,D,150,43.580416666666665,-77.19986666666667,0,0,0,NA
DAPSP,ON60,Summer,DAP,OS,E,D,150,43.580416666666665,-77.19986666666667,0,0,0,NA
DAPSP,ON61N,Spring,DAP,NS,E,N,51.9,43.7868,-77.1584,0,0,0,NA
DAPSP,ON61N,Summer,DAP,NS,E,N,51.9,43.7868,-77.1584,0,0,0,NA
DAPSP,ON62N,Spring,DAP,NS,E,N,28.3,43.8457,-76.9972,0,0,0,NA
DAPSP,ON62N,Summer,DAP,NS,E,N,28.3,43.8457,-76.9972,0,0,0,NA
DAPSP,ON63,Spring,DAP,OS,E,N,88,43.73155,-77.01718333333334,0.04048673358418637,4.06988966452128,0.8097346716837274,NA
DAPSP,ON63,Summer,DAP,OS,E,N,88,43.73155,-77.01718333333334,0,0,0,NA
DAPSP,ON65b,Summer,DAP,NS,E,N,23.1,43.30775,-76.95155,0,0,0,NA
DAPSP,ON67b,Summer,DAP,NS,W,D,51.9,43.3742,-78.73016666666666,0,0,0,NA
DAPSP,ON67N,Spring,DAP,NS,E,N,72.8,43.42476666666666,-76.78933333333333,0,0,0,NA
DAPSP,ON67N,Summer,DAP,NS,E,N,72.8,43.42476666666666,-76.78933333333333,0,0,0,NA
DAPSP,ON68b,Spring,DAP,NS,W,N,50,43.583666666666666,-79.41721666666666,0,0,0,NA
DAPSP,ON68b,Summer,DAP,NS,W,N,50,43.583666666666666,-79.41721666666666,0,0,0,NA
DAPSP,ON69b,Summer,DAP,NS,W,D,13.3,43.31863333333333,-78.99975,0,0,0,NA
DAPSP,ON73N,Summer,DAP,NS,E,N,37.1,43.63238333333334,-76.28703333333333,0,0,0,NA
DAPSP,ON84N,Spring,DAP,NS,E,N,35.1,43.886,-76.73413333333333,0,0,0,NA
DAPSP,ON84N,Summer,DAP,NS,E,N,35.1,43.886,-76.73413333333333,0,0,0,NA
DIACOPE,ON12,Spring,CAL,OS,W,D,106.8,43.50398333333333,-79.35345,5.0015205138365095,235.280321505975,100.0304102767302,NA
DIACOPE,ON12,Summer,CAL,OS,W,N,106.8,43.50398333333333,-79.35345,40.6655753483939,1105.14710219006,813.3115069678779,NA
DIACOPE,ON17N,Spring,CAL,NS,W,N,35.1,43.886,-76.73413333333333,1.2792093877334807,68.8625331237,14.071303265068288,NA
DIACOPE,ON17N,Summer,CAL,NS,W,N,10.7,43.225,-79.27176666666666,1.3651400017823374,45.3605153883979,27.30280003564675,NA
DIACOPE,ON22N,Spring,CAL,NS,W,D,50,43.3176666667,-78.9992166667,0.010071904834081108,1.90704892920695,0.1309347628430544,NA
DIACOPE,ON25,Spring,CAL,OS,W,D,137,43.51623333333333,-79.08041666666666,1.2186637514815584,127.245985119881,24.373275029631166,NA
DIACOPE,ON25,Summer,CAL,OS,W,D,137,43.51623333333333,-79.08041666666666,11.045217851521256,513.659920736224,220.90435703042513,NA
DIACOPE,ON29N,Summer,CAL,NS,W,D,30.5,43.818216666666665,-78.86856666666667,41.98609915423147,2008.01281513997,839.7219830846294,NA
DIACOPE,ON33M,Spring,CAL,OS,W,D,140.9,43.597116666666665,-78.80105,3.137540643817081,248.021835403157,62.75081287634161,NA
DIACOPE,ON33M,Summer,CAL,OS,W,D,140.9,43.597116666666665,-78.80105,79.1084473924217,1496.19915373423,1582.1689478484338,NA
DIACOPE,ON3528N,Spring,CAL,NS,W,D,72.8,43.4247666666667,-76.78933333333333,0.5338884200991388,45.4402749911421,27.76219784515522,NA
DIACOPE,ON38N,Summer,CAL,NS,W,N,16.4,43.38325,-77.98985,1.4122108572596093,119.18253062834,28.244217145192188,NA
DIACOPE,ON41,Spring,CAL,OS,W,N,132.2,43.7167,-78.02745,0.6194403948382697,28.489227651649,12.388807896765393,NA
DIACOPE,ON41,Summer,CAL,OS,W,N,132.2,43.7167,-78.02745,48.16172156991905,1519.57726551133,963.2344313983812,NA
DIACOPE,ON43N,Spring,CAL,NS,E,N,28.3,43.8457,-76.9972,0.2284646942638232,12.8092509530692,3.1985057196935247,NA
DIACOPE,ON43N,Summer,CAL,NS,W,N,16,43.949866666666665,-78.05011666666667,65.74901782747258,2382.97343909731,1314.980356549452,NA
DIACOPE,ON49,Spring,CAL,OS,E,N,51.5,43.77256666666667,-77.4417,0.04587412286072472,0.975942929757654,0.9174824572144944,NA
DIACOPE,ON49,Summer,CAL,OS,E,D,51.5,43.77256666666667,-77.4417,5.938088899769583,214.528555131011,118.76177799539165,NA
DIACOPE,ON55M,Spring,CAL,OS,E,D,198,43.4401,-77.4398,3.2158591835745107,242.605130246098,64.31718367149023,NA
DIACOPE,ON55M,Summer,CAL,OS,E,D,198,43.4401,-77.4398,25.130585532854756,1547.45941717209,502.6117106570951,NA
DIACOPE,ON60,Spring,CAL,OS,E,D,150,43.580416666666665,-77.19986666666667,1.4942838050066798,106.989811350381,29.885676100133598,NA
DIACOPE,ON60,Summer,CAL,OS,E,D,150,43.580416666666665,-77.19986666666667,23.709168621382076,997.22258049181,474.1833724276416,NA
DIACOPE,ON61N,Spring,CAL,NS,E,N,51.9,43.7868,-77.1584,0,0,0,NA
DIACOPE,ON61N,Summer,CAL,NS,E,N,51.9,43.7868,-77.1584,21.967616421979766,1217.13713014257,439.3523284395953,NA
DIACOPE,ON62N,Spring,CAL,NS,E,N,28.3,43.8457,-76.9972,0,0,0,NA
DIACOPE,ON62N,Summer,CAL,NS,E,N,28.3,43.8457,-76.9972,56.541921306477064,4741.08106839535,1130.8384261295412,NA
DIACOPE,ON63,Spring,CAL,OS,E,N,88,43.73155,-77.01718333333334,0.601029115273963,27.4717552355186,12.02058230547926,NA
DIACOPE,ON63,Summer,CAL,OS,E,N,88,43.73155,-77.01718333333334,49.28046557665735,3497.10932336854,985.6093115331471,NA
DIACOPE,ON65b,Summer,CAL,NS,E,N,23.1,43.30775,-76.95155,20.011877252970624,908.253078236657,400.2375450594125,NA
DIACOPE,ON67b,Summer,CAL,NS,W,D,51.9,43.3742,-78.73016666666666,3.987679881724797,364.698543722719,79.75359763449595,NA
DIACOPE,ON67N,Spring,CAL,NS,E,D,74,43.4082833333,-76.7890833333,1.9976562199656849,150.706887434808,141.83359161756363,NA
DIACOPE,ON67N,Summer,CAL,NS,E,N,72.8,43.42476666666666,-76.78933333333333,15.524487992341715,873.320267535247,310.48975984683426,NA
DIACOPE,ON68b,Spring,CAL,NS,W,D,50.3,43.54885,-79.417,0.47734326938000904,43.5514532404353,22.912476930240437,NA
DIACOPE,ON68b,Summer,CAL,NS,W,N,50,43.583666666666666,-79.41721666666666,14.377172024896606,287.919902938989,287.5434404979321,NA
DIACOPE,ON69b,Summer,CAL,NS,W,D,13.3,43.31863333333333,-78.99975,0.9101681096434775,42.891293784594,18.20336219286955,NA
DIACOPE,ON73N,Summer,CAL,NS,E,N,37.1,43.63238333333334,-76.28703333333333,40.1408948889432,2963.17566774709,802.8178977788641,NA
DIACOPE,ON84N,Spring,CAL,NS,E,N,35.1,43.886,-76.73413333333333,0,0,0,NA
DIACOPE,ON84N,Summer,CAL,NS,E,N,35.1,43.886,-76.73413333333333,52.03728975126786,4290.57110262023,1040.7457950253572,NA
DIPBIRG,ON12,Spring,NDAP,OS,W,N,106.8,43.50398333333333,-79.35345,0,0,0,NA
DIPBIRG,ON12,Summer,NDAP,OS,W,N,106.8,43.50398333333333,-79.35345,0,0,0,NA
DIPBIRG,ON17N,Spring,NDAP,NS,W,N,10.7,43.225,-79.27176666666666,0,0,0,NA
DIPBIRG,ON17N,Summer,NDAP,NS,W,N,10.7,43.225,-79.27176666666666,0.026729640452108894,5.67006442354974,0.5345928090421779,NA
DIPBIRG,ON22N,Spring,NDAP,NS,W,D,50,43.3176666667,-78.9992166667,0,0,0,NA
DIPBIRG,ON25,Spring,NDAP,OS,W,D,137,43.51623333333333,-79.08041666666666,0,0,0,NA
DIPBIRG,ON25,Summer,NDAP,OS,W,D,137,43.51623333333333,-79.08041666666666,0,0,0,NA
DIPBIRG,ON29N,Summer,NDAP,NS,W,D,30.5,43.818216666666665,-78.86856666666667,0,0,0,NA
DIPBIRG,ON33M,Spring,NDAP,OS,W,D,140.9,43.597116666666665,-78.80105,0,0,0,NA
DIPBIRG,ON33M,Summer,NDAP,OS,W,D,140.9,43.597116666666665,-78.80105,0,0,0,NA
DIPBIRG,ON3528N,Spring,NDAP,NS,W,D,72.8,43.4247666666667,-76.78933333333333,0,0,0,NA
DIPBIRG,ON38N,Summer,NDAP,NS,W,N,16.4,43.38325,-77.98985,0.2731919072215599,29.7956326570849,5.4638381444311985,NA
DIPBIRG,ON41,Spring,NDAP,OS,W,N,132.2,43.7167,-78.02745,0,0,0,NA
DIPBIRG,ON41,Summer,NDAP,OS,W,N,132.2,43.7167,-78.02745,0,0,0,NA
DIPBIRG,ON43N,Spring,NDAP,NS,W,N,16,43.949866666666665,-78.05011666666667,0,0,0,NA
DIPBIRG,ON43N,Summer,NDAP,NS,W,N,16,43.949866666666665,-78.05011666666667,0,0,0,NA
DIPBIRG,ON49,Spring,NDAP,OS,E,D,51.5,43.77256666666667,-77.4417,0,0,0,NA
DIPBIRG,ON49,Summer,NDAP,OS,E,D,51.5,43.77256666666667,-77.4417,0,0,0,NA
DIPBIRG,ON55M,Spring,NDAP,OS,E,D,198,43.4401,-77.4398,0,0,0,NA
DIPBIRG,ON55M,Summer,NDAP,OS,E,D,198,43.4401,-77.4398,0,0,0,NA
DIPBIRG,ON60,Spring,NDAP,OS,E,D,150,43.580416666666665,-77.19986666666667,0,0,0,NA
DIPBIRG,ON60,Summer,NDAP,OS,E,D,150,43.580416666666665,-77.19986666666667,0,0,0,NA
DIPBIRG,ON61N,Spring,NDAP,NS,E,N,51.9,43.7868,-77.1584,0,0,0,NA
DIPBIRG,ON61N,Summer,NDAP,NS,E,N,51.9,43.7868,-77.1584,0.038412120158844376,7.37658866753073,0.7682424031768876,NA
DIPBIRG,ON62N,Spring,NDAP,NS,E,N,28.3,43.8457,-76.9972,0,0,0,NA
DIPBIRG,ON62N,Summer,NDAP,NS,E,N,28.3,43.8457,-76.9972,0.490471560079757,30.3915453102266,9.80943120159514,NA
DIPBIRG,ON63,Spring,NDAP,OS,E,N,88,43.73155,-77.01718333333334,0,0,0,NA
DIPBIRG,ON63,Summer,NDAP,OS,E,N,88,43.73155,-77.01718333333334,0,0,0,NA
DIPBIRG,ON65b,Summer,NDAP,NS,E,N,23.1,43.30775,-76.95155,0,0,0,NA
DIPBIRG,ON67b,Summer,NDAP,NS,W,D,51.9,43.3742,-78.73016666666666,0,0,0,NA
DIPBIRG,ON67N,Spring,NDAP,NS,E,N,72.8,43.42476666666666,-76.78933333333333,0,0,0,NA
DIPBIRG,ON67N,Summer,NDAP,NS,E,N,72.8,43.42476666666666,-76.78933333333333,0,0,0,NA
DIPBIRG,ON68b,Spring,NDAP,NS,W,N,50,43.583666666666666,-79.41721666666666,0,0,0,NA
DIPBIRG,ON68b,Summer,NDAP,NS,W,N,50,43.583666666666666,-79.41721666666666,3.1732043444400637,31.9911003265543,63.464086888801276,NA
DIPBIRG,ON69b,Summer,NDAP,NS,W,D,13.3,43.31863333333333,-78.99975,0,0,0,NA
DIPBIRG,ON73N,Summer,NDAP,NS,E,N,37.1,43.63238333333334,-76.28703333333333,0,0,0,NA
DIPBIRG,ON84N,Spring,NDAP,NS,E,N,35.1,43.886,-76.73413333333333,0,0,0,NA
DIPBIRG,ON84N,Summer,NDAP,NS,E,N,35.1,43.886,-76.73413333333333,0,0,0,NA
DIYTHOM,ON12,Spring,CYC,OS,W,D,106.8,43.50398333333333,-79.35345,25.383160875872804,573.8544426975,507.6632175174561,NA
DIYTHOM,ON12,Summer,CYC,OS,W,N,106.8,43.50398333333333,-79.35345,148.452567131846,4052.20604136355,2969.0513426369203,NA
DIYTHOM,ON17N,Spring,CYC,NS,W,N,35.1,43.886,-76.73413333333333,38.81933048302133,801.30947634851,427.0126353132346,NA
DIYTHOM,ON17N,Summer,CYC,NS,W,N,10.7,43.225,-79.27176666666666,2.6095341531337373,79.3809019296963,52.190683062674744,NA
DIYTHOM,ON22N,Spring,CYC,NS,W,D,50,43.3176666667,-78.9992166667,5.004662114651594,102.980642177175,65.06060749047072,NA
DIYTHOM,ON25,Spring,CYC,OS,W,D,137,43.51623333333333,-79.08041666666666,1.13905913376607,36.5936166357826,22.781182675321404,NA
DIYTHOM,ON25,Summer,CYC,OS,W,D,137,43.51623333333333,-79.08041666666666,32.668943202961024,1198.53981505119,653.3788640592204,NA
DIYTHOM,ON29N,Summer,CYC,NS,W,D,30.5,43.818216666666665,-78.86856666666667,141.0280716539418,4721.5436464102,2820.561433078836,NA
DIYTHOM,ON33M,Spring,CYC,OS,W,D,140.9,43.597116666666665,-78.80105,1.0935573505949163,45.3896169365254,21.871147011898323,NA
DIYTHOM,ON33M,Summer,CYC,OS,W,D,140.9,43.597116666666665,-78.80105,271.21808820521863,8696.65758108022,5424.361764104372,NA
DIYTHOM,ON3528N,Spring,CYC,NS,W,D,72.8,43.4247666666667,-76.78933333333333,4.1932276079351904,160.028794534022,218.0478356126299,NA
DIYTHOM,ON38N,Summer,CYC,NS,W,N,16.4,43.38325,-77.98985,1.6494947946370622,29.7956326570849,32.989895892741245,NA
DIYTHOM,ON41,Spring,CYC,OS,W,N,132.2,43.7167,-78.02745,6.777248945525816,219.774041884149,135.54497891051633,NA
DIYTHOM,ON41,Summer,CYC,OS,W,N,132.2,43.7167,-78.02745,80.80463797065858,1899.47158188916,1616.0927594131715,NA
DIYTHOM,ON43N,Spring,CYC,NS,E,N,28.3,43.8457,-76.9972,18.20517415430767,621.248671223856,254.87243816030735,NA
DIYTHOM,ON43N,Summer,CYC,NS,W,N,16,43.949866666666665,-78.05011666666667,34.97715355099886,967.003714416301,699.5430710199772,NA
DIYTHOM,ON49,Spring,CYC,OS,E,N,51.5,43.77256666666667,-77.4417,0.32013488050000866,10.2474007624554,6.402697610000173,NA
DIYTHOM,ON49,Summer,CYC,OS,E,D,51.5,43.77256666666667,-77.4417,8.191061068598785,321.792832696517,163.82122137197567,NA
DIYTHOM,ON55M,Spring,CYC,OS,E,D,198,43.4401,-77.4398,2.756317898861862,97.9751487532318,55.12635797723724,NA
DIYTHOM,ON55M,Summer,CYC,OS,E,D,198,43.4401,-77.4398,6.359423207564744,230.027751201256,127.18846415129487,NA
DIYTHOM,ON60,Spring,CYC,OS,E,D,150,43.580416666666665,-77.19986666666667,16.96701866082728,423.096072158326,339.3403732165456,NA
DIYTHOM,ON60,Summer,CYC,OS,E,D,150,43.580416666666665,-77.19986666666667,1.408088145123886,37.9894316377832,28.161762902477722,NA
DIYTHOM,ON61N,Spring,CYC,NS,E,N,51.9,43.7868,-77.1584,6.7219806894281104,231.817231753022,336.09903447140545,NA
DIYTHOM,ON61N,Summer,CYC,NS,E,N,51.9,43.7868,-77.1584,0.6792081770397325,14.7531773350615,13.584163540794648,NA
DIYTHOM,ON62N,Spring,CYC,NS,E,N,16,43.949866666666665,-78.05011666666667,1.2295227545984877,40.2176321923831,34.426637128757655,NA
DIYTHOM,ON62N,Summer,CYC,NS,E,N,28.3,43.8457,-76.9972,28.85546695729389,911.746359306798,577.1093391458777,NA
DIYTHOM,ON63,Spring,CYC,OS,E,N,88,43.73155,-77.01718333333334,4.215693946162276,112.939438190466,84.31387892324554,NA
DIYTHOM,ON63,Summer,CYC,OS,E,N,88,43.73155,-77.01718333333334,100.04628205934527,2685.28037330084,2000.9256411869053,NA
DIYTHOM,ON65b,Summer,CYC,NS,E,N,23.1,43.30775,-76.95155,8.691084621510946,279.462485611279,173.8216924302189,NA
DIYTHOM,ON67b,Summer,CYC,NS,W,D,51.9,43.3742,-78.73016666666666,8.046474088949731,182.34927186136,160.9294817789946,NA
DIYTHOM,ON67N,Spring,CYC,NS,E,D,74,43.4082833333,-76.7890833333,3.650861652994987,143.171543063067,259.2111773626441,NA
DIYTHOM,ON67N,Summer,CYC,NS,E,N,72.8,43.42476666666666,-76.78933333333333,32.556373221617484,995.585104990181,651.1274644323497,NA
DIYTHOM,ON68b,Spring,CYC,NS,W,D,50.3,43.54885,-79.417,13.740074169832742,428.25595686428,659.5235601519717,NA
DIYTHOM,ON68b,Summer,CYC,NS,W,N,50,43.583666666666666,-79.41721666666666,103.18744829127556,2399.33252449157,2063.7489658255113,NA
DIYTHOM,ON69b,Summer,CYC,NS,W,D,13.3,43.31863333333333,-78.99975,0,0,0,NA
DIYTHOM,ON73N,Summer,CYC,NS,E,N,37.1,43.63238333333334,-76.28703333333333,15.350260871711601,334.306998412493,307.005217434232,NA
DIYTHOM,ON84N,Spring,CYC,NS,W,D,10.7,43.225,-79.27176666666666,3.1428414515347676,131.216717080221,109.99945080371687,NA
DIYTHOM,ON84N,Summer,CYC,NS,E,N,35.1,43.886,-76.73413333333333,31.16117712730405,1251.41657159757,623.223542546081,NA
DREPOLYV,ON12,Spring,DVEL,OS,W,D,106.8,43.50398333333333,-79.35345,1.3043427600000002,682.886787,26.0868552,NA
DREPOLYV,ON12,Summer,DVEL,OS,W,N,106.8,43.50398333333333,-79.35345,58.50292002263967,27801.3567894686,1170.0584004527934,NA
DREPOLYV,ON17N,Spring,DVEL,NS,W,N,35.1,43.886,-76.73413333333333,0.5154795062176228,472.451754243567,5.670274568393851,NA
DREPOLYV,ON17N,Summer,DVEL,NS,W,N,10.7,43.225,-79.27176666666666,14.218499142306912,8305.22686439448,284.3699828461382,NA
DREPOLYV,ON22N,Spring,DVEL,NS,W,D,50,43.3176666667,-78.9992166667,0.032746801681272905,33.4569987580166,0.42570842185654784,NA
DREPOLYV,ON25,Spring,DVEL,OS,W,D,137,43.51623333333333,-79.08041666666666,0.385642863,222.680474,7.71285726,NA
DREPOLYV,ON25,Summer,DVEL,OS,W,D,137,43.51623333333333,-79.08041666666666,83.74537301820438,23259.1632858371,1674.9074603640877,NA
DREPOLYV,ON29N,Summer,DVEL,NS,W,D,30.5,43.818216666666665,-78.86856666666667,116.60637430484654,72593.7335635569,2332.1274860969306,NA
DREPOLYV,ON33M,Spring,DVEL,OS,W,D,140.9,43.597116666666665,-78.80105,1.19964019,592.699239,23.992803799999997,NA
DREPOLYV,ON33M,Summer,DVEL,OS,W,D,140.9,43.597116666666665,-78.80105,31.101795513484525,8345.98590442376,622.0359102696905,NA
DREPOLYV,ON3528N,Spring,DVEL,NS,W,D,72.8,43.4247666666667,-76.78933333333333,1.7665918039302273,1911.11310395438,91.86277380437181,NA
DREPOLYV,ON38N,Summer,DVEL,NS,W,N,16.4,43.38325,-77.98985,60.41943175667066,20271.2724555436,1208.3886351334133,NA
DREPOLYV,ON41,Spring,DVEL,OS,W,N,132.2,43.7167,-78.02745,0.44126042,311.346559,8.8252084,NA
DREPOLYV,ON41,Summer,DVEL,OS,W,N,132.2,43.7167,-78.02745,2.3576447493271346,1063.70408585793,47.1528949865427,NA
DREPOLYV,ON43N,Spring,DVEL,NS,E,N,28.3,43.8457,-76.9972,0.026345504061935254,21.5195416011563,0.36883705686709356,NA
DREPOLYV,ON43N,Summer,DVEL,NS,W,N,16,43.949866666666665,-78.05011666666667,141.38426151817902,77446.6367706627,2827.6852303635806,NA
DREPOLYV,ON49,Spring,DVEL,OS,E,N,51.5,43.77256666666667,-77.4417,0.00377336,2.62284662,0.07546720000000001,NA
DREPOLYV,ON49,Summer,DVEL,OS,E,D,51.5,43.77256666666667,-77.4417,15.27247893913433,3419.04884740049,305.44957878268656,NA
DREPOLYV,ON55M,Spring,DVEL,OS,E,D,198,43.4401,-77.4398,0.7422612530000001,362.048792,14.845225060000002,NA
DREPOLYV,ON55M,Summer,DVEL,OS,E,D,198,43.4401,-77.4398,6.324306075184165,3089.69093090778,126.48612150368328,NA
DREPOLYV,ON60,Spring,DVEL,OS,E,D,150,43.580416666666665,-77.19986666666667,0.282099785,77.5068236,5.6419957,NA
DREPOLYV,ON60,Summer,DVEL,OS,E,D,150,43.580416666666665,-77.19986666666667,40.97616754871453,3810.81486116513,819.5233509742906,NA
DREPOLYV,ON61N,Spring,DVEL,NS,E,N,51.9,43.7868,-77.1584,9.854967372516323e-4,0.676715144690449,0.04927483686258162,NA
DREPOLYV,ON61N,Summer,DVEL,NS,E,N,51.9,43.7868,-77.1584,11.76458521928667,8188.01342095911,235.2917043857334,NA
DREPOLYV,ON62N,Spring,DVEL,NS,E,N,28.3,43.8457,-76.9972,0,0,0,NA
DREPOLYV,ON62N,Summer,DVEL,NS,E,N,28.3,43.8457,-76.9972,52.436243418210985,37005.5053583647,1048.7248683642197,NA
DREPOLYV,ON63,Spring,DVEL,OS,E,N,88,43.73155,-77.01718333333334,0.085744649,52.9085656,1.7148929800000001,NA
DREPOLYV,ON63,Summer,DVEL,OS,E,N,88,43.73155,-77.01718333333334,5.337332614075576,741.574521696454,106.74665228151153,NA
DREPOLYV,ON65b,Summer,DVEL,NS,E,N,23.1,43.30775,-76.95155,26.62740724093039,17010.0955109178,532.5481448186077,NA
DREPOLYV,ON67b,Summer,DVEL,NS,W,D,51.9,43.3742,-78.73016666666666,660.9090485263939,405430.81232475,13218.18097052788,NA
DREPOLYV,ON67N,Spring,DVEL,NS,E,D,74,43.4082833333,-76.7890833333,0.3100307291585459,274.689588434955,22.012181770256756,NA
DREPOLYV,ON67N,Summer,DVEL,NS,E,N,72.8,43.42476666666666,-76.78933333333333,27.157827531051716,14029.8900979537,543.1565506210343,NA
DREPOLYV,ON68b,Spring,DVEL,NS,W,D,50.3,43.54885,-79.417,0.13820247516584608,135.412081503874,6.633718807960612,NA
DREPOLYV,ON68b,Summer,DVEL,NS,W,N,50,43.583666666666666,-79.41721666666666,27.85227735915073,15733.6230293535,557.0455471830146,NA
DREPOLYV,ON69b,Summer,DVEL,NS,W,D,13.3,43.31863333333333,-78.99975,38.77560036627644,22058.3796606483,775.5120073255289,NA
DREPOLYV,ON73N,Summer,DVEL,NS,E,N,37.1,43.63238333333334,-76.28703333333333,96.0574823551127,42988.8408413155,1921.149647102254,NA
DREPOLYV,ON84N,Spring,DVEL,NS,E,N,35.1,43.886,-76.73413333333333,0,0,0,NA
DREPOLYV,ON84N,Summer,DVEL,NS,E,N,35.1,43.886,-76.73413333333333,84.11956900025233,49556.0962352636,1682.3913800050464,NA
ENCSP,ON12,Spring,ROT,OS,W,N,106.8,43.50398333333333,-79.35345,0,0,0,Encentrum
ENCSP,ON12,Summer,ROT,OS,W,N,106.8,43.50398333333333,-79.35345,0,0,0,Encentrum
ENCSP,ON17N,Spring,ROT,NS,W,N,10.7,43.225,-79.27176666666666,0,0,0,Encentrum
ENCSP,ON17N,Summer,ROT,NS,W,N,10.7,43.225,-79.27176666666666,0,0,0,Encentrum
ENCSP,ON22N,Spring,ROT,NS,W,D,50,43.3176666667,-78.9992166667,0,0,0,Encentrum
ENCSP,ON25,Spring,ROT,OS,W,D,137,43.51623333333333,-79.08041666666666,0,0,0,Encentrum
ENCSP,ON25,Summer,ROT,OS,W,D,137,43.51623333333333,-79.08041666666666,0,0,0,Encentrum
ENCSP,ON29N,Summer,ROT,NS,W,D,30.5,43.818216666666665,-78.86856666666667,0,0,0,Encentrum
ENCSP,ON33M,Spring,ROT,OS,W,D,140.9,43.597116666666665,-78.80105,0,0,0,Encentrum
ENCSP,ON33M,Summer,ROT,OS,W,D,140.9,43.597116666666665,-78.80105,0,0,0,Encentrum
ENCSP,ON3528N,Spring,ROT,NS,W,D,72.8,43.4247666666667,-76.78933333333333,0,0,0,Encentrum
ENCSP,ON38N,Summer,ROT,NS,W,N,16.4,43.38325,-77.98985,0,0,0,Encentrum
ENCSP,ON41,Spring,ROT,OS,W,N,132.2,43.7167,-78.02745,0,0,0,Encentrum
ENCSP,ON41,Summer,ROT,OS,W,N,132.2,43.7167,-78.02745,0,0,0,Encentrum
ENCSP,ON43N,Spring,ROT,NS,E,N,28.3,43.8457,-76.9972,0.010730045373574765,7.68555057184152,0.15022063523004672,Encentrum
ENCSP,ON43N,Summer,ROT,NS,E,N,28.3,43.8457,-76.9972,0,0,0,Encentrum
ENCSP,ON49,Spring,ROT,OS,E,D,51.5,43.77256666666667,-77.4417,0,0,0,Encentrum
ENCSP,ON49,Summer,ROT,OS,E,D,51.5,43.77256666666667,-77.4417,0,0,0,Encentrum
ENCSP,ON55M,Spring,ROT,OS,E,D,198,43.4401,-77.4398,0,0,0,Encentrum
ENCSP,ON55M,Summer,ROT,OS,E,D,198,43.4401,-77.4398,0,0,0,Encentrum
ENCSP,ON60,Spring,ROT,OS,E,D,150,43.580416666666665,-77.19986666666667,0,0,0,Encentrum
ENCSP,ON60,Summer,ROT,OS,E,D,150,43.580416666666665,-77.19986666666667,0,0,0,Encentrum
ENCSP,ON61N,Spring,ROT,NS,E,N,51.9,43.7868,-77.1584,0,0,0,Encentrum
ENCSP,ON61N,Summer,ROT,NS,E,N,51.9,43.7868,-77.1584,0,0,0,Encentrum
ENCSP,ON62N,Spring,ROT,NS,E,N,16,43.949866666666665,-78.05011666666667,1.4801571104107293e-4,0.28692722134875,0.0041444399091500415,Encentrum
ENCSP,ON62N,Summer,ROT,NS,E,N,16,43.949866666666665,-78.05011666666667,0,0,0,Encentrum
ENCSP,ON63,Spring,ROT,OS,E,N,88,43.73155,-77.01718333333334,0,0,0,Encentrum
ENCSP,ON63,Summer,ROT,OS,E,N,88,43.73155,-77.01718333333334,0,0,0,Encentrum
ENCSP,ON65b,Summer,ROT,NS,E,N,23.1,43.30775,-76.95155,0,0,0,Encentrum
ENCSP,ON67b,Summer,ROT,NS,W,D,51.9,43.3742,-78.73016666666666,0,0,0,Encentrum
ENCSP,ON67N,Spring,ROT,NS,E,N,72.8,43.42476666666666,-76.78933333333333,0,0,0,Encentrum
ENCSP,ON67N,Summer,ROT,NS,E,N,72.8,43.42476666666666,-76.78933333333333,0,0,0,Encentrum
ENCSP,ON68b,Spring,ROT,NS,W,N,50,43.583666666666666,-79.41721666666666,0,0,0,Encentrum
ENCSP,ON68b,Summer,ROT,NS,W,N,50,43.583666666666666,-79.41721666666666,0,0,0,Encentrum
ENCSP,ON69b,Summer,ROT,NS,W,D,13.3,43.31863333333333,-78.99975,0,0,0,Encentrum
ENCSP,ON73N,Summer,ROT,NS,E,N,37.1,43.63238333333334,-76.28703333333333,0,0,0,Encentrum
ENCSP,ON84N,Spring,ROT,NS,W,D,10.7,43.225,-79.27176666666666,2.1879369331402309e-4,0.218694528467035,0.0076577792659908075,Encentrum
ENCSP,ON84N,Summer,ROT,NS,W,D,10.7,43.225,-79.27176666666666,0,0,0,Encentrum
EPICOPE,ON12,Spring,CAL,OS,W,N,106.8,43.50398333333333,-79.35345,0,0,0,NA
EPICOPE,ON12,Summer,CAL,OS,W,N,106.8,43.50398333333333,-79.35345,0,0,0,NA
EPICOPE,ON17N,Spring,CAL,NS,W,N,10.7,43.225,-79.27176666666666,0,0,0,NA
EPICOPE,ON17N,Summer,CAL,NS,W,N,10.7,43.225,-79.27176666666666,0.23557086195341165,5.67006442354974,4.711417239068233,NA
EPICOPE,ON22N,Spring,CAL,NS,W,D,50,43.3176666667,-78.9992166667,0,0,0,NA
EPICOPE,ON25,Spring,CAL,OS,W,D,137,43.51623333333333,-79.08041666666666,0,0,0,NA
EPICOPE,ON25,Summer,CAL,OS,W,D,137,43.51623333333333,-79.08041666666666,1.0992707595952707,42.8049933946853,21.985415191905414,NA
EPICOPE,ON29N,Summer,CAL,NS,W,D,30.5,43.818216666666665,-78.86856666666667,0,0,0,NA
EPICOPE,ON33M,Spring,CAL,OS,W,D,140.9,43.597116666666665,-78.80105,0,0,0,NA
EPICOPE,ON33M,Summer,CAL,OS,W,D,140.9,43.597116666666665,-78.80105,0,0,0,NA
EPICOPE,ON3528N,Spring,CAL,NS,W,D,72.8,43.4247666666667,-76.78933333333333,0,0,0,NA
EPICOPE,ON38N,Summer,CAL,NS,W,N,16.4,43.38325,-77.98985,0,0,0,NA
EPICOPE,ON41,Spring,CAL,OS,W,N,132.2,43.7167,-78.02745,0,0,0,NA
EPICOPE,ON41,Summer,CAL,OS,W,N,132.2,43.7167,-78.02745,2.347627235377077,50.6525755170443,46.95254470754155,NA
EPICOPE,ON43N,Spring,CAL,NS,E,N,28.3,43.8457,-76.9972,0,0,0,NA
EPICOPE,ON43N,Summer,CAL,NS,W,N,16,43.949866666666665,-78.05011666666667,3.574182105669836,103.607540830318,71.48364211339671,NA
EPICOPE,ON49,Spring,CAL,OS,E,D,51.5,43.77256666666667,-77.4417,0,0,0,NA
EPICOPE,ON49,Summer,CAL,OS,E,D,51.5,43.77256666666667,-77.4417,3.655485772546961,35.7547591885019,73.10971545093922,NA
EPICOPE,ON55M,Spring,CAL,OS,E,D,198,43.4401,-77.4398,0,0,0,NA
EPICOPE,ON55M,Summer,CAL,OS,E,D,198,43.4401,-77.4398,2.439302761402443,69.7053791518959,48.786055228048866,NA
EPICOPE,ON60,Spring,CAL,OS,E,D,150,43.580416666666665,-77.19986666666667,0,0,0,NA
EPICOPE,ON60,Summer,CAL,OS,E,D,150,43.580416666666665,-77.19986666666667,3.6290512369216508,66.4815053661207,72.58102473843302,NA
EPICOPE,ON61N,Spring,CAL,NS,E,N,51.9,43.7868,-77.1584,0,0,0,NA
EPICOPE,ON61N,Summer,CAL,NS,E,N,51.9,43.7868,-77.1584,2.140099589315422,169.661539353207,42.80199178630844,NA
EPICOPE,ON62N,Spring,CAL,NS,E,N,16,43.949866666666665,-78.05011666666667,0,0,0,NA
EPICOPE,ON62N,Summer,CAL,NS,E,N,28.3,43.8457,-76.9972,5.789157055009512,151.957726551133,115.78314110019022,NA
EPICOPE,ON63,Spring,CAL,OS,E,N,88,43.73155,-77.01718333333334,0,0,0,NA
EPICOPE,ON63,Summer,CAL,OS,E,N,88,43.73155,-77.01718333333334,4.9435640982983005,270.609650022566,98.871281965966,NA
EPICOPE,ON65b,Summer,CAL,NS,E,N,23.1,43.30775,-76.95155,0,0,0,NA
EPICOPE,ON67b,Summer,CAL,NS,W,D,51.9,43.3742,-78.73016666666666,0,0,0,NA
EPICOPE,ON67N,Spring,CAL,NS,E,N,72.8,43.42476666666666,-76.78933333333333,0,0,0,NA
EPICOPE,ON67N,Summer,CAL,NS,E,N,72.8,43.42476666666666,-76.78933333333333,0,0,0,NA
EPICOPE,ON68b,Spring,CAL,NS,W,N,50,43.583666666666666,-79.41721666666666,0,0,0,NA
EPICOPE,ON68b,Summer,CAL,NS,W,N,50,43.583666666666666,-79.41721666666666,0,0,0,NA
EPICOPE,ON69b,Summer,CAL,NS,W,D,13.3,43.31863333333333,-78.99975,0.04251407994603996,6.12732768351343,0.8502815989207991,NA
EPICOPE,ON73N,Summer,CAL,NS,E,N,37.1,43.63238333333334,-76.28703333333333,7.191332148572759,258.328135136926,143.8266429714552,NA
EPICOPE,ON84N,Spring,CAL,NS,W,D,10.7,43.225,-79.27176666666666,0,0,0,NA
EPICOPE,ON84N,Summer,CAL,NS,E,N,35.1,43.886,-76.73413333333333,8.541569240759342,250.283314319513,170.83138481518682,NA
EPILACU,ON12,Spring,CAL,OS,W,N,106.8,43.50398333333333,-79.35345,0,0,0,NA
EPILACU,ON12,Summer,CAL,OS,W,N,106.8,43.50398333333333,-79.35345,0,0,0,NA
EPILACU,ON17N,Spring,CAL,NS,W,N,10.7,43.225,-79.27176666666666,0,0,0,NA
EPILACU,ON17N,Summer,CAL,NS,W,N,10.7,43.225,-79.27176666666666,0,0,0,NA
EPILACU,ON22N,Spring,CAL,NS,W,D,50,43.3176666667,-78.9992166667,0,0,0,NA
EPILACU,ON25,Spring,CAL,OS,W,D,137,43.51623333333333,-79.08041666666666,0,0,0,NA
EPILACU,ON25,Summer,CAL,OS,W,D,137,43.51623333333333,-79.08041666666666,0,0,0,NA
EPILACU,ON29N,Summer,CAL,NS,W,D,30.5,43.818216666666665,-78.86856666666667,0,0,0,NA
EPILACU,ON33M,Spring,CAL,OS,W,D,140.9,43.597116666666665,-78.80105,0,0,0,NA
EPILACU,ON33M,Summer,CAL,OS,W,D,140.9,43.597116666666665,-78.80105,0,0,0,NA
EPILACU,ON3528N,Spring,CAL,NS,W,D,72.8,43.4247666666667,-76.78933333333333,0,0,0,NA
EPILACU,ON38N,Summer,CAL,NS,W,N,16.4,43.38325,-77.98985,0,0,0,NA
EPILACU,ON41,Spring,CAL,OS,W,N,132.2,43.7167,-78.02745,0,0,0,NA
EPILACU,ON41,Summer,CAL,OS,W,N,132.2,43.7167,-78.02745,3.1653590693250697,21.7082466501618,63.3071813865014,NA
EPILACU,ON43N,Spring,CAL,NS,W,N,16,43.949866666666665,-78.05011666666667,0,0,0,NA
EPILACU,ON43N,Summer,CAL,NS,W,N,16,43.949866666666665,-78.05011666666667,2.8122220930849977,14.801077261474,56.244441861699954,NA
EPILACU,ON49,Spring,CAL,OS,E,D,51.5,43.77256666666667,-77.4417,0,0,0,NA
EPILACU,ON49,Summer,CAL,OS,E,D,51.5,43.77256666666667,-77.4417,0,0,0,NA
EPILACU,ON55M,Spring,CAL,OS,E,D,198,43.4401,-77.4398,0,0,0,NA
EPILACU,ON55M,Summer,CAL,OS,E,D,198,43.4401,-77.4398,1.8960393741356676,17.9242403533446,37.92078748271335,NA
EPILACU,ON60,Spring,CAL,OS,E,D,150,43.580416666666665,-77.19986666666667,0,0,0,NA
EPILACU,ON60,Summer,CAL,OS,E,D,150,43.580416666666665,-77.19986666666667,3.6063373043077864,36.6326662221481,72.12674608615572,NA
EPILACU,ON61N,Spring,CAL,NS,E,N,51.9,43.7868,-77.1584,0,0,0,NA
EPILACU,ON61N,Summer,CAL,NS,E,N,51.9,43.7868,-77.1584,3.6777483582603487,18.9683708593647,73.55496716520697,NA
EPILACU,ON62N,Spring,CAL,NS,E,N,28.3,43.8457,-76.9972,0,0,0,NA
EPILACU,ON62N,Summer,CAL,NS,E,N,28.3,43.8457,-76.9972,9.071065110042987,65.1247399504856,181.42130220085974,NA
EPILACU,ON63,Spring,CAL,OS,E,N,88,43.73155,-77.01718333333334,0,0,0,NA
EPILACU,ON63,Summer,CAL,OS,E,N,88,43.73155,-77.01718333333334,4.401291492780648,44.6059862674559,88.02582985561295,NA
EPILACU,ON65b,Summer,CAL,NS,E,N,23.1,43.30775,-76.95155,7.126871164316649,34.9328107014099,142.53742328633297,NA
EPILACU,ON67b,Summer,CAL,NS,W,D,51.9,43.3742,-78.73016666666666,0,0,0,NA
EPILACU,ON67N,Spring,CAL,NS,E,N,72.8,43.42476666666666,-76.78933333333333,0,0,0,NA
EPILACU,ON67N,Summer,CAL,NS,E,N,72.8,43.42476666666666,-76.78933333333333,3.006695297253703,22.4568068794778,60.133905945074055,NA
EPILACU,ON68b,Spring,CAL,NS,W,N,50,43.583666666666666,-79.41721666666666,0,0,0,NA
EPILACU,ON68b,Summer,CAL,NS,W,N,50,43.583666666666666,-79.41721666666666,0,0,0,NA
EPILACU,ON69b,Summer,CAL,NS,W,D,13.3,43.31863333333333,-78.99975,0,0,0,NA
EPILACU,ON73N,Summer,CAL,NS,E,N,37.1,43.63238333333334,-76.28703333333333,3.8080177564056736,26.0498959801942,76.16035512811348,NA
EPILACU,ON84N,Spring,CAL,NS,E,N,35.1,43.886,-76.73413333333333,0,0,0,NA
EPILACU,ON84N,Summer,CAL,NS,E,N,35.1,43.886,-76.73413333333333,7.701729449994988,61.2938728945746,154.03458899989974,NA
EUBCORE,ON12,Spring,NDAP,OS,W,N,106.8,43.50398333333333,-79.35345,0,0,0,NA
EUBCORE,ON12,Summer,NDAP,OS,W,N,106.8,43.50398333333333,-79.35345,0,0,0,NA
EUBCORE,ON17N,Spring,NDAP,NS,W,N,10.7,43.225,-79.27176666666666,0,0,0,NA
EUBCORE,ON17N,Summer,NDAP,NS,W,N,10.7,43.225,-79.27176666666666,1.1327986758794568,73.7108375061466,22.655973517589135,NA
EUBCORE,ON22N,Spring,NDAP,NS,W,D,50,43.3176666667,-78.9992166667,0,0,0,NA
EUBCORE,ON25,Spring,NDAP,OS,W,D,137,43.51623333333333,-79.08041666666666,0,0,0,NA
EUBCORE,ON25,Summer,NDAP,OS,W,D,137,43.51623333333333,-79.08041666666666,5.741891520084323,385.244940552168,114.83783040168646,NA
EUBCORE,ON29N,Summer,NDAP,NS,W,D,30.5,43.818216666666665,-78.86856666666667,0,0,0,NA
EUBCORE,ON33M,Spring,NDAP,OS,W,D,140.9,43.597116666666665,-78.80105,0,0,0,NA
EUBCORE,ON33M,Summer,NDAP,OS,W,D,140.9,43.597116666666665,-78.80105,0.7514638040568815,93.5124471083895,15.02927608113763,NA
EUBCORE,ON3528N,Spring,NDAP,NS,W,D,72.8,43.4247666666667,-76.78933333333333,0,0,0,NA
EUBCORE,ON38N,Summer,NDAP,NS,W,N,16.4,43.38325,-77.98985,5.6009155754470195,327.751959227934,112.01831150894039,NA
EUBCORE,ON41,Spring,NDAP,OS,W,N,132.2,43.7167,-78.02745,0,0,0,NA
EUBCORE,ON41,Summer,NDAP,OS,W,N,132.2,43.7167,-78.02745,0,0,0,NA
EUBCORE,ON43N,Spring,NDAP,NS,W,N,16,43.949866666666665,-78.05011666666667,0,0,0,NA
EUBCORE,ON43N,Summer,NDAP,NS,W,N,16,43.949866666666665,-78.05011666666667,4.4631035438526325,207.215081660636,89.26207087705265,NA
EUBCORE,ON49,Spring,NDAP,OS,E,D,51.5,43.77256666666667,-77.4417,0,0,0,NA
EUBCORE,ON49,Summer,NDAP,OS,E,D,51.5,43.77256666666667,-77.4417,0,0,0,NA
EUBCORE,ON55M,Spring,NDAP,OS,E,D,198,43.4401,-77.4398,0,0,0,NA
EUBCORE,ON55M,Summer,NDAP,OS,E,D,198,43.4401,-77.4398,0.1191616080422891,13.9410758303792,2.383232160845782,NA
EUBCORE,ON60,Spring,NDAP,OS,E,D,150,43.580416666666665,-77.19986666666667,0,0,0,NA
EUBCORE,ON60,Summer,NDAP,OS,E,D,150,43.580416666666665,-77.19986666666667,0.9915450059490784,66.4815053661207,19.830900118981567,NA
EUBCORE,ON61N,Spring,NDAP,NS,E,N,51.9,43.7868,-77.1584,0,0,0,NA
EUBCORE,ON61N,Summer,NDAP,NS,E,N,51.9,43.7868,-77.1584,0.13759153049863646,7.37658866753073,2.7518306099727288,NA
EUBCORE,ON62N,Spring,NDAP,NS,E,N,28.3,43.8457,-76.9972,0,0,0,NA
EUBCORE,ON62N,Summer,NDAP,NS,E,N,28.3,43.8457,-76.9972,0,0,0,NA
EUBCORE,ON63,Spring,NDAP,OS,E,N,88,43.73155,-77.01718333333334,0,0,0,NA
EUBCORE,ON63,Summer,NDAP,OS,E,N,88,43.73155,-77.01718333333334,0.44437616882518827,20.8161269248127,8.887523376503765,NA
EUBCORE,ON65b,Summer,NDAP,NS,E,N,23.1,43.30775,-76.95155,0.2875544539506215,34.9328107014099,5.751089079012432,NA
EUBCORE,ON67b,Summer,NDAP,NS,W,D,51.9,43.3742,-78.73016666666666,16.971807098498854,1215.66181240906,339.43614196997703,NA
EUBCORE,ON67N,Spring,NDAP,NS,E,N,72.8,43.42476666666666,-76.78933333333333,0,0,0,NA
EUBCORE,ON67N,Summer,NDAP,NS,E,N,72.8,43.42476666666666,-76.78933333333333,7.124006778628644,506.525755170443,142.4801355725729,NA
EUBCORE,ON68b,Spring,NDAP,NS,W,N,50,43.583666666666666,-79.41721666666666,0,0,0,NA
EUBCORE,ON68b,Summer,NDAP,NS,W,N,50,43.583666666666666,-79.41721666666666,0.9239335856195651,63.9822006531086,18.4786717123913,NA
EUBCORE,ON69b,Summer,NDAP,NS,W,D,13.3,43.31863333333333,-78.99975,1.2179817172729457,67.4006045186477,24.359634345458918,NA
EUBCORE,ON73N,Summer,NDAP,NS,E,N,37.1,43.63238333333334,-76.28703333333333,0,0,0,NA
EUBCORE,ON84N,Spring,NDAP,NS,E,N,35.1,43.886,-76.73413333333333,0,0,0,NA
EUBCORE,ON84N,Summer,NDAP,NS,E,N,35.1,43.886,-76.73413333333333,0,0,0,NA
GASSTYL,ON12,Spring,ROT,OS,W,N,106.8,43.50398333333333,-79.35345,0,0,0,Gastropus
GASSTYL,ON12,Summer,ROT,OS,W,N,106.8,43.50398333333333,-79.35345,0.5251760910355635,2417.50928604075,10.503521820711269,Gastropus
GASSTYL,ON17N,Spring,ROT,NS,W,N,10.7,43.225,-79.27176666666666,0,0,0,Gastropus
GASSTYL,ON17N,Summer,ROT,NS,W,N,10.7,43.225,-79.27176666666666,0.6888980062672695,4554.47924821633,13.77796012534539,Gastropus
GASSTYL,ON22N,Spring,ROT,NS,W,D,50,43.3176666667,-78.9992166667,0,0,0,Gastropus
GASSTYL,ON25,Spring,ROT,OS,W,D,137,43.51623333333333,-79.08041666666666,0,0,0,Gastropus
GASSTYL,ON25,Summer,ROT,OS,W,D,137,43.51623333333333,-79.08041666666666,0.4422563761921308,1661.36880613122,8.845127523842615,Gastropus
GASSTYL,ON29N,Summer,ROT,NS,W,D,30.5,43.818216666666665,-78.86856666666667,0.12898395560277195,590.192955801275,2.579679112055439,Gastropus
GASSTYL,ON33M,Spring,ROT,OS,W,D,140.9,43.597116666666665,-78.80105,0,0,0,Gastropus
GASSTYL,ON33M,Summer,ROT,OS,W,D,140.9,43.597116666666665,-78.80105,0.11316012294046052,1192.28370063197,2.2632024588092103,Gastropus
GASSTYL,ON3528N,Spring,ROT,NS,W,D,72.8,43.4247666666667,-76.78933333333333,0,0,0,Gastropus
GASSTYL,ON38N,Summer,ROT,NS,W,N,16.4,43.38325,-77.98985,1.2860311014595192,5497.29422523216,25.72062202919038,Gastropus
GASSTYL,ON41,Spring,ROT,OS,W,N,132.2,43.7167,-78.02745,0,0,0,Gastropus
GASSTYL,ON41,Summer,ROT,OS,W,N,132.2,43.7167,-78.02745,1.0970522194684593,4520.74236489621,21.94104438936919,Gastropus
GASSTYL,ON43N,Spring,ROT,NS,W,N,16,43.949866666666665,-78.05011666666667,0,0,0,Gastropus
GASSTYL,ON43N,Summer,ROT,NS,W,N,16,43.949866666666665,-78.05011666666667,0.4156918765270889,2104.52817311583,8.313837530541777,Gastropus
GASSTYL,ON49,Spring,ROT,OS,E,D,51.5,43.77256666666667,-77.4417,0,0,0,Gastropus
GASSTYL,ON49,Summer,ROT,OS,E,D,51.5,43.77256666666667,-77.4417,0.26236393290960863,1139.6829491335,5.2472786581921715,Gastropus
GASSTYL,ON55M,Spring,ROT,OS,E,D,198,43.4401,-77.4398,0,0,0,Gastropus
GASSTYL,ON55M,Summer,ROT,OS,E,D,198,43.4401,-77.4398,1.0221625536619205,5149.48488484631,20.44325107323841,Gastropus
GASSTYL,ON60,Spring,ROT,OS,E,D,150,43.580416666666665,-77.19986666666667,0,0,0,Gastropus
GASSTYL,ON60,Summer,ROT,OS,E,D,150,43.580416666666665,-77.19986666666667,0.2500126246467887,1143.24445834954,5.000252492935775,Gastropus
GASSTYL,ON61N,Spring,ROT,NS,E,N,51.9,43.7868,-77.1584,0,0,0,Gastropus
GASSTYL,ON61N,Summer,ROT,NS,E,N,51.9,43.7868,-77.1584,1.5592415943902893,4912.80805257546,31.184831887805785,Gastropus
GASSTYL,ON62N,Spring,ROT,NS,E,N,28.3,43.8457,-76.9972,0,0,0,Gastropus
GASSTYL,ON62N,Summer,ROT,NS,E,N,28.3,43.8457,-76.9972,0.32323394448933146,2131.20711487964,6.4646788897866285,Gastropus
GASSTYL,ON63,Spring,ROT,OS,E,N,88,43.73155,-77.01718333333334,0,0,0,Gastropus
GASSTYL,ON63,Summer,ROT,OS,E,N,88,43.73155,-77.01718333333334,0.5559342435864237,2224.72356508936,11.118684871728474,Gastropus
GASSTYL,ON65b,Summer,ROT,NS,E,N,23.1,43.30775,-76.95155,0.165000108883251,962.83559495761,3.30000217766502,Gastropus
GASSTYL,ON67b,Summer,ROT,NS,W,D,51.9,43.3742,-78.73016666666666,1.8873648271734618,8274.09821070919,37.74729654346924,Gastropus
GASSTYL,ON67N,Spring,ROT,NS,E,N,72.8,43.42476666666666,-76.78933333333333,0,0,0,Gastropus
GASSTYL,ON67N,Summer,ROT,NS,E,N,72.8,43.42476666666666,-76.78933333333333,0.6148126327704926,3340.45002332232,12.296252655409852,Gastropus
GASSTYL,ON68b,Spring,ROT,NS,W,N,50,43.583666666666666,-79.41721666666666,0,0,0,Gastropus
GASSTYL,ON68b,Summer,ROT,NS,W,N,50,43.583666666666666,-79.41721666666666,0.5538579982446222,1829.49104992482,11.077159964892443,Gastropus
GASSTYL,ON69b,Summer,ROT,NS,W,D,13.3,43.31863333333333,-78.99975,3.786487130110572,16176.1450844754,75.72974260221143,Gastropus
GASSTYL,ON73N,Summer,ROT,NS,E,N,37.1,43.63238333333334,-76.28703333333333,1.161382434986559,5242.54156601409,23.22764869973118,Gastropus
GASSTYL,ON84N,Spring,ROT,NS,E,N,35.1,43.886,-76.73413333333333,0,0,0,Gastropus
GASSTYL,ON84N,Summer,ROT,NS,E,N,35.1,43.886,-76.73413333333333,0.25214659850962784,1126.27491443781,5.042931970192557,Gastropus
HARCOPE,ON12,Spring,CYC,OS,W,N,106.8,43.50398333333333,-79.35345,0,0,0,NA
HARCOPE,ON12,Summer,CYC,OS,W,N,106.8,43.50398333333333,-79.35345,0,0,0,NA
HARCOPE,ON17N,Spring,CYC,NS,W,N,10.7,43.225,-79.27176666666666,0,0,0,NA
HARCOPE,ON17N,Summer,CYC,NS,W,N,10.7,43.225,-79.27176666666666,0.045207583565962176,22.6802576941989,0.9041516713192435,NA
HARCOPE,ON22N,Spring,CYC,NS,W,D,50,43.3176666667,-78.9992166667,0.007630088536400252,1.90704892920695,0.09919115097320327,NA
HARCOPE,ON25,Spring,CYC,OS,W,D,137,43.51623333333333,-79.08041666666666,0,0,0,NA
HARCOPE,ON25,Summer,CYC,OS,W,D,137,43.51623333333333,-79.08041666666666,0,0,0,NA
HARCOPE,ON29N,Summer,CYC,NS,W,D,30.5,43.818216666666665,-78.86856666666667,0,0,0,NA
HARCOPE,ON33M,Spring,CYC,OS,W,D,140.9,43.597116666666665,-78.80105,0,0,0,NA
HARCOPE,ON33M,Summer,CYC,OS,W,D,140.9,43.597116666666665,-78.80105,0,0,0,NA
HARCOPE,ON3528N,Spring,CYC,NS,W,D,72.8,43.4247666666667,-76.78933333333333,0,0,0,NA
HARCOPE,ON38N,Summer,CYC,NS,W,N,16.4,43.38325,-77.98985,0,0,0,NA
HARCOPE,ON41,Spring,CYC,OS,W,N,132.2,43.7167,-78.02745,0,0,0,NA
HARCOPE,ON41,Summer,CYC,OS,W,N,132.2,43.7167,-78.02745,0,0,0,NA
HARCOPE,ON43N,Spring,CYC,NS,W,N,16,43.949866666666665,-78.05011666666667,0,0,0,NA
HARCOPE,ON43N,Summer,CYC,NS,W,N,16,43.949866666666665,-78.05011666666667,0,0,0,NA
HARCOPE,ON49,Spring,CYC,OS,E,D,51.5,43.77256666666667,-77.4417,0,0,0,NA
HARCOPE,ON49,Summer,CYC,OS,E,D,51.5,43.77256666666667,-77.4417,0,0,0,NA
HARCOPE,ON55M,Spring,CYC,OS,E,D,198,43.4401,-77.4398,0,0,0,NA
HARCOPE,ON55M,Summer,CYC,OS,E,D,198,43.4401,-77.4398,0,0,0,NA
HARCOPE,ON60,Spring,CYC,OS,E,D,150,43.580416666666665,-77.19986666666667,0,0,0,NA
HARCOPE,ON60,Summer,CYC,OS,E,D,150,43.580416666666665,-77.19986666666667,0,0,0,NA
HARCOPE,ON61N,Spring,CYC,NS,E,N,51.9,43.7868,-77.1584,0.006135402818238367,2.66456588221864,0.30677014091191834,NA
HARCOPE,ON61N,Summer,CYC,NS,E,N,51.9,43.7868,-77.1584,0.04625858451038839,7.37658866753073,0.9251716902077678,NA
HARCOPE,ON62N,Spring,CYC,NS,E,N,28.3,43.8457,-76.9972,0,0,0,NA
HARCOPE,ON62N,Summer,CYC,NS,E,N,28.3,43.8457,-76.9972,0,0,0,NA
HARCOPE,ON63,Spring,CYC,OS,E,N,88,43.73155,-77.01718333333334,0,0,0,NA
HARCOPE,ON63,Summer,CYC,OS,E,N,88,43.73155,-77.01718333333334,0,0,0,NA
HARCOPE,ON65b,Summer,CYC,NS,E,N,23.1,43.30775,-76.95155,0,0,0,NA
HARCOPE,ON67b,Summer,CYC,NS,W,D,51.9,43.3742,-78.73016666666666,0,0,0,NA
HARCOPE,ON67N,Spring,CYC,NS,E,N,72.8,43.42476666666666,-76.78933333333333,0,0,0,NA
HARCOPE,ON67N,Summer,CYC,NS,E,N,72.8,43.42476666666666,-76.78933333333333,0,0,0,NA
HARCOPE,ON68b,Spring,CYC,NS,W,N,50,43.583666666666666,-79.41721666666666,0,0,0,NA
HARCOPE,ON68b,Summer,CYC,NS,W,N,50,43.583666666666666,-79.41721666666666,0,0,0,NA
HARCOPE,ON69b,Summer,CYC,NS,W,D,13.3,43.31863333333333,-78.99975,0.3834782658323172,36.7639661010806,7.669565316646344,NA
HARCOPE,ON73N,Summer,CYC,NS,E,N,37.1,43.63238333333334,-76.28703333333333,0,0,0,NA
HARCOPE,ON84N,Spring,CYC,NS,E,N,35.1,43.886,-76.73413333333333,0,0,0,NA
HARCOPE,ON84N,Summer,CYC,NS,E,N,35.1,43.886,-76.73413333333333,0,0,0,NA
HARSP,ON12,Spring,CYC,OS,W,N,106.8,43.50398333333333,-79.35345,0,0,0,NA
HARSP,ON12,Summer,CYC,OS,W,N,106.8,43.50398333333333,-79.35345,0,0,0,NA
HARSP,ON17N,Spring,CYC,NS,W,N,10.7,43.225,-79.27176666666666,0,0,0,NA
HARSP,ON17N,Summer,CYC,NS,W,N,10.7,43.225,-79.27176666666666,0.26053242285130773,22.6802576941989,5.210648457026155,NA
HARSP,ON22N,Spring,CYC,NS,W,D,50,43.3176666667,-78.9992166667,0.08982786983631963,5.72114678762084,1.167762307872155,NA
HARSP,ON25,Spring,CYC,OS,W,D,137,43.51623333333333,-79.08041666666666,0,0,0,NA
HARSP,ON25,Summer,CYC,OS,W,D,137,43.51623333333333,-79.08041666666666,0,0,0,NA
HARSP,ON29N,Summer,CYC,NS,W,D,30.5,43.818216666666665,-78.86856666666667,0,0,0,NA
HARSP,ON33M,Spring,CYC,OS,W,D,140.9,43.597116666666665,-78.80105,0,0,0,NA
HARSP,ON33M,Summer,CYC,OS,W,D,140.9,43.597116666666665,-78.80105,0,0,0,NA
HARSP,ON3528N,Spring,CYC,NS,W,D,72.8,43.4247666666667,-76.78933333333333,0,0,0,NA
HARSP,ON38N,Summer,CYC,NS,W,N,16.4,43.38325,-77.98985,0,0,0,NA
HARSP,ON41,Spring,CYC,OS,W,N,132.2,43.7167,-78.02745,0,0,0,NA
HARSP,ON41,Summer,CYC,OS,W,N,132.2,43.7167,-78.02745,0,0,0,NA
HARSP,ON43N,Spring,CYC,NS,E,N,28.3,43.8457,-76.9972,0.17040303456018563,12.8092509530692,2.3856424838425987,NA
HARSP,ON43N,Summer,CYC,NS,E,N,28.3,43.8457,-76.9972,0,0,0,NA
HARSP,ON49,Spring,CYC,OS,E,N,51.5,43.77256666666667,-77.4417,0.004599099900277507,0.487971464878827,0.09198199800555013,NA
HARSP,ON49,Summer,CYC,OS,E,N,51.5,43.77256666666667,-77.4417,0,0,0,NA
HARSP,ON55M,Spring,CYC,OS,E,D,198,43.4401,-77.4398,0,0,0,NA
HARSP,ON55M,Summer,CYC,OS,E,D,198,43.4401,-77.4398,0,0,0,NA
HARSP,ON60,Spring,CYC,OS,E,D,150,43.580416666666665,-77.19986666666667,0,0,0,NA
HARSP,ON60,Summer,CYC,OS,E,D,150,43.580416666666665,-77.19986666666667,0,0,0,NA
HARSP,ON61N,Spring,CYC,NS,E,N,51.9,43.7868,-77.1584,0.028436328020739334,2.66456588221864,1.4218164010369667,NA
HARSP,ON61N,Summer,CYC,NS,E,N,51.9,43.7868,-77.1584,0,0,0,NA
HARSP,ON62N,Spring,CYC,NS,E,N,16,43.949866666666665,-78.05011666666667,0.10094051709367997,5.5472596127425,2.826334478623039,NA
HARSP,ON62N,Summer,CYC,NS,E,N,16,43.949866666666665,-78.05011666666667,0,0,0,NA
HARSP,ON63,Spring,CYC,OS,E,N,88,43.73155,-77.01718333333334,0,0,0,NA
HARSP,ON63,Summer,CYC,OS,E,N,88,43.73155,-77.01718333333334,0,0,0,NA
HARSP,ON65b,Summer,CYC,NS,E,N,23.1,43.30775,-76.95155,0,0,0,NA
HARSP,ON67b,Summer,CYC,NS,W,D,51.9,43.3742,-78.73016666666666,0,0,0,NA
HARSP,ON67N,Spring,CYC,NS,E,N,72.8,43.42476666666666,-76.78933333333333,0,0,0,NA
HARSP,ON67N,Summer,CYC,NS,E,N,72.8,43.42476666666666,-76.78933333333333,0,0,0,NA
HARSP,ON68b,Spring,CYC,NS,W,N,50,43.583666666666666,-79.41721666666666,0,0,0,NA
HARSP,ON68b,Summer,CYC,NS,W,N,50,43.583666666666666,-79.41721666666666,0,0,0,NA
HARSP,ON69b,Summer,CYC,NS,W,D,13.3,43.31863333333333,-78.99975,0,0,0,NA
HARSP,ON73N,Summer,CYC,NS,E,N,37.1,43.63238333333334,-76.28703333333333,0,0,0,NA
HARSP,ON84N,Spring,CYC,NS,E,N,35.1,43.886,-76.73413333333333,0,0,0,NA
HARSP,ON84N,Summer,CYC,NS,E,N,35.1,43.886,-76.73413333333333,0,0,0,NA
HOLGIBB,ON12,Spring,NDAP,OS,W,N,106.8,43.50398333333333,-79.35345,0,0,0,NA
HOLGIBB,ON12,Summer,NDAP,OS,W,N,106.8,43.50398333333333,-79.35345,132.50838310795274,6354.59583759283,2650.167662159055,NA
HOLGIBB,ON17N,Spring,NDAP,NS,W,N,10.7,43.225,-79.27176666666666,0,0,0,NA
HOLGIBB,ON17N,Summer,NDAP,NS,W,N,10.7,43.225,-79.27176666666666,19.441648365772437,1224.73391548674,388.83296731544874,NA
HOLGIBB,ON22N,Spring,NDAP,NS,W,D,50,43.3176666667,-78.9992166667,0,0,0,NA
HOLGIBB,ON25,Spring,NDAP,OS,W,D,137,43.51623333333333,-79.08041666666666,0,0,0,NA
HOLGIBB,ON25,Summer,NDAP,OS,W,D,137,43.51623333333333,-79.08041666666666,46.13395531397222,4622.93928662602,922.6791062794443,NA
HOLGIBB,ON29N,Summer,NDAP,NS,W,D,30.5,43.818216666666665,-78.86856666666667,40.035821849432146,3256.23699752428,800.716436988643,NA
HOLGIBB,ON33M,Spring,NDAP,OS,W,D,140.9,43.597116666666665,-78.80105,0,0,0,NA
HOLGIBB,ON33M,Summer,NDAP,OS,W,D,140.9,43.597116666666665,-78.80105,142.60348172532395,12904.7177009578,2852.069634506479,NA
HOLGIBB,ON3528N,Spring,NDAP,NS,W,D,72.8,43.4247666666667,-76.78933333333333,0,0,0,NA
HOLGIBB,ON38N,Summer,NDAP,NS,W,N,16.4,43.38325,-77.98985,154.9479915798947,11441.5229403206,3098.959831597894,NA
HOLGIBB,ON41,Spring,NDAP,OS,W,N,132.2,43.7167,-78.02745,0,0,0,NA
HOLGIBB,ON41,Summer,NDAP,OS,W,N,132.2,43.7167,-78.02745,0.20264476849345772,10.8541233250809,4.052895369869154,NA
HOLGIBB,ON43N,Spring,NDAP,NS,E,N,28.3,43.8457,-76.9972,0,0,0,NA
HOLGIBB,ON43N,Summer,NDAP,NS,E,N,28.3,43.8457,-76.9972,0,0,0,NA
HOLGIBB,ON49,Spring,NDAP,OS,E,N,51.5,43.77256666666667,-77.4417,0,0,0,NA
HOLGIBB,ON49,Summer,NDAP,OS,E,D,51.5,43.77256666666667,-77.4417,26.05100229076652,2574.34266157214,521.0200458153304,NA
HOLGIBB,ON55M,Spring,NDAP,OS,E,D,198,43.4401,-77.4398,0,0,0,NA
HOLGIBB,ON55M,Summer,NDAP,OS,E,D,198,43.4401,-77.4398,1.4618868016644573,146.381296218981,29.237736033289142,NA
HOLGIBB,ON60,Spring,NDAP,OS,E,D,150,43.580416666666665,-77.19986666666667,0,0,0,NA
HOLGIBB,ON60,Summer,NDAP,OS,E,D,150,43.580416666666665,-77.19986666666667,38.95249812091074,2250.87382453866,779.0499624182147,NA
HOLGIBB,ON61N,Spring,NDAP,NS,E,N,51.9,43.7868,-77.1584,0,0,0,NA
HOLGIBB,ON61N,Summer,NDAP,NS,E,N,51.9,43.7868,-77.1584,0,0,0,NA
HOLGIBB,ON62N,Spring,NDAP,NS,E,N,16,43.949866666666665,-78.05011666666667,0,0,0,NA
HOLGIBB,ON62N,Summer,NDAP,NS,E,N,28.3,43.8457,-76.9972,1.0042641551285947,60.7830906204532,20.085283102571896,NA
HOLGIBB,ON63,Spring,NDAP,OS,E,N,88,43.73155,-77.01718333333334,0,0,0,NA
HOLGIBB,ON63,Summer,NDAP,OS,E,N,88,43.73155,-77.01718333333334,0,0,0,NA
HOLGIBB,ON65b,Summer,NDAP,NS,E,N,23.1,43.30775,-76.95155,148.82908296291424,4401.53414837764,2976.581659258285,NA
HOLGIBB,ON67b,Summer,NDAP,NS,W,D,51.9,43.3742,-78.73016666666666,220.11674483118338,12399.7504865725,4402.334896623668,NA
HOLGIBB,ON67N,Spring,NDAP,NS,E,N,72.8,43.42476666666666,-76.78933333333333,0,0,0,NA
HOLGIBB,ON67N,Summer,NDAP,NS,E,N,72.8,43.42476666666666,-76.78933333333333,111.8209242301856,5397.11925336783,2236.418484603712,NA
HOLGIBB,ON68b,Spring,NDAP,NS,W,N,50,43.583666666666666,-79.41721666666666,0,0,0,NA
HOLGIBB,ON68b,Summer,NDAP,NS,W,N,50,43.583666666666666,-79.41721666666666,24.604675917306878,895.750809143521,492.09351834613756,NA
HOLGIBB,ON69b,Summer,NDAP,NS,W,D,13.3,43.31863333333333,-78.99975,12.101204706963747,827.189237274313,242.02409413927492,NA
HOLGIBB,ON73N,Summer,NDAP,NS,E,N,37.1,43.63238333333334,-76.28703333333333,0,0,0,NA
HOLGIBB,ON84N,Spring,NDAP,NS,E,N,35.1,43.886,-76.73413333333333,0,0,0,NA
HOLGIBB,ON84N,Summer,NDAP,NS,E,N,35.1,43.886,-76.73413333333333,0.16072726590770528,15.3234682236437,3.214545318154106,NA
KELLONG,ON12,Spring,ROT,OS,W,D,106.8,43.50398333333333,-79.35345,3.714532e-4,2.86927221,0.007429064000000001,Kellicottia
KELLONG,ON12,Summer,ROT,OS,W,N,106.8,43.50398333333333,-79.35345,8.352745201230617,131754.256089221,167.05490402461234,Kellicottia
KELLONG,ON17N,Spring,ROT,NS,W,N,10.7,43.225,-79.27176666666666,0,0,0,Kellicottia
KELLONG,ON17N,Summer,ROT,NS,W,N,10.7,43.225,-79.27176666666666,0.5052816444995328,4733.08627755814,10.105632889990657,Kellicottia
KELLONG,ON22N,Spring,ROT,NS,W,D,50,43.3176666667,-78.9992166667,0.00835462885014532,133.827995032066,0.10861017505188915,Kellicottia
KELLONG,ON25,Spring,ROT,OS,W,D,137,43.51623333333333,-79.08041666666666,0.002549265,31.8114963,0.050985300000000004,Kellicottia
KELLONG,ON25,Summer,ROT,OS,W,D,137,43.51623333333333,-79.08041666666666,6.133012654299755,96359.390755611,122.6602530859951,Kellicottia
KELLONG,ON29N,Summer,ROT,NS,W,D,30.5,43.818216666666665,-78.86856666666667,1.4077715681122747,15935.2098066344,28.15543136224549,Kellicottia
KELLONG,ON33M,Spring,ROT,OS,W,D,140.9,43.597116666666665,-78.80105,8.491865e-4,8.89048859,0.01698373,Kellicottia
KELLONG,ON33M,Summer,ROT,OS,W,D,140.9,43.597116666666665,-78.80105,9.866843312459377,139497.19297394,197.33686624918752,Kellicottia
KELLONG,ON3528N,Spring,ROT,NS,W,D,72.8,43.4247666666667,-76.78933333333333,0.001278123065869364,23.5939889377084,0.06646239942520693,Kellicottia
KELLONG,ON38N,Summer,ROT,NS,W,N,16.4,43.38325,-77.98985,0.9180370101879967,11681.7502286183,18.36074020375993,Kellicottia
KELLONG,ON41,Spring,ROT,OS,W,N,132.2,43.7167,-78.02745,0.0011117009,18.3145035,0.022234018,Kellicottia
KELLONG,ON41,Summer,ROT,OS,W,N,132.2,43.7167,-78.02745,1.296546708953193,17285.1913951914,25.93093417906386,Kellicottia
KELLONG,ON43N,Spring,ROT,NS,E,N,28.3,43.8457,-76.9972,5.8005050154539374e-5,1.02474007624554,8.120707021635512e-4,Kellicottia
KELLONG,ON43N,Summer,ROT,NS,W,N,16,43.949866666666665,-78.05011666666667,2.401559783200379,20203.470461912,48.031195664007576,Kellicottia
KELLONG,ON49,Spring,ROT,OS,E,D,51.5,43.77256666666667,-77.4417,0,0,0,Kellicottia
KELLONG,ON49,Summer,ROT,OS,E,D,51.5,43.77256666666667,-77.4417,0.3983128677789632,7123.01843208436,7.966257355579263,Kellicottia
KELLONG,ON55M,Spring,ROT,OS,E,D,198,43.4401,-77.4398,0.0052942919,89.3367149,0.10588583800000001,Kellicottia
KELLONG,ON55M,Summer,ROT,OS,E,D,198,43.4401,-77.4398,0.805235767822587,13388.6607006004,16.10471535645174,Kellicottia
KELLONG,ON60,Spring,ROT,OS,E,D,150,43.580416666666665,-77.19986666666667,0.0010021722,7.59870819,0.020043444,Kellicottia
KELLONG,ON60,Summer,ROT,OS,E,D,150,43.580416666666665,-77.19986666666667,0.846351640290638,13718.9335001945,16.92703280581276,Kellicottia
KELLONG,ON61N,Spring,ROT,NS,E,N,51.9,43.7868,-77.1584,3.773799079153789e-5,0.507536358517836,0.0018868995395768945,Kellicottia
KELLONG,ON61N,Summer,ROT,NS,E,N,51.9,43.7868,-77.1584,0.2991285019222071,3275.20536838364,5.982570038444141,Kellicottia
KELLONG,ON62N,Spring,ROT,NS,E,N,28.3,43.8457,-76.9972,0,0,0,Kellicottia
KELLONG,ON62N,Summer,ROT,NS,E,N,28.3,43.8457,-76.9972,0.22925295404481838,2518.69931758503,4.585059080896367,Kellicottia
KELLONG,ON63,Spring,ROT,OS,E,N,88,43.73155,-77.01718333333334,6.872762000000001e-4,4.06988966,0.013745524,Kellicottia
KELLONG,ON63,Summer,ROT,OS,E,N,88,43.73155,-77.01718333333334,0.24450560556641496,4449.44713017872,4.890112111328299,Kellicottia
KELLONG,ON65b,Summer,ROT,NS,E,N,23.1,43.30775,-76.95155,1.4241207433966312,14121.5887260449,28.482414867932626,Kellicottia
KELLONG,ON67b,Summer,ROT,NS,W,D,51.9,43.3742,-78.73016666666666,15.75325189741594,131006.555002896,315.0650379483188,Kellicottia
KELLONG,ON67N,Spring,ROT,NS,E,D,74,43.4082833333,-76.7890833333,3.456014439779461e-4,6.42548744877087,0.024537702522434174,Kellicottia
KELLONG,ON67N,Summer,ROT,NS,E,N,72.8,43.42476666666666,-76.78933333333333,0.391015993829309,5567.4167055372,7.820319876586179,Kellicottia
KELLONG,ON68b,Spring,ROT,NS,W,N,50,43.583666666666666,-79.41721666666666,0,0,0,Kellicottia
KELLONG,ON68b,Summer,ROT,NS,W,N,50,43.583666666666666,-79.41721666666666,1.373851119849467,18294.9104992482,27.477022396989337,Kellicottia
KELLONG,ON69b,Summer,ROT,NS,W,D,13.3,43.31863333333333,-78.99975,2.065815162579226,16176.1450844754,41.31630325158452,Kellicottia
KELLONG,ON73N,Summer,ROT,NS,E,N,37.1,43.63238333333334,-76.28703333333333,0.26689235038992726,4194.03325281127,5.337847007798545,Kellicottia
KELLONG,ON84N,Spring,ROT,NS,E,N,35.1,43.886,-76.73413333333333,0,0,0,Kellicottia
KELLONG,ON84N,Summer,ROT,NS,E,N,35.1,43.886,-76.73413333333333,0.3894067690920692,4505.09965775124,7.788135381841385,Kellicottia
KERCOCH,ON12,Spring,ROT,OS,W,D,106.8,43.50398333333333,-79.35345,9.172195e-4,22.9541777,0.01834439,Keratella
KERCOCH,ON12,Summer,ROT,OS,W,N,106.8,43.50398333333333,-79.35345,2.533163207089751,158346.858235669,50.66326414179502,Keratella
KERCOCH,ON17N,Spring,ROT,NS,W,N,35.1,43.886,-76.73413333333333,3.5154859191866955e-4,14.6724147280611,0.003867034511105365,Keratella
KERCOCH,ON17N,Summer,ROT,NS,W,N,10.7,43.225,-79.27176666666666,0.07174803793295169,3304.23004282361,1.4349607586590338,Keratella
KERCOCH,ON22N,Spring,ROT,NS,W,D,50,43.3176666667,-78.9992166667,0.002652708406226743,100.37099627405,0.034485209280947664,Keratella
KERCOCH,ON25,Spring,ROT,OS,W,D,137,43.51623333333333,-79.08041666666666,2.303561e-4,10.6038321,0.004607122,Keratella
KERCOCH,ON25,Summer,ROT,OS,W,D,137,43.51623333333333,-79.08041666666666,2.173071494923049,142877.717327285,43.461429898460985,Keratella
KERCOCH,ON29N,Summer,ROT,NS,W,D,30.5,43.818216666666665,-78.86856666666667,1.022137035259995,61380.0674033326,20.4427407051999,Keratella
KERCOCH,ON33M,Spring,ROT,OS,W,D,140.9,43.597116666666665,-78.80105,9.73824e-5,2.9634962,0.0019476480000000002,Keratella
KERCOCH,ON33M,Summer,ROT,OS,W,D,140.9,43.597116666666665,-78.80105,1.3605063582713293,92998.1286492934,27.210127165426588,Keratella
KERCOCH,ON3528N,Spring,ROT,NS,W,D,72.8,43.4247666666667,-76.78933333333333,8.633035833509706e-4,31.4586519169445,0.044891786334250464,Keratella
KERCOCH,ON38N,Summer,ROT,NS,W,N,16.4,43.38325,-77.98985,0.04203446246249072,3092.22800169309,0.8406892492498145,Keratella
KERCOCH,ON41,Spring,ROT,OS,W,N,132.2,43.7167,-78.02745,3.62899e-4,13.7358776,0.00725798,Keratella
KERCOCH,ON41,Summer,ROT,OS,W,N,132.2,43.7167,-78.02745,0.0852953618586597,5318.52042928965,1.705907237173194,Keratella
KERCOCH,ON43N,Spring,ROT,NS,W,N,16,43.949866666666665,-78.05011666666667,0,0,0,Keratella
KERCOCH,ON43N,Summer,ROT,NS,W,N,16,43.949866666666665,-78.05011666666667,1.013746366264308,40827.8465584472,20.27492732528616,Keratella
KERCOCH,ON49,Spring,ROT,OS,E,D,51.5,43.77256666666667,-77.4417,0,0,0,Keratella
KERCOCH,ON49,Summer,ROT,OS,E,D,51.5,43.77256666666667,-77.4417,0.11211169255307894,7265.47880072604,2.2422338510615787,Keratella
KERCOCH,ON55M,Spring,ROT,OS,E,D,198,43.4401,-77.4398,0.0011239008,51.721256,0.022478016,Keratella
KERCOCH,ON55M,Summer,ROT,OS,E,D,198,43.4401,-77.4398,0.3226444297345061,18538.1455854467,6.452888594690121,Keratella
KERCOCH,ON60,Spring,ROT,OS,E,D,150,43.580416666666665,-77.19986666666667,3.536368e-4,12.1579331,0.0070727360000000005,Keratella
KERCOCH,ON60,Summer,ROT,OS,E,D,150,43.580416666666665,-77.19986666666667,0.2312356251624811,17148.6668752431,4.624712503249622,Keratella
KERCOCH,ON61N,Spring,ROT,NS,E,N,51.9,43.7868,-77.1584,1.7880509294159083e-5,0.507536358517836,8.940254647079542e-4,Keratella
KERCOCH,ON61N,Summer,ROT,NS,E,N,51.9,43.7868,-77.1584,0.2661007415732805,15557.2254998223,5.32201483146561,Keratella
KERCOCH,ON62N,Spring,ROT,NS,E,N,16,43.949866666666665,-78.05011666666667,7.0299636804547356e-6,0.28692722134875,1.968389830527326e-4,Keratella
KERCOCH,ON62N,Summer,ROT,NS,E,N,28.3,43.8457,-76.9972,0.2253514634502021,15112.1959055102,4.507029269004041,Keratella
KERCOCH,ON63,Spring,ROT,OS,E,N,88,43.73155,-77.01718333333334,0.00047988370000000003,18.3145035,0.009597674,Keratella
KERCOCH,ON63,Summer,ROT,OS,E,N,88,43.73155,-77.01718333333334,0.28479426596396534,21505.6611291972,5.695885319279306,Keratella
KERCOCH,ON65b,Summer,ROT,NS,E,N,23.1,43.30775,-76.95155,0.44139957397640067,22466.1638823442,8.827991479528015,Keratella
KERCOCH,ON67b,Summer,ROT,NS,W,D,51.9,43.3742,-78.73016666666666,2.6372606897802715,142038.685950508,52.74521379560543,Keratella
KERCOCH,ON67N,Spring,ROT,NS,E,D,74,43.4082833333,-76.7890833333,1.0561290998096926e-4,4.81911558657815,0.007498516608648817,Keratella
KERCOCH,ON67N,Summer,ROT,NS,E,N,72.8,43.42476666666666,-76.78933333333333,0.16449362550157975,12693.7100886248,3.2898725100315946,Keratella
KERCOCH,ON68b,Spring,ROT,NS,W,N,50,43.583666666666666,-79.41721666666666,0,0,0,Keratella
KERCOCH,ON68b,Summer,ROT,NS,W,N,50,43.583666666666666,-79.41721666666666,0.48734075086964945,32199.0424786769,9.746815017392988,Keratella
KERCOCH,ON69b,Summer,ROT,NS,W,D,13.3,43.31863333333333,-78.99975,0.1487824399555001,8088.07254223772,2.9756487991100022,Keratella
KERCOCH,ON73N,Summer,ROT,NS,E,N,37.1,43.63238333333334,-76.28703333333333,0.41384049325940864,22542.9287338606,8.276809865188172,Keratella
KERCOCH,ON84N,Spring,ROT,NS,W,D,10.7,43.225,-79.27176666666666,8.251891295382398e-6,0.43738905693407,2.8881619533838393e-4,Keratella
KERCOCH,ON84N,Summer,ROT,NS,E,N,35.1,43.886,-76.73413333333333,0.3474220528906287,21023.7984028391,6.948441057812574,Keratella
KERCOCHH,ON12,Spring,ROT,OS,W,N,106.8,43.50398333333333,-79.35345,0,0,0,Keratella
KERCOCHH,ON12,Summer,ROT,OS,W,N,106.8,43.50398333333333,-79.35345,0,0,0,Keratella
KERCOCHH,ON17N,Spring,ROT,NS,W,N,10.7,43.225,-79.27176666666666,0,0,0,Keratella
KERCOCHH,ON17N,Summer,ROT,NS,W,N,10.7,43.225,-79.27176666666666,0,0,0,Keratella
KERCOCHH,ON22N,Spring,ROT,NS,W,D,50,43.3176666667,-78.9992166667,0,0,0,Keratella
KERCOCHH,ON25,Spring,ROT,OS,W,D,137,43.51623333333333,-79.08041666666666,0,0,0,Keratella
KERCOCHH,ON25,Summer,ROT,OS,W,D,137,43.51623333333333,-79.08041666666666,0.18619016696852037,8306.84403065612,3.7238033393704075,Keratella
KERCOCHH,ON29N,Summer,ROT,NS,W,D,30.5,43.818216666666665,-78.86856666666667,0.18011171034772605,8852.89433701913,3.602234206954521,Keratella
KERCOCHH,ON33M,Spring,ROT,OS,W,D,140.9,43.597116666666665,-78.80105,0,0,0,Keratella
KERCOCHH,ON33M,Summer,ROT,OS,W,D,140.9,43.597116666666665,-78.80105,0,0,0,Keratella
KERCOCHH,ON3528N,Spring,ROT,NS,W,D,72.8,43.4247666666667,-76.78933333333333,0,0,0,Keratella
KERCOCHH,ON38N,Summer,ROT,NS,W,N,16.4,43.38325,-77.98985,0.006667523861810675,343.58088907701,0.1333504772362135,Keratella
KERCOCHH,ON41,Spring,ROT,OS,W,N,132.2,43.7167,-78.02745,0,0,0,Keratella
KERCOCHH,ON41,Summer,ROT,OS,W,N,132.2,43.7167,-78.02745,0,0,0,Keratella
KERCOCHH,ON43N,Spring,ROT,NS,W,N,16,43.949866666666665,-78.05011666666667,0,0,0,Keratella
KERCOCHH,ON43N,Summer,ROT,NS,W,N,16,43.949866666666665,-78.05011666666667,0.2998097315931841,11785.3577694487,5.9961946318636805,Keratella
KERCOCHH,ON49,Spring,ROT,OS,E,D,51.5,43.77256666666667,-77.4417,0,0,0,Keratella
KERCOCHH,ON49,Summer,ROT,OS,E,D,51.5,43.77256666666667,-77.4417,0,0,0,Keratella
KERCOCHH,ON55M,Spring,ROT,OS,E,D,198,43.4401,-77.4398,0,0,0,Keratella
KERCOCHH,ON55M,Summer,ROT,OS,E,D,198,43.4401,-77.4398,0.02219597918369955,1029.89697696926,0.443919583673991,Keratella
KERCOCHH,ON60,Spring,ROT,OS,E,D,150,43.580416666666665,-77.19986666666667,0,0,0,Keratella
KERCOCHH,ON60,Summer,ROT,OS,E,D,150,43.580416666666665,-77.19986666666667,0,0,0,Keratella
KERCOCHH,ON61N,Spring,ROT,NS,E,N,51.9,43.7868,-77.1584,0,0,0,Keratella
KERCOCHH,ON61N,Summer,ROT,NS,E,N,51.9,43.7868,-77.1584,0.01789452668288877,818.801342095911,0.3578905336577754,Keratella
KERCOCHH,ON62N,Spring,ROT,NS,E,N,28.3,43.8457,-76.9972,0,0,0,Keratella
KERCOCHH,ON62N,Summer,ROT,NS,E,N,28.3,43.8457,-76.9972,0,0,0,Keratella
KERCOCHH,ON63,Spring,ROT,OS,E,N,88,43.73155,-77.01718333333334,0,0,0,Keratella
KERCOCHH,ON63,Summer,ROT,OS,E,N,88,43.73155,-77.01718333333334,0,0,0,Keratella
KERCOCHH,ON65b,Summer,ROT,NS,E,N,23.1,43.30775,-76.95155,0.02313277989706115,962.83559495761,0.462655597941223,Keratella
KERCOCHH,ON67b,Summer,ROT,NS,W,D,51.9,43.3742,-78.73016666666666,0.029268464046634222,1379.01636845153,0.5853692809326845,Keratella
KERCOCHH,ON67N,Spring,ROT,NS,E,N,72.8,43.42476666666666,-76.78933333333333,0,0,0,Keratella
KERCOCHH,ON67N,Summer,ROT,NS,E,N,72.8,43.42476666666666,-76.78933333333333,0,0,0,Keratella
KERCOCHH,ON68b,Spring,ROT,NS,W,N,50,43.583666666666666,-79.41721666666666,0,0,0,Keratella
KERCOCHH,ON68b,Summer,ROT,NS,W,N,50,43.583666666666666,-79.41721666666666,0.15413917126630577,7683.86240968426,3.0827834253261153,Keratella
KERCOCHH,ON69b,Summer,ROT,NS,W,D,13.3,43.31863333333333,-78.99975,0.0281749845207157,1102.91898303242,0.563499690414314,Keratella
KERCOCHH,ON73N,Summer,ROT,NS,E,N,37.1,43.63238333333334,-76.28703333333333,0.01679304545033705,524.254156601409,0.33586090900674104,Keratella
KERCOCHH,ON84N,Spring,ROT,NS,E,N,35.1,43.886,-76.73413333333333,0,0,0,Keratella
KERCOCHH,ON84N,Summer,ROT,NS,E,N,35.1,43.886,-76.73413333333333,0.04861825462251071,2627.97480035489,0.9723650924502141,Keratella
KERCRAS,ON12,Spring,ROT,OS,W,N,106.8,43.50398333333333,-79.35345,0,0,0,Keratella
KERCRAS,ON12,Summer,ROT,OS,W,N,106.8,43.50398333333333,-79.35345,0.3050112962472896,7252.52785812226,6.100225924945793,Keratella
KERCRAS,ON17N,Spring,ROT,NS,W,N,35.1,43.886,-76.73413333333333,1.5343880181193143e-4,4.40172441841833,0.0016878268199312456,Keratella
KERCRAS,ON17N,Summer,ROT,NS,W,N,10.7,43.225,-79.27176666666666,0.05113169894706826,1160.94569072181,1.0226339789413652,Keratella
KERCRAS,ON22N,Spring,ROT,NS,W,D,50,43.3176666667,-78.9992166667,0.001260985249799981,33.4569987580166,0.016392808247399752,Keratella
KERCRAS,ON25,Spring,ROT,OS,W,D,137,43.51623333333333,-79.08041666666666,0,0,0,Keratella
KERCRAS,ON25,Summer,ROT,OS,W,D,137,43.51623333333333,-79.08041666666666,0.30236045037071474,8306.84403065612,6.047209007414295,Keratella
KERCRAS,ON29N,Summer,ROT,NS,W,D,30.5,43.818216666666665,-78.86856666666667,0.2446301169896726,7082.3154696153,4.892602339793452,Keratella
KERCRAS,ON33M,Spring,ROT,OS,W,D,140.9,43.597116666666665,-78.80105,0,0,0,Keratella
KERCRAS,ON33M,Summer,ROT,OS,W,D,140.9,43.597116666666665,-78.80105,0.11471924849010261,3576.8511018959,2.2943849698020524,Keratella
KERCRAS,ON3528N,Spring,ROT,NS,W,D,72.8,43.4247666666667,-76.78933333333333,2.9270183608364397e-4,7.86466297923613,0.015220495476349486,Keratella
KERCRAS,ON38N,Summer,ROT,NS,W,N,16.4,43.38325,-77.98985,0.4741423051549491,13399.6546740034,9.482846103098982,Keratella
KERCRAS,ON41,Spring,ROT,OS,W,N,132.2,43.7167,-78.02745,0,0,0,Keratella
KERCRAS,ON41,Summer,ROT,OS,W,N,132.2,43.7167,-78.02745,0.6714111502428207,16753.3393522624,13.428223004856413,Keratella
KERCRAS,ON43N,Spring,ROT,NS,E,N,28.3,43.8457,-76.9972,1.6412370277358418e-5,0.512370038122768,2.2977318388301787e-4,Keratella
KERCRAS,ON43N,Summer,ROT,NS,W,N,16,43.949866666666665,-78.05011666666667,0.34677352028969627,8418.11269246333,6.935470405793926,Keratella
KERCRAS,ON49,Spring,ROT,OS,E,D,51.5,43.77256666666667,-77.4417,0,0,0,Keratella
KERCRAS,ON49,Summer,ROT,OS,E,D,51.5,43.77256666666667,-77.4417,0.048831912694509254,1139.6829491335,0.9766382538901851,Keratella
KERCRAS,ON55M,Spring,ROT,OS,E,D,198,43.4401,-77.4398,0,0,0,Keratella
KERCRAS,ON55M,Summer,ROT,OS,E,D,198,43.4401,-77.4398,0.7363532544221796,18538.1455854467,14.727065088443592,Keratella
KERCRAS,ON60,Spring,ROT,OS,E,D,150,43.580416666666665,-77.19986666666667,0,0,0,Keratella
KERCRAS,ON60,Summer,ROT,OS,E,D,150,43.580416666666665,-77.19986666666667,0.2503589210148522,7621.62972233026,5.007178420297043,Keratella
KERCRAS,ON61N,Spring,ROT,NS,E,N,51.9,43.7868,-77.1584,2.3442820179578073e-5,0.507536358517836,0.0011721410089789036,Keratella
KERCRAS,ON61N,Summer,ROT,NS,E,N,51.9,43.7868,-77.1584,1.1647445292076108,29476.8483154528,23.294890584152217,Keratella
KERCRAS,ON62N,Spring,ROT,NS,E,N,16,43.949866666666665,-78.05011666666667,2.8647335987002054e-5,0.5738544426975,8.021254076360575e-4,Keratella
KERCRAS,ON62N,Summer,ROT,NS,E,N,28.3,43.8457,-76.9972,0.1987094037288633,4649.90643246467,3.9741880745772664,Keratella
KERCRAS,ON63,Spring,ROT,OS,E,N,88,43.73155,-77.01718333333334,0,0,0,Keratella
KERCRAS,ON63,Summer,ROT,OS,E,N,88,43.73155,-77.01718333333334,1.0194686577252385,29662.9808678581,20.38937315450477,Keratella
KERCRAS,ON65b,Summer,ROT,NS,E,N,23.1,43.30775,-76.95155,0.14724298132872532,4172.28757814964,2.944859626574506,Keratella
KERCRAS,ON67b,Summer,ROT,NS,W,D,51.9,43.3742,-78.73016666666666,0.7625566670462136,17927.2127898699,15.251133340924273,Keratella
KERCRAS,ON67N,Spring,ROT,NS,E,D,74,43.4082833333,-76.7890833333,5.6915714851159956e-5,1.60637186219272,0.004041015754432356,Keratella
KERCRAS,ON67N,Summer,ROT,NS,E,N,72.8,43.42476666666666,-76.78933333333333,0.2950033880172181,8462.47339241654,5.900067760344362,Keratella
KERCRAS,ON68b,Spring,ROT,NS,W,D,50.3,43.54885,-79.417,5.997314718857314e-5,1.46391439463648,0.0028787110650515106,Keratella
KERCRAS,ON68b,Summer,ROT,NS,W,N,50,43.583666666666666,-79.41721666666666,0.10155658495380897,2927.18567987972,2.0311316990761794,Keratella
KERCRAS,ON69b,Summer,ROT,NS,W,D,13.3,43.31863333333333,-78.99975,0.3030872320230096,6617.5138981945,6.0617446404601925,Keratella
KERCRAS,ON73N,Summer,ROT,NS,E,N,37.1,43.63238333333334,-76.28703333333333,0.7976927428500318,19397.4037942521,15.953854857000636,Keratella
KERCRAS,ON84N,Spring,ROT,NS,W,D,10.7,43.225,-79.27176666666666,3.667182262322879e-5,0.874778113868141,0.0012835137918130073,Keratella
KERCRAS,ON84N,Summer,ROT,NS,E,N,35.1,43.886,-76.73413333333333,0.37839867063076,9761.04925846101,7.567973412615199,Keratella
KEREARL,ON12,Spring,ROT,OS,W,N,106.8,43.50398333333333,-79.35345,0,0,0,Keratella
KEREARL,ON12,Summer,ROT,OS,W,N,106.8,43.50398333333333,-79.35345,0.28808280834725375,10878.7917871834,5.761656166945076,Keratella
KEREARL,ON17N,Spring,ROT,NS,W,N,35.1,43.886,-76.73413333333333,9.432772180386766e-5,2.93448294561222,0.0010376049398425442,Keratella
KEREARL,ON17N,Summer,ROT,NS,W,N,35.1,43.886,-76.73413333333333,0,0,0,Keratella
KEREARL,ON22N,Spring,ROT,NS,W,D,50,43.3176666667,-78.9992166667,0,0,0,Keratella
KEREARL,ON25,Spring,ROT,OS,W,D,137,43.51623333333333,-79.08041666666666,9.980239999999999e-5,5.30191605,0.001996048,Keratella
KEREARL,ON25,Summer,ROT,OS,W,D,137,43.51623333333333,-79.08041666666666,0.7113353230445189,26581.9008980996,14.226706460890377,Keratella
KEREARL,ON29N,Summer,ROT,NS,W,D,30.5,43.818216666666665,-78.86856666666667,0,0,0,Keratella
KEREARL,ON33M,Spring,ROT,OS,W,D,140.9,43.597116666666665,-78.80105,0,0,0,Keratella
KEREARL,ON33M,Summer,ROT,OS,W,D,140.9,43.597116666666665,-78.80105,0.8384718432722493,35768.511018959,16.769436865444987,Keratella
KEREARL,ON3528N,Spring,ROT,NS,W,D,72.8,43.4247666666667,-76.78933333333333,0,0,0,Keratella
KEREARL,ON38N,Summer,ROT,NS,W,N,16.4,43.38325,-77.98985,0.014547812674267597,687.16177815402,0.2909562534853519,Keratella
KEREARL,ON41,Spring,ROT,OS,W,N,132.2,43.7167,-78.02745,1.321297e-4,4.57862587,0.002642594,Keratella
KEREARL,ON41,Summer,ROT,OS,W,N,132.2,43.7167,-78.02745,0.02574729778349867,1063.70408585793,0.5149459556699735,Keratella
KEREARL,ON43N,Spring,ROT,NS,W,N,16,43.949866666666665,-78.05011666666667,0,0,0,Keratella
KEREARL,ON43N,Summer,ROT,NS,W,N,16,43.949866666666665,-78.05011666666667,0.08358477098527384,3788.1507116085,1.671695419705477,Keratella
KEREARL,ON49,Spring,ROT,OS,E,D,51.5,43.77256666666667,-77.4417,0,0,0,Keratella
KEREARL,ON49,Summer,ROT,OS,E,D,51.5,43.77256666666667,-77.4417,0.09416201347815363,4131.35069060893,1.8832402695630726,Keratella
KEREARL,ON55M,Spring,ROT,OS,E,D,198,43.4401,-77.4398,0,0,0,Keratella
KEREARL,ON55M,Summer,ROT,OS,E,D,198,43.4401,-77.4398,0.07710740826356037,3089.69093090778,1.5421481652712075,Keratella
KEREARL,ON60,Spring,ROT,OS,E,D,150,43.580416666666665,-77.19986666666667,0,0,0,Keratella
KEREARL,ON60,Summer,ROT,OS,E,D,150,43.580416666666665,-77.19986666666667,0.13193416795698995,6097.30377786421,2.638683359139799,Keratella
KEREARL,ON61N,Spring,ROT,NS,E,N,51.9,43.7868,-77.1584,7.960325439295507e-6,0.169178786172612,3.9801627196477536e-4,Keratella
KEREARL,ON61N,Summer,ROT,NS,E,N,51.9,43.7868,-77.1584,0,0,0,Keratella
KEREARL,ON62N,Spring,ROT,NS,E,N,16,43.949866666666665,-78.05011666666667,4.812783502818783e-5,1.147708885395,0.0013475793807892595,Keratella
KEREARL,ON62N,Summer,ROT,NS,E,N,16,43.949866666666665,-78.05011666666667,0,0,0,Keratella
KEREARL,ON63,Spring,ROT,OS,E,N,88,43.73155,-77.01718333333334,0,0,0,Keratella
KEREARL,ON63,Summer,ROT,OS,E,N,88,43.73155,-77.01718333333334,0.1873702676487146,8898.89426035745,3.7474053529742917,Keratella
KEREARL,ON65b,Summer,ROT,NS,E,N,23.1,43.30775,-76.95155,0.07562693599277218,2888.50678487283,1.5125387198554434,Keratella
KEREARL,ON67b,Summer,ROT,NS,W,D,51.9,43.3742,-78.73016666666666,0,0,0,Keratella
KEREARL,ON67N,Spring,ROT,NS,E,D,74,43.4082833333,-76.7890833333,1.5748153295086856e-4,4.81911558657815,0.011181188839511667,Keratella
KEREARL,ON67N,Summer,ROT,NS,E,N,72.8,43.42476666666666,-76.78933333333333,0.03493559772837976,1558.87667755042,0.698711954567595,Keratella
KEREARL,ON68b,Spring,ROT,NS,W,D,50.3,43.54885,-79.417,2.0566943226278406e-5,0.73195719731824,9.872132748613635e-4,Keratella
KEREARL,ON68b,Summer,ROT,NS,W,D,50.3,43.54885,-79.417,0,0,0,Keratella
KEREARL,ON69b,Summer,ROT,NS,W,D,13.3,43.31863333333333,-78.99975,0.031738192231991695,1838.19830505403,0.6347638446398338,Keratella
KEREARL,ON73N,Summer,ROT,NS,E,N,37.1,43.63238333333334,-76.28703333333333,0.16924634292152307,8388.06650562254,3.3849268584304615,Keratella
KEREARL,ON84N,Spring,ROT,NS,E,N,35.1,43.886,-76.73413333333333,0,0,0,Keratella
KEREARL,ON84N,Summer,ROT,NS,E,N,35.1,43.886,-76.73413333333333,0,0,0,Keratella
KERHIEM,ON12,Spring,ROT,OS,W,D,106.8,43.50398333333333,-79.35345,0.0015244231,2.86927221,0.030488461999999997,Keratella
KERHIEM,ON12,Summer,ROT,OS,W,D,106.8,43.50398333333333,-79.35345,0,0,0,Keratella
KERHIEM,ON17N,Spring,ROT,NS,W,N,35.1,43.886,-76.73413333333333,0.01223268055976844,27.8775879833161,0.1345594861574528,Keratella
KERHIEM,ON17N,Summer,ROT,NS,W,N,35.1,43.886,-76.73413333333333,0,0,0,Keratella
KERHIEM,ON22N,Spring,ROT,NS,W,D,50,43.3176666667,-78.9992166667,0,0,0,Keratella
KERHIEM,ON25,Spring,ROT,OS,W,D,137,43.51623333333333,-79.08041666666666,0,0,0,Keratella
KERHIEM,ON25,Summer,ROT,OS,W,D,137,43.51623333333333,-79.08041666666666,0,0,0,Keratella
KERHIEM,ON29N,Summer,ROT,NS,W,D,30.5,43.818216666666665,-78.86856666666667,0,0,0,Keratella
KERHIEM,ON33M,Spring,ROT,OS,W,D,140.9,43.597116666666665,-78.80105,0,0,0,Keratella
KERHIEM,ON33M,Summer,ROT,OS,W,D,140.9,43.597116666666665,-78.80105,0,0,0,Keratella
KERHIEM,ON3528N,Spring,ROT,NS,W,D,72.8,43.4247666666667,-76.78933333333333,0,0,0,Keratella
KERHIEM,ON38N,Summer,ROT,NS,W,N,16.4,43.38325,-77.98985,0,0,0,Keratella
KERHIEM,ON41,Spring,ROT,OS,W,N,132.2,43.7167,-78.02745,0,0,0,Keratella
KERHIEM,ON41,Summer,ROT,OS,W,N,132.2,43.7167,-78.02745,0,0,0,Keratella
KERHIEM,ON43N,Spring,ROT,NS,W,N,16,43.949866666666665,-78.05011666666667,0,0,0,Keratella
KERHIEM,ON43N,Summer,ROT,NS,W,N,16,43.949866666666665,-78.05011666666667,0,0,0,Keratella
KERHIEM,ON49,Spring,ROT,OS,E,D,51.5,43.77256666666667,-77.4417,0,0,0,Keratella
KERHIEM,ON49,Summer,ROT,OS,E,D,51.5,43.77256666666667,-77.4417,0,0,0,Keratella
KERHIEM,ON55M,Spring,ROT,OS,E,D,198,43.4401,-77.4398,0,0,0,Keratella
KERHIEM,ON55M,Summer,ROT,OS,E,D,198,43.4401,-77.4398,0,0,0,Keratella
KERHIEM,ON60,Spring,ROT,OS,E,D,150,43.580416666666665,-77.19986666666667,0,0,0,Keratella
KERHIEM,ON60,Summer,ROT,OS,E,D,150,43.580416666666665,-77.19986666666667,0,0,0,Keratella
KERHIEM,ON61N,Spring,ROT,NS,E,N,51.9,43.7868,-77.1584,8.389324928063271e-5,0.169178786172612,0.004194662464031635,Keratella
KERHIEM,ON61N,Summer,ROT,NS,E,N,51.9,43.7868,-77.1584,0,0,0,Keratella
KERHIEM,ON62N,Spring,ROT,NS,E,N,16,43.949866666666665,-78.05011666666667,0,0,0,Keratella
KERHIEM,ON62N,Summer,ROT,NS,E,N,16,43.949866666666665,-78.05011666666667,0,0,0,Keratella
KERHIEM,ON63,Spring,ROT,OS,E,N,88,43.73155,-77.01718333333334,0.0014330740000000001,2.03494483,0.02866148,Keratella
KERHIEM,ON63,Summer,ROT,OS,E,N,88,43.73155,-77.01718333333334,0,0,0,Keratella
KERHIEM,ON65b,Summer,ROT,NS,E,N,23.1,43.30775,-76.95155,0,0,0,Keratella
KERHIEM,ON67b,Summer,ROT,NS,W,D,51.9,43.3742,-78.73016666666666,0,0,0,Keratella
KERHIEM,ON67N,Spring,ROT,NS,E,N,72.8,43.42476666666666,-76.78933333333333,0,0,0,Keratella
KERHIEM,ON67N,Summer,ROT,NS,E,N,72.8,43.42476666666666,-76.78933333333333,0,0,0,Keratella
KERHIEM,ON68b,Spring,ROT,NS,W,D,50.3,43.54885,-79.417,0,0,0,Keratella
KERHIEM,ON68b,Summer,ROT,NS,W,D,50.3,43.54885,-79.417,0,0,0,Keratella
KERHIEM,ON69b,Summer,ROT,NS,W,D,13.3,43.31863333333333,-78.99975,0,0,0,Keratella
KERHIEM,ON73N,Summer,ROT,NS,E,N,37.1,43.63238333333334,-76.28703333333333,0,0,0,Keratella
KERHIEM,ON84N,Spring,ROT,NS,E,N,35.1,43.886,-76.73413333333333,0,0,0,Keratella
KERHIEM,ON84N,Summer,ROT,NS,E,N,35.1,43.886,-76.73413333333333,0,0,0,Keratella
KERQUAD,ON12,Spring,ROT,OS,W,D,106.8,43.50398333333333,-79.35345,0,0,0,Keratella
KERQUAD,ON12,Summer,ROT,OS,W,N,106.8,43.50398333333333,-79.35345,11.100691732339119,13296.3010732241,222.01383464678239,Keratella
KERQUAD,ON17N,Spring,ROT,NS,W,N,35.1,43.886,-76.73413333333333,0.012343801366426871,14.6724147280611,0.13578181503069559,Keratella
KERQUAD,ON17N,Summer,ROT,NS,W,N,35.1,43.886,-76.73413333333333,0,0,0,Keratella
KERQUAD,ON22N,Spring,ROT,NS,W,D,50,43.3176666667,-78.9992166667,0.014390108184376048,16.7284993790083,0.18707140639688863,Keratella
KERQUAD,ON25,Spring,ROT,OS,W,D,137,43.51623333333333,-79.08041666666666,0,0,0,Keratella
KERQUAD,ON25,Summer,ROT,OS,W,D,137,43.51623333333333,-79.08041666666666,14.072134709117359,18275.0568674435,281.44269418234717,Keratella
KERQUAD,ON29N,Summer,ROT,NS,W,D,30.5,43.818216666666665,-78.86856666666667,0.5377460914708433,590.192955801275,10.754921829416867,Keratella
KERQUAD,ON33M,Spring,ROT,OS,W,D,140.9,43.597116666666665,-78.80105,0,0,0,Keratella
KERQUAD,ON33M,Summer,ROT,OS,W,D,140.9,43.597116666666665,-78.80105,0.8571368252254448,1192.28370063197,17.142736504508893,Keratella
KERQUAD,ON3528N,Spring,ROT,NS,W,D,72.8,43.4247666666667,-76.78933333333333,0.005538550288442036,7.86466297923613,0.28800461499898583,Keratella
KERQUAD,ON38N,Summer,ROT,NS,W,N,16.4,43.38325,-77.98985,0,0,0,Keratella
KERQUAD,ON41,Spring,ROT,OS,W,N,132.2,43.7167,-78.02745,0,0,0,Keratella
KERQUAD,ON41,Summer,ROT,OS,W,N,132.2,43.7167,-78.02745,0,0,0,Keratella
KERQUAD,ON43N,Spring,ROT,NS,E,N,28.3,43.8457,-76.9972,2.6003138093757167e-4,0.512370038122768,0.003640439333126003,Keratella
KERQUAD,ON43N,Summer,ROT,NS,E,N,28.3,43.8457,-76.9972,0,0,0,Keratella
KERQUAD,ON49,Spring,ROT,OS,E,D,51.5,43.77256666666667,-77.4417,0,0,0,Keratella
KERQUAD,ON49,Summer,ROT,OS,E,D,51.5,43.77256666666667,-77.4417,0.08277949427330894,142.460368641687,1.6555898854661788,Keratella
KERQUAD,ON55M,Spring,ROT,OS,E,D,198,43.4401,-77.4398,0,0,0,Keratella
KERQUAD,ON55M,Summer,ROT,OS,E,D,198,43.4401,-77.4398,0,0,0,Keratella
KERQUAD,ON60,Spring,ROT,OS,E,D,150,43.580416666666665,-77.19986666666667,0,0,0,Keratella
KERQUAD,ON60,Summer,ROT,OS,E,D,150,43.580416666666665,-77.19986666666667,0,0,0,Keratella
KERQUAD,ON61N,Spring,ROT,NS,E,N,51.9,43.7868,-77.1584,0,0,0,Keratella
KERQUAD,ON61N,Summer,ROT,NS,E,N,51.9,43.7868,-77.1584,0,0,0,Keratella
KERQUAD,ON62N,Spring,ROT,NS,E,N,16,43.949866666666665,-78.05011666666667,0,0,0,Keratella
KERQUAD,ON62N,Summer,ROT,NS,E,N,16,43.949866666666665,-78.05011666666667,0,0,0,Keratella
KERQUAD,ON63,Spring,ROT,OS,E,N,88,43.73155,-77.01718333333334,0,0,0,Keratella
KERQUAD,ON63,Summer,ROT,OS,E,N,88,43.73155,-77.01718333333334,0,0,0,Keratella
KERQUAD,ON65b,Summer,ROT,NS,E,N,23.1,43.30775,-76.95155,0.2980123316557777,320.945198319203,5.960246633115553,Keratella
KERQUAD,ON67b,Summer,ROT,NS,W,D,51.9,43.3742,-78.73016666666666,13.086387799784823,13790.1636845153,261.72775599569644,Keratella
KERQUAD,ON67N,Spring,ROT,NS,E,N,72.8,43.42476666666666,-76.78933333333333,0,0,0,Keratella
KERQUAD,ON67N,Summer,ROT,NS,E,N,72.8,43.42476666666666,-76.78933333333333,0,0,0,Keratella
KERQUAD,ON68b,Spring,ROT,NS,W,D,50.3,43.54885,-79.417,0,0,0,Keratella
KERQUAD,ON68b,Summer,ROT,NS,W,N,50,43.583666666666666,-79.41721666666666,0.9806594713190026,1463.59283993986,19.613189426380053,Keratella
KERQUAD,ON69b,Summer,ROT,NS,W,D,13.3,43.31863333333333,-78.99975,0,0,0,Keratella
KERQUAD,ON73N,Summer,ROT,NS,E,N,37.1,43.63238333333334,-76.28703333333333,0,0,0,Keratella
KERQUAD,ON84N,Spring,ROT,NS,E,N,35.1,43.886,-76.73413333333333,0,0,0,Keratella
KERQUAD,ON84N,Summer,ROT,NS,E,N,35.1,43.886,-76.73413333333333,0,0,0,Keratella
KERSP,ON12,Spring,ROT,OS,W,N,106.8,43.50398333333333,-79.35345,0,0,0,Keratella
KERSP,ON12,Summer,ROT,OS,W,N,106.8,43.50398333333333,-79.35345,0,0,0,Keratella
KERSP,ON17N,Spring,ROT,NS,W,N,35.1,43.886,-76.73413333333333,1.192555968750838e-4,2.93448294561222,0.001311811565625922,Keratella
KERSP,ON17N,Summer,ROT,NS,W,N,35.1,43.886,-76.73413333333333,0,0,0,Keratella
KERSP,ON22N,Spring,ROT,NS,W,D,50,43.3176666667,-78.9992166667,0,0,0,Keratella
KERSP,ON25,Spring,ROT,OS,W,D,137,43.51623333333333,-79.08041666666666,0,0,0,Keratella
KERSP,ON25,Summer,ROT,OS,W,D,137,43.51623333333333,-79.08041666666666,0,0,0,Keratella
KERSP,ON29N,Summer,ROT,NS,W,D,30.5,43.818216666666665,-78.86856666666667,0,0,0,Keratella
KERSP,ON33M,Spring,ROT,OS,W,D,140.9,43.597116666666665,-78.80105,0,0,0,Keratella
KERSP,ON33M,Summer,ROT,OS,W,D,140.9,43.597116666666665,-78.80105,0,0,0,Keratella
KERSP,ON3528N,Spring,ROT,NS,W,D,72.8,43.4247666666667,-76.78933333333333,0,0,0,Keratella
KERSP,ON38N,Summer,ROT,NS,W,N,16.4,43.38325,-77.98985,0,0,0,Keratella
KERSP,ON41,Spring,ROT,OS,W,N,132.2,43.7167,-78.02745,0,0,0,Keratella
KERSP,ON41,Summer,ROT,OS,W,N,132.2,43.7167,-78.02745,0,0,0,Keratella
KERSP,ON43N,Spring,ROT,NS,E,N,28.3,43.8457,-76.9972,4.7535161029041966e-5,1.5371101143683,6.654922544065875e-4,Keratella
KERSP,ON43N,Summer,ROT,NS,E,N,28.3,43.8457,-76.9972,0,0,0,Keratella
KERSP,ON49,Spring,ROT,OS,E,D,51.5,43.77256666666667,-77.4417,0,0,0,Keratella
KERSP,ON49,Summer,ROT,OS,E,D,51.5,43.77256666666667,-77.4417,0,0,0,Keratella
KERSP,ON55M,Spring,ROT,OS,E,D,198,43.4401,-77.4398,0,0,0,Keratella
KERSP,ON55M,Summer,ROT,OS,E,D,198,43.4401,-77.4398,0,0,0,Keratella
KERSP,ON60,Spring,ROT,OS,E,D,150,43.580416666666665,-77.19986666666667,0,0,0,Keratella
KERSP,ON60,Summer,ROT,OS,E,D,150,43.580416666666665,-77.19986666666667,0,0,0,Keratella
KERSP,ON61N,Spring,ROT,NS,E,N,51.9,43.7868,-77.1584,4.315225027595899e-5,1.01507271703567,0.0021576125137979497,Keratella
KERSP,ON61N,Summer,ROT,NS,E,N,51.9,43.7868,-77.1584,0,0,0,Keratella
KERSP,ON62N,Spring,ROT,NS,E,N,16,43.949866666666665,-78.05011666666667,1.256566318673391e-4,2.8692722134875,0.003518385692285495,Keratella
KERSP,ON62N,Summer,ROT,NS,E,N,16,43.949866666666665,-78.05011666666667,0,0,0,Keratella
KERSP,ON63,Spring,ROT,OS,E,N,88,43.73155,-77.01718333333334,0,0,0,Keratella
KERSP,ON63,Summer,ROT,OS,E,N,88,43.73155,-77.01718333333334,0,0,0,Keratella
KERSP,ON65b,Summer,ROT,NS,E,N,23.1,43.30775,-76.95155,0,0,0,Keratella
KERSP,ON67b,Summer,ROT,NS,W,D,51.9,43.3742,-78.73016666666666,0,0,0,Keratella
KERSP,ON67N,Spring,ROT,NS,E,N,72.8,43.42476666666666,-76.78933333333333,0,0,0,Keratella
KERSP,ON67N,Summer,ROT,NS,E,N,72.8,43.42476666666666,-76.78933333333333,0,0,0,Keratella
KERSP,ON68b,Spring,ROT,NS,W,D,50.3,43.54885,-79.417,1.3955336357400545e-4,3.6597859865912,0.006698561451552262,Keratella
KERSP,ON68b,Summer,ROT,NS,W,D,50.3,43.54885,-79.417,0,0,0,Keratella
KERSP,ON69b,Summer,ROT,NS,W,D,13.3,43.31863333333333,-78.99975,0,0,0,Keratella
KERSP,ON73N,Summer,ROT,NS,E,N,37.1,43.63238333333334,-76.28703333333333,0,0,0,Keratella
KERSP,ON84N,Spring,ROT,NS,W,D,10.7,43.225,-79.27176666666666,7.503260122035575e-5,1.96825075620332,0.002626141042712451,Keratella
KERSP,ON84N,Summer,ROT,NS,W,D,10.7,43.225,-79.27176666666666,0,0,0,Keratella
LECFLEX,ON12,Spring,ROT,OS,W,N,106.8,43.50398333333333,-79.35345,0,0,0,Lecane
LECFLEX,ON12,Summer,ROT,OS,W,N,106.8,43.50398333333333,-79.35345,0,0,0,Lecane
LECFLEX,ON17N,Spring,ROT,NS,W,N,35.1,43.886,-76.73413333333333,8.187398893270295e-5,1.46724147280611,9.006138782597324e-4,Lecane
LECFLEX,ON17N,Summer,ROT,NS,W,N,35.1,43.886,-76.73413333333333,0,0,0,Lecane
LECFLEX,ON22N,Spring,ROT,NS,W,D,50,43.3176666667,-78.9992166667,0,0,0,Lecane
LECFLEX,ON25,Spring,ROT,OS,W,D,137,43.51623333333333,-79.08041666666666,0,0,0,Lecane
LECFLEX,ON25,Summer,ROT,OS,W,D,137,43.51623333333333,-79.08041666666666,0,0,0,Lecane
LECFLEX,ON29N,Summer,ROT,NS,W,D,30.5,43.818216666666665,-78.86856666666667,0,0,0,Lecane
LECFLEX,ON33M,Spring,ROT,OS,W,D,140.9,43.597116666666665,-78.80105,0,0,0,Lecane
LECFLEX,ON33M,Summer,ROT,OS,W,D,140.9,43.597116666666665,-78.80105,0,0,0,Lecane
LECFLEX,ON3528N,Spring,ROT,NS,W,D,72.8,43.4247666666667,-76.78933333333333,0,0,0,Lecane
LECFLEX,ON38N,Summer,ROT,NS,W,N,16.4,43.38325,-77.98985,0,0,0,Lecane
LECFLEX,ON41,Spring,ROT,OS,W,N,132.2,43.7167,-78.02745,0,0,0,Lecane
LECFLEX,ON41,Summer,ROT,OS,W,N,132.2,43.7167,-78.02745,0,0,0,Lecane
LECFLEX,ON43N,Spring,ROT,NS,E,N,28.3,43.8457,-76.9972,0,0,0,Lecane
LECFLEX,ON43N,Summer,ROT,NS,E,N,28.3,43.8457,-76.9972,0,0,0,Lecane
LECFLEX,ON49,Spring,ROT,OS,E,D,51.5,43.77256666666667,-77.4417,0,0,0,Lecane
LECFLEX,ON49,Summer,ROT,OS,E,D,51.5,43.77256666666667,-77.4417,0,0,0,Lecane
LECFLEX,ON55M,Spring,ROT,OS,E,D,198,43.4401,-77.4398,0,0,0,Lecane
LECFLEX,ON55M,Summer,ROT,OS,E,D,198,43.4401,-77.4398,0,0,0,Lecane
LECFLEX,ON60,Spring,ROT,OS,E,D,150,43.580416666666665,-77.19986666666667,0,0,0,Lecane
LECFLEX,ON60,Summer,ROT,OS,E,D,150,43.580416666666665,-77.19986666666667,0,0,0,Lecane
LECFLEX,ON61N,Spring,ROT,NS,E,N,51.9,43.7868,-77.1584,0,0,0,Lecane
LECFLEX,ON61N,Summer,ROT,NS,E,N,51.9,43.7868,-77.1584,0,0,0,Lecane
LECFLEX,ON62N,Spring,ROT,NS,E,N,16,43.949866666666665,-78.05011666666667,0,0,0,Lecane
LECFLEX,ON62N,Summer,ROT,NS,E,N,16,43.949866666666665,-78.05011666666667,0,0,0,Lecane
LECFLEX,ON63,Spring,ROT,OS,E,N,88,43.73155,-77.01718333333334,0,0,0,Lecane
LECFLEX,ON63,Summer,ROT,OS,E,N,88,43.73155,-77.01718333333334,0,0,0,Lecane
LECFLEX,ON65b,Summer,ROT,NS,E,N,23.1,43.30775,-76.95155,0,0,0,Lecane
LECFLEX,ON67b,Summer,ROT,NS,W,D,51.9,43.3742,-78.73016666666666,0,0,0,Lecane
LECFLEX,ON67N,Spring,ROT,NS,E,N,72.8,43.42476666666666,-76.78933333333333,0,0,0,Lecane
LECFLEX,ON67N,Summer,ROT,NS,E,N,72.8,43.42476666666666,-76.78933333333333,0,0,0,Lecane
LECFLEX,ON68b,Spring,ROT,NS,W,D,50.3,43.54885,-79.417,0,0,0,Lecane
LECFLEX,ON68b,Summer,ROT,NS,W,D,50.3,43.54885,-79.417,0,0,0,Lecane
LECFLEX,ON69b,Summer,ROT,NS,W,D,13.3,43.31863333333333,-78.99975,0,0,0,Lecane
LECFLEX,ON73N,Summer,ROT,NS,E,N,37.1,43.63238333333334,-76.28703333333333,0,0,0,Lecane
LECFLEX,ON84N,Spring,ROT,NS,W,D,10.7,43.225,-79.27176666666666,0,0,0,Lecane
LECFLEX,ON84N,Summer,ROT,NS,W,D,10.7,43.225,-79.27176666666666,0,0,0,Lecane
LECSP,ON12,Spring,ROT,OS,W,D,106.8,43.50398333333333,-79.35345,2.665476e-4,2.86927221,0.005330952,Lecane
LECSP,ON12,Summer,ROT,OS,W,D,106.8,43.50398333333333,-79.35345,0,0,0,Lecane
LECSP,ON17N,Spring,ROT,NS,W,N,35.1,43.886,-76.73413333333333,0,0,0,Lecane
LECSP,ON17N,Summer,ROT,NS,W,N,35.1,43.886,-76.73413333333333,0,0,0,Lecane
LECSP,ON22N,Spring,ROT,NS,W,D,50,43.3176666667,-78.9992166667,0,0,0,Lecane
LECSP,ON25,Spring,ROT,OS,W,D,137,43.51623333333333,-79.08041666666666,0,0,0,Lecane
LECSP,ON25,Summer,ROT,OS,W,D,137,43.51623333333333,-79.08041666666666,0,0,0,Lecane
LECSP,ON29N,Summer,ROT,NS,W,D,30.5,43.818216666666665,-78.86856666666667,0,0,0,Lecane
LECSP,ON33M,Spring,ROT,OS,W,D,140.9,43.597116666666665,-78.80105,0,0,0,Lecane
LECSP,ON33M,Summer,ROT,OS,W,D,140.9,43.597116666666665,-78.80105,0,0,0,Lecane
LECSP,ON3528N,Spring,ROT,NS,W,D,72.8,43.4247666666667,-76.78933333333333,0,0,0,Lecane
LECSP,ON38N,Summer,ROT,NS,W,N,16.4,43.38325,-77.98985,0,0,0,Lecane
LECSP,ON41,Spring,ROT,OS,W,N,132.2,43.7167,-78.02745,0,0,0,Lecane
LECSP,ON41,Summer,ROT,OS,W,N,132.2,43.7167,-78.02745,0,0,0,Lecane
LECSP,ON43N,Spring,ROT,NS,E,N,28.3,43.8457,-76.9972,0,0,0,Lecane
LECSP,ON43N,Summer,ROT,NS,E,N,28.3,43.8457,-76.9972,0,0,0,Lecane
LECSP,ON49,Spring,ROT,OS,E,N,51.5,43.77256666666667,-77.4417,1.0279210000000001e-4,2.62284662,0.002055842,Lecane
LECSP,ON49,Summer,ROT,OS,E,N,51.5,43.77256666666667,-77.4417,0,0,0,Lecane
LECSP,ON55M,Spring,ROT,OS,E,D,198,43.4401,-77.4398,0,0,0,Lecane
LECSP,ON55M,Summer,ROT,OS,E,D,198,43.4401,-77.4398,0,0,0,Lecane
LECSP,ON60,Spring,ROT,OS,E,D,150,43.580416666666665,-77.19986666666667,0,0,0,Lecane
LECSP,ON60,Summer,ROT,OS,E,D,150,43.580416666666665,-77.19986666666667,0,0,0,Lecane
LECSP,ON61N,Spring,ROT,NS,E,N,51.9,43.7868,-77.1584,0,0,0,Lecane
LECSP,ON61N,Summer,ROT,NS,E,N,51.9,43.7868,-77.1584,0,0,0,Lecane
LECSP,ON62N,Spring,ROT,NS,E,N,16,43.949866666666665,-78.05011666666667,0,0,0,Lecane
LECSP,ON62N,Summer,ROT,NS,E,N,16,43.949866666666665,-78.05011666666667,0,0,0,Lecane
LECSP,ON63,Spring,ROT,OS,E,N,88,43.73155,-77.01718333333334,0,0,0,Lecane
LECSP,ON63,Summer,ROT,OS,E,N,88,43.73155,-77.01718333333334,0,0,0,Lecane
LECSP,ON65b,Summer,ROT,NS,E,N,23.1,43.30775,-76.95155,0,0,0,Lecane
LECSP,ON67b,Summer,ROT,NS,W,D,51.9,43.3742,-78.73016666666666,0,0,0,Lecane
LECSP,ON67N,Spring,ROT,NS,E,N,72.8,43.42476666666666,-76.78933333333333,0,0,0,Lecane
LECSP,ON67N,Summer,ROT,NS,E,N,72.8,43.42476666666666,-76.78933333333333,0,0,0,Lecane
LECSP,ON68b,Spring,ROT,NS,W,D,50.3,43.54885,-79.417,0,0,0,Lecane
LECSP,ON68b,Summer,ROT,NS,W,D,50.3,43.54885,-79.417,0,0,0,Lecane
LECSP,ON69b,Summer,ROT,NS,W,D,13.3,43.31863333333333,-78.99975,0,0,0,Lecane
LECSP,ON73N,Summer,ROT,NS,E,N,37.1,43.63238333333334,-76.28703333333333,0,0,0,Lecane
LECSP,ON84N,Spring,ROT,NS,W,D,10.7,43.225,-79.27176666666666,0,0,0,Lecane
LECSP,ON84N,Summer,ROT,NS,W,D,10.7,43.225,-79.27176666666666,0,0,0,Lecane
LEOASHL,ON12,Spring,CAL,OS,W,D,106.8,43.50398333333333,-79.35345,0.1484738349539485,1.912848142325,2.9694766990789696,NA
LEOASHL,ON12,Summer,CAL,OS,W,D,106.8,43.50398333333333,-79.35345,0,0,0,NA
LEOASHL,ON17N,Spring,CAL,NS,W,N,35.1,43.886,-76.73413333333333,0,0,0,NA
LEOASHL,ON17N,Summer,CAL,NS,W,N,35.1,43.886,-76.73413333333333,0,0,0,NA
LEOASHL,ON22N,Spring,CAL,NS,W,D,50,43.3176666667,-78.9992166667,0.1856824078549079,3.81409785841389,2.4138713021138027,NA
LEOASHL,ON25,Spring,CAL,OS,W,D,137,43.51623333333333,-79.08041666666666,0,0,0,NA
LEOASHL,ON25,Summer,CAL,OS,W,D,137,43.51623333333333,-79.08041666666666,0,0,0,NA
LEOASHL,ON29N,Summer,CAL,NS,W,D,30.5,43.818216666666665,-78.86856666666667,0,0,0,NA
LEOASHL,ON33M,Spring,CAL,OS,W,D,140.9,43.597116666666665,-78.80105,0,0,0,NA
LEOASHL,ON33M,Summer,CAL,OS,W,D,140.9,43.597116666666665,-78.80105,0,0,0,NA
LEOASHL,ON3528N,Spring,CAL,NS,W,D,72.8,43.4247666666667,-76.78933333333333,0.07872519531796936,1.97566413004966,4.0937101565344065,NA
LEOASHL,ON38N,Summer,CAL,NS,W,N,16.4,43.38325,-77.98985,0,0,0,NA
LEOASHL,ON41,Spring,CAL,OS,W,N,132.2,43.7167,-78.02745,0,0,0,NA
LEOASHL,ON41,Summer,CAL,OS,W,N,132.2,43.7167,-78.02745,0,0,0,NA
LEOASHL,ON43N,Spring,CAL,NS,E,N,28.3,43.8457,-76.9972,0,0,0,NA
LEOASHL,ON43N,Summer,CAL,NS,E,N,28.3,43.8457,-76.9972,0,0,0,NA
LEOASHL,ON49,Spring,CAL,OS,E,N,51.5,43.77256666666667,-77.4417,0,0,0,NA
LEOASHL,ON49,Summer,CAL,OS,E,N,51.5,43.77256666666667,-77.4417,0,0,0,NA
LEOASHL,ON55M,Spring,CAL,OS,E,D,198,43.4401,-77.4398,0,0,0,NA
LEOASHL,ON55M,Summer,CAL,OS,E,D,198,43.4401,-77.4398,0,0,0,NA
LEOASHL,ON60,Spring,CAL,OS,E,D,150,43.580416666666665,-77.19986666666667,0,0,0,NA
LEOASHL,ON60,Summer,CAL,OS,E,D,150,43.580416666666665,-77.19986666666667,0,0,0,NA
LEOASHL,ON61N,Spring,CAL,NS,E,N,51.9,43.7868,-77.1584,0,0,0,NA
LEOASHL,ON61N,Summer,CAL,NS,E,N,51.9,43.7868,-77.1584,0,0,0,NA
LEOASHL,ON62N,Spring,CAL,NS,E,N,16,43.949866666666665,-78.05011666666667,0,0,0,NA
LEOASHL,ON62N,Summer,CAL,NS,E,N,16,43.949866666666665,-78.05011666666667,0,0,0,NA
LEOASHL,ON63,Spring,CAL,OS,E,N,88,43.73155,-77.01718333333334,0.07542802248441506,1.01747241613032,1.5085604496883014,NA
LEOASHL,ON63,Summer,CAL,OS,E,N,88,43.73155,-77.01718333333334,0,0,0,NA
LEOASHL,ON65b,Summer,CAL,NS,E,N,23.1,43.30775,-76.95155,1.6299882952943523,34.9328107014099,32.59976590588704,NA
LEOASHL,ON67b,Summer,CAL,NS,W,D,51.9,43.3742,-78.73016666666666,0,0,0,NA
LEOASHL,ON67N,Spring,CAL,NS,E,N,72.8,43.42476666666666,-76.78933333333333,0,0,0,NA
LEOASHL,ON67N,Summer,CAL,NS,E,N,72.8,43.42476666666666,-76.78933333333333,0,0,0,NA
LEOASHL,ON68b,Spring,CAL,NS,W,D,50.3,43.54885,-79.417,0,0,0,NA
LEOASHL,ON68b,Summer,CAL,NS,W,N,50,43.583666666666666,-79.41721666666666,2.7472079676346173,63.9822006531086,54.94415935269235,NA
LEOASHL,ON69b,Summer,CAL,NS,W,D,13.3,43.31863333333333,-78.99975,0,0,0,NA
LEOASHL,ON73N,Summer,CAL,NS,E,N,37.1,43.63238333333334,-76.28703333333333,0,0,0,NA
LEOASHL,ON84N,Spring,CAL,NS,W,D,10.7,43.225,-79.27176666666666,0,0,0,NA
LEOASHL,ON84N,Summer,CAL,NS,W,D,10.7,43.225,-79.27176666666666,0,0,0,NA
LEOMINU,ON12,Spring,CAL,OS,W,D,106.8,43.50398333333333,-79.35345,1.1272451917186377,19.12848142325,22.544903834372754,NA
LEOMINU,ON12,Summer,CAL,OS,W,N,106.8,43.50398333333333,-79.35345,11.696491628485,276.286775547514,233.92983256969998,NA
LEOMINU,ON17N,Spring,CAL,NS,W,N,35.1,43.886,-76.73413333333333,0.879415306862034,18.7806908519182,9.673568375482374,NA
LEOMINU,ON17N,Summer,CAL,NS,W,N,10.7,43.225,-79.27176666666666,3.027480117957881,56.7006442354974,60.54960235915762,NA
LEOMINU,ON22N,Spring,CAL,NS,W,D,50,43.3176666667,-78.9992166667,0.0796693369847901,1.90704892920695,1.0357013808022715,NA
LEOMINU,ON25,Spring,CAL,OS,W,D,137,43.51623333333333,-79.08041666666666,1.8324716214939951,30.7719048982718,36.6494324298799,NA
LEOMINU,ON25,Summer,CAL,OS,W,D,137,43.51623333333333,-79.08041666666666,1.4245602531268942,42.8049933946853,28.491205062537883,NA
LEOMINU,ON29N,Summer,CAL,NS,W,D,30.5,43.818216666666665,-78.86856666666667,8.546560017631052,217.082466501619,170.931200352621,NA
LEOMINU,ON33M,Spring,CAL,OS,W,D,140.9,43.597116666666665,-78.80105,0.1415700714420171,3.2421154954661,2.8314014288403424,NA
LEOMINU,ON33M,Summer,CAL,OS,W,D,140.9,43.597116666666665,-78.80105,0,0,0,NA
LEOMINU,ON3528N,Spring,CAL,NS,W,D,72.8,43.4247666666667,-76.78933333333333,1.1863615772018352,25.6836336906455,61.69080201449543,NA
LEOMINU,ON38N,Summer,CAL,NS,W,N,16.4,43.38325,-77.98985,2.614568210418008,59.5912653141698,52.291364208360164,NA
LEOMINU,ON41,Spring,CAL,OS,W,N,132.2,43.7167,-78.02745,5.751023626030336,106.834603693684,115.02047252060673,NA
LEOMINU,ON41,Summer,CAL,OS,W,N,132.2,43.7167,-78.02745,9.842710006287726,253.262877585222,196.85420012575455,NA
LEOMINU,ON43N,Spring,CAL,NS,E,N,28.3,43.8457,-76.9972,0,0,0,NA
LEOMINU,ON43N,Summer,CAL,NS,W,N,16,43.949866666666665,-78.05011666666667,30.526880249490258,690.716938868786,610.5376049898052,NA
LEOMINU,ON49,Spring,CAL,OS,E,N,51.5,43.77256666666667,-77.4417,0.5122510247343327,9.75942929757654,10.245020494686653,NA
LEOMINU,ON49,Summer,CAL,OS,E,D,51.5,43.77256666666667,-77.4417,9.759582936918497,250.283314319513,195.19165873836994,NA
LEOMINU,ON55M,Spring,CAL,OS,E,D,198,43.4401,-77.4398,13.163424928111727,251.936096794025,263.2684985622345,NA
LEOMINU,ON55M,Summer,CAL,OS,E,D,198,43.4401,-77.4398,22.62590416735056,606.436798621494,452.5180833470112,NA
LEOMINU,ON60,Spring,CAL,OS,E,D,150,43.580416666666665,-77.19986666666667,2.455485872900307,42.1475014410593,49.109717458006145,NA
LEOMINU,ON60,Summer,CAL,OS,E,D,150,43.580416666666665,-77.19986666666667,31.326992035697376,883.25428557846,626.5398407139475,NA
LEOMINU,ON61N,Spring,CAL,NS,E,N,51.9,43.7868,-77.1584,0.23428368714233572,5.32913176443728,11.714184357116785,NA
LEOMINU,ON61N,Summer,CAL,NS,E,N,51.9,43.7868,-77.1584,48.399559299668056,1239.26689614516,967.991185993361,NA
LEOMINU,ON62N,Spring,CAL,NS,E,N,16,43.949866666666665,-78.05011666666667,0.20667668487200444,4.16044470955688,5.786947176416124,NA
LEOMINU,ON62N,Summer,CAL,NS,E,N,28.3,43.8457,-76.9972,71.43687606619046,2097.01662640564,1428.7375213238092,NA
LEOMINU,ON63,Spring,CAL,OS,E,N,88,43.73155,-77.01718333333334,6.434328257930595,106.834603693684,128.68656515861187,NA
LEOMINU,ON63,Summer,CAL,OS,E,N,88,43.73155,-77.01718333333334,81.16325237763812,2185.69332710534,1623.2650475527623,NA
LEOMINU,ON65b,Summer,CAL,NS,E,N,23.1,43.30775,-76.95155,16.13199397226512,419.193728416919,322.63987944530237,NA
LEOMINU,ON67b,Summer,CAL,NS,W,D,51.9,43.3742,-78.73016666666666,0,0,0,NA
LEOMINU,ON67N,Spring,CAL,NS,E,D,74,43.4082833333,-76.7890833333,3.9634313832180936,82.8887880891442,281.40362820848463,NA
LEOMINU,ON67N,Summer,CAL,NS,E,N,72.8,43.42476666666666,-76.78933333333333,15.1754026153288,366.794512364804,303.508052306576,NA
LEOMINU,ON68b,Spring,CAL,NS,W,N,50,43.583666666666666,-79.41721666666666,0,0,0,NA
LEOMINU,ON68b,Summer,CAL,NS,W,N,50,43.583666666666666,-79.41721666666666,0,0,0,NA
LEOMINU,ON69b,Summer,CAL,NS,W,D,13.3,43.31863333333333,-78.99975,0.19306019970787683,6.12732768351343,3.861203994157537,NA
LEOMINU,ON73N,Summer,CAL,NS,E,N,37.1,43.63238333333334,-76.28703333333333,56.9407802165855,1367.6195389602,1138.81560433171,NA
LEOMINU,ON84N,Spring,CAL,NS,W,D,10.7,43.225,-79.27176666666666,0.5252680573856321,9.84125378101658,18.38438200849712,NA
LEOMINU,ON84N,Summer,CAL,NS,E,N,35.1,43.886,-76.73413333333333,59.57146280605194,1751.98320023659,1191.4292561210389,NA
LEOSICI,ON12,Spring,CAL,OS,W,D,106.8,43.50398333333333,-79.35345,1.981994553781314,17.215633280925,39.63989107562628,NA
LEOSICI,ON12,Summer,CAL,OS,W,D,106.8,43.50398333333333,-79.35345,0,0,0,NA
LEOSICI,ON17N,Spring,CAL,NS,W,N,35.1,43.886,-76.73413333333333,8.95929284442192,87.6432239756182,98.55222128864112,NA
LEOSICI,ON17N,Summer,CAL,NS,W,N,35.1,43.886,-76.73413333333333,0,0,0,NA
LEOSICI,ON22N,Spring,CAL,NS,W,D,50,43.3176666667,-78.9992166667,0,0,0,NA
LEOSICI,ON25,Spring,CAL,OS,W,D,137,43.51623333333333,-79.08041666666666,10.73727733310187,87.3256760626631,214.74554666203738,NA
LEOSICI,ON25,Summer,CAL,OS,W,D,137,43.51623333333333,-79.08041666666666,0,0,0,NA
LEOSICI,ON29N,Summer,CAL,NS,W,D,30.5,43.818216666666665,-78.86856666666667,0,0,0,NA
LEOSICI,ON33M,Spring,CAL,OS,W,D,140.9,43.597116666666665,-78.80105,6.8627012554638736,100.505580359449,137.25402510927745,NA
LEOSICI,ON33M,Summer,CAL,OS,W,D,140.9,43.597116666666665,-78.80105,8.021702705123518,93.5124471083895,160.43405410247036,NA
LEOSICI,ON3528N,Spring,CAL,NS,W,D,72.8,43.4247666666667,-76.78933333333333,0.6832510416234409,7.90265652019863,35.52905416441892,NA
LEOSICI,ON38N,Summer,CAL,NS,W,N,16.4,43.38325,-77.98985,0,0,0,NA
LEOSICI,ON41,Spring,CAL,OS,W,N,132.2,43.7167,-78.02745,21.592692579577662,189.24986940024,431.8538515915532,NA
LEOSICI,ON41,Summer,CAL,OS,W,N,132.2,43.7167,-78.02745,6.731430770812774,50.6525755170443,134.62861541625549,NA
LEOSICI,ON43N,Spring,CAL,NS,E,N,28.3,43.8457,-76.9972,4.676198743218071,44.8323783357422,65.466782405053,NA
LEOSICI,ON43N,Summer,CAL,NS,E,N,28.3,43.8457,-76.9972,0,0,0,NA
LEOSICI,ON49,Spring,CAL,OS,E,N,51.5,43.77256666666667,-77.4417,30.31916458537738,289.855050138023,606.3832917075476,NA
LEOSICI,ON49,Summer,CAL,OS,E,N,51.5,43.77256666666667,-77.4417,0,0,0,NA
LEOSICI,ON55M,Spring,CAL,OS,E,D,198,43.4401,-77.4398,9.738511518801378,74.6477323834147,194.77023037602754,NA
LEOSICI,ON55M,Summer,CAL,OS,E,D,198,43.4401,-77.4398,0,0,0,NA
LEOSICI,ON60,Spring,CAL,OS,E,D,150,43.580416666666665,-77.19986666666667,6.613972594672783,55.1159634229238,132.27945189345567,NA
LEOSICI,ON60,Summer,CAL,OS,E,D,150,43.580416666666665,-77.19986666666667,0,0,0,NA
LEOSICI,ON61N,Spring,CAL,NS,E,N,51.9,43.7868,-77.1584,20.07562507483704,175.86134822643,1003.781253741852,NA
LEOSICI,ON61N,Summer,CAL,NS,E,N,51.9,43.7868,-77.1584,2.979702610434933,44.2595320051844,59.594052208698656,NA
LEOSICI,ON62N,Spring,CAL,NS,E,N,16,43.949866666666665,-78.05011666666667,8.907925997147549,79.0484494815806,249.42192792013134,NA
LEOSICI,ON62N,Summer,CAL,NS,E,N,16,43.949866666666665,-78.05011666666667,0,0,0,NA
LEOSICI,ON63,Spring,CAL,OS,E,N,88,43.73155,-77.01718333333334,2.417107600609607,19.3319759064761,48.342152012192145,NA
LEOSICI,ON63,Summer,CAL,OS,E,N,88,43.73155,-77.01718333333334,0,0,0,NA
LEOSICI,ON65b,Summer,CAL,NS,E,N,23.1,43.30775,-76.95155,0,0,0,NA
LEOSICI,ON67b,Summer,CAL,NS,W,D,51.9,43.3742,-78.73016666666666,0,0,0,NA
LEOSICI,ON67N,Spring,CAL,NS,E,D,74,43.4082833333,-76.7890833333,2.229117312869476,22.6060331152212,158.26732921373278,NA
LEOSICI,ON67N,Summer,CAL,NS,E,D,74,43.4082833333,-76.7890833333,0,0,0,NA
LEOSICI,ON68b,Spring,CAL,NS,W,N,50,43.583666666666666,-79.41721666666666,0,0,0,NA
LEOSICI,ON68b,Summer,CAL,NS,W,N,50,43.583666666666666,-79.41721666666666,0,0,0,NA
LEOSICI,ON69b,Summer,CAL,NS,W,D,13.3,43.31863333333333,-78.99975,0,0,0,NA
LEOSICI,ON73N,Summer,CAL,NS,E,N,37.1,43.63238333333334,-76.28703333333333,0,0,0,NA
LEOSICI,ON84N,Spring,CAL,NS,W,D,10.7,43.225,-79.27176666666666,25.955577432296305,223.068419036376,908.4452101303707,NA
LEOSICI,ON84N,Summer,CAL,NS,W,D,10.7,43.225,-79.27176666666666,0,0,0,NA
LEOSICO,ON12,Spring,CAL,OS,W,D,106.8,43.50398333333333,-79.35345,0,0,0,NA
LEOSICO,ON12,Summer,CAL,OS,W,D,106.8,43.50398333333333,-79.35345,0,0,0,NA
LEOSICO,ON17N,Spring,CAL,NS,W,N,35.1,43.886,-76.73413333333333,1.0709341322815218,18.7806908519182,11.780275455096739,NA
LEOSICO,ON17N,Summer,CAL,NS,W,N,35.1,43.886,-76.73413333333333,0,0,0,NA
LEOSICO,ON22N,Spring,CAL,NS,W,D,50,43.3176666667,-78.9992166667,0,0,0,NA
LEOSICO,ON25,Spring,CAL,OS,W,D,137,43.51623333333333,-79.08041666666666,0,0,0,NA
LEOSICO,ON25,Summer,CAL,OS,W,D,137,43.51623333333333,-79.08041666666666,1.7104605656421705,42.8049933946853,34.20921131284341,NA
LEOSICO,ON29N,Summer,CAL,NS,W,D,30.5,43.818216666666665,-78.86856666666667,0,0,0,NA
LEOSICO,ON33M,Spring,CAL,OS,W,D,140.9,43.597116666666665,-78.80105,0,0,0,NA
LEOSICO,ON33M,Summer,CAL,OS,W,D,140.9,43.597116666666665,-78.80105,0,0,0,NA
LEOSICO,ON3528N,Spring,CAL,NS,W,D,72.8,43.4247666666667,-76.78933333333333,0,0,0,NA
LEOSICO,ON38N,Summer,CAL,NS,W,N,16.4,43.38325,-77.98985,0,0,0,NA
LEOSICO,ON41,Spring,CAL,OS,W,N,132.2,43.7167,-78.02745,0,0,0,NA
LEOSICO,ON41,Summer,CAL,OS,W,N,132.2,43.7167,-78.02745,0,0,0,NA
LEOSICO,ON43N,Spring,CAL,NS,E,N,28.3,43.8457,-76.9972,0,0,0,NA
LEOSICO,ON43N,Summer,CAL,NS,E,N,28.3,43.8457,-76.9972,0,0,0,NA
LEOSICO,ON49,Spring,CAL,OS,E,N,51.5,43.77256666666667,-77.4417,0,0,0,NA
LEOSICO,ON49,Summer,CAL,OS,E,N,51.5,43.77256666666667,-77.4417,0,0,0,NA
LEOSICO,ON55M,Spring,CAL,OS,E,D,198,43.4401,-77.4398,0,0,0,NA
LEOSICO,ON55M,Summer,CAL,OS,E,D,198,43.4401,-77.4398,0,0,0,NA
LEOSICO,ON60,Spring,CAL,OS,E,D,150,43.580416666666665,-77.19986666666667,0,0,0,NA
LEOSICO,ON60,Summer,CAL,OS,E,D,150,43.580416666666665,-77.19986666666667,0,0,0,NA
LEOSICO,ON61N,Spring,CAL,NS,E,N,51.9,43.7868,-77.1584,0,0,0,NA
LEOSICO,ON61N,Summer,CAL,NS,E,N,51.9,43.7868,-77.1584,0,0,0,NA
LEOSICO,ON62N,Spring,CAL,NS,E,N,16,43.949866666666665,-78.05011666666667,0,0,0,NA
LEOSICO,ON62N,Summer,CAL,NS,E,N,16,43.949866666666665,-78.05011666666667,0,0,0,NA
LEOSICO,ON63,Spring,CAL,OS,E,N,88,43.73155,-77.01718333333334,0,0,0,NA
LEOSICO,ON63,Summer,CAL,OS,E,N,88,43.73155,-77.01718333333334,0,0,0,NA
LEOSICO,ON65b,Summer,CAL,NS,E,N,23.1,43.30775,-76.95155,0,0,0,NA
LEOSICO,ON67b,Summer,CAL,NS,W,D,51.9,43.3742,-78.73016666666666,0,0,0,NA
LEOSICO,ON67N,Spring,CAL,NS,E,D,74,43.4082833333,-76.7890833333,0,0,0,NA
LEOSICO,ON67N,Summer,CAL,NS,E,D,74,43.4082833333,-76.7890833333,0,0,0,NA
LEOSICO,ON68b,Spring,CAL,NS,W,N,50,43.583666666666666,-79.41721666666666,0,0,0,NA
LEOSICO,ON68b,Summer,CAL,NS,W,N,50,43.583666666666666,-79.41721666666666,0,0,0,NA
LEOSICO,ON69b,Summer,CAL,NS,W,D,13.3,43.31863333333333,-78.99975,0,0,0,NA
LEOSICO,ON73N,Summer,CAL,NS,E,N,37.1,43.63238333333334,-76.28703333333333,0,0,0,NA
LEOSICO,ON84N,Spring,CAL,NS,W,D,10.7,43.225,-79.27176666666666,0,0,0,NA
LEOSICO,ON84N,Summer,CAL,NS,W,D,10.7,43.225,-79.27176666666666,0,0,0,NA
LETKIND,ON12,Spring,PRED,OS,W,D,106.8,43.50398333333333,-79.35345,0,0,0,NA
LETKIND,ON12,Summer,PRED,OS,W,N,106.8,43.50398333333333,-79.35345,17.051846889436728,355.225854275376,341.0369377887346,NA
LETKIND,ON17N,Spring,PRED,NS,W,N,35.1,43.886,-76.73413333333333,0,0,0,NA
LETKIND,ON17N,Summer,PRED,NS,W,N,10.7,43.225,-79.27176666666666,2.0681447569298212,24.3002761009274,41.36289513859642,NA
LETKIND,ON22N,Spring,PRED,NS,W,D,50,43.3176666667,-78.9992166667,0,0,0,NA
LETKIND,ON25,Spring,PRED,OS,W,D,137,43.51623333333333,-79.08041666666666,0,0,0,NA
LETKIND,ON25,Summer,PRED,OS,W,D,137,43.51623333333333,-79.08041666666666,0,0,0,NA
LETKIND,ON29N,Summer,PRED,NS,W,D,30.5,43.818216666666665,-78.86856666666667,6.7771966978023706,93.0353427864079,135.5439339560474,NA
LETKIND,ON33M,Spring,PRED,OS,W,D,140.9,43.597116666666665,-78.80105,0,0,0,NA
LETKIND,ON33M,Summer,PRED,OS,W,D,140.9,43.597116666666665,-78.80105,0.28790386911374416,40.0767630464526,5.758077382274884,NA
LETKIND,ON3528N,Spring,PRED,NS,W,D,72.8,43.4247666666667,-76.78933333333333,0,0,0,NA
LETKIND,ON38N,Summer,PRED,NS,W,N,16.4,43.38325,-77.98985,1.322921221581271,51.0782274121455,26.458424431625417,NA
LETKIND,ON41,Spring,PRED,OS,W,N,132.2,43.7167,-78.02745,0,0,0,NA
LETKIND,ON41,Summer,PRED,OS,W,N,132.2,43.7167,-78.02745,35.994545755617025,466.72730297848,719.8909151123404,NA
LETKIND,ON43N,Spring,PRED,NS,E,N,28.3,43.8457,-76.9972,0,0,0,NA
LETKIND,ON43N,Summer,PRED,NS,W,N,16,43.949866666666665,-78.05011666666667,0.9316355970861602,44.403231784422,18.632711941723205,NA
LETKIND,ON49,Spring,PRED,OS,E,N,51.5,43.77256666666667,-77.4417,0,0,0,NA
LETKIND,ON49,Summer,PRED,OS,E,D,51.5,43.77256666666667,-77.4417,9.9159005330684309,137.911214012793,198.31801066136862,NA
LETKIND,ON55M,Spring,PRED,OS,E,D,198,43.4401,-77.4398,0,0,0,NA
LETKIND,ON55M,Summer,PRED,OS,E,D,198,43.4401,-77.4398,16.133510253608012,425.202812826565,322.67020507216023,NA
LETKIND,ON60,Spring,PRED,OS,E,D,150,43.580416666666665,-77.19986666666667,0,0,0,NA
LETKIND,ON60,Summer,PRED,OS,E,D,150,43.580416666666665,-77.19986666666667,16.454840708434972,474.867895472291,329.09681416869944,NA
LETKIND,ON61N,Spring,PRED,NS,E,N,51.9,43.7868,-77.1584,0,0,0,NA
LETKIND,ON61N,Summer,PRED,NS,E,N,51.9,43.7868,-77.1584,57.34680254322865,2832.6100483318,1146.936050864573,NA
LETKIND,ON62N,Spring,PRED,NS,E,N,16,43.949866666666665,-78.05011666666667,0,0,0,NA
LETKIND,ON62N,Summer,PRED,NS,E,N,28.3,43.8457,-76.9972,18.918048652394663,729.397087445438,378.36097304789325,NA
LETKIND,ON63,Spring,PRED,OS,E,N,88,43.73155,-77.01718333333334,0,0,0,NA
LETKIND,ON63,Summer,PRED,OS,E,N,88,43.73155,-77.01718333333334,35.01901710259929,1436.31275781208,700.3803420519857,NA
LETKIND,ON65b,Summer,PRED,NS,E,N,23.1,43.30775,-76.95155,11.786110337211532,149.712045863185,235.72220674423065,NA
LETKIND,ON67b,Summer,PRED,NS,W,D,51.9,43.3742,-78.73016666666666,9.556157444981348,104.199583920777,191.12314889962698,NA
LETKIND,ON67N,Spring,PRED,NS,E,D,74,43.4082833333,-76.7890833333,0,0,0,NA
LETKIND,ON67N,Summer,PRED,NS,E,N,72.8,43.42476666666666,-76.78933333333333,13.40629987710031,291.938489433211,268.1259975420062,NA
LETKIND,ON68b,Spring,PRED,NS,W,N,50,43.583666666666666,-79.41721666666666,0,0,0,NA
LETKIND,ON68b,Summer,PRED,NS,W,N,50,43.583666666666666,-79.41721666666666,0.04129619087942648,13.7104715685233,0.8259238175885295,NA
LETKIND,ON69b,Summer,PRED,NS,W,D,13.3,43.31863333333333,-78.99975,0,0,0,NA
LETKIND,ON73N,Summer,PRED,NS,E,N,37.1,43.63238333333334,-76.28703333333333,91.50595901404559,1002.92099523748,1830.1191802809117,NA
LETKIND,ON84N,Spring,PRED,NS,W,D,10.7,43.225,-79.27176666666666,0,0,0,NA
LETKIND,ON84N,Summer,PRED,NS,E,N,35.1,43.886,-76.73413333333333,60.08407475364651,1430.19036754008,1201.6814950729301,NA
LIMCOPE,ON12,Spring,CAL,OS,W,N,106.8,43.50398333333333,-79.35345,0,0,0,NA
LIMCOPE,ON12,Summer,CAL,OS,W,N,106.8,43.50398333333333,-79.35345,0,0,0,NA
LIMCOPE,ON17N,Spring,CAL,NS,W,N,10.7,43.225,-79.27176666666666,0,0,0,NA
LIMCOPE,ON17N,Summer,CAL,NS,W,N,10.7,43.225,-79.27176666666666,0,0,0,NA
LIMCOPE,ON22N,Spring,CAL,NS,W,D,50,43.3176666667,-78.9992166667,0,0,0,NA
LIMCOPE,ON25,Spring,CAL,OS,W,D,137,43.51623333333333,-79.08041666666666,0,0,0,NA
LIMCOPE,ON25,Summer,CAL,OS,W,D,137,43.51623333333333,-79.08041666666666,0,0,0,NA
LIMCOPE,ON29N,Summer,CAL,NS,W,D,30.5,43.818216666666665,-78.86856666666667,0,0,0,NA
LIMCOPE,ON33M,Spring,CAL,OS,W,D,140.9,43.597116666666665,-78.80105,0,0,0,NA
LIMCOPE,ON33M,Summer,CAL,OS,W,D,140.9,43.597116666666665,-78.80105,0,0,0,NA
LIMCOPE,ON3528N,Spring,CAL,NS,W,D,72.8,43.4247666666667,-76.78933333333333,0,0,0,NA
LIMCOPE,ON38N,Summer,CAL,NS,W,N,16.4,43.38325,-77.98985,0,0,0,NA
LIMCOPE,ON41,Spring,CAL,OS,W,N,132.2,43.7167,-78.02745,0,0,0,NA
LIMCOPE,ON41,Summer,CAL,OS,W,N,132.2,43.7167,-78.02745,0,0,0,NA
LIMCOPE,ON43N,Spring,CAL,NS,W,N,16,43.949866666666665,-78.05011666666667,0,0,0,NA
LIMCOPE,ON43N,Summer,CAL,NS,W,N,16,43.949866666666665,-78.05011666666667,0,0,0,NA
LIMCOPE,ON49,Spring,CAL,OS,E,N,51.5,43.77256666666667,-77.4417,0.005656439203639716,0.487971464878827,0.11312878407279431,NA
LIMCOPE,ON49,Summer,CAL,OS,E,N,51.5,43.77256666666667,-77.4417,0,0,0,NA
LIMCOPE,ON55M,Spring,CAL,OS,E,D,198,43.4401,-77.4398,0,0,0,NA
LIMCOPE,ON55M,Summer,CAL,OS,E,D,198,43.4401,-77.4398,0,0,0,NA
LIMCOPE,ON60,Spring,CAL,OS,E,D,150,43.580416666666665,-77.19986666666667,0,0,0,NA
LIMCOPE,ON60,Summer,CAL,OS,E,D,150,43.580416666666665,-77.19986666666667,0,0,0,NA
LIMCOPE,ON61N,Spring,CAL,NS,E,N,51.9,43.7868,-77.1584,0,0,0,NA
LIMCOPE,ON61N,Summer,CAL,NS,E,N,51.9,43.7868,-77.1584,0,0,0,NA
LIMCOPE,ON62N,Spring,CAL,NS,E,N,28.3,43.8457,-76.9972,0,0,0,NA
LIMCOPE,ON62N,Summer,CAL,NS,E,N,28.3,43.8457,-76.9972,0,0,0,NA
LIMCOPE,ON63,Spring,CAL,OS,E,N,88,43.73155,-77.01718333333334,0,0,0,NA
LIMCOPE,ON63,Summer,CAL,OS,E,N,88,43.73155,-77.01718333333334,0,0,0,NA
LIMCOPE,ON65b,Summer,CAL,NS,E,N,23.1,43.30775,-76.95155,0,0,0,NA
LIMCOPE,ON67b,Summer,CAL,NS,W,D,51.9,43.3742,-78.73016666666666,0,0,0,NA
LIMCOPE,ON67N,Spring,CAL,NS,E,N,72.8,43.42476666666666,-76.78933333333333,0,0,0,NA
LIMCOPE,ON67N,Summer,CAL,NS,E,N,72.8,43.42476666666666,-76.78933333333333,0,0,0,NA
LIMCOPE,ON68b,Spring,CAL,NS,W,N,50,43.583666666666666,-79.41721666666666,0,0,0,NA
LIMCOPE,ON68b,Summer,CAL,NS,W,N,50,43.583666666666666,-79.41721666666666,0,0,0,NA
LIMCOPE,ON69b,Summer,CAL,NS,W,D,13.3,43.31863333333333,-78.99975,0,0,0,NA
LIMCOPE,ON73N,Summer,CAL,NS,E,N,37.1,43.63238333333334,-76.28703333333333,0,0,0,NA
LIMCOPE,ON84N,Spring,CAL,NS,E,N,35.1,43.886,-76.73413333333333,0,0,0,NA
LIMCOPE,ON84N,Summer,CAL,NS,E,N,35.1,43.886,-76.73413333333333,0,0,0,NA
LIMMACR,ON12,Spring,CAL,OS,W,D,106.8,43.50398333333333,-79.35345,0.9522373327058168,1.63958412199286,19.044746654116334,NA
LIMMACR,ON12,Summer,CAL,OS,W,D,106.8,43.50398333333333,-79.35345,0,0,0,NA
LIMMACR,ON17N,Spring,CAL,NS,W,N,35.1,43.886,-76.73413333333333,3.752979164746136,6.26023028397273,41.2827708122075,NA
LIMMACR,ON17N,Summer,CAL,NS,W,N,35.1,43.886,-76.73413333333333,0,0,0,NA
LIMMACR,ON22N,Spring,CAL,NS,W,D,50,43.3176666667,-78.9992166667,0.8980310503251294,1.90704892920695,11.674403654226683,NA
LIMMACR,ON25,Spring,CAL,OS,W,D,137,43.51623333333333,-79.08041666666666,0,0,0,NA
LIMMACR,ON25,Summer,CAL,OS,W,D,137,43.51623333333333,-79.08041666666666,0,0,0,NA
LIMMACR,ON29N,Summer,CAL,NS,W,D,30.5,43.818216666666665,-78.86856666666667,0,0,0,NA
LIMMACR,ON33M,Spring,CAL,OS,W,D,140.9,43.597116666666665,-78.80105,0,0,0,NA
LIMMACR,ON33M,Summer,CAL,OS,W,D,140.9,43.597116666666665,-78.80105,0,0,0,NA
LIMMACR,ON3528N,Spring,CAL,NS,W,D,72.8,43.4247666666667,-76.78933333333333,0,0,0,NA
LIMMACR,ON38N,Summer,CAL,NS,W,N,16.4,43.38325,-77.98985,0,0,0,NA
LIMMACR,ON41,Spring,CAL,OS,W,N,132.2,43.7167,-78.02745,10.810392209643705,20.3494483226064,216.20784419287412,NA
LIMMACR,ON41,Summer,CAL,OS,W,N,132.2,43.7167,-78.02745,33.497285924678415,65.1247399504855,669.9457184935684,NA
LIMMACR,ON43N,Spring,CAL,NS,E,N,28.3,43.8457,-76.9972,10.043127063516176,19.2138764296038,140.60377888922648,NA
LIMMACR,ON43N,Summer,CAL,NS,E,N,28.3,43.8457,-76.9972,0,0,0,NA
LIMMACR,ON49,Spring,CAL,OS,E,N,51.5,43.77256666666667,-77.4417,33.592893392219374,62.9483189693687,671.8578678443873,NA
LIMMACR,ON49,Summer,CAL,OS,E,N,51.5,43.77256666666667,-77.4417,0,0,0,NA
LIMMACR,ON55M,Spring,CAL,OS,E,D,198,43.4401,-77.4398,3.54768847213126,5.99847849509582,70.9537694426252,NA
LIMMACR,ON55M,Summer,CAL,OS,E,D,198,43.4401,-77.4398,0,0,0,NA
LIMMACR,ON60,Spring,CAL,OS,E,D,150,43.580416666666665,-77.19986666666667,6.972410090950391,12.5053026253693,139.4482018190078,NA
LIMMACR,ON60,Summer,CAL,OS,E,D,150,43.580416666666665,-77.19986666666667,0,0,0,NA
LIMMACR,ON61N,Spring,CAL,NS,E,N,51.9,43.7868,-77.1584,17.28602804421325,37.303922351061,864.3014022106624,NA
LIMMACR,ON61N,Summer,CAL,NS,E,N,51.9,43.7868,-77.1584,0,0,0,NA
LIMMACR,ON62N,Spring,CAL,NS,E,N,16,43.949866666666665,-78.05011666666667,27.77144455189666,56.8594110306106,777.6004474531064,NA
LIMMACR,ON62N,Summer,CAL,NS,E,N,16,43.949866666666665,-78.05011666666667,0,0,0,NA
LIMMACR,ON63,Spring,CAL,OS,E,N,88,43.73155,-77.01718333333334,1.8008541045322553,3.05241724839096,36.01708209064511,NA
LIMMACR,ON63,Summer,CAL,OS,E,N,88,43.73155,-77.01718333333334,0,0,0,NA
LIMMACR,ON65b,Summer,CAL,NS,E,N,23.1,43.30775,-76.95155,0,0,0,NA
LIMMACR,ON67b,Summer,CAL,NS,W,D,51.9,43.3742,-78.73016666666666,0,0,0,NA
LIMMACR,ON67N,Spring,CAL,NS,E,N,72.8,43.42476666666666,-76.78933333333333,0,0,0,NA
LIMMACR,ON67N,Summer,CAL,NS,E,N,72.8,43.42476666666666,-76.78933333333333,0,0,0,NA
LIMMACR,ON68b,Spring,CAL,NS,W,N,50,43.583666666666666,-79.41721666666666,0,0,0,NA
LIMMACR,ON68b,Summer,CAL,NS,W,N,50,43.583666666666666,-79.41721666666666,0,0,0,NA
LIMMACR,ON69b,Summer,CAL,NS,W,D,13.3,43.31863333333333,-78.99975,0,0,0,NA
LIMMACR,ON73N,Summer,CAL,NS,E,N,37.1,43.63238333333334,-76.28703333333333,0,0,0,NA
LIMMACR,ON84N,Spring,CAL,NS,W,D,10.7,43.225,-79.27176666666666,14.41217371764167,29.5237613430498,504.4260801174584,NA
LIMMACR,ON84N,Summer,CAL,NS,W,D,10.7,43.225,-79.27176666666666,0,0,0,NA
MESCOPE,ON12,Spring,CYC,OS,W,D,106.8,43.50398333333333,-79.35345,0,0,0,NA
MESCOPE,ON12,Summer,CYC,OS,W,D,106.8,43.50398333333333,-79.35345,0,0,0,NA
MESCOPE,ON17N,Spring,CYC,NS,W,N,35.1,43.886,-76.73413333333333,0,0,0,NA
MESCOPE,ON17N,Summer,CYC,NS,W,N,35.1,43.886,-76.73413333333333,0,0,0,NA
MESCOPE,ON22N,Spring,CYC,NS,W,D,50,43.3176666667,-78.9992166667,0,0,0,NA
MESCOPE,ON25,Spring,CYC,OS,W,D,137,43.51623333333333,-79.08041666666666,0,0,0,NA
MESCOPE,ON25,Summer,CYC,OS,W,D,137,43.51623333333333,-79.08041666666666,0,0,0,NA
MESCOPE,ON29N,Summer,CYC,NS,W,D,30.5,43.818216666666665,-78.86856666666667,0,0,0,NA
MESCOPE,ON33M,Spring,CYC,OS,W,D,140.9,43.597116666666665,-78.80105,0,0,0,NA
MESCOPE,ON33M,Summer,CYC,OS,W,D,140.9,43.597116666666665,-78.80105,0,0,0,NA
MESCOPE,ON3528N,Spring,CYC,NS,W,D,72.8,43.4247666666667,-76.78933333333333,0,0,0,NA
MESCOPE,ON38N,Summer,CYC,NS,W,N,16.4,43.38325,-77.98985,0,0,0,NA
MESCOPE,ON41,Spring,CYC,OS,W,N,132.2,43.7167,-78.02745,0,0,0,NA
MESCOPE,ON41,Summer,CYC,OS,W,N,132.2,43.7167,-78.02745,0,0,0,NA
MESCOPE,ON43N,Spring,CYC,NS,E,N,28.3,43.8457,-76.9972,0,0,0,NA
MESCOPE,ON43N,Summer,CYC,NS,E,N,28.3,43.8457,-76.9972,0,0,0,NA
MESCOPE,ON49,Spring,CYC,OS,E,N,51.5,43.77256666666667,-77.4417,0,0,0,NA
MESCOPE,ON49,Summer,CYC,OS,E,N,51.5,43.77256666666667,-77.4417,0,0,0,NA
MESCOPE,ON55M,Spring,CYC,OS,E,D,198,43.4401,-77.4398,0,0,0,NA
MESCOPE,ON55M,Summer,CYC,OS,E,D,198,43.4401,-77.4398,0,0,0,NA
MESCOPE,ON60,Spring,CYC,OS,E,D,150,43.580416666666665,-77.19986666666667,0,0,0,NA
MESCOPE,ON60,Summer,CYC,OS,E,D,150,43.580416666666665,-77.19986666666667,0,0,0,NA
MESCOPE,ON61N,Spring,CYC,NS,E,N,51.9,43.7868,-77.1584,0,0,0,NA
MESCOPE,ON61N,Summer,CYC,NS,E,N,51.9,43.7868,-77.1584,0,0,0,NA
MESCOPE,ON62N,Spring,CYC,NS,E,N,16,43.949866666666665,-78.05011666666667,0,0,0,NA
MESCOPE,ON62N,Summer,CYC,NS,E,N,16,43.949866666666665,-78.05011666666667,0,0,0,NA
MESCOPE,ON63,Spring,CYC,OS,E,N,88,43.73155,-77.01718333333334,0,0,0,NA
MESCOPE,ON63,Summer,CYC,OS,E,N,88,43.73155,-77.01718333333334,0,0,0,NA
MESCOPE,ON65b,Summer,CYC,NS,E,N,23.1,43.30775,-76.95155,0,0,0,NA
MESCOPE,ON67b,Summer,CYC,NS,W,D,51.9,43.3742,-78.73016666666666,0,0,0,NA
MESCOPE,ON67N,Spring,CYC,NS,E,N,72.8,43.42476666666666,-76.78933333333333,0,0,0,NA
MESCOPE,ON67N,Summer,CYC,NS,E,N,72.8,43.42476666666666,-76.78933333333333,0,0,0,NA
MESCOPE,ON68b,Spring,CYC,NS,W,N,50,43.583666666666666,-79.41721666666666,0,0,0,NA
MESCOPE,ON68b,Summer,CYC,NS,W,N,50,43.583666666666666,-79.41721666666666,0,0,0,NA
MESCOPE,ON69b,Summer,CYC,NS,W,D,13.3,43.31863333333333,-78.99975,0.12832595359662913,6.12732768351343,2.5665190719325826,NA
MESCOPE,ON73N,Summer,CYC,NS,E,N,37.1,43.63238333333334,-76.28703333333333,0.05779242829683964,15.1957726551133,1.155848565936793,NA
MESCOPE,ON84N,Spring,CYC,NS,W,D,10.7,43.225,-79.27176666666666,0,0,0,NA
MESCOPE,ON84N,Summer,CYC,NS,W,D,10.7,43.225,-79.27176666666666,0,0,0,NA
MONCOPE,ON12,Spring,ROT,OS,W,D,106.8,43.50398333333333,-79.35345,0,0,0,Monostyla
MONCOPE,ON12,Summer,ROT,OS,W,D,106.8,43.50398333333333,-79.35345,0,0,0,Monostyla
MONCOPE,ON17N,Spring,ROT,NS,W,N,35.1,43.886,-76.73413333333333,0,0,0,Monostyla
MONCOPE,ON17N,Summer,ROT,NS,W,N,35.1,43.886,-76.73413333333333,0,0,0,Monostyla
MONCOPE,ON22N,Spring,ROT,NS,W,D,50,43.3176666667,-78.9992166667,0,0,0,Monostyla
MONCOPE,ON25,Spring,ROT,OS,W,D,137,43.51623333333333,-79.08041666666666,0,0,0,Monostyla
MONCOPE,ON25,Summer,ROT,OS,W,D,137,43.51623333333333,-79.08041666666666,0,0,0,Monostyla
MONCOPE,ON29N,Summer,ROT,NS,W,D,30.5,43.818216666666665,-78.86856666666667,0,0,0,Monostyla
MONCOPE,ON33M,Spring,ROT,OS,W,D,140.9,43.597116666666665,-78.80105,0,0,0,Monostyla
MONCOPE,ON33M,Summer,ROT,OS,W,D,140.9,43.597116666666665,-78.80105,0,0,0,Monostyla
MONCOPE,ON3528N,Spring,ROT,NS,W,D,72.8,43.4247666666667,-76.78933333333333,0,0,0,Monostyla
MONCOPE,ON38N,Summer,ROT,NS,W,N,16.4,43.38325,-77.98985,0,0,0,Monostyla
MONCOPE,ON41,Spring,ROT,OS,W,N,132.2,43.7167,-78.02745,0,0,0,Monostyla
MONCOPE,ON41,Summer,ROT,OS,W,N,132.2,43.7167,-78.02745,0,0,0,Monostyla
MONCOPE,ON43N,Spring,ROT,NS,E,N,28.3,43.8457,-76.9972,0,0,0,Monostyla
MONCOPE,ON43N,Summer,ROT,NS,E,N,28.3,43.8457,-76.9972,0,0,0,Monostyla
MONCOPE,ON49,Spring,ROT,OS,E,N,51.5,43.77256666666667,-77.4417,0,0,0,Monostyla
MONCOPE,ON49,Summer,ROT,OS,E,N,51.5,43.77256666666667,-77.4417,0,0,0,Monostyla
MONCOPE,ON55M,Spring,ROT,OS,E,D,198,43.4401,-77.4398,0,0,0,Monostyla
MONCOPE,ON55M,Summer,ROT,OS,E,D,198,43.4401,-77.4398,0,0,0,Monostyla
MONCOPE,ON60,Spring,ROT,OS,E,D,150,43.580416666666665,-77.19986666666667,0,0,0,Monostyla
MONCOPE,ON60,Summer,ROT,OS,E,D,150,43.580416666666665,-77.19986666666667,0,0,0,Monostyla
MONCOPE,ON61N,Spring,ROT,NS,E,N,51.9,43.7868,-77.1584,0,0,0,Monostyla
MONCOPE,ON61N,Summer,ROT,NS,E,N,51.9,43.7868,-77.1584,0,0,0,Monostyla
MONCOPE,ON62N,Spring,ROT,NS,E,N,16,43.949866666666665,-78.05011666666667,0,0,0,Monostyla
MONCOPE,ON62N,Summer,ROT,NS,E,N,16,43.949866666666665,-78.05011666666667,0,0,0,Monostyla
MONCOPE,ON63,Spring,ROT,OS,E,N,88,43.73155,-77.01718333333334,0,0,0,Monostyla
MONCOPE,ON63,Summer,ROT,OS,E,N,88,43.73155,-77.01718333333334,0,0,0,Monostyla
MONCOPE,ON65b,Summer,ROT,NS,E,N,23.1,43.30775,-76.95155,0,0,0,Monostyla
MONCOPE,ON67b,Summer,ROT,NS,W,D,51.9,43.3742,-78.73016666666666,0,0,0,Monostyla
MONCOPE,ON67N,Spring,ROT,NS,E,D,74,43.4082833333,-76.7890833333,1.2567759972359778e-4,1.60637186219272,0.008923109580375442,Monostyla
MONCOPE,ON67N,Summer,ROT,NS,E,D,74,43.4082833333,-76.7890833333,0,0,0,Monostyla
MONCOPE,ON68b,Spring,ROT,NS,W,D,50.3,43.54885,-79.417,5.933574422200447e-5,0.73195719731824,0.002848115722656215,Monostyla
MONCOPE,ON68b,Summer,ROT,NS,W,D,50.3,43.54885,-79.417,0,0,0,Monostyla
MONCOPE,ON69b,Summer,ROT,NS,W,D,13.3,43.31863333333333,-78.99975,0,0,0,Monostyla
MONCOPE,ON73N,Summer,ROT,NS,E,N,37.1,43.63238333333334,-76.28703333333333,0,0,0,Monostyla
MONCOPE,ON84N,Spring,ROT,NS,W,D,10.7,43.225,-79.27176666666666,3.782038179295043e-5,0.43738905693407,0.001323713362753265,Monostyla
MONCOPE,ON84N,Summer,ROT,NS,W,D,10.7,43.225,-79.27176666666666,0,0,0,Monostyla
MONSP,ON12,Spring,ROT,OS,W,D,106.8,43.50398333333333,-79.35345,0,0,0,Monostyla
MONSP,ON12,Summer,ROT,OS,W,D,106.8,43.50398333333333,-79.35345,0,0,0,Monostyla
MONSP,ON17N,Spring,ROT,NS,W,N,35.1,43.886,-76.73413333333333,0,0,0,Monostyla
MONSP,ON17N,Summer,ROT,NS,W,N,35.1,43.886,-76.73413333333333,0,0,0,Monostyla
MONSP,ON22N,Spring,ROT,NS,W,D,50,43.3176666667,-78.9992166667,0,0,0,Monostyla
MONSP,ON25,Spring,ROT,OS,W,D,137,43.51623333333333,-79.08041666666666,0,0,0,Monostyla
MONSP,ON25,Summer,ROT,OS,W,D,137,43.51623333333333,-79.08041666666666,0,0,0,Monostyla
MONSP,ON29N,Summer,ROT,NS,W,D,30.5,43.818216666666665,-78.86856666666667,0,0,0,Monostyla
MONSP,ON33M,Spring,ROT,OS,W,D,140.9,43.597116666666665,-78.80105,0,0,0,Monostyla
MONSP,ON33M,Summer,ROT,OS,W,D,140.9,43.597116666666665,-78.80105,0,0,0,Monostyla
MONSP,ON3528N,Spring,ROT,NS,W,D,72.8,43.4247666666667,-76.78933333333333,0,0,0,Monostyla
MONSP,ON38N,Summer,ROT,NS,W,N,16.4,43.38325,-77.98985,0,0,0,Monostyla
MONSP,ON41,Spring,ROT,OS,W,N,132.2,43.7167,-78.02745,0,0,0,Monostyla
MONSP,ON41,Summer,ROT,OS,W,N,132.2,43.7167,-78.02745,0,0,0,Monostyla
MONSP,ON43N,Spring,ROT,NS,E,N,28.3,43.8457,-76.9972,0,0,0,Monostyla
MONSP,ON43N,Summer,ROT,NS,E,N,28.3,43.8457,-76.9972,0,0,0,Monostyla
MONSP,ON49,Spring,ROT,OS,E,N,51.5,43.77256666666667,-77.4417,0,0,0,Monostyla
MONSP,ON49,Summer,ROT,OS,E,N,51.5,43.77256666666667,-77.4417,0,0,0,Monostyla
MONSP,ON55M,Spring,ROT,OS,E,D,198,43.4401,-77.4398,0,0,0,Monostyla
MONSP,ON55M,Summer,ROT,OS,E,D,198,43.4401,-77.4398,0,0,0,Monostyla
MONSP,ON60,Spring,ROT,OS,E,D,150,43.580416666666665,-77.19986666666667,0,0,0,Monostyla
MONSP,ON60,Summer,ROT,OS,E,D,150,43.580416666666665,-77.19986666666667,0,0,0,Monostyla
MONSP,ON61N,Spring,ROT,NS,E,N,51.9,43.7868,-77.1584,0,0,0,Monostyla
MONSP,ON61N,Summer,ROT,NS,E,N,51.9,43.7868,-77.1584,0,0,0,Monostyla
MONSP,ON62N,Spring,ROT,NS,E,N,16,43.949866666666665,-78.05011666666667,0,0,0,Monostyla
MONSP,ON62N,Summer,ROT,NS,E,N,16,43.949866666666665,-78.05011666666667,0,0,0,Monostyla
MONSP,ON63,Spring,ROT,OS,E,N,88,43.73155,-77.01718333333334,1.274707e-4,2.03494483,0.002549414,Monostyla
MONSP,ON63,Summer,ROT,OS,E,N,88,43.73155,-77.01718333333334,0,0,0,Monostyla
MONSP,ON65b,Summer,ROT,NS,E,N,23.1,43.30775,-76.95155,0,0,0,Monostyla
MONSP,ON67b,Summer,ROT,NS,W,D,51.9,43.3742,-78.73016666666666,0,0,0,Monostyla
MONSP,ON67N,Spring,ROT,NS,E,D,74,43.4082833333,-76.7890833333,0,0,0,Monostyla
MONSP,ON67N,Summer,ROT,NS,E,D,74,43.4082833333,-76.7890833333,0,0,0,Monostyla
MONSP,ON68b,Spring,ROT,NS,W,D,50.3,43.54885,-79.417,0,0,0,Monostyla
MONSP,ON68b,Summer,ROT,NS,W,D,50.3,43.54885,-79.417,0,0,0,Monostyla
MONSP,ON69b,Summer,ROT,NS,W,D,13.3,43.31863333333333,-78.99975,0,0,0,Monostyla
MONSP,ON73N,Summer,ROT,NS,E,N,37.1,43.63238333333334,-76.28703333333333,0,0,0,Monostyla
MONSP,ON84N,Spring,ROT,NS,W,D,10.7,43.225,-79.27176666666666,0,0,0,Monostyla
MONSP,ON84N,Summer,ROT,NS,W,D,10.7,43.225,-79.27176666666666,0,0,0,Monostyla
MYSRELI,ON12,Spring,MAL,OS,W,D,106.8,43.50398333333333,-79.35345,0,0,0,NA
MYSRELI,ON12,Summer,MAL,OS,W,D,106.8,43.50398333333333,-79.35345,0,0,0,NA
MYSRELI,ON17N,Spring,MAL,NS,W,N,35.1,43.886,-76.73413333333333,0,0,0,NA
MYSRELI,ON17N,Summer,MAL,NS,W,N,35.1,43.886,-76.73413333333333,0,0,0,NA
MYSRELI,ON22N,Spring,MAL,NS,W,D,50,43.3176666667,-78.9992166667,0,0,0,NA
MYSRELI,ON25,Spring,MAL,OS,W,D,137,43.51623333333333,-79.08041666666666,0,0,0,NA
MYSRELI,ON25,Summer,MAL,OS,W,D,137,43.51623333333333,-79.08041666666666,0,0,0,NA
MYSRELI,ON29N,Summer,MAL,NS,W,D,30.5,43.818216666666665,-78.86856666666667,0,0,0,NA
MYSRELI,ON33M,Spring,MAL,OS,W,D,140.9,43.597116666666665,-78.80105,0,0,0,NA
MYSRELI,ON33M,Summer,MAL,OS,W,D,140.9,43.597116666666665,-78.80105,0,0,0,NA
MYSRELI,ON3528N,Spring,MAL,NS,W,D,72.8,43.4247666666667,-76.78933333333333,0,0,0,NA
MYSRELI,ON38N,Summer,MAL,NS,W,N,16.4,43.38325,-77.98985,0,0,0,NA
MYSRELI,ON41,Spring,MAL,OS,W,N,132.2,43.7167,-78.02745,0,0,0,NA
MYSRELI,ON41,Summer,MAL,OS,W,N,132.2,43.7167,-78.02745,0,0,0,NA
MYSRELI,ON43N,Spring,MAL,NS,E,N,28.3,43.8457,-76.9972,1.257504858354311,0.512370038122768,17.605068016960352,NA
MYSRELI,ON43N,Summer,MAL,NS,E,N,28.3,43.8457,-76.9972,0,0,0,NA
MYSRELI,ON49,Spring,MAL,OS,E,N,51.5,43.77256666666667,-77.4417,0,0,0,NA
MYSRELI,ON49,Summer,MAL,OS,E,N,51.5,43.77256666666667,-77.4417,0,0,0,NA
MYSRELI,ON55M,Spring,MAL,OS,E,D,198,43.4401,-77.4398,0,0,0,NA
MYSRELI,ON55M,Summer,MAL,OS,E,D,198,43.4401,-77.4398,0,0,0,NA
MYSRELI,ON60,Spring,MAL,OS,E,D,150,43.580416666666665,-77.19986666666667,0,0,0,NA
MYSRELI,ON60,Summer,MAL,OS,E,D,150,43.580416666666665,-77.19986666666667,0,0,0,NA
MYSRELI,ON61N,Spring,MAL,NS,E,N,51.9,43.7868,-77.1584,0,0,0,NA
MYSRELI,ON61N,Summer,MAL,NS,E,N,51.9,43.7868,-77.1584,0,0,0,NA
MYSRELI,ON62N,Spring,MAL,NS,E,N,16,43.949866666666665,-78.05011666666667,0,0,0,NA
MYSRELI,ON62N,Summer,MAL,NS,E,N,16,43.949866666666665,-78.05011666666667,0,0,0,NA
MYSRELI,ON63,Spring,MAL,OS,E,N,88,43.73155,-77.01718333333334,0,0,0,NA
MYSRELI,ON63,Summer,MAL,OS,E,N,88,43.73155,-77.01718333333334,0,0,0,NA
MYSRELI,ON65b,Summer,MAL,NS,E,N,23.1,43.30775,-76.95155,0,0,0,NA
MYSRELI,ON67b,Summer,MAL,NS,W,D,51.9,43.3742,-78.73016666666666,0,0,0,NA
MYSRELI,ON67N,Spring,MAL,NS,E,D,74,43.4082833333,-76.7890833333,0,0,0,NA
MYSRELI,ON67N,Summer,MAL,NS,E,D,74,43.4082833333,-76.7890833333,0,0,0,NA
MYSRELI,ON68b,Spring,MAL,NS,W,D,50.3,43.54885,-79.417,0,0,0,NA
MYSRELI,ON68b,Summer,MAL,NS,W,D,50.3,43.54885,-79.417,0,0,0,NA
MYSRELI,ON69b,Summer,MAL,NS,W,D,13.3,43.31863333333333,-78.99975,0,0,0,NA
MYSRELI,ON73N,Summer,MAL,NS,E,N,37.1,43.63238333333334,-76.28703333333333,0,0,0,NA
MYSRELI,ON84N,Spring,MAL,NS,W,D,10.7,43.225,-79.27176666666666,0,0,0,NA
MYSRELI,ON84N,Summer,MAL,NS,W,D,10.7,43.225,-79.27176666666666,0,0,0,NA
NOOSP,ON12,Spring,ROT,OS,W,D,106.8,43.50398333333333,-79.35345,0,0,0,Notomatta
NOOSP,ON12,Summer,ROT,OS,W,D,106.8,43.50398333333333,-79.35345,0,0,0,Notomatta
NOOSP,ON17N,Spring,ROT,NS,W,N,35.1,43.886,-76.73413333333333,0,0,0,Notomatta
NOOSP,ON17N,Summer,ROT,NS,W,N,35.1,43.886,-76.73413333333333,0,0,0,Notomatta
NOOSP,ON22N,Spring,ROT,NS,W,D,50,43.3176666667,-78.9992166667,0.054498050240170404,100.37099627405,0.7084746531222152,Notomatta
NOOSP,ON25,Spring,ROT,OS,W,D,137,43.51623333333333,-79.08041666666666,0,0,0,Notomatta
NOOSP,ON25,Summer,ROT,OS,W,D,137,43.51623333333333,-79.08041666666666,0,0,0,Notomatta
NOOSP,ON29N,Summer,ROT,NS,W,D,30.5,43.818216666666665,-78.86856666666667,0,0,0,Notomatta
NOOSP,ON33M,Spring,ROT,OS,W,D,140.9,43.597116666666665,-78.80105,0,0,0,Notomatta
NOOSP,ON33M,Summer,ROT,OS,W,D,140.9,43.597116666666665,-78.80105,0,0,0,Notomatta
NOOSP,ON3528N,Spring,ROT,NS,W,D,72.8,43.4247666666667,-76.78933333333333,0,0,0,Notomatta
NOOSP,ON38N,Summer,ROT,NS,W,N,16.4,43.38325,-77.98985,0,0,0,Notomatta
NOOSP,ON41,Spring,ROT,OS,W,N,132.2,43.7167,-78.02745,0,0,0,Notomatta
NOOSP,ON41,Summer,ROT,OS,W,N,132.2,43.7167,-78.02745,0,0,0,Notomatta
NOOSP,ON43N,Spring,ROT,NS,E,N,28.3,43.8457,-76.9972,2.672678289235975e-4,2.04948015249107,0.003741749604930365,Notomatta
NOOSP,ON43N,Summer,ROT,NS,E,N,28.3,43.8457,-76.9972,0,0,0,Notomatta
NOOSP,ON49,Spring,ROT,OS,E,N,51.5,43.77256666666667,-77.4417,0,0,0,Notomatta
NOOSP,ON49,Summer,ROT,OS,E,N,51.5,43.77256666666667,-77.4417,0,0,0,Notomatta
NOOSP,ON55M,Spring,ROT,OS,E,D,198,43.4401,-77.4398,0,0,0,Notomatta
NOOSP,ON55M,Summer,ROT,OS,E,D,198,43.4401,-77.4398,0,0,0,Notomatta
NOOSP,ON60,Spring,ROT,OS,E,D,150,43.580416666666665,-77.19986666666667,0,0,0,Notomatta
NOOSP,ON60,Summer,ROT,OS,E,D,150,43.580416666666665,-77.19986666666667,0,0,0,Notomatta
NOOSP,ON61N,Spring,ROT,NS,E,N,51.9,43.7868,-77.1584,7.489998178419084e-5,0.169178786172612,0.003744999089209542,Notomatta
NOOSP,ON61N,Summer,ROT,NS,E,N,51.9,43.7868,-77.1584,0,0,0,Notomatta
NOOSP,ON62N,Spring,ROT,NS,E,N,16,43.949866666666665,-78.05011666666667,3.908539380108765e-4,0.860781664046251,0.010943910264304541,Notomatta
NOOSP,ON62N,Summer,ROT,NS,E,N,16,43.949866666666665,-78.05011666666667,0,0,0,Notomatta
NOOSP,ON63,Spring,ROT,OS,E,N,88,43.73155,-77.01718333333334,0,0,0,Notomatta
NOOSP,ON63,Summer,ROT,OS,E,N,88,43.73155,-77.01718333333334,0,0,0,Notomatta
NOOSP,ON65b,Summer,ROT,NS,E,N,23.1,43.30775,-76.95155,0,0,0,Notomatta
NOOSP,ON67b,Summer,ROT,NS,W,D,51.9,43.3742,-78.73016666666666,0,0,0,Notomatta
NOOSP,ON67N,Spring,ROT,NS,E,D,74,43.4082833333,-76.7890833333,0,0,0,Notomatta
NOOSP,ON67N,Summer,ROT,NS,E,D,74,43.4082833333,-76.7890833333,0,0,0,Notomatta
NOOSP,ON68b,Spring,ROT,NS,W,D,50.3,43.54885,-79.417,0,0,0,Notomatta
NOOSP,ON68b,Summer,ROT,NS,W,D,50.3,43.54885,-79.417,0,0,0,Notomatta
NOOSP,ON69b,Summer,ROT,NS,W,D,13.3,43.31863333333333,-78.99975,0,0,0,Notomatta
NOOSP,ON73N,Summer,ROT,NS,E,N,37.1,43.63238333333334,-76.28703333333333,0,0,0,Notomatta
NOOSP,ON84N,Spring,ROT,NS,W,D,10.7,43.225,-79.27176666666666,3.8435030856904583e-5,0.43738905693407,0.0013452260799916604,Notomatta
NOOSP,ON84N,Summer,ROT,NS,W,D,10.7,43.225,-79.27176666666666,0,0,0,Notomatta
NOTACUM,ON12,Spring,ROT,OS,W,D,106.8,43.50398333333333,-79.35345,0,0,0,Notholca
NOTACUM,ON12,Summer,ROT,OS,W,D,106.8,43.50398333333333,-79.35345,0,0,0,Notholca
NOTACUM,ON17N,Spring,ROT,NS,W,N,35.1,43.886,-76.73413333333333,5.320336720402547e-4,1.46724147280611,0.005852370392442801,Notholca
NOTACUM,ON17N,Summer,ROT,NS,W,N,35.1,43.886,-76.73413333333333,0,0,0,Notholca
NOTACUM,ON22N,Spring,ROT,NS,W,D,50,43.3176666667,-78.9992166667,0.05160003327891479,117.099495653058,0.6708004326258923,Notholca
NOTACUM,ON25,Spring,ROT,OS,W,D,137,43.51623333333333,-79.08041666666666,0,0,0,Notholca
NOTACUM,ON25,Summer,ROT,OS,W,D,137,43.51623333333333,-79.08041666666666,0,0,0,Notholca
NOTACUM,ON29N,Summer,ROT,NS,W,D,30.5,43.818216666666665,-78.86856666666667,0,0,0,Notholca
NOTACUM,ON33M,Spring,ROT,OS,W,D,140.9,43.597116666666665,-78.80105,0,0,0,Notholca
NOTACUM,ON33M,Summer,ROT,OS,W,D,140.9,43.597116666666665,-78.80105,0,0,0,Notholca
NOTACUM,ON3528N,Spring,ROT,NS,W,D,72.8,43.4247666666667,-76.78933333333333,0.005208546591787777,15.7293259584723,0.2708444227729644,Notholca
NOTACUM,ON38N,Summer,ROT,NS,W,N,16.4,43.38325,-77.98985,0,0,0,Notholca
NOTACUM,ON41,Spring,ROT,OS,W,N,132.2,43.7167,-78.02745,0,0,0,Notholca
NOTACUM,ON41,Summer,ROT,OS,W,N,132.2,43.7167,-78.02745,0,0,0,Notholca
NOTACUM,ON43N,Spring,ROT,NS,E,N,28.3,43.8457,-76.9972,0,0,0,Notholca
NOTACUM,ON43N,Summer,ROT,NS,E,N,28.3,43.8457,-76.9972,0,0,0,Notholca
NOTACUM,ON49,Spring,ROT,OS,E,N,51.5,43.77256666666667,-77.4417,0,0,0,Notholca
NOTACUM,ON49,Summer,ROT,OS,E,N,51.5,43.77256666666667,-77.4417,0,0,0,Notholca
NOTACUM,ON55M,Spring,ROT,OS,E,D,198,43.4401,-77.4398,0,0,0,Notholca
NOTACUM,ON55M,Summer,ROT,OS,E,D,198,43.4401,-77.4398,0,0,0,Notholca
NOTACUM,ON60,Spring,ROT,OS,E,D,150,43.580416666666665,-77.19986666666667,0,0,0,Notholca
NOTACUM,ON60,Summer,ROT,OS,E,D,150,43.580416666666665,-77.19986666666667,0,0,0,Notholca
NOTACUM,ON61N,Spring,ROT,NS,E,N,51.9,43.7868,-77.1584,0,0,0,Notholca
NOTACUM,ON61N,Summer,ROT,NS,E,N,51.9,43.7868,-77.1584,0,0,0,Notholca
NOTACUM,ON62N,Spring,ROT,NS,E,N,16,43.949866666666665,-78.05011666666667,0,0,0,Notholca
NOTACUM,ON62N,Summer,ROT,NS,E,N,16,43.949866666666665,-78.05011666666667,0,0,0,Notholca
NOTACUM,ON63,Spring,ROT,OS,E,N,88,43.73155,-77.01718333333334,0.0014974348,2.03494483,0.029948696000000004,Notholca
NOTACUM,ON63,Summer,ROT,OS,E,N,88,43.73155,-77.01718333333334,0,0,0,Notholca
NOTACUM,ON65b,Summer,ROT,NS,E,N,23.1,43.30775,-76.95155,0,0,0,Notholca
NOTACUM,ON67b,Summer,ROT,NS,W,D,51.9,43.3742,-78.73016666666666,0,0,0,Notholca
NOTACUM,ON67N,Spring,ROT,NS,E,D,74,43.4082833333,-76.7890833333,0,0,0,Notholca
NOTACUM,ON67N,Summer,ROT,NS,E,D,74,43.4082833333,-76.7890833333,0,0,0,Notholca
NOTACUM,ON68b,Spring,ROT,NS,W,D,50.3,43.54885,-79.417,0,0,0,Notholca
NOTACUM,ON68b,Summer,ROT,NS,W,D,50.3,43.54885,-79.417,0,0,0,Notholca
NOTACUM,ON69b,Summer,ROT,NS,W,D,13.3,43.31863333333333,-78.99975,0,0,0,Notholca
NOTACUM,ON73N,Summer,ROT,NS,E,N,37.1,43.63238333333334,-76.28703333333333,0,0,0,Notholca
NOTACUM,ON84N,Spring,ROT,NS,W,D,10.7,43.225,-79.27176666666666,0,0,0,Notholca
NOTACUM,ON84N,Summer,ROT,NS,W,D,10.7,43.225,-79.27176666666666,0,0,0,Notholca
NOTLABI,ON12,Spring,ROT,OS,W,D,106.8,43.50398333333333,-79.35345,0,0,0,Notholca
NOTLABI,ON12,Summer,ROT,OS,W,D,106.8,43.50398333333333,-79.35345,0,0,0,Notholca
NOTLABI,ON17N,Spring,ROT,NS,W,N,35.1,43.886,-76.73413333333333,0,0,0,Notholca
NOTLABI,ON17N,Summer,ROT,NS,W,N,35.1,43.886,-76.73413333333333,0,0,0,Notholca
NOTLABI,ON22N,Spring,ROT,NS,W,D,50,43.3176666667,-78.9992166667,0,0,0,Notholca
NOTLABI,ON25,Spring,ROT,OS,W,D,137,43.51623333333333,-79.08041666666666,0,0,0,Notholca
NOTLABI,ON25,Summer,ROT,OS,W,D,137,43.51623333333333,-79.08041666666666,0,0,0,Notholca
NOTLABI,ON29N,Summer,ROT,NS,W,D,30.5,43.818216666666665,-78.86856666666667,0,0,0,Notholca
NOTLABI,ON33M,Spring,ROT,OS,W,D,140.9,43.597116666666665,-78.80105,0,0,0,Notholca
NOTLABI,ON33M,Summer,ROT,OS,W,D,140.9,43.597116666666665,-78.80105,0,0,0,Notholca
NOTLABI,ON3528N,Spring,ROT,NS,W,D,72.8,43.4247666666667,-76.78933333333333,0,0,0,Notholca
NOTLABI,ON38N,Summer,ROT,NS,W,N,16.4,43.38325,-77.98985,0,0,0,Notholca
NOTLABI,ON41,Spring,ROT,OS,W,N,132.2,43.7167,-78.02745,0,0,0,Notholca
NOTLABI,ON41,Summer,ROT,OS,W,N,132.2,43.7167,-78.02745,0,0,0,Notholca
NOTLABI,ON43N,Spring,ROT,NS,E,N,28.3,43.8457,-76.9972,4.3285785020523307e-4,0.512370038122768,0.006060009902873262,Notholca
NOTLABI,ON43N,Summer,ROT,NS,E,N,28.3,43.8457,-76.9972,0,0,0,Notholca
NOTLABI,ON49,Spring,ROT,OS,E,N,51.5,43.77256666666667,-77.4417,0,0,0,Notholca
NOTLABI,ON49,Summer,ROT,OS,E,N,51.5,43.77256666666667,-77.4417,0,0,0,Notholca
NOTLABI,ON55M,Spring,ROT,OS,E,D,198,43.4401,-77.4398,0,0,0,Notholca
NOTLABI,ON55M,Summer,ROT,OS,E,D,198,43.4401,-77.4398,0,0,0,Notholca
NOTLABI,ON60,Spring,ROT,OS,E,D,150,43.580416666666665,-77.19986666666667,0,0,0,Notholca
NOTLABI,ON60,Summer,ROT,OS,E,D,150,43.580416666666665,-77.19986666666667,0,0,0,Notholca
NOTLABI,ON61N,Spring,ROT,NS,E,N,51.9,43.7868,-77.1584,0,0,0,Notholca
NOTLABI,ON61N,Summer,ROT,NS,E,N,51.9,43.7868,-77.1584,0,0,0,Notholca
NOTLABI,ON62N,Spring,ROT,NS,E,N,16,43.949866666666665,-78.05011666666667,0,0,0,Notholca
NOTLABI,ON62N,Summer,ROT,NS,E,N,16,43.949866666666665,-78.05011666666667,0,0,0,Notholca
NOTLABI,ON63,Spring,ROT,OS,E,N,88,43.73155,-77.01718333333334,0,0,0,Notholca
NOTLABI,ON63,Summer,ROT,OS,E,N,88,43.73155,-77.01718333333334,0,0,0,Notholca
NOTLABI,ON65b,Summer,ROT,NS,E,N,23.1,43.30775,-76.95155,0,0,0,Notholca
NOTLABI,ON67b,Summer,ROT,NS,W,D,51.9,43.3742,-78.73016666666666,0,0,0,Notholca
NOTLABI,ON67N,Spring,ROT,NS,E,D,74,43.4082833333,-76.7890833333,0,0,0,Notholca
NOTLABI,ON67N,Summer,ROT,NS,E,D,74,43.4082833333,-76.7890833333,0,0,0,Notholca
NOTLABI,ON68b,Spring,ROT,NS,W,D,50.3,43.54885,-79.417,0,0,0,Notholca
NOTLABI,ON68b,Summer,ROT,NS,W,D,50.3,43.54885,-79.417,0,0,0,Notholca
NOTLABI,ON69b,Summer,ROT,NS,W,D,13.3,43.31863333333333,-78.99975,0,0,0,Notholca
NOTLABI,ON73N,Summer,ROT,NS,E,N,37.1,43.63238333333334,-76.28703333333333,0,0,0,Notholca
NOTLABI,ON84N,Spring,ROT,NS,W,D,10.7,43.225,-79.27176666666666,0,0,0,Notholca
NOTLABI,ON84N,Summer,ROT,NS,W,D,10.7,43.225,-79.27176666666666,0,0,0,Notholca
NOTLAUR,ON12,Spring,ROT,OS,W,D,106.8,43.50398333333333,-79.35345,0,0,0,Notholca
NOTLAUR,ON12,Summer,ROT,OS,W,D,106.8,43.50398333333333,-79.35345,0,0,0,Notholca
NOTLAUR,ON17N,Spring,ROT,NS,W,N,35.1,43.886,-76.73413333333333,0,0,0,Notholca
NOTLAUR,ON17N,Summer,ROT,NS,W,N,35.1,43.886,-76.73413333333333,0,0,0,Notholca
NOTLAUR,ON22N,Spring,ROT,NS,W,D,50,43.3176666667,-78.9992166667,0.4704858328950711,1070.62396025653,6.116315827635925,Notholca
NOTLAUR,ON25,Spring,ROT,OS,W,D,137,43.51623333333333,-79.08041666666666,0,0,0,Notholca
NOTLAUR,ON25,Summer,ROT,OS,W,D,137,43.51623333333333,-79.08041666666666,0,0,0,Notholca
NOTLAUR,ON29N,Summer,ROT,NS,W,D,30.5,43.818216666666665,-78.86856666666667,0,0,0,Notholca
NOTLAUR,ON33M,Spring,ROT,OS,W,D,140.9,43.597116666666665,-78.80105,0,0,0,Notholca
NOTLAUR,ON33M,Summer,ROT,OS,W,D,140.9,43.597116666666665,-78.80105,0,0,0,Notholca
NOTLAUR,ON3528N,Spring,ROT,NS,W,D,72.8,43.4247666666667,-76.78933333333333,0.12774204935633593,322.451182148682,6.642586566529468,Notholca
NOTLAUR,ON38N,Summer,ROT,NS,W,N,16.4,43.38325,-77.98985,0,0,0,Notholca
NOTLAUR,ON41,Spring,ROT,OS,W,N,132.2,43.7167,-78.02745,0,0,0,Notholca
NOTLAUR,ON41,Summer,ROT,OS,W,N,132.2,43.7167,-78.02745,0,0,0,Notholca
NOTLAUR,ON43N,Spring,ROT,NS,E,N,28.3,43.8457,-76.9972,0,0,0,Notholca
NOTLAUR,ON43N,Summer,ROT,NS,E,N,28.3,43.8457,-76.9972,0,0,0,Notholca
NOTLAUR,ON49,Spring,ROT,OS,E,N,51.5,43.77256666666667,-77.4417,0,0,0,Notholca
NOTLAUR,ON49,Summer,ROT,OS,E,N,51.5,43.77256666666667,-77.4417,0,0,0,Notholca
NOTLAUR,ON55M,Spring,ROT,OS,E,D,198,43.4401,-77.4398,0,0,0,Notholca
NOTLAUR,ON55M,Summer,ROT,OS,E,D,198,43.4401,-77.4398,0,0,0,Notholca
NOTLAUR,ON60,Spring,ROT,OS,E,D,150,43.580416666666665,-77.19986666666667,5.663773e-4,1.51974164,0.011327545999999999,Notholca
NOTLAUR,ON60,Summer,ROT,OS,E,D,150,43.580416666666665,-77.19986666666667,0,0,0,Notholca
NOTLAUR,ON61N,Spring,ROT,NS,E,N,51.9,43.7868,-77.1584,8.707875318809464e-5,0.169178786172612,0.004353937659404732,Notholca
NOTLAUR,ON61N,Summer,ROT,NS,E,N,51.9,43.7868,-77.1584,0,0,0,Notholca
NOTLAUR,ON62N,Spring,ROT,NS,E,N,16,43.949866666666665,-78.05011666666667,1.2218652257525841e-4,0.28692722134875,0.0034212226321072357,Notholca
NOTLAUR,ON62N,Summer,ROT,NS,E,N,16,43.949866666666665,-78.05011666666667,0,0,0,Notholca
NOTLAUR,ON63,Spring,ROT,OS,E,N,88,43.73155,-77.01718333333334,0,0,0,Notholca
NOTLAUR,ON63,Summer,ROT,OS,E,N,88,43.73155,-77.01718333333334,0,0,0,Notholca
NOTLAUR,ON65b,Summer,ROT,NS,E,N,23.1,43.30775,-76.95155,0,0,0,Notholca
NOTLAUR,ON67b,Summer,ROT,NS,W,D,51.9,43.3742,-78.73016666666666,0,0,0,Notholca
NOTLAUR,ON67N,Spring,ROT,NS,E,D,74,43.4082833333,-76.7890833333,0,0,0,Notholca
NOTLAUR,ON67N,Summer,ROT,NS,E,D,74,43.4082833333,-76.7890833333,0,0,0,Notholca
NOTLAUR,ON68b,Spring,ROT,NS,W,D,50.3,43.54885,-79.417,0,0,0,Notholca
NOTLAUR,ON68b,Summer,ROT,NS,W,D,50.3,43.54885,-79.417,0,0,0,Notholca
NOTLAUR,ON69b,Summer,ROT,NS,W,D,13.3,43.31863333333333,-78.99975,0,0,0,Notholca
NOTLAUR,ON73N,Summer,ROT,NS,E,N,37.1,43.63238333333334,-76.28703333333333,0,0,0,Notholca
NOTLAUR,ON84N,Spring,ROT,NS,W,D,10.7,43.225,-79.27176666666666,5.250090197643876e-5,0.218694528467035,0.0018375315691753567,Notholca
NOTLAUR,ON84N,Summer,ROT,NS,W,D,10.7,43.225,-79.27176666666666,0,0,0,Notholca
NOTSP,ON12,Spring,ROT,OS,W,D,106.8,43.50398333333333,-79.35345,0,0,0,Notholca
NOTSP,ON12,Summer,ROT,OS,W,D,106.8,43.50398333333333,-79.35345,0,0,0,Notholca
NOTSP,ON17N,Spring,ROT,NS,W,N,35.1,43.886,-76.73413333333333,0,0,0,Notholca
NOTSP,ON17N,Summer,ROT,NS,W,N,35.1,43.886,-76.73413333333333,0,0,0,Notholca
NOTSP,ON22N,Spring,ROT,NS,W,D,50,43.3176666667,-78.9992166667,0,0,0,Notholca
NOTSP,ON25,Spring,ROT,OS,W,D,137,43.51623333333333,-79.08041666666666,0,0,0,Notholca
NOTSP,ON25,Summer,ROT,OS,W,D,137,43.51623333333333,-79.08041666666666,0,0,0,Notholca
NOTSP,ON29N,Summer,ROT,NS,W,D,30.5,43.818216666666665,-78.86856666666667,0,0,0,Notholca
NOTSP,ON33M,Spring,ROT,OS,W,D,140.9,43.597116666666665,-78.80105,0.0046401773,8.89048859,0.09280354600000001,Notholca
NOTSP,ON33M,Summer,ROT,OS,W,D,140.9,43.597116666666665,-78.80105,0,0,0,Notholca
NOTSP,ON3528N,Spring,ROT,NS,W,D,72.8,43.4247666666667,-76.78933333333333,0.004838026078306897,7.86466297923613,0.2515773560719587,Notholca
NOTSP,ON38N,Summer,ROT,NS,W,N,16.4,43.38325,-77.98985,0,0,0,Notholca
NOTSP,ON41,Spring,ROT,OS,W,N,132.2,43.7167,-78.02745,0,0,0,Notholca
NOTSP,ON41,Summer,ROT,OS,W,N,132.2,43.7167,-78.02745,0,0,0,Notholca
NOTSP,ON43N,Spring,ROT,NS,E,N,28.3,43.8457,-76.9972,0,0,0,Notholca
NOTSP,ON43N,Summer,ROT,NS,E,N,28.3,43.8457,-76.9972,0,0,0,Notholca
NOTSP,ON49,Spring,ROT,OS,E,N,51.5,43.77256666666667,-77.4417,0,0,0,Notholca
NOTSP,ON49,Summer,ROT,OS,E,N,51.5,43.77256666666667,-77.4417,0,0,0,Notholca
NOTSP,ON55M,Spring,ROT,OS,E,D,198,43.4401,-77.4398,0,0,0,Notholca
NOTSP,ON55M,Summer,ROT,OS,E,D,198,43.4401,-77.4398,0,0,0,Notholca
NOTSP,ON60,Spring,ROT,OS,E,D,150,43.580416666666665,-77.19986666666667,0,0,0,Notholca
NOTSP,ON60,Summer,ROT,OS,E,D,150,43.580416666666665,-77.19986666666667,0,0,0,Notholca
NOTSP,ON61N,Spring,ROT,NS,E,N,51.9,43.7868,-77.1584,0,0,0,Notholca
NOTSP,ON61N,Summer,ROT,NS,E,N,51.9,43.7868,-77.1584,0,0,0,Notholca
NOTSP,ON62N,Spring,ROT,NS,E,N,16,43.949866666666665,-78.05011666666667,0,0,0,Notholca
NOTSP,ON62N,Summer,ROT,NS,E,N,16,43.949866666666665,-78.05011666666667,0,0,0,Notholca
NOTSP,ON63,Spring,ROT,OS,E,N,88,43.73155,-77.01718333333334,0.0017517232,10.1747242,0.035034463999999994,Notholca
NOTSP,ON63,Summer,ROT,OS,E,N,88,43.73155,-77.01718333333334,0,0,0,Notholca
NOTSP,ON65b,Summer,ROT,NS,E,N,23.1,43.30775,-76.95155,0,0,0,Notholca
NOTSP,ON67b,Summer,ROT,NS,W,D,51.9,43.3742,-78.73016666666666,0,0,0,Notholca
NOTSP,ON67N,Spring,ROT,NS,E,D,74,43.4082833333,-76.7890833333,0,0,0,Notholca
NOTSP,ON67N,Summer,ROT,NS,E,D,74,43.4082833333,-76.7890833333,0,0,0,Notholca
NOTSP,ON68b,Spring,ROT,NS,W,D,50.3,43.54885,-79.417,0,0,0,Notholca
NOTSP,ON68b,Summer,ROT,NS,W,D,50.3,43.54885,-79.417,0,0,0,Notholca
NOTSP,ON69b,Summer,ROT,NS,W,D,13.3,43.31863333333333,-78.99975,0,0,0,Notholca
NOTSP,ON73N,Summer,ROT,NS,E,N,37.1,43.63238333333334,-76.28703333333333,0,0,0,Notholca
NOTSP,ON84N,Spring,ROT,NS,W,D,10.7,43.225,-79.27176666666666,0,0,0,Notholca
NOTSP,ON84N,Summer,ROT,NS,W,D,10.7,43.225,-79.27176666666666,0,0,0,Notholca
NOTSQUA,ON12,Spring,ROT,OS,W,D,106.8,43.50398333333333,-79.35345,0,0,0,Notholca
NOTSQUA,ON12,Summer,ROT,OS,W,D,106.8,43.50398333333333,-79.35345,0,0,0,Notholca
NOTSQUA,ON17N,Spring,ROT,NS,W,N,35.1,43.886,-76.73413333333333,1.9873236267227198e-4,1.46724147280611,0.002186055989394992,Notholca
NOTSQUA,ON17N,Summer,ROT,NS,W,N,35.1,43.886,-76.73413333333333,0,0,0,Notholca
NOTSQUA,ON22N,Spring,ROT,NS,W,D,50,43.3176666667,-78.9992166667,0.0016764479035472674,16.7284993790083,0.021793822746114477,Notholca
NOTSQUA,ON25,Spring,ROT,OS,W,D,137,43.51623333333333,-79.08041666666666,0,0,0,Notholca
NOTSQUA,ON25,Summer,ROT,OS,W,D,137,43.51623333333333,-79.08041666666666,0,0,0,Notholca
NOTSQUA,ON29N,Summer,ROT,NS,W,D,30.5,43.818216666666665,-78.86856666666667,0,0,0,Notholca
NOTSQUA,ON33M,Spring,ROT,OS,W,D,140.9,43.597116666666665,-78.80105,0,0,0,Notholca
NOTSQUA,ON33M,Summer,ROT,OS,W,D,140.9,43.597116666666665,-78.80105,0,0,0,Notholca
NOTSQUA,ON3528N,Spring,ROT,NS,W,D,72.8,43.4247666666667,-76.78933333333333,0,0,0,Notholca
NOTSQUA,ON38N,Summer,ROT,NS,W,N,16.4,43.38325,-77.98985,0,0,0,Notholca
NOTSQUA,ON41,Spring,ROT,OS,W,N,132.2,43.7167,-78.02745,0,0,0,Notholca
NOTSQUA,ON41,Summer,ROT,OS,W,N,132.2,43.7167,-78.02745,0,0,0,Notholca
NOTSQUA,ON43N,Spring,ROT,NS,E,N,28.3,43.8457,-76.9972,0,0,0,Notholca
NOTSQUA,ON43N,Summer,ROT,NS,E,N,28.3,43.8457,-76.9972,0,0,0,Notholca
NOTSQUA,ON49,Spring,ROT,OS,E,N,51.5,43.77256666666667,-77.4417,0,0,0,Notholca
NOTSQUA,ON49,Summer,ROT,OS,E,N,51.5,43.77256666666667,-77.4417,0,0,0,Notholca
NOTSQUA,ON55M,Spring,ROT,OS,E,D,198,43.4401,-77.4398,0,0,0,Notholca
NOTSQUA,ON55M,Summer,ROT,OS,E,D,198,43.4401,-77.4398,0,0,0,Notholca
NOTSQUA,ON60,Spring,ROT,OS,E,D,150,43.580416666666665,-77.19986666666667,0,0,0,Notholca
NOTSQUA,ON60,Summer,ROT,OS,E,D,150,43.580416666666665,-77.19986666666667,0,0,0,Notholca
NOTSQUA,ON61N,Spring,ROT,NS,E,N,51.9,43.7868,-77.1584,0,0,0,Notholca
NOTSQUA,ON61N,Summer,ROT,NS,E,N,51.9,43.7868,-77.1584,0,0,0,Notholca
NOTSQUA,ON62N,Spring,ROT,NS,E,N,16,43.949866666666665,-78.05011666666667,0,0,0,Notholca
NOTSQUA,ON62N,Summer,ROT,NS,E,N,16,43.949866666666665,-78.05011666666667,0,0,0,Notholca
NOTSQUA,ON63,Spring,ROT,OS,E,N,88,43.73155,-77.01718333333334,0,0,0,Notholca
NOTSQUA,ON63,Summer,ROT,OS,E,N,88,43.73155,-77.01718333333334,0,0,0,Notholca
NOTSQUA,ON65b,Summer,ROT,NS,E,N,23.1,43.30775,-76.95155,0,0,0,Notholca
NOTSQUA,ON67b,Summer,ROT,NS,W,D,51.9,43.3742,-78.73016666666666,0,0,0,Notholca
NOTSQUA,ON67N,Spring,ROT,NS,E,D,74,43.4082833333,-76.7890833333,0,0,0,Notholca
NOTSQUA,ON67N,Summer,ROT,NS,E,D,74,43.4082833333,-76.7890833333,0,0,0,Notholca
NOTSQUA,ON68b,Spring,ROT,NS,W,D,50.3,43.54885,-79.417,0,0,0,Notholca
NOTSQUA,ON68b,Summer,ROT,NS,W,D,50.3,43.54885,-79.417,0,0,0,Notholca
NOTSQUA,ON69b,Summer,ROT,NS,W,D,13.3,43.31863333333333,-78.99975,0,0,0,Notholca
NOTSQUA,ON73N,Summer,ROT,NS,E,N,37.1,43.63238333333334,-76.28703333333333,0,0,0,Notholca
NOTSQUA,ON84N,Spring,ROT,NS,W,D,10.7,43.225,-79.27176666666666,0,0,0,Notholca
NOTSQUA,ON84N,Summer,ROT,NS,W,D,10.7,43.225,-79.27176666666666,0,0,0,Notholca
PLOHUDS,ON12,Spring,ROT,OS,W,D,106.8,43.50398333333333,-79.35345,0,0,0,Ploesoma
PLOHUDS,ON12,Summer,ROT,OS,W,N,106.8,43.50398333333333,-79.35345,12.338553518362216,2417.50928604075,246.7710703672443,Ploesoma
PLOHUDS,ON17N,Spring,ROT,NS,W,N,35.1,43.886,-76.73413333333333,0,0,0,Ploesoma
PLOHUDS,ON17N,Summer,ROT,NS,W,N,10.7,43.225,-79.27176666666666,1.4208829222431152,357.214058683633,28.417658444862305,Ploesoma
PLOHUDS,ON22N,Spring,ROT,NS,W,D,50,43.3176666667,-78.9992166667,0,0,0,Ploesoma
PLOHUDS,ON25,Spring,ROT,OS,W,D,137,43.51623333333333,-79.08041666666666,0,0,0,Ploesoma
PLOHUDS,ON25,Summer,ROT,OS,W,D,137,43.51623333333333,-79.08041666666666,2.443229733406649,1661.36880613122,48.86459466813298,Ploesoma
PLOHUDS,ON29N,Summer,ROT,NS,W,D,30.5,43.818216666666665,-78.86856666666667,1.5151654883688759,590.192955801275,30.303309767377513,Ploesoma
PLOHUDS,ON33M,Spring,ROT,OS,W,D,140.9,43.597116666666665,-78.80105,0,0,0,Ploesoma
PLOHUDS,ON33M,Summer,ROT,OS,W,D,140.9,43.597116666666665,-78.80105,1.0729256101021445,1192.28370063197,21.45851220204289,Ploesoma
PLOHUDS,ON3528N,Spring,ROT,NS,W,D,72.8,43.4247666666667,-76.78933333333333,0,0,0,Ploesoma
PLOHUDS,ON38N,Summer,ROT,NS,W,N,16.4,43.38325,-77.98985,5.931246577117495,1717.90444538505,118.6249315423499,Ploesoma
PLOHUDS,ON41,Spring,ROT,OS,W,N,132.2,43.7167,-78.02745,0,0,0,Ploesoma
PLOHUDS,ON41,Summer,ROT,OS,W,N,132.2,43.7167,-78.02745,1.482350570486199,265.92602146448297,29.647011409723977,Ploesoma
PLOHUDS,ON43N,Spring,ROT,NS,E,N,28.3,43.8457,-76.9972,0,0,0,Ploesoma
PLOHUDS,ON43N,Summer,ROT,NS,E,N,28.3,43.8457,-76.9972,0,0,0,Ploesoma
PLOHUDS,ON49,Spring,ROT,OS,E,N,51.5,43.77256666666667,-77.4417,0,0,0,Ploesoma
PLOHUDS,ON49,Summer,ROT,OS,E,N,51.5,43.77256666666667,-77.4417,0,0,0,Ploesoma
PLOHUDS,ON55M,Spring,ROT,OS,E,D,198,43.4401,-77.4398,0,0,0,Ploesoma
PLOHUDS,ON55M,Summer,ROT,OS,E,D,198,43.4401,-77.4398,5.509156372556613,1544.84546545389,110.18312745113226,Ploesoma
PLOHUDS,ON60,Spring,ROT,OS,E,D,150,43.580416666666665,-77.19986666666667,0,0,0,Ploesoma
PLOHUDS,ON60,Summer,ROT,OS,E,D,150,43.580416666666665,-77.19986666666667,0.6098450070974447,381.081486116513,12.196900141948893,Ploesoma
PLOHUDS,ON61N,Spring,ROT,NS,E,N,51.9,43.7868,-77.1584,0,0,0,Ploesoma
PLOHUDS,ON61N,Summer,ROT,NS,E,N,51.9,43.7868,-77.1584,1.6116466816473818,818.801342095911,32.232933632947635,Ploesoma
PLOHUDS,ON62N,Spring,ROT,NS,E,N,16,43.949866666666665,-78.05011666666667,0,0,0,Ploesoma
PLOHUDS,ON62N,Summer,ROT,NS,E,N,28.3,43.8457,-76.9972,0.27119651223524766,193.746101352695,5.4239302447049536,Ploesoma
PLOHUDS,ON63,Spring,ROT,OS,E,N,88,43.73155,-77.01718333333334,0,0,0,Ploesoma
PLOHUDS,ON63,Summer,ROT,OS,E,N,88,43.73155,-77.01718333333334,4.570314507533725,741.574521696454,91.40629015067451,Ploesoma
PLOHUDS,ON65b,Summer,ROT,NS,E,N,23.1,43.30775,-76.95155,0.5905309487102566,320.945198319203,11.81061897420513,Ploesoma
PLOHUDS,ON67b,Summer,ROT,NS,W,D,51.9,43.3742,-78.73016666666666,14.643073310960165,4137.04910535459,292.8614662192033,Ploesoma
PLOHUDS,ON67N,Spring,ROT,NS,E,D,74,43.4082833333,-76.7890833333,0,0,0,Ploesoma
PLOHUDS,ON67N,Summer,ROT,NS,E,N,72.8,43.42476666666666,-76.78933333333333,1.5438056359891934,445.393336442976,30.87611271978387,Ploesoma
PLOHUDS,ON68b,Spring,ROT,NS,W,D,50.3,43.54885,-79.417,0,0,0,Ploesoma
PLOHUDS,ON68b,Summer,ROT,NS,W,N,50,43.583666666666666,-79.41721666666666,2.597141689131897,731.79641996993,51.94283378263795,Ploesoma
PLOHUDS,ON69b,Summer,ROT,NS,W,D,13.3,43.31863333333333,-78.99975,4.754528591915804,2573.47762707564,95.09057183831608,Ploesoma
PLOHUDS,ON73N,Summer,ROT,NS,E,N,37.1,43.63238333333334,-76.28703333333333,0.5437586130944403,1048.50831320282,10.875172261888807,Ploesoma
PLOHUDS,ON84N,Spring,ROT,NS,W,D,10.7,43.225,-79.27176666666666,0,0,0,Ploesoma
PLOHUDS,ON84N,Summer,ROT,NS,W,D,10.7,43.225,-79.27176666666666,0,0,0,Ploesoma
PLOLENT,ON12,Spring,ROT,OS,W,N,106.8,43.50398333333333,-79.35345,0,0,0,Ploesoma
PLOLENT,ON12,Summer,ROT,OS,W,N,106.8,43.50398333333333,-79.35345,0,0,0,Ploesoma
PLOLENT,ON17N,Spring,ROT,NS,W,N,10.7,43.225,-79.27176666666666,0,0,0,Ploesoma
PLOLENT,ON17N,Summer,ROT,NS,W,N,10.7,43.225,-79.27176666666666,0,0,0,Ploesoma
PLOLENT,ON22N,Spring,ROT,NS,W,D,50,43.3176666667,-78.9992166667,0,0,0,Ploesoma
PLOLENT,ON25,Spring,ROT,OS,W,D,137,43.51623333333333,-79.08041666666666,0,0,0,Ploesoma
PLOLENT,ON25,Summer,ROT,OS,W,D,137,43.51623333333333,-79.08041666666666,0,0,0,Ploesoma
PLOLENT,ON29N,Summer,ROT,NS,W,D,30.5,43.818216666666665,-78.86856666666667,0,0,0,Ploesoma
PLOLENT,ON33M,Spring,ROT,OS,W,D,140.9,43.597116666666665,-78.80105,0,0,0,Ploesoma
PLOLENT,ON33M,Summer,ROT,OS,W,D,140.9,43.597116666666665,-78.80105,0,0,0,Ploesoma
PLOLENT,ON3528N,Spring,ROT,NS,W,D,72.8,43.4247666666667,-76.78933333333333,0,0,0,Ploesoma
PLOLENT,ON38N,Summer,ROT,NS,W,N,16.4,43.38325,-77.98985,0.18731260451287052,343.58088907701,3.7462520902574106,Ploesoma
PLOLENT,ON41,Spring,ROT,OS,W,N,132.2,43.7167,-78.02745,0,0,0,Ploesoma
PLOLENT,ON41,Summer,ROT,OS,W,N,132.2,43.7167,-78.02745,0,0,0,Ploesoma
PLOLENT,ON43N,Spring,ROT,NS,E,N,28.3,43.8457,-76.9972,0,0,0,Ploesoma
PLOLENT,ON43N,Summer,ROT,NS,W,N,16,43.949866666666665,-78.05011666666667,0.2141066570351835,841.811269246333,4.28213314070367,Ploesoma
PLOLENT,ON49,Spring,ROT,OS,E,N,51.5,43.77256666666667,-77.4417,0,0,0,Ploesoma
PLOLENT,ON49,Summer,ROT,OS,E,D,51.5,43.77256666666667,-77.4417,0.20738361875221034,712.301843208436,4.147672375044206,Ploesoma
PLOLENT,ON55M,Spring,ROT,OS,E,D,198,43.4401,-77.4398,0,0,0,Ploesoma
PLOLENT,ON55M,Summer,ROT,OS,E,D,198,43.4401,-77.4398,2.402733580876446,7209.27883878483,48.05467161752893,Ploesoma
PLOLENT,ON60,Spring,ROT,OS,E,D,150,43.580416666666665,-77.19986666666667,0,0,0,Ploesoma
PLOLENT,ON60,Summer,ROT,OS,E,D,150,43.580416666666665,-77.19986666666667,1.4181328629492589,3429.73337504862,28.362657258985177,Ploesoma
PLOLENT,ON61N,Spring,ROT,NS,E,N,51.9,43.7868,-77.1584,0,0,0,Ploesoma
PLOLENT,ON61N,Summer,ROT,NS,E,N,51.9,43.7868,-77.1584,0,0,0,Ploesoma
PLOLENT,ON62N,Spring,ROT,NS,E,N,28.3,43.8457,-76.9972,0,0,0,Ploesoma
PLOLENT,ON62N,Summer,ROT,NS,E,N,28.3,43.8457,-76.9972,0,0,0,Ploesoma
PLOLENT,ON63,Spring,ROT,OS,E,N,88,43.73155,-77.01718333333334,0,0,0,Ploesoma
PLOLENT,ON63,Summer,ROT,OS,E,N,88,43.73155,-77.01718333333334,0,0,0,Ploesoma
PLOLENT,ON65b,Summer,ROT,NS,E,N,23.1,43.30775,-76.95155,0,0,0,Ploesoma
PLOLENT,ON67b,Summer,ROT,NS,W,D,51.9,43.3742,-78.73016666666666,0,0,0,Ploesoma
PLOLENT,ON67N,Spring,ROT,NS,E,N,72.8,43.42476666666666,-76.78933333333333,0,0,0,Ploesoma
PLOLENT,ON67N,Summer,ROT,NS,E,N,72.8,43.42476666666666,-76.78933333333333,0.8943565672865443,1336.18000932893,17.887131345730886,Ploesoma
PLOLENT,ON68b,Spring,ROT,NS,W,N,50,43.583666666666666,-79.41721666666666,0,0,0,Ploesoma
PLOLENT,ON68b,Summer,ROT,NS,W,N,50,43.583666666666666,-79.41721666666666,0,0,0,Ploesoma
PLOLENT,ON69b,Summer,ROT,NS,W,D,13.3,43.31863333333333,-78.99975,0,0,0,Ploesoma
PLOLENT,ON73N,Summer,ROT,NS,E,N,37.1,43.63238333333334,-76.28703333333333,0,0,0,Ploesoma
PLOLENT,ON84N,Spring,ROT,NS,W,D,10.7,43.225,-79.27176666666666,0,0,0,Ploesoma
PLOLENT,ON84N,Summer,ROT,NS,W,D,10.7,43.225,-79.27176666666666,0,0,0,Ploesoma
PLOTRUN,ON12,Spring,ROT,OS,W,N,106.8,43.50398333333333,-79.35345,0,0,0,Ploesoma
PLOTRUN,ON12,Summer,ROT,OS,W,N,106.8,43.50398333333333,-79.35345,0.4302779727666768,2417.50928604075,8.605559455333536,Ploesoma
PLOTRUN,ON17N,Spring,ROT,NS,W,N,10.7,43.225,-79.27176666666666,0,0,0,Ploesoma
PLOTRUN,ON17N,Summer,ROT,NS,W,N,10.7,43.225,-79.27176666666666,0.15426173922718767,357.214058683633,3.0852347845437533,Ploesoma
PLOTRUN,ON22N,Spring,ROT,NS,W,D,50,43.3176666667,-78.9992166667,0,0,0,Ploesoma
PLOTRUN,ON25,Spring,ROT,OS,W,D,137,43.51623333333333,-79.08041666666666,0,0,0,Ploesoma
PLOTRUN,ON25,Summer,ROT,OS,W,D,137,43.51623333333333,-79.08041666666666,0,0,0,Ploesoma
PLOTRUN,ON29N,Summer,ROT,NS,W,D,30.5,43.818216666666665,-78.86856666666667,0.06638868090344455,590.192955801275,1.327773618068891,Ploesoma
PLOTRUN,ON33M,Spring,ROT,OS,W,D,140.9,43.597116666666665,-78.80105,0,0,0,Ploesoma
PLOTRUN,ON33M,Summer,ROT,OS,W,D,140.9,43.597116666666665,-78.80105,0,0,0,Ploesoma
PLOTRUN,ON3528N,Spring,ROT,NS,W,D,72.8,43.4247666666667,-76.78933333333333,0,0,0,Ploesoma
PLOTRUN,ON38N,Summer,ROT,NS,W,N,16.4,43.38325,-77.98985,0.12981674779205643,687.16177815402,2.596334955841129,Ploesoma
PLOTRUN,ON41,Spring,ROT,OS,W,N,132.2,43.7167,-78.02745,0,0,0,Ploesoma
PLOTRUN,ON41,Summer,ROT,OS,W,N,132.2,43.7167,-78.02745,3.6939662911217623,15955.561287869,73.87932582243525,Ploesoma
PLOTRUN,ON43N,Spring,ROT,NS,W,N,16,43.949866666666665,-78.05011666666667,0,0,0,Ploesoma
PLOTRUN,ON43N,Summer,ROT,NS,W,N,16,43.949866666666665,-78.05011666666667,1.997827963380409,7997.20705784017,39.956559267608185,Ploesoma
PLOTRUN,ON49,Spring,ROT,OS,E,D,51.5,43.77256666666667,-77.4417,0,0,0,Ploesoma
PLOTRUN,ON49,Summer,ROT,OS,E,D,51.5,43.77256666666667,-77.4417,0.04893572071593099,569.841474566749,0.9787144143186198,Ploesoma
PLOTRUN,ON55M,Spring,ROT,OS,E,D,198,43.4401,-77.4398,0,0,0,Ploesoma
PLOTRUN,ON55M,Summer,ROT,OS,E,D,198,43.4401,-77.4398,1.2155233423248524,5664.43337333094,24.310466846497047,Ploesoma
PLOTRUN,ON60,Spring,ROT,OS,E,D,150,43.580416666666665,-77.19986666666667,0,0,0,Ploesoma
PLOTRUN,ON60,Summer,ROT,OS,E,D,150,43.580416666666665,-77.19986666666667,0,0,0,Ploesoma
PLOTRUN,ON61N,Spring,ROT,NS,E,N,51.9,43.7868,-77.1584,0,0,0,Ploesoma
PLOTRUN,ON61N,Summer,ROT,NS,E,N,51.9,43.7868,-77.1584,0.2620904491120167,2456.40402628773,5.241808982240334,Ploesoma
PLOTRUN,ON62N,Spring,ROT,NS,E,N,28.3,43.8457,-76.9972,0,0,0,Ploesoma
PLOTRUN,ON62N,Summer,ROT,NS,E,N,28.3,43.8457,-76.9972,0.14285626600614237,387.492202705389,2.8571253201228477,Ploesoma
PLOTRUN,ON63,Spring,ROT,OS,E,N,88,43.73155,-77.01718333333334,0,0,0,Ploesoma
PLOTRUN,ON63,Summer,ROT,OS,E,N,88,43.73155,-77.01718333333334,0,0,0,Ploesoma
PLOTRUN,ON65b,Summer,ROT,NS,E,N,23.1,43.30775,-76.95155,0.6246637914967017,2246.61638823442,12.493275829934035,Ploesoma
PLOTRUN,ON67b,Summer,ROT,NS,W,D,51.9,43.3742,-78.73016666666666,0,0,0,Ploesoma
PLOTRUN,ON67N,Spring,ROT,NS,E,N,72.8,43.42476666666666,-76.78933333333333,0,0,0,Ploesoma
PLOTRUN,ON67N,Summer,ROT,NS,E,N,72.8,43.42476666666666,-76.78933333333333,1.2521561288313563,7126.29338308761,25.04312257662713,Ploesoma
PLOTRUN,ON68b,Spring,ROT,NS,W,N,50,43.583666666666666,-79.41721666666666,0,0,0,Ploesoma
PLOTRUN,ON68b,Summer,ROT,NS,W,N,50,43.583666666666666,-79.41721666666666,0,0,0,Ploesoma
PLOTRUN,ON69b,Summer,ROT,NS,W,D,13.3,43.31863333333333,-78.99975,0,0,0,Ploesoma
PLOTRUN,ON73N,Summer,ROT,NS,E,N,37.1,43.63238333333334,-76.28703333333333,2.608443054448622,11009.3372886296,52.168861088972434,Ploesoma
PLOTRUN,ON84N,Spring,ROT,NS,W,D,10.7,43.225,-79.27176666666666,0,0,0,Ploesoma
PLOTRUN,ON84N,Summer,ROT,NS,E,N,35.1,43.886,-76.73413333333333,0.3895956873677322,1501.69988591708,7.791913747354645,Ploesoma
POLDOLI,ON12,Spring,ROT,OS,W,N,106.8,43.50398333333333,-79.35345,0,0,0,Polyarthra
POLDOLI,ON12,Summer,ROT,OS,W,N,106.8,43.50398333333333,-79.35345,0,0,0,Polyarthra
POLDOLI,ON17N,Spring,ROT,NS,W,N,35.1,43.886,-76.73413333333333,0.01870734437094646,35.2137953473466,0.20578078808041106,Polyarthra
POLDOLI,ON17N,Summer,ROT,NS,W,N,35.1,43.886,-76.73413333333333,0,0,0,Polyarthra
POLDOLI,ON22N,Spring,ROT,NS,W,D,50,43.3176666667,-78.9992166667,0.09246197535713449,133.827995032066,1.2020056796427483,Polyarthra
POLDOLI,ON25,Spring,ROT,OS,W,D,137,43.51623333333333,-79.08041666666666,0,0,0,Polyarthra
POLDOLI,ON25,Summer,ROT,OS,W,D,137,43.51623333333333,-79.08041666666666,0,0,0,Polyarthra
POLDOLI,ON29N,Summer,ROT,NS,W,D,30.5,43.818216666666665,-78.86856666666667,0,0,0,Polyarthra
POLDOLI,ON33M,Spring,ROT,OS,W,D,140.9,43.597116666666665,-78.80105,0,0,0,Polyarthra
POLDOLI,ON33M,Summer,ROT,OS,W,D,140.9,43.597116666666665,-78.80105,0,0,0,Polyarthra
POLDOLI,ON3528N,Spring,ROT,NS,W,D,72.8,43.4247666666667,-76.78933333333333,0.04813764819903385,78.6466297923614,2.5031577063497603,Polyarthra
POLDOLI,ON38N,Summer,ROT,NS,W,N,16.4,43.38325,-77.98985,0,0,0,Polyarthra
POLDOLI,ON41,Spring,ROT,OS,W,N,132.2,43.7167,-78.02745,0,0,0,Polyarthra
POLDOLI,ON41,Summer,ROT,OS,W,N,132.2,43.7167,-78.02745,0,0,0,Polyarthra
POLDOLI,ON43N,Spring,ROT,NS,W,N,16,43.949866666666665,-78.05011666666667,0,0,0,Polyarthra
POLDOLI,ON43N,Summer,ROT,NS,W,N,16,43.949866666666665,-78.05011666666667,0,0,0,Polyarthra
POLDOLI,ON49,Spring,ROT,OS,E,D,51.5,43.77256666666667,-77.4417,0,0,0,Polyarthra
POLDOLI,ON49,Summer,ROT,OS,E,D,51.5,43.77256666666667,-77.4417,0,0,0,Polyarthra
POLDOLI,ON55M,Spring,ROT,OS,E,D,198,43.4401,-77.4398,0,0,0,Polyarthra
POLDOLI,ON55M,Summer,ROT,OS,E,D,198,43.4401,-77.4398,0,0,0,Polyarthra
POLDOLI,ON60,Spring,ROT,OS,E,D,150,43.580416666666665,-77.19986666666667,0,0,0,Polyarthra
POLDOLI,ON60,Summer,ROT,OS,E,D,150,43.580416666666665,-77.19986666666667,0,0,0,Polyarthra
POLDOLI,ON61N,Spring,ROT,NS,E,N,51.9,43.7868,-77.1584,6.754727044820919e-4,1.01507271703567,0.03377363522410459,Polyarthra
POLDOLI,ON61N,Summer,ROT,NS,E,N,51.9,43.7868,-77.1584,0,0,0,Polyarthra
POLDOLI,ON62N,Spring,ROT,NS,E,N,16,43.949866666666665,-78.05011666666667,8.843132747531523e-4,1.7215633280925,0.02476077169308826,Polyarthra
POLDOLI,ON62N,Summer,ROT,NS,E,N,16,43.949866666666665,-78.05011666666667,0,0,0,Polyarthra
POLDOLI,ON63,Spring,ROT,OS,E,N,88,43.73155,-77.01718333333334,0,0,0,Polyarthra
POLDOLI,ON63,Summer,ROT,OS,E,N,88,43.73155,-77.01718333333334,0,0,0,Polyarthra
POLDOLI,ON65b,Summer,ROT,NS,E,N,23.1,43.30775,-76.95155,0,0,0,Polyarthra
POLDOLI,ON67b,Summer,ROT,NS,W,D,51.9,43.3742,-78.73016666666666,0,0,0,Polyarthra
POLDOLI,ON67N,Spring,ROT,NS,E,D,74,43.4082833333,-76.7890833333,0.024364053152262765,35.3401809682398,1.7298477738106561,Polyarthra
POLDOLI,ON67N,Summer,ROT,NS,E,D,74,43.4082833333,-76.7890833333,0,0,0,Polyarthra
POLDOLI,ON68b,Spring,ROT,NS,W,D,50.3,43.54885,-79.417,0.002306982720858088,3.6597859865912,0.1107351706011882,Polyarthra
POLDOLI,ON68b,Summer,ROT,NS,W,D,50.3,43.54885,-79.417,0,0,0,Polyarthra
POLDOLI,ON69b,Summer,ROT,NS,W,D,13.3,43.31863333333333,-78.99975,0,0,0,Polyarthra
POLDOLI,ON73N,Summer,ROT,NS,E,N,37.1,43.63238333333334,-76.28703333333333,0,0,0,Polyarthra
POLDOLI,ON84N,Spring,ROT,NS,W,D,10.7,43.225,-79.27176666666666,4.6926204802358497e-4,0.656083585401106,0.016424171680825474,Polyarthra
POLDOLI,ON84N,Summer,ROT,NS,W,D,10.7,43.225,-79.27176666666666,0,0,0,Polyarthra
POLMAJO,ON12,Spring,ROT,OS,W,N,106.8,43.50398333333333,-79.35345,0,0,0,Polyarthra
POLMAJO,ON12,Summer,ROT,OS,W,N,106.8,43.50398333333333,-79.35345,0,0,0,Polyarthra
POLMAJO,ON17N,Spring,ROT,NS,W,N,35.1,43.886,-76.73413333333333,0,0,0,Polyarthra
POLMAJO,ON17N,Summer,ROT,NS,W,N,35.1,43.886,-76.73413333333333,0,0,0,Polyarthra
POLMAJO,ON22N,Spring,ROT,NS,W,D,50,43.3176666667,-78.9992166667,0,0,0,Polyarthra
POLMAJO,ON25,Spring,ROT,OS,W,D,137,43.51623333333333,-79.08041666666666,0.0054018480999999995,5.30191605,0.10803696199999999,Polyarthra
POLMAJO,ON25,Summer,ROT,OS,W,D,137,43.51623333333333,-79.08041666666666,0,0,0,Polyarthra
POLMAJO,ON29N,Summer,ROT,NS,W,D,30.5,43.818216666666665,-78.86856666666667,0,0,0,Polyarthra
POLMAJO,ON33M,Spring,ROT,OS,W,D,140.9,43.597116666666665,-78.80105,0,0,0,Polyarthra
POLMAJO,ON33M,Summer,ROT,OS,W,D,140.9,43.597116666666665,-78.80105,0,0,0,Polyarthra
POLMAJO,ON3528N,Spring,ROT,NS,W,D,72.8,43.4247666666667,-76.78933333333333,0,0,0,Polyarthra
POLMAJO,ON38N,Summer,ROT,NS,W,N,16.4,43.38325,-77.98985,0,0,0,Polyarthra
POLMAJO,ON41,Spring,ROT,OS,W,N,132.2,43.7167,-78.02745,0,0,0,Polyarthra
POLMAJO,ON41,Summer,ROT,OS,W,N,132.2,43.7167,-78.02745,0,0,0,Polyarthra
POLMAJO,ON43N,Spring,ROT,NS,W,N,16,43.949866666666665,-78.05011666666667,0,0,0,Polyarthra
POLMAJO,ON43N,Summer,ROT,NS,W,N,16,43.949866666666665,-78.05011666666667,0,0,0,Polyarthra
POLMAJO,ON49,Spring,ROT,OS,E,D,51.5,43.77256666666667,-77.4417,0,0,0,Polyarthra
POLMAJO,ON49,Summer,ROT,OS,E,D,51.5,43.77256666666667,-77.4417,0,0,0,Polyarthra
POLMAJO,ON55M,Spring,ROT,OS,E,D,198,43.4401,-77.4398,0.0052891911,4.70193236,0.105783822,Polyarthra
POLMAJO,ON55M,Summer,ROT,OS,E,D,198,43.4401,-77.4398,0,0,0,Polyarthra
POLMAJO,ON60,Spring,ROT,OS,E,D,150,43.580416666666665,-77.19986666666667,0,0,0,Polyarthra
POLMAJO,ON60,Summer,ROT,OS,E,D,150,43.580416666666665,-77.19986666666667,0,0,0,Polyarthra
POLMAJO,ON61N,Spring,ROT,NS,E,N,51.9,43.7868,-77.1584,0,0,0,Polyarthra
POLMAJO,ON61N,Summer,ROT,NS,E,N,51.9,43.7868,-77.1584,0,0,0,Polyarthra
POLMAJO,ON62N,Spring,ROT,NS,E,N,16,43.949866666666665,-78.05011666666667,0,0,0,Polyarthra
POLMAJO,ON62N,Summer,ROT,NS,E,N,16,43.949866666666665,-78.05011666666667,0,0,0,Polyarthra
POLMAJO,ON63,Spring,ROT,OS,E,N,88,43.73155,-77.01718333333334,0,0,0,Polyarthra
POLMAJO,ON63,Summer,ROT,OS,E,N,88,43.73155,-77.01718333333334,0,0,0,Polyarthra
POLMAJO,ON65b,Summer,ROT,NS,E,N,23.1,43.30775,-76.95155,0,0,0,Polyarthra
POLMAJO,ON67b,Summer,ROT,NS,W,D,51.9,43.3742,-78.73016666666666,0,0,0,Polyarthra
POLMAJO,ON67N,Spring,ROT,NS,E,D,74,43.4082833333,-76.7890833333,0,0,0,Polyarthra
POLMAJO,ON67N,Summer,ROT,NS,E,D,74,43.4082833333,-76.7890833333,0,0,0,Polyarthra
POLMAJO,ON68b,Spring,ROT,NS,W,D,50.3,43.54885,-79.417,0,0,0,Polyarthra
POLMAJO,ON68b,Summer,ROT,NS,W,D,50.3,43.54885,-79.417,0,0,0,Polyarthra
POLMAJO,ON69b,Summer,ROT,NS,W,D,13.3,43.31863333333333,-78.99975,0,0,0,Polyarthra
POLMAJO,ON73N,Summer,ROT,NS,E,N,37.1,43.63238333333334,-76.28703333333333,0,0,0,Polyarthra
POLMAJO,ON84N,Spring,ROT,NS,W,D,10.7,43.225,-79.27176666666666,0,0,0,Polyarthra
POLMAJO,ON84N,Summer,ROT,NS,W,D,10.7,43.225,-79.27176666666666,0,0,0,Polyarthra
POLREMA,ON12,Spring,ROT,OS,W,N,106.8,43.50398333333333,-79.35345,0,0,0,Polyarthra
POLREMA,ON12,Summer,ROT,OS,W,N,106.8,43.50398333333333,-79.35345,0.4107721492066813,2417.50928604075,8.215442984133626,Polyarthra
POLREMA,ON17N,Spring,ROT,NS,W,N,35.1,43.886,-76.73413333333333,0,0,0,Polyarthra
POLREMA,ON17N,Summer,ROT,NS,W,N,35.1,43.886,-76.73413333333333,0,0,0,Polyarthra
POLREMA,ON22N,Spring,ROT,NS,W,D,50,43.3176666667,-78.9992166667,0.007836122599859168,16.7284993790083,0.10186959379816919,Polyarthra
POLREMA,ON25,Spring,ROT,OS,W,D,137,43.51623333333333,-79.08041666666666,0,0,0,Polyarthra
POLREMA,ON25,Summer,ROT,OS,W,D,137,43.51623333333333,-79.08041666666666,0.9231449798981717,4984.10641839367,18.462899597963432,Polyarthra
POLREMA,ON29N,Summer,ROT,NS,W,D,30.5,43.818216666666665,-78.86856666666667,0,0,0,Polyarthra
POLREMA,ON33M,Spring,ROT,OS,W,D,140.9,43.597116666666665,-78.80105,0,0,0,Polyarthra
POLREMA,ON33M,Summer,ROT,OS,W,D,140.9,43.597116666666665,-78.80105,0.21765476609780632,1192.28370063197,4.353095321956126,Polyarthra
POLREMA,ON3528N,Spring,ROT,NS,W,D,72.8,43.4247666666667,-76.78933333333333,0,0,0,Polyarthra
POLREMA,ON38N,Summer,ROT,NS,W,N,16.4,43.38325,-77.98985,0,0,0,Polyarthra
POLREMA,ON41,Spring,ROT,OS,W,N,132.2,43.7167,-78.02745,0,0,0,Polyarthra
POLREMA,ON41,Summer,ROT,OS,W,N,132.2,43.7167,-78.02745,0,0,0,Polyarthra
POLREMA,ON43N,Spring,ROT,NS,W,N,16,43.949866666666665,-78.05011666666667,0,0,0,Polyarthra
POLREMA,ON43N,Summer,ROT,NS,W,N,16,43.949866666666665,-78.05011666666667,0.23616687862484398,1262.7169038695,4.723337572496879,Polyarthra
POLREMA,ON49,Spring,ROT,OS,E,D,51.5,43.77256666666667,-77.4417,0,0,0,Polyarthra
POLREMA,ON49,Summer,ROT,OS,E,D,51.5,43.77256666666667,-77.4417,0,0,0,Polyarthra
POLREMA,ON55M,Spring,ROT,OS,E,D,198,43.4401,-77.4398,0,0,0,Polyarthra
POLREMA,ON55M,Summer,ROT,OS,E,D,198,43.4401,-77.4398,0,0,0,Polyarthra
POLREMA,ON60,Spring,ROT,OS,E,D,150,43.580416666666665,-77.19986666666667,0,0,0,Polyarthra
POLREMA,ON60,Summer,ROT,OS,E,D,150,43.580416666666665,-77.19986666666667,0.07998647965209205,381.081486116513,1.599729593041841,Polyarthra
POLREMA,ON61N,Spring,ROT,NS,E,N,51.9,43.7868,-77.1584,0,0,0,Polyarthra
POLREMA,ON61N,Summer,ROT,NS,E,N,51.9,43.7868,-77.1584,1.042034535278663,4094.00671047955,20.840690705573262,Polyarthra
POLREMA,ON62N,Spring,ROT,NS,E,N,16,43.949866666666665,-78.05011666666667,0,0,0,Polyarthra
POLREMA,ON62N,Summer,ROT,NS,E,N,16,43.949866666666665,-78.05011666666667,0,0,0,Polyarthra
POLREMA,ON63,Spring,ROT,OS,E,N,88,43.73155,-77.01718333333334,0,0,0,Polyarthra
POLREMA,ON63,Summer,ROT,OS,E,N,88,43.73155,-77.01718333333334,0,0,0,Polyarthra
POLREMA,ON65b,Summer,ROT,NS,E,N,23.1,43.30775,-76.95155,0.02135184215377994,320.945198319203,0.42703684307559875,Polyarthra
POLREMA,ON67b,Summer,ROT,NS,W,D,51.9,43.3742,-78.73016666666666,0,0,0,Polyarthra
POLREMA,ON67N,Spring,ROT,NS,E,D,74,43.4082833333,-76.7890833333,0,0,0,Polyarthra
POLREMA,ON67N,Summer,ROT,NS,E,D,74,43.4082833333,-76.7890833333,0,0,0,Polyarthra
POLREMA,ON68b,Spring,ROT,NS,W,D,50.3,43.54885,-79.417,0,0,0,Polyarthra
POLREMA,ON68b,Summer,ROT,NS,W,N,50,43.583666666666666,-79.41721666666666,0.8431488801000193,4024.88030983461,16.862977602000388,Polyarthra
POLREMA,ON69b,Summer,ROT,NS,W,D,13.3,43.31863333333333,-78.99975,0.7799819622006061,1838.19830505403,15.59963924401212,Polyarthra
POLREMA,ON73N,Summer,ROT,NS,E,N,37.1,43.63238333333334,-76.28703333333333,4.854993360792967,16251.8788546437,97.09986721585936,Polyarthra
POLREMA,ON84N,Spring,ROT,NS,W,D,10.7,43.225,-79.27176666666666,0,0,0,Polyarthra
POLREMA,ON84N,Summer,ROT,NS,W,D,10.7,43.225,-79.27176666666666,0,0,0,Polyarthra
POLSP,ON12,Spring,ROT,OS,W,D,106.8,43.50398333333333,-79.35345,0.0556356157,80.339622,1.1127123140000001,Polyarthra
POLSP,ON12,Summer,ROT,OS,W,N,106.8,43.50398333333333,-79.35345,1.5660626992279034,2417.50928604075,31.32125398455807,Polyarthra
POLSP,ON17N,Spring,ROT,NS,W,N,35.1,43.886,-76.73413333333333,0,0,0,Polyarthra
POLSP,ON17N,Summer,ROT,NS,W,N,10.7,43.225,-79.27176666666666,0.6464376789162384,2143.2843521018,12.928753578324768,Polyarthra
POLSP,ON22N,Spring,ROT,NS,W,D,50,43.3176666667,-78.9992166667,0.007046551614937451,16.7284993790083,0.09160517099418686,Polyarthra
POLSP,ON25,Spring,ROT,OS,W,D,137,43.51623333333333,-79.08041666666666,0.0429102943,47.7172444,0.858205886,Polyarthra
POLSP,ON25,Summer,ROT,OS,W,D,137,43.51623333333333,-79.08041666666666,0,0,0,Polyarthra
POLSP,ON29N,Summer,ROT,NS,W,D,30.5,43.818216666666665,-78.86856666666667,0.3550379499742045,590.192955801275,7.100758999484089,Polyarthra
POLSP,ON33M,Spring,ROT,OS,W,D,140.9,43.597116666666665,-78.80105,0.0040261193,2.9634962,0.080522386,Polyarthra
POLSP,ON33M,Summer,ROT,OS,W,D,140.9,43.597116666666665,-78.80105,0.2767288895352318,1192.28370063197,5.534577790704635,Polyarthra
POLSP,ON3528N,Spring,ROT,NS,W,D,72.8,43.4247666666667,-76.78933333333333,0,0,0,Polyarthra
POLSP,ON38N,Summer,ROT,NS,W,N,16.4,43.38325,-77.98985,0,0,0,Polyarthra
POLSP,ON41,Spring,ROT,OS,W,N,132.2,43.7167,-78.02745,0.0023170313,4.57862587,0.046340626,Polyarthra
POLSP,ON41,Summer,ROT,OS,W,N,132.2,43.7167,-78.02745,2.6728379477794575,5850.37247221862,53.45675895558915,Polyarthra
POLSP,ON43N,Spring,ROT,NS,W,N,16,43.949866666666665,-78.05011666666667,0,0,0,Polyarthra
POLSP,ON43N,Summer,ROT,NS,W,N,16,43.949866666666665,-78.05011666666667,0.8049294466849283,3367.24507698533,16.098588933698565,Polyarthra
POLSP,ON49,Spring,ROT,OS,E,N,51.5,43.77256666666667,-77.4417,0.0097262754,10.4913865,0.19452550799999999,Polyarthra
POLSP,ON49,Summer,ROT,OS,E,D,51.5,43.77256666666667,-77.4417,0.282040006850009,854.762211850123,5.640800137000181,Polyarthra
POLSP,ON55M,Spring,ROT,OS,E,D,198,43.4401,-77.4398,0.0150054844,23.5096618,0.300109688,Polyarthra
POLSP,ON55M,Summer,ROT,OS,E,D,198,43.4401,-77.4398,1.2348204189926255,3089.69093090778,24.69640837985251,Polyarthra
POLSP,ON60,Spring,ROT,OS,E,D,150,43.580416666666665,-77.19986666666667,0.0153585098,19.7566413,0.307170196,Polyarthra
POLSP,ON60,Summer,ROT,OS,E,D,150,43.580416666666665,-77.19986666666667,4.526012577453743,9527.03715291283,90.52025154907486,Polyarthra
POLSP,ON61N,Spring,ROT,NS,E,N,51.9,43.7868,-77.1584,0,0,0,Polyarthra
POLSP,ON61N,Summer,ROT,NS,E,N,51.9,43.7868,-77.1584,4.240791288155491,11463.2187893427,84.81582576310983,Polyarthra
POLSP,ON62N,Spring,ROT,NS,E,N,16,43.949866666666665,-78.05011666666667,0,0,0,Polyarthra
POLSP,ON62N,Summer,ROT,NS,E,N,28.3,43.8457,-76.9972,8.345343849543406,22668.2938582653,166.9068769908681,Polyarthra
POLSP,ON63,Spring,ROT,OS,E,N,88,43.73155,-77.01718333333334,0.0147967458,22.3843932,0.295934916,Polyarthra
POLSP,ON63,Summer,ROT,OS,E,N,88,43.73155,-77.01718333333334,20.259612514999628,40045.0241716085,405.1922502999925,Polyarthra
POLSP,ON65b,Summer,ROT,NS,E,N,23.1,43.30775,-76.95155,0.7015218912431574,2246.61638823442,14.030437824863148,Polyarthra
POLSP,ON67b,Summer,ROT,NS,W,D,51.9,43.3742,-78.73016666666666,0.57047493884195,2758.03273690306,11.409498776839,Polyarthra
POLSP,ON67N,Spring,ROT,NS,E,D,74,43.4082833333,-76.7890833333,0.0022454985595172614,4.81911558657815,0.15943039772572556,Polyarthra
POLSP,ON67N,Summer,ROT,NS,E,N,72.8,43.42476666666666,-76.78933333333333,1.4129898958231053,4453.93336442976,28.2597979164621,Polyarthra
POLSP,ON68b,Spring,ROT,NS,W,N,50,43.583666666666666,-79.41721666666666,0,0,0,Polyarthra
POLSP,ON68b,Summer,ROT,NS,W,N,50,43.583666666666666,-79.41721666666666,0.7755483588753411,1829.49104992482,15.510967177506823,Polyarthra
POLSP,ON69b,Summer,ROT,NS,W,D,13.3,43.31863333333333,-78.99975,2.963708070269139,6249.87423718369,59.274161405382785,Polyarthra
POLSP,ON73N,Summer,ROT,NS,E,N,37.1,43.63238333333334,-76.28703333333333,7.135470503318126,20970.1662640564,142.7094100663625,Polyarthra
POLSP,ON84N,Spring,ROT,NS,W,D,10.7,43.225,-79.27176666666666,0,0,0,Polyarthra
POLSP,ON84N,Summer,ROT,NS,E,N,35.1,43.886,-76.73413333333333,7.5105631478617605,21774.6483457976,150.2112629572352,Polyarthra
POLVULG,ON12,Spring,ROT,OS,W,N,106.8,43.50398333333333,-79.35345,0,0,0,Polyarthra
POLVULG,ON12,Summer,ROT,OS,W,N,106.8,43.50398333333333,-79.35345,0,0,0,Polyarthra
POLVULG,ON17N,Spring,ROT,NS,W,N,35.1,43.886,-76.73413333333333,0.001741262639267325,2.93448294561222,0.019153889031940576,Polyarthra
POLVULG,ON17N,Summer,ROT,NS,W,N,10.7,43.225,-79.27176666666666,0.012557160450682177,89.3035146709084,0.2511432090136435,Polyarthra
POLVULG,ON22N,Spring,ROT,NS,W,D,50,43.3176666667,-78.9992166667,0,0,0,Polyarthra
POLVULG,ON25,Spring,ROT,OS,W,D,137,43.51623333333333,-79.08041666666666,0,0,0,Polyarthra
POLVULG,ON25,Summer,ROT,OS,W,D,137,43.51623333333333,-79.08041666666666,0,0,0,Polyarthra
POLVULG,ON29N,Summer,ROT,NS,W,D,30.5,43.818216666666665,-78.86856666666667,0,0,0,Polyarthra
POLVULG,ON33M,Spring,ROT,OS,W,D,140.9,43.597116666666665,-78.80105,0,0,0,Polyarthra
POLVULG,ON33M,Summer,ROT,OS,W,D,140.9,43.597116666666665,-78.80105,0,0,0,Polyarthra
POLVULG,ON3528N,Spring,ROT,NS,W,D,72.8,43.4247666666667,-76.78933333333333,0,0,0,Polyarthra
POLVULG,ON38N,Summer,ROT,NS,W,N,16.4,43.38325,-77.98985,0,0,0,Polyarthra
POLVULG,ON41,Spring,ROT,OS,W,N,132.2,43.7167,-78.02745,0,0,0,Polyarthra
POLVULG,ON41,Summer,ROT,OS,W,N,132.2,43.7167,-78.02745,1.273970826250293,2659.26021464483,25.47941652500586,Polyarthra
POLVULG,ON43N,Spring,ROT,NS,W,N,16,43.949866666666665,-78.05011666666667,0,0,0,Polyarthra
POLVULG,ON43N,Summer,ROT,NS,W,N,16,43.949866666666665,-78.05011666666667,0,0,0,Polyarthra
POLVULG,ON49,Spring,ROT,OS,E,D,51.5,43.77256666666667,-77.4417,0,0,0,Polyarthra
POLVULG,ON49,Summer,ROT,OS,E,D,51.5,43.77256666666667,-77.4417,0.10097592239958166,284.920737283374,2.0195184479916333,Polyarthra
POLVULG,ON55M,Spring,ROT,OS,E,D,198,43.4401,-77.4398,0,0,0,Polyarthra
POLVULG,ON55M,Summer,ROT,OS,E,D,198,43.4401,-77.4398,2.4097079834704584,5664.43337333094,48.19415966940917,Polyarthra
POLVULG,ON60,Spring,ROT,OS,E,D,150,43.580416666666665,-77.19986666666667,0,0,0,Polyarthra
POLVULG,ON60,Summer,ROT,OS,E,D,150,43.580416666666665,-77.19986666666667,2.9086855293029,5335.14080563118,58.17371058605799,Polyarthra
POLVULG,ON61N,Spring,ROT,NS,E,N,51.9,43.7868,-77.1584,0,0,0,Polyarthra
POLVULG,ON61N,Summer,ROT,NS,E,N,51.9,43.7868,-77.1584,0,0,0,Polyarthra
POLVULG,ON62N,Spring,ROT,NS,E,N,28.3,43.8457,-76.9972,0,0,0,Polyarthra
POLVULG,ON62N,Summer,ROT,NS,E,N,28.3,43.8457,-76.9972,0,0,0,Polyarthra
POLVULG,ON63,Spring,ROT,OS,E,N,88,43.73155,-77.01718333333334,0,0,0,Polyarthra
POLVULG,ON63,Summer,ROT,OS,E,N,88,43.73155,-77.01718333333334,11.556593285414344,22247.2356508936,231.1318657082869,Polyarthra
POLVULG,ON65b,Summer,ROT,NS,E,N,23.1,43.30775,-76.95155,0.19773941018615598,320.945198319203,3.95478820372312,Polyarthra
POLVULG,ON67b,Summer,ROT,NS,W,D,51.9,43.3742,-78.73016666666666,0,0,0,Polyarthra
POLVULG,ON67N,Spring,ROT,NS,E,N,72.8,43.42476666666666,-76.78933333333333,0,0,0,Polyarthra
POLVULG,ON67N,Summer,ROT,NS,E,N,72.8,43.42476666666666,-76.78933333333333,0.6185060338524935,1336.18000932893,12.370120677049867,Polyarthra
POLVULG,ON68b,Spring,ROT,NS,W,N,50,43.583666666666666,-79.41721666666666,0,0,0,Polyarthra
POLVULG,ON68b,Summer,ROT,NS,W,N,50,43.583666666666666,-79.41721666666666,0,0,0,Polyarthra
POLVULG,ON69b,Summer,ROT,NS,W,D,13.3,43.31863333333333,-78.99975,0,0,0,Polyarthra
POLVULG,ON73N,Summer,ROT,NS,E,N,37.1,43.63238333333334,-76.28703333333333,0,0,0,Polyarthra
POLVULG,ON84N,Spring,ROT,NS,E,N,35.1,43.886,-76.73413333333333,0,0,0,Polyarthra
POLVULG,ON84N,Summer,ROT,NS,E,N,35.1,43.886,-76.73413333333333,0,0,0,Polyarthra
POYPEDI,ON12,Spring,PRED,OS,W,N,106.8,43.50398333333333,-79.35345,0,0,0,NA
POYPEDI,ON12,Summer,PRED,OS,W,N,106.8,43.50398333333333,-79.35345,3.2294598958687897,78.9390787278613,64.5891979173758,NA
POYPEDI,ON17N,Spring,PRED,NS,W,N,10.7,43.225,-79.27176666666666,0,0,0,NA
POYPEDI,ON17N,Summer,PRED,NS,W,N,10.7,43.225,-79.27176666666666,31.293801873843062,799.479083720513,625.8760374768613,NA
POYPEDI,ON22N,Spring,PRED,NS,W,D,50,43.3176666667,-78.9992166667,0,0,0,NA
POYPEDI,ON25,Spring,PRED,OS,W,D,137,43.51623333333333,-79.08041666666666,0,0,0,NA
POYPEDI,ON25,Summer,PRED,OS,W,D,137,43.51623333333333,-79.08041666666666,7.24666540906098,128.414980184056,144.9333081812196,NA
POYPEDI,ON29N,Summer,PRED,NS,W,D,30.5,43.818216666666665,-78.86856666666667,17.011034359910195,325.623699752428,340.2206871982039,NA
POYPEDI,ON33M,Spring,PRED,OS,W,D,140.9,43.597116666666665,-78.80105,0,0,0,NA
POYPEDI,ON33M,Summer,PRED,OS,W,D,140.9,43.597116666666665,-78.80105,14.725144069635157,240.460578278716,294.5028813927031,NA
POYPEDI,ON3528N,Spring,PRED,NS,W,D,72.8,43.4247666666667,-76.78933333333333,0,0,0,NA
POYPEDI,ON38N,Summer,PRED,NS,W,N,16.4,43.38325,-77.98985,0,0,0,NA
POYPEDI,ON41,Spring,PRED,OS,W,N,132.2,43.7167,-78.02745,0,0,0,NA
POYPEDI,ON41,Summer,PRED,OS,W,N,132.2,43.7167,-78.02745,0,0,0,NA
POYPEDI,ON43N,Spring,PRED,NS,W,N,16,43.949866666666665,-78.05011666666667,0,0,0,NA
POYPEDI,ON43N,Summer,PRED,NS,W,N,16,43.949866666666665,-78.05011666666667,0,0,0,NA
POYPEDI,ON49,Spring,PRED,OS,E,D,51.5,43.77256666666667,-77.4417,0,0,0,NA
POYPEDI,ON49,Summer,PRED,OS,E,D,51.5,43.77256666666667,-77.4417,3.333128252229189,61.2938728945746,66.66256504458379,NA
POYPEDI,ON55M,Spring,PRED,OS,E,D,198,43.4401,-77.4398,0,0,0,NA
POYPEDI,ON55M,Summer,PRED,OS,E,D,198,43.4401,-77.4398,0,0,0,NA
POYPEDI,ON60,Spring,PRED,OS,E,D,150,43.580416666666665,-77.19986666666667,0,0,0,NA
POYPEDI,ON60,Summer,PRED,OS,E,D,150,43.580416666666665,-77.19986666666667,0,0,0,NA
POYPEDI,ON61N,Spring,PRED,NS,E,N,51.9,43.7868,-77.1584,0,0,0,NA
POYPEDI,ON61N,Summer,PRED,NS,E,N,51.9,43.7868,-77.1584,0,0,0,NA
POYPEDI,ON62N,Spring,PRED,NS,E,N,28.3,43.8457,-76.9972,0,0,0,NA
POYPEDI,ON62N,Summer,PRED,NS,E,N,28.3,43.8457,-76.9972,0,0,0,NA
POYPEDI,ON63,Spring,PRED,OS,E,N,88,43.73155,-77.01718333333334,0,0,0,NA
POYPEDI,ON63,Summer,PRED,OS,E,N,88,43.73155,-77.01718333333334,0,0,0,NA
POYPEDI,ON65b,Summer,PRED,NS,E,N,23.1,43.30775,-76.95155,0,0,0,NA
POYPEDI,ON67b,Summer,PRED,NS,W,D,51.9,43.3742,-78.73016666666666,289.62193851876583,5835.17669956351,5792.438770375317,NA
POYPEDI,ON67N,Spring,PRED,NS,E,N,72.8,43.42476666666666,-76.78933333333333,0,0,0,NA
POYPEDI,ON67N,Summer,PRED,NS,E,N,72.8,43.42476666666666,-76.78933333333333,0,0,0,NA
POYPEDI,ON68b,Spring,PRED,NS,W,N,50,43.583666666666666,-79.41721666666666,0,0,0,NA
POYPEDI,ON68b,Summer,PRED,NS,W,N,50,43.583666666666666,-79.41721666666666,0,0,0,NA
POYPEDI,ON69b,Summer,PRED,NS,W,D,13.3,43.31863333333333,-78.99975,5.113326120804366,44.6419588370264,102.26652241608731,NA
POYPEDI,ON73N,Summer,PRED,NS,E,N,37.1,43.63238333333334,-76.28703333333333,0,0,0,NA
POYPEDI,ON84N,Spring,PRED,NS,E,N,35.1,43.886,-76.73413333333333,0,0,0,NA
POYPEDI,ON84N,Summer,PRED,NS,E,N,35.1,43.886,-76.73413333333333,0.5974012196770083,15.3234682236437,11.948024393540168,NA
ROTBDEL,ON12,Spring,ROT,OS,W,N,106.8,43.50398333333333,-79.35345,0,0,0,Rotifer Bdelloid
ROTBDEL,ON12,Summer,ROT,OS,W,N,106.8,43.50398333333333,-79.35345,0,0,0,Rotifer Bdelloid
ROTBDEL,ON17N,Spring,ROT,NS,W,N,35.1,43.886,-76.73413333333333,0.004001299694798961,1.46724147280611,0.04401429664278858,Rotifer Bdelloid
ROTBDEL,ON17N,Summer,ROT,NS,W,N,35.1,43.886,-76.73413333333333,0,0,0,Rotifer Bdelloid
ROTBDEL,ON22N,Spring,ROT,NS,W,D,50,43.3176666667,-78.9992166667,0.01616574764134865,16.7284993790083,0.21015471933753244,Rotifer Bdelloid
ROTBDEL,ON25,Spring,ROT,OS,W,D,137,43.51623333333333,-79.08041666666666,0,0,0,Rotifer Bdelloid
ROTBDEL,ON25,Summer,ROT,OS,W,D,137,43.51623333333333,-79.08041666666666,0,0,0,Rotifer Bdelloid
ROTBDEL,ON29N,Summer,ROT,NS,W,D,30.5,43.818216666666665,-78.86856666666667,0,0,0,Rotifer Bdelloid
ROTBDEL,ON33M,Spring,ROT,OS,W,D,140.9,43.597116666666665,-78.80105,0,0,0,Rotifer Bdelloid
ROTBDEL,ON33M,Summer,ROT,OS,W,D,140.9,43.597116666666665,-78.80105,0,0,0,Rotifer Bdelloid
ROTBDEL,ON3528N,Spring,ROT,NS,W,D,72.8,43.4247666666667,-76.78933333333333,0,0,0,Rotifer Bdelloid
ROTBDEL,ON38N,Summer,ROT,NS,W,N,16.4,43.38325,-77.98985,0,0,0,Rotifer Bdelloid
ROTBDEL,ON41,Spring,ROT,OS,W,N,132.2,43.7167,-78.02745,0,0,0,Rotifer Bdelloid
ROTBDEL,ON41,Summer,ROT,OS,W,N,132.2,43.7167,-78.02745,0,0,0,Rotifer Bdelloid
ROTBDEL,ON43N,Spring,ROT,NS,W,N,16,43.949866666666665,-78.05011666666667,0,0,0,Rotifer Bdelloid
ROTBDEL,ON43N,Summer,ROT,NS,W,N,16,43.949866666666665,-78.05011666666667,0,0,0,Rotifer Bdelloid
ROTBDEL,ON49,Spring,ROT,OS,E,D,51.5,43.77256666666667,-77.4417,0,0,0,Rotifer Bdelloid
ROTBDEL,ON49,Summer,ROT,OS,E,D,51.5,43.77256666666667,-77.4417,0,0,0,Rotifer Bdelloid
ROTBDEL,ON55M,Spring,ROT,OS,E,D,198,43.4401,-77.4398,0,0,0,Rotifer Bdelloid
ROTBDEL,ON55M,Summer,ROT,OS,E,D,198,43.4401,-77.4398,0,0,0,Rotifer Bdelloid
ROTBDEL,ON60,Spring,ROT,OS,E,D,150,43.580416666666665,-77.19986666666667,0,0,0,Rotifer Bdelloid
ROTBDEL,ON60,Summer,ROT,OS,E,D,150,43.580416666666665,-77.19986666666667,0,0,0,Rotifer Bdelloid
ROTBDEL,ON61N,Spring,ROT,NS,E,N,51.9,43.7868,-77.1584,0,0,0,Rotifer Bdelloid
ROTBDEL,ON61N,Summer,ROT,NS,E,N,51.9,43.7868,-77.1584,0,0,0,Rotifer Bdelloid
ROTBDEL,ON62N,Spring,ROT,NS,E,N,28.3,43.8457,-76.9972,0,0,0,Rotifer Bdelloid
ROTBDEL,ON62N,Summer,ROT,NS,E,N,28.3,43.8457,-76.9972,0,0,0,Rotifer Bdelloid
ROTBDEL,ON63,Spring,ROT,OS,E,N,88,43.73155,-77.01718333333334,0,0,0,Rotifer Bdelloid
ROTBDEL,ON63,Summer,ROT,OS,E,N,88,43.73155,-77.01718333333334,0,0,0,Rotifer Bdelloid
ROTBDEL,ON65b,Summer,ROT,NS,E,N,23.1,43.30775,-76.95155,0,0,0,Rotifer Bdelloid
ROTBDEL,ON67b,Summer,ROT,NS,W,D,51.9,43.3742,-78.73016666666666,0,0,0,Rotifer Bdelloid
ROTBDEL,ON67N,Spring,ROT,NS,E,N,72.8,43.42476666666666,-76.78933333333333,0,0,0,Rotifer Bdelloid
ROTBDEL,ON67N,Summer,ROT,NS,E,N,72.8,43.42476666666666,-76.78933333333333,0,0,0,Rotifer Bdelloid
ROTBDEL,ON68b,Spring,ROT,NS,W,N,50,43.583666666666666,-79.41721666666666,0,0,0,Rotifer Bdelloid
ROTBDEL,ON68b,Summer,ROT,NS,W,N,50,43.583666666666666,-79.41721666666666,0,0,0,Rotifer Bdelloid
ROTBDEL,ON69b,Summer,ROT,NS,W,D,13.3,43.31863333333333,-78.99975,0,0,0,Rotifer Bdelloid
ROTBDEL,ON73N,Summer,ROT,NS,E,N,37.1,43.63238333333334,-76.28703333333333,0,0,0,Rotifer Bdelloid
ROTBDEL,ON84N,Spring,ROT,NS,W,D,10.7,43.225,-79.27176666666666,1.6975926582162847e-4,0.218694528467035,0.005941574303756997,Rotifer Bdelloid
ROTBDEL,ON84N,Summer,ROT,NS,W,D,10.7,43.225,-79.27176666666666,0,0,0,Rotifer Bdelloid
SKIOREG,ON12,Spring,CAL,OS,W,D,106.8,43.50398333333333,-79.35345,0.9299156884309626,11.47708885395,18.598313768619253,NA
SKIOREG,ON12,Summer,CAL,OS,W,D,106.8,43.50398333333333,-79.35345,0,0,0,NA
SKIOREG,ON17N,Spring,CAL,NS,W,N,35.1,43.886,-76.73413333333333,1.0769402855126735,12.5204605679455,11.846343140639409,NA
SKIOREG,ON17N,Summer,CAL,NS,W,N,10.7,43.225,-79.27176666666666,1.5849893459100701,22.6802576941989,31.699786918201404,NA
SKIOREG,ON22N,Spring,CAL,NS,W,D,50,43.3176666667,-78.9992166667,2.575941632743171,32.4198317965181,33.48724122566122,NA
SKIOREG,ON25,Spring,CAL,OS,W,D,137,43.51623333333333,-79.08041666666666,0.27891645614569754,2.49501931607609,5.578329122913951,NA
SKIOREG,ON25,Summer,CAL,OS,W,D,137,43.51623333333333,-79.08041666666666,2.8086174170442786,42.8049933946853,56.17234834088558,NA
SKIOREG,ON29N,Summer,CAL,NS,W,D,30.5,43.818216666666665,-78.86856666666667,8.624204681624992,108.541233250809,172.48409363249985,NA
SKIOREG,ON33M,Spring,CAL,OS,W,D,140.9,43.597116666666665,-78.80105,0,0,0,NA
SKIOREG,ON33M,Summer,CAL,OS,W,D,140.9,43.597116666666665,-78.80105,0,0,0,NA
SKIOREG,ON3528N,Spring,CAL,NS,W,D,72.8,43.4247666666667,-76.78933333333333,1.2720260815114086,15.8053130403973,66.14535623859325,NA
SKIOREG,ON38N,Summer,CAL,NS,W,N,16.4,43.38325,-77.98985,1.4013226525608107,29.7956326570849,28.026453051216212,NA
SKIOREG,ON41,Spring,CAL,OS,W,N,132.2,43.7167,-78.02745,0.7846719457420898,8.13977932904256,15.693438914841796,NA
SKIOREG,ON41,Summer,CAL,OS,W,N,132.2,43.7167,-78.02745,0,0,0,NA
SKIOREG,ON43N,Spring,CAL,NS,E,N,28.3,43.8457,-76.9972,1.3164003891783287,12.8092509530692,18.429605448496602,NA
SKIOREG,ON43N,Summer,CAL,NS,W,N,16,43.949866666666665,-78.05011666666667,3.9882701914750207,69.0716938868786,79.76540382950041,NA
SKIOREG,ON49,Spring,CAL,OS,E,D,51.5,43.77256666666667,-77.4417,0,0,0,NA
SKIOREG,ON49,Summer,CAL,OS,E,D,51.5,43.77256666666667,-77.4417,4.607834660767732,71.5095183770037,92.15669321535462,NA
SKIOREG,ON55M,Spring,CAL,OS,E,D,198,43.4401,-77.4398,8.770418170413755,97.9751487532318,175.4083634082751,NA
SKIOREG,ON55M,Summer,CAL,OS,E,D,198,43.4401,-77.4398,8.850788659758148,118.499144558223,177.01577319516295,NA
SKIOREG,ON60,Spring,CAL,OS,E,D,150,43.580416666666665,-77.19986666666667,1.270880063921836,11.3474042341314,25.41760127843672,NA
SKIOREG,ON60,Summer,CAL,OS,E,D,150,43.580416666666665,-77.19986666666667,18.04760053806184,237.433947736145,360.9520107612368,NA
SKIOREG,ON61N,Spring,CAL,NS,E,N,51.9,43.7868,-77.1584,0,0,0,NA
SKIOREG,ON61N,Summer,CAL,NS,E,N,51.9,43.7868,-77.1584,21.02454445737172,272.933780698637,420.4908891474344,NA
SKIOREG,ON62N,Spring,CAL,NS,E,N,16,43.949866666666665,-78.05011666666667,0.12323089048932107,1.38681490318563,3.4504649337009896,NA
SKIOREG,ON62N,Summer,CAL,NS,E,N,28.3,43.8457,-76.9972,12.00393203407338,182.34927186136,240.0786406814676,NA
SKIOREG,ON63,Spring,CAL,OS,E,N,88,43.73155,-77.01718333333334,1.1195389053377744,10.1747241613032,22.39077810675549,NA
SKIOREG,ON63,Summer,CAL,OS,E,N,88,43.73155,-77.01718333333334,35.65368331332746,520.403173120318,713.0736662665493,NA
SKIOREG,ON65b,Summer,CAL,NS,E,N,23.1,43.30775,-76.95155,4.418532991203424,69.8656214028198,88.37065982406848,NA
SKIOREG,ON67b,Summer,CAL,NS,W,D,51.9,43.3742,-78.73016666666666,3.9698008770754614,60.7830906204532,79.39601754150922,NA
SKIOREG,ON67N,Spring,CAL,NS,E,D,74,43.4082833333,-76.7890833333,1.3500620961581509,15.0706887434808,95.85440882722872,NA
SKIOREG,ON67N,Summer,CAL,NS,E,N,72.8,43.42476666666666,-76.78933333333333,14.143936735101533,209.596864208459,282.87873470203067,NA
SKIOREG,ON68b,Spring,CAL,NS,W,N,50,43.583666666666666,-79.41721666666666,0,0,0,NA
SKIOREG,ON68b,Summer,CAL,NS,W,N,50,43.583666666666666,-79.41721666666666,1.5850673498152161,31.9911003265543,31.701346996304324,NA
SKIOREG,ON69b,Summer,CAL,NS,W,D,13.3,43.31863333333333,-78.99975,0,0,0,NA
SKIOREG,ON73N,Summer,CAL,NS,E,N,37.1,43.63238333333334,-76.28703333333333,12.974953813847478,197.545044516473,259.49907627694955,NA
SKIOREG,ON84N,Spring,CAL,NS,W,D,10.7,43.225,-79.27176666666666,0,0,0,NA
SKIOREG,ON84N,Summer,CAL,NS,E,N,35.1,43.886,-76.73413333333333,9.947847245615199,143.019036754007,198.95694491230395,NA
SKIREIG,ON12,Spring,CAL,OS,W,D,106.8,43.50398333333333,-79.35345,0,0,0,NA
SKIREIG,ON12,Summer,CAL,OS,W,D,106.8,43.50398333333333,-79.35345,0,0,0,NA
SKIREIG,ON17N,Spring,CAL,NS,W,N,10.7,43.225,-79.27176666666666,0,0,0,NA
SKIREIG,ON17N,Summer,CAL,NS,W,N,10.7,43.225,-79.27176666666666,0.3312990601325771,5.67006442354974,6.625981202651542,NA
SKIREIG,ON22N,Spring,CAL,NS,W,D,50,43.3176666667,-78.9992166667,0,0,0,NA
SKIREIG,ON25,Spring,CAL,OS,W,D,137,43.51623333333333,-79.08041666666666,0,0,0,NA
SKIREIG,ON25,Summer,CAL,OS,W,D,137,43.51623333333333,-79.08041666666666,0,0,0,NA
SKIREIG,ON29N,Summer,CAL,NS,W,D,30.5,43.818216666666665,-78.86856666666667,0,0,0,NA
SKIREIG,ON33M,Spring,CAL,OS,W,D,140.9,43.597116666666665,-78.80105,0,0,0,NA
SKIREIG,ON33M,Summer,CAL,OS,W,D,140.9,43.597116666666665,-78.80105,0,0,0,NA
SKIREIG,ON3528N,Spring,CAL,NS,W,D,72.8,43.4247666666667,-76.78933333333333,0,0,0,NA
SKIREIG,ON38N,Summer,CAL,NS,W,N,16.4,43.38325,-77.98985,0,0,0,NA
SKIREIG,ON41,Spring,CAL,OS,W,N,132.2,43.7167,-78.02745,0,0,0,NA
SKIREIG,ON41,Summer,CAL,OS,W,N,132.2,43.7167,-78.02745,0,0,0,NA
SKIREIG,ON43N,Spring,CAL,NS,W,N,16,43.949866666666665,-78.05011666666667,0,0,0,NA
SKIREIG,ON43N,Summer,CAL,NS,W,N,16,43.949866666666665,-78.05011666666667,0,0,0,NA
SKIREIG,ON49,Spring,CAL,OS,E,D,51.5,43.77256666666667,-77.4417,0,0,0,NA
SKIREIG,ON49,Summer,CAL,OS,E,D,51.5,43.77256666666667,-77.4417,0,0,0,NA
SKIREIG,ON55M,Spring,CAL,OS,E,D,198,43.4401,-77.4398,0,0,0,NA
SKIREIG,ON55M,Summer,CAL,OS,E,D,198,43.4401,-77.4398,0,0,0,NA
SKIREIG,ON60,Spring,CAL,OS,E,D,150,43.580416666666665,-77.19986666666667,0,0,0,NA
SKIREIG,ON60,Summer,CAL,OS,E,D,150,43.580416666666665,-77.19986666666667,0,0,0,NA
SKIREIG,ON61N,Spring,CAL,NS,E,N,51.9,43.7868,-77.1584,0,0,0,NA
SKIREIG,ON61N,Summer,CAL,NS,E,N,51.9,43.7868,-77.1584,0,0,0,NA
SKIREIG,ON62N,Spring,CAL,NS,E,N,28.3,43.8457,-76.9972,0,0,0,NA
SKIREIG,ON62N,Summer,CAL,NS,E,N,28.3,43.8457,-76.9972,0,0,0,NA
SKIREIG,ON63,Spring,CAL,OS,E,N,88,43.73155,-77.01718333333334,0,0,0,NA
SKIREIG,ON63,Summer,CAL,OS,E,N,88,43.73155,-77.01718333333334,0,0,0,NA
SKIREIG,ON65b,Summer,CAL,NS,E,N,23.1,43.30775,-76.95155,0,0,0,NA
SKIREIG,ON67b,Summer,CAL,NS,W,D,51.9,43.3742,-78.73016666666666,0,0,0,NA
SKIREIG,ON67N,Spring,CAL,NS,E,N,72.8,43.42476666666666,-76.78933333333333,0,0,0,NA
SKIREIG,ON67N,Summer,CAL,NS,E,N,72.8,43.42476666666666,-76.78933333333333,0,0,0,NA
SKIREIG,ON68b,Spring,CAL,NS,W,N,50,43.583666666666666,-79.41721666666666,0,0,0,NA
SKIREIG,ON68b,Summer,CAL,NS,W,N,50,43.583666666666666,-79.41721666666666,0,0,0,NA
SKIREIG,ON69b,Summer,CAL,NS,W,D,13.3,43.31863333333333,-78.99975,0,0,0,NA
SKIREIG,ON73N,Summer,CAL,NS,E,N,37.1,43.63238333333334,-76.28703333333333,0,0,0,NA
SKIREIG,ON84N,Spring,CAL,NS,E,N,35.1,43.886,-76.73413333333333,0,0,0,NA
SKIREIG,ON84N,Summer,CAL,NS,E,N,35.1,43.886,-76.73413333333333,0,0,0,NA
SYNSP,ON12,Spring,ROT,OS,W,D,106.8,43.50398333333333,-79.35345,0.495672147,855.04312,9.91344294,Synchaeta
SYNSP,ON12,Summer,ROT,OS,W,N,106.8,43.50398333333333,-79.35345,1.085415253254005,4835.0185720815,21.708305065080097,Synchaeta
SYNSP,ON17N,Spring,ROT,NS,W,N,35.1,43.886,-76.73413333333333,0.05624274905280466,152.593113171835,0.6186702395808512,Synchaeta
SYNSP,ON17N,Summer,ROT,NS,W,N,10.7,43.225,-79.27176666666666,0.7529324708026158,3572.14058683633,15.058649416052317,Synchaeta
SYNSP,ON22N,Spring,ROT,NS,W,D,50,43.3176666667,-78.9992166667,0.6445899067249973,1288.09445218364,8.379668787424965,Synchaeta
SYNSP,ON25,Spring,ROT,OS,W,D,137,43.51623333333333,-79.08041666666666,0.36955849700000004,445.360948,7.39116994,Synchaeta
SYNSP,ON25,Summer,ROT,OS,W,D,137,43.51623333333333,-79.08041666666666,0,0,0,Synchaeta
SYNSP,ON29N,Summer,ROT,NS,W,D,30.5,43.818216666666665,-78.86856666666667,0.25092218769918834,590.192955801275,5.0184437539837665,Synchaeta
SYNSP,ON33M,Spring,ROT,OS,W,D,140.9,43.597116666666665,-78.80105,0.171343367,234.116199,3.42686734,Synchaeta
SYNSP,ON33M,Summer,ROT,OS,W,D,140.9,43.597116666666665,-78.80105,1.9120009873836483,4769.13480252786,38.24001974767297,Synchaeta
SYNSP,ON3528N,Spring,ROT,NS,W,D,72.8,43.4247666666667,-76.78933333333333,0.6134917066828662,904.436242612156,31.901568747509046,Synchaeta
SYNSP,ON38N,Summer,ROT,NS,W,N,16.4,43.38325,-77.98985,1.327661663972047,3779.38977984711,26.55323327944094,Synchaeta
SYNSP,ON41,Spring,ROT,OS,W,N,132.2,43.7167,-78.02745,0.11571572899999999,302.189308,2.31431458,Synchaeta
SYNSP,ON41,Summer,ROT,OS,W,N,132.2,43.7167,-78.02745,0.5625977979008409,1595.5561287869,11.251955958016815,Synchaeta
SYNSP,ON43N,Spring,ROT,NS,E,N,28.3,43.8457,-76.9972,0.0024214986130770156,8.19792060996429,0.033900980583078215,Synchaeta
SYNSP,ON43N,Summer,ROT,NS,W,N,16,43.949866666666665,-78.05011666666667,1.419180281699661,7997.20705784017,28.38360563399322,Synchaeta
SYNSP,ON49,Spring,ROT,OS,E,D,51.5,43.77256666666667,-77.4417,0,0,0,Synchaeta
SYNSP,ON49,Summer,ROT,OS,E,D,51.5,43.77256666666667,-77.4417,0.46148594722543845,1424.60368641687,9.22971894450877,Synchaeta
SYNSP,ON55M,Spring,ROT,OS,E,D,198,43.4401,-77.4398,0.16910371800000001,282.115942,3.3820743600000003,Synchaeta
SYNSP,ON55M,Summer,ROT,OS,E,D,198,43.4401,-77.4398,1.7954227471156887,7209.27883878483,35.908454942313774,Synchaeta
SYNSP,ON60,Spring,ROT,OS,E,D,150,43.580416666666665,-77.19986666666667,0.0599853928,126.138556,1.199707856,Synchaeta
SYNSP,ON60,Summer,ROT,OS,E,D,150,43.580416666666665,-77.19986666666667,3.3737332887041807,10289.2001251459,67.4746657740836,Synchaeta
SYNSP,ON61N,Spring,ROT,NS,E,N,51.9,43.7868,-77.1584,0.0020486501048120587,4.73700601283314,0.10243250524060293,Synchaeta
SYNSP,ON61N,Summer,ROT,NS,E,N,51.9,43.7868,-77.1584,0.556970944290143,1637.60268419182,11.139418885802861,Synchaeta
SYNSP,ON62N,Spring,ROT,NS,E,N,16,43.949866666666665,-78.05011666666667,0.0026689608845449964,6.02547164832375,0.0747309047672599,Synchaeta
SYNSP,ON62N,Summer,ROT,NS,E,N,28.3,43.8457,-76.9972,0.5337062048956358,1549.96881082156,10.674124097912715,Synchaeta
SYNSP,ON63,Spring,ROT,OS,E,N,88,43.73155,-77.01718333333334,0.046460312100000005,95.6424071,0.929206242,Synchaeta
SYNSP,ON63,Summer,ROT,OS,E,N,88,43.73155,-77.01718333333334,1.233382739983127,1483.14904339291,24.667654799662536,Synchaeta
SYNSP,ON65b,Summer,ROT,NS,E,N,23.1,43.30775,-76.95155,0.30231436165129344,1925.67118991522,6.046287233025868,Synchaeta
SYNSP,ON67b,Summer,ROT,NS,W,D,51.9,43.3742,-78.73016666666666,3.146275489211436,5516.06547380613,62.92550978422872,Synchaeta
SYNSP,ON67N,Spring,ROT,NS,E,D,74,43.4082833333,-76.7890833333,0.1538221394578469,257.019497950835,10.921371901507129,Synchaeta
SYNSP,ON67N,Summer,ROT,NS,E,N,72.8,43.42476666666666,-76.78933333333333,1.8708124047683694,6903.59671486613,37.416248095367386,Synchaeta
SYNSP,ON68b,Spring,ROT,NS,W,D,50.3,43.54885,-79.417,0.07147057209717093,125.896637938737,3.4305874606642046,Synchaeta
SYNSP,ON68b,Summer,ROT,NS,W,N,50,43.583666666666666,-79.41721666666666,0.9112453426856962,4390.77851981958,18.224906853713925,Synchaeta
SYNSP,ON69b,Summer,ROT,NS,W,D,13.3,43.31863333333333,-78.99975,7.470226770767664,43013.8403382643,149.40453541535328,Synchaeta
SYNSP,ON73N,Summer,ROT,NS,E,N,37.1,43.63238333333334,-76.28703333333333,0.9478833373626514,2621.27078300704,18.95766674725303,Synchaeta
SYNSP,ON84N,Spring,ROT,NS,W,D,10.7,43.225,-79.27176666666666,0.0023838452402037582,5.90475226860995,0.08343458340713154,Synchaeta
SYNSP,ON84N,Summer,ROT,NS,E,N,35.1,43.886,-76.73413333333333,0.7694250695274027,3003.39977183416,15.388501390548054,Synchaeta
TRICYLI,ON12,Spring,ROT,OS,W,N,106.8,43.50398333333333,-79.35345,0,0,0,Trichocerca
TRICYLI,ON12,Summer,ROT,OS,W,N,106.8,43.50398333333333,-79.35345,0,0,0,Trichocerca
TRICYLI,ON17N,Spring,ROT,NS,W,N,10.7,43.225,-79.27176666666666,0,0,0,Trichocerca
TRICYLI,ON17N,Summer,ROT,NS,W,N,10.7,43.225,-79.27176666666666,0,0,0,Trichocerca
TRICYLI,ON22N,Spring,ROT,NS,W,D,50,43.3176666667,-78.9992166667,0,0,0,Trichocerca
TRICYLI,ON25,Spring,ROT,OS,W,D,137,43.51623333333333,-79.08041666666666,0,0,0,Trichocerca
TRICYLI,ON25,Summer,ROT,OS,W,D,137,43.51623333333333,-79.08041666666666,1.3191336285286104,1661.36880613122,26.382672570572208,Trichocerca
TRICYLI,ON29N,Summer,ROT,NS,W,D,30.5,43.818216666666665,-78.86856666666667,0,0,0,Trichocerca
TRICYLI,ON33M,Spring,ROT,OS,W,D,140.9,43.597116666666665,-78.80105,0,0,0,Trichocerca
TRICYLI,ON33M,Summer,ROT,OS,W,D,140.9,43.597116666666665,-78.80105,4.878911606238246,5961.41850315983,97.57823212476491,Trichocerca
TRICYLI,ON3528N,Spring,ROT,NS,W,D,72.8,43.4247666666667,-76.78933333333333,0,0,0,Trichocerca
TRICYLI,ON38N,Summer,ROT,NS,W,N,16.4,43.38325,-77.98985,0,0,0,Trichocerca
TRICYLI,ON41,Spring,ROT,OS,W,N,132.2,43.7167,-78.02745,0,0,0,Trichocerca
TRICYLI,ON41,Summer,ROT,OS,W,N,132.2,43.7167,-78.02745,0,0,0,Trichocerca
TRICYLI,ON43N,Spring,ROT,NS,W,N,16,43.949866666666665,-78.05011666666667,0,0,0,Trichocerca
TRICYLI,ON43N,Summer,ROT,NS,W,N,16,43.949866666666665,-78.05011666666667,0,0,0,Trichocerca
TRICYLI,ON49,Spring,ROT,OS,E,D,51.5,43.77256666666667,-77.4417,0,0,0,Trichocerca
TRICYLI,ON49,Summer,ROT,OS,E,D,51.5,43.77256666666667,-77.4417,0.06330981447607453,142.460368641687,1.2661962895214907,Trichocerca
TRICYLI,ON55M,Spring,ROT,OS,E,D,198,43.4401,-77.4398,0,0,0,Trichocerca
TRICYLI,ON55M,Summer,ROT,OS,E,D,198,43.4401,-77.4398,2.072402246292412,2059.79395393852,41.448044925848244,Trichocerca
TRICYLI,ON60,Spring,ROT,OS,E,D,150,43.580416666666665,-77.19986666666667,0,0,0,Trichocerca
TRICYLI,ON60,Summer,ROT,OS,E,D,150,43.580416666666665,-77.19986666666667,0,0,0,Trichocerca
TRICYLI,ON61N,Spring,ROT,NS,E,N,51.9,43.7868,-77.1584,0,0,0,Trichocerca
TRICYLI,ON61N,Summer,ROT,NS,E,N,51.9,43.7868,-77.1584,0,0,0,Trichocerca
TRICYLI,ON62N,Spring,ROT,NS,E,N,28.3,43.8457,-76.9972,0,0,0,Trichocerca
TRICYLI,ON62N,Summer,ROT,NS,E,N,28.3,43.8457,-76.9972,0.25959969453592774,193.746101352695,5.191993890718554,Trichocerca
TRICYLI,ON63,Spring,ROT,OS,E,N,88,43.73155,-77.01718333333334,0,0,0,Trichocerca
TRICYLI,ON63,Summer,ROT,OS,E,N,88,43.73155,-77.01718333333334,0.6089267263019399,741.574521696454,12.178534526038797,Trichocerca
TRICYLI,ON65b,Summer,ROT,NS,E,N,23.1,43.30775,-76.95155,0.5193075044544435,320.945198319203,10.386150089088872,Trichocerca
TRICYLI,ON67b,Summer,ROT,NS,W,D,51.9,43.3742,-78.73016666666666,51.92604069538908,42749.5074219975,1038.5208139077815,Trichocerca
TRICYLI,ON67N,Spring,ROT,NS,E,N,72.8,43.42476666666666,-76.78933333333333,0,0,0,Trichocerca
TRICYLI,ON67N,Summer,ROT,NS,E,N,72.8,43.42476666666666,-76.78933333333333,4.913604810670665,5122.02336909422,98.27209621341329,Trichocerca
TRICYLI,ON68b,Spring,ROT,NS,W,N,50,43.583666666666666,-79.41721666666666,0,0,0,Trichocerca
TRICYLI,ON68b,Summer,ROT,NS,W,N,50,43.583666666666666,-79.41721666666666,0.1858924651002831,365.898209984965,3.7178493020056624,Trichocerca
TRICYLI,ON69b,Summer,ROT,NS,W,D,13.3,43.31863333333333,-78.99975,0.7657943370818637,2205.83796606483,15.315886741637273,Trichocerca
TRICYLI,ON73N,Summer,ROT,NS,E,N,37.1,43.63238333333334,-76.28703333333333,2.1190260798555687,2097.01662640564,42.380521597111375,Trichocerca
TRICYLI,ON84N,Spring,ROT,NS,E,N,35.1,43.886,-76.73413333333333,0,0,0,Trichocerca
TRICYLI,ON84N,Summer,ROT,NS,E,N,35.1,43.886,-76.73413333333333,0.5360905204172302,750.849942958539,10.721810408344604,Trichocerca
TRIMULT,ON12,Spring,ROT,OS,W,N,106.8,43.50398333333333,-79.35345,0,0,0,Trichocerca
TRIMULT,ON12,Summer,ROT,OS,W,N,106.8,43.50398333333333,-79.35345,1.9882818946360246,2417.50928604075,39.76563789272049,Trichocerca
TRIMULT,ON17N,Spring,ROT,NS,W,N,10.7,43.225,-79.27176666666666,0,0,0,Trichocerca
TRIMULT,ON17N,Summer,ROT,NS,W,N,10.7,43.225,-79.27176666666666,0.24851862337134656,89.3035146709084,4.970372467426931,Trichocerca
TRIMULT,ON22N,Spring,ROT,NS,W,D,50,43.3176666667,-78.9992166667,0,0,0,Trichocerca
TRIMULT,ON25,Spring,ROT,OS,W,D,137,43.51623333333333,-79.08041666666666,0,0,0,Trichocerca
TRIMULT,ON25,Summer,ROT,OS,W,D,137,43.51623333333333,-79.08041666666666,0,0,0,Trichocerca
TRIMULT,ON29N,Summer,ROT,NS,W,D,30.5,43.818216666666665,-78.86856666666667,0,0,0,Trichocerca
TRIMULT,ON33M,Spring,ROT,OS,W,D,140.9,43.597116666666665,-78.80105,0,0,0,Trichocerca
TRIMULT,ON33M,Summer,ROT,OS,W,D,140.9,43.597116666666665,-78.80105,0.658427995771948,1192.28370063197,13.168559915438959,Trichocerca
TRIMULT,ON3528N,Spring,ROT,NS,W,D,72.8,43.4247666666667,-76.78933333333333,0,0,0,Trichocerca
TRIMULT,ON38N,Summer,ROT,NS,W,N,16.4,43.38325,-77.98985,13.592734716263813,12712.4928958494,271.8546943252762,Trichocerca
TRIMULT,ON41,Spring,ROT,OS,W,N,132.2,43.7167,-78.02745,0,0,0,Trichocerca
TRIMULT,ON41,Summer,ROT,OS,W,N,132.2,43.7167,-78.02745,0.40129511111786065,531.852042928965,8.025902222357212,Trichocerca
TRIMULT,ON43N,Spring,ROT,NS,W,N,16,43.949866666666665,-78.05011666666667,0,0,0,Trichocerca
TRIMULT,ON43N,Summer,ROT,NS,W,N,16,43.949866666666665,-78.05011666666667,0.09014069662929045,420.905634623167,1.802813932585809,Trichocerca
TRIMULT,ON49,Spring,ROT,OS,E,D,51.5,43.77256666666667,-77.4417,0,0,0,Trichocerca
TRIMULT,ON49,Summer,ROT,OS,E,D,51.5,43.77256666666667,-77.4417,0.6695762367385808,854.762211850123,13.391524734771615,Trichocerca
TRIMULT,ON55M,Spring,ROT,OS,E,D,198,43.4401,-77.4398,0,0,0,Trichocerca
TRIMULT,ON55M,Summer,ROT,OS,E,D,198,43.4401,-77.4398,2.7271431793413456,3604.63941939241,54.54286358682692,Trichocerca
TRIMULT,ON60,Spring,ROT,OS,E,D,150,43.580416666666665,-77.19986666666667,0,0,0,Trichocerca
TRIMULT,ON60,Summer,ROT,OS,E,D,150,43.580416666666665,-77.19986666666667,0.2503789126105869,381.081486116513,5.007578252211738,Trichocerca
TRIMULT,ON61N,Spring,ROT,NS,E,N,51.9,43.7868,-77.1584,0,0,0,Trichocerca
TRIMULT,ON61N,Summer,ROT,NS,E,N,51.9,43.7868,-77.1584,4.470728572511969,3275.20536838364,89.41457145023938,Trichocerca
TRIMULT,ON62N,Spring,ROT,NS,E,N,28.3,43.8457,-76.9972,0,0,0,Trichocerca
TRIMULT,ON62N,Summer,ROT,NS,E,N,28.3,43.8457,-76.9972,0,0,0,Trichocerca
TRIMULT,ON63,Spring,ROT,OS,E,N,88,43.73155,-77.01718333333334,0,0,0,Trichocerca
TRIMULT,ON63,Summer,ROT,OS,E,N,88,43.73155,-77.01718333333334,3.849275777185794,5191.02165187518,76.98551554371588,Trichocerca
TRIMULT,ON65b,Summer,ROT,NS,E,N,23.1,43.30775,-76.95155,12.941729801103902,11233.0819411721,258.834596022078,Trichocerca
TRIMULT,ON67b,Summer,ROT,NS,W,D,51.9,43.3742,-78.73016666666666,0,0,0,Trichocerca
TRIMULT,ON67N,Spring,ROT,NS,E,N,72.8,43.42476666666666,-76.78933333333333,0,0,0,Trichocerca
TRIMULT,ON67N,Summer,ROT,NS,E,N,72.8,43.42476666666666,-76.78933333333333,1.0201123988342102,1113.48334110744,20.402247976684205,Trichocerca
TRIMULT,ON68b,Spring,ROT,NS,W,N,50,43.583666666666666,-79.41721666666666,0,0,0,Trichocerca
TRIMULT,ON68b,Summer,ROT,NS,W,N,50,43.583666666666666,-79.41721666666666,3.0569364053080803,4024.88030983461,61.1387281061616,Trichocerca
TRIMULT,ON69b,Summer,ROT,NS,W,D,13.3,43.31863333333333,-78.99975,1.731121565818602,1102.91898303242,34.62243131637204,Trichocerca
TRIMULT,ON73N,Summer,ROT,NS,E,N,37.1,43.63238333333334,-76.28703333333333,6.188269003598053,7863.81234902113,123.76538007196106,Trichocerca
TRIMULT,ON84N,Spring,ROT,NS,E,N,35.1,43.886,-76.73413333333333,0,0,0,Trichocerca
TRIMULT,ON84N,Summer,ROT,NS,E,N,35.1,43.886,-76.73413333333333,0,0,0,Trichocerca
TRIPUSI,ON12,Spring,ROT,OS,W,N,106.8,43.50398333333333,-79.35345,0,0,0,Trichocerca
TRIPUSI,ON12,Summer,ROT,OS,W,N,106.8,43.50398333333333,-79.35345,0.08310251374127887,1208.75464302038,1.6620502748255774,Trichocerca
TRIPUSI,ON17N,Spring,ROT,NS,W,N,10.7,43.225,-79.27176666666666,0,0,0,Trichocerca
TRIPUSI,ON17N,Summer,ROT,NS,W,N,10.7,43.225,-79.27176666666666,0,0,0,Trichocerca
TRIPUSI,ON22N,Spring,ROT,NS,W,D,50,43.3176666667,-78.9992166667,0,0,0,Trichocerca
TRIPUSI,ON25,Spring,ROT,OS,W,D,137,43.51623333333333,-79.08041666666666,0,0,0,Trichocerca
TRIPUSI,ON25,Summer,ROT,OS,W,D,137,43.51623333333333,-79.08041666666666,0,0,0,Trichocerca
TRIPUSI,ON29N,Summer,ROT,NS,W,D,30.5,43.818216666666665,-78.86856666666667,0,0,0,Trichocerca
TRIPUSI,ON33M,Spring,ROT,OS,W,D,140.9,43.597116666666665,-78.80105,0,0,0,Trichocerca
TRIPUSI,ON33M,Summer,ROT,OS,W,D,140.9,43.597116666666665,-78.80105,0,0,0,Trichocerca
TRIPUSI,ON3528N,Spring,ROT,NS,W,D,72.8,43.4247666666667,-76.78933333333333,0,0,0,Trichocerca
TRIPUSI,ON38N,Summer,ROT,NS,W,N,16.4,43.38325,-77.98985,0,0,0,Trichocerca
TRIPUSI,ON41,Spring,ROT,OS,W,N,132.2,43.7167,-78.02745,0,0,0,Trichocerca
TRIPUSI,ON41,Summer,ROT,OS,W,N,132.2,43.7167,-78.02745,0,0,0,Trichocerca
TRIPUSI,ON43N,Spring,ROT,NS,W,N,16,43.949866666666665,-78.05011666666667,0,0,0,Trichocerca
TRIPUSI,ON43N,Summer,ROT,NS,W,N,16,43.949866666666665,-78.05011666666667,0,0,0,Trichocerca
TRIPUSI,ON49,Spring,ROT,OS,E,D,51.5,43.77256666666667,-77.4417,0,0,0,Trichocerca
TRIPUSI,ON49,Summer,ROT,OS,E,D,51.5,43.77256666666667,-77.4417,0,0,0,Trichocerca
TRIPUSI,ON55M,Spring,ROT,OS,E,D,198,43.4401,-77.4398,0,0,0,Trichocerca
TRIPUSI,ON55M,Summer,ROT,OS,E,D,198,43.4401,-77.4398,0,0,0,Trichocerca
TRIPUSI,ON60,Spring,ROT,OS,E,D,150,43.580416666666665,-77.19986666666667,0,0,0,Trichocerca
TRIPUSI,ON60,Summer,ROT,OS,E,D,150,43.580416666666665,-77.19986666666667,0,0,0,Trichocerca
TRIPUSI,ON61N,Spring,ROT,NS,E,N,51.9,43.7868,-77.1584,0,0,0,Trichocerca
TRIPUSI,ON61N,Summer,ROT,NS,E,N,51.9,43.7868,-77.1584,0,0,0,Trichocerca
TRIPUSI,ON62N,Spring,ROT,NS,E,N,28.3,43.8457,-76.9972,0,0,0,Trichocerca
TRIPUSI,ON62N,Summer,ROT,NS,E,N,28.3,43.8457,-76.9972,0,0,0,Trichocerca
TRIPUSI,ON63,Spring,ROT,OS,E,N,88,43.73155,-77.01718333333334,0,0,0,Trichocerca
TRIPUSI,ON63,Summer,ROT,OS,E,N,88,43.73155,-77.01718333333334,0,0,0,Trichocerca
TRIPUSI,ON65b,Summer,ROT,NS,E,N,23.1,43.30775,-76.95155,0,0,0,Trichocerca
TRIPUSI,ON67b,Summer,ROT,NS,W,D,51.9,43.3742,-78.73016666666666,0,0,0,Trichocerca
TRIPUSI,ON67N,Spring,ROT,NS,E,N,72.8,43.42476666666666,-76.78933333333333,0,0,0,Trichocerca
TRIPUSI,ON67N,Summer,ROT,NS,E,N,72.8,43.42476666666666,-76.78933333333333,0,0,0,Trichocerca
TRIPUSI,ON68b,Spring,ROT,NS,W,N,50,43.583666666666666,-79.41721666666666,0,0,0,Trichocerca
TRIPUSI,ON68b,Summer,ROT,NS,W,N,50,43.583666666666666,-79.41721666666666,0,0,0,Trichocerca
TRIPUSI,ON69b,Summer,ROT,NS,W,D,13.3,43.31863333333333,-78.99975,0,0,0,Trichocerca
TRIPUSI,ON73N,Summer,ROT,NS,E,N,37.1,43.63238333333334,-76.28703333333333,0,0,0,Trichocerca
TRIPUSI,ON84N,Spring,ROT,NS,E,N,35.1,43.886,-76.73413333333333,0,0,0,Trichocerca
TRIPUSI,ON84N,Summer,ROT,NS,E,N,35.1,43.886,-76.73413333333333,0,0,0,Trichocerca
TRISP,ON12,Spring,ROT,OS,W,N,106.8,43.50398333333333,-79.35345,0,0,0,Trichocerca
TRISP,ON12,Summer,ROT,OS,W,N,106.8,43.50398333333333,-79.35345,0,0,0,Trichocerca
TRISP,ON17N,Spring,ROT,NS,W,N,10.7,43.225,-79.27176666666666,0,0,0,Trichocerca
TRISP,ON17N,Summer,ROT,NS,W,N,10.7,43.225,-79.27176666666666,0.1301314767535004,178.607029341817,2.6026295350700077,Trichocerca
TRISP,ON22N,Spring,ROT,NS,W,D,50,43.3176666667,-78.9992166667,0,0,0,Trichocerca
TRISP,ON25,Spring,ROT,OS,W,D,137,43.51623333333333,-79.08041666666666,0,0,0,Trichocerca
TRISP,ON25,Summer,ROT,OS,W,D,137,43.51623333333333,-79.08041666666666,0,0,0,Trichocerca
TRISP,ON29N,Summer,ROT,NS,W,D,30.5,43.818216666666665,-78.86856666666667,0.6171025452553889,2950.96477900638,12.342050905107776,Trichocerca
TRISP,ON33M,Spring,ROT,OS,W,D,140.9,43.597116666666665,-78.80105,0,0,0,Trichocerca
TRISP,ON33M,Summer,ROT,OS,W,D,140.9,43.597116666666665,-78.80105,0,0,0,Trichocerca
TRISP,ON3528N,Spring,ROT,NS,W,D,72.8,43.4247666666667,-76.78933333333333,0,0,0,Trichocerca
TRISP,ON38N,Summer,ROT,NS,W,N,16.4,43.38325,-77.98985,0,0,0,Trichocerca
TRISP,ON41,Spring,ROT,OS,W,N,132.2,43.7167,-78.02745,0,0,0,Trichocerca
TRISP,ON41,Summer,ROT,OS,W,N,132.2,43.7167,-78.02745,0,0,0,Trichocerca
TRISP,ON43N,Spring,ROT,NS,W,N,16,43.949866666666665,-78.05011666666667,0,0,0,Trichocerca
TRISP,ON43N,Summer,ROT,NS,W,N,16,43.949866666666665,-78.05011666666667,0,0,0,Trichocerca
TRISP,ON49,Spring,ROT,OS,E,D,51.5,43.77256666666667,-77.4417,0,0,0,Trichocerca
TRISP,ON49,Summer,ROT,OS,E,D,51.5,43.77256666666667,-77.4417,0,0,0,Trichocerca
TRISP,ON55M,Spring,ROT,OS,E,D,198,43.4401,-77.4398,0,0,0,Trichocerca
TRISP,ON55M,Summer,ROT,OS,E,D,198,43.4401,-77.4398,0,0,0,Trichocerca
TRISP,ON60,Spring,ROT,OS,E,D,150,43.580416666666665,-77.19986666666667,0,0,0,Trichocerca
TRISP,ON60,Summer,ROT,OS,E,D,150,43.580416666666665,-77.19986666666667,0,0,0,Trichocerca
TRISP,ON61N,Spring,ROT,NS,E,N,51.9,43.7868,-77.1584,0,0,0,Trichocerca
TRISP,ON61N,Summer,ROT,NS,E,N,51.9,43.7868,-77.1584,0.08140518976605861,818.801342095911,1.6281037953211723,Trichocerca
TRISP,ON62N,Spring,ROT,NS,E,N,28.3,43.8457,-76.9972,0,0,0,Trichocerca
TRISP,ON62N,Summer,ROT,NS,E,N,28.3,43.8457,-76.9972,0.39910338695422765,1743.71491217425,7.9820677390845525,Trichocerca
TRISP,ON63,Spring,ROT,OS,E,N,88,43.73155,-77.01718333333334,0,0,0,Trichocerca
TRISP,ON63,Summer,ROT,OS,E,N,88,43.73155,-77.01718333333334,0,0,0,Trichocerca
TRISP,ON65b,Summer,ROT,NS,E,N,23.1,43.30775,-76.95155,0,0,0,Trichocerca
TRISP,ON67b,Summer,ROT,NS,W,D,51.9,43.3742,-78.73016666666666,0,0,0,Trichocerca
TRISP,ON67N,Spring,ROT,NS,E,N,72.8,43.42476666666666,-76.78933333333333,0,0,0,Trichocerca
TRISP,ON67N,Summer,ROT,NS,E,N,72.8,43.42476666666666,-76.78933333333333,0,0,0,Trichocerca
TRISP,ON68b,Spring,ROT,NS,W,N,50,43.583666666666666,-79.41721666666666,0,0,0,Trichocerca
TRISP,ON68b,Summer,ROT,NS,W,N,50,43.583666666666666,-79.41721666666666,0,0,0,Trichocerca
TRISP,ON69b,Summer,ROT,NS,W,D,13.3,43.31863333333333,-78.99975,0,0,0,Trichocerca
TRISP,ON73N,Summer,ROT,NS,E,N,37.1,43.63238333333334,-76.28703333333333,0,0,0,Trichocerca
TRISP,ON84N,Spring,ROT,NS,E,N,35.1,43.886,-76.73413333333333,0,0,0,Trichocerca
TRISP,ON84N,Summer,ROT,NS,E,N,35.1,43.886,-76.73413333333333,0.13717615580797665,750.849942958539,2.743523116159533,Trichocerca
TROPRASM,ON12,Spring,CYC,OS,W,N,106.8,43.50398333333333,-79.35345,0,0,0,NA
TROPRASM,ON12,Summer,CYC,OS,W,N,106.8,43.50398333333333,-79.35345,0,0,0,NA
TROPRASM,ON17N,Spring,CYC,NS,W,N,10.7,43.225,-79.27176666666666,0,0,0,NA
TROPRASM,ON17N,Summer,CYC,NS,W,N,10.7,43.225,-79.27176666666666,0,0,0,NA
TROPRASM,ON22N,Spring,CYC,NS,W,D,50,43.3176666667,-78.9992166667,0,0,0,NA
TROPRASM,ON25,Spring,CYC,OS,W,D,137,43.51623333333333,-79.08041666666666,0,0,0,NA
TROPRASM,ON25,Summer,CYC,OS,W,D,137,43.51623333333333,-79.08041666666666,0,0,0,NA
TROPRASM,ON29N,Summer,CYC,NS,W,D,30.5,43.818216666666665,-78.86856666666667,0,0,0,NA
TROPRASM,ON33M,Spring,CYC,OS,W,D,140.9,43.597116666666665,-78.80105,0,0,0,NA
TROPRASM,ON33M,Summer,CYC,OS,W,D,140.9,43.597116666666665,-78.80105,0,0,0,NA
TROPRASM,ON3528N,Spring,CYC,NS,W,D,72.8,43.4247666666667,-76.78933333333333,0.035241015857423307,7.90265652019863,1.8325328245860117,NA
TROPRASM,ON38N,Summer,CYC,NS,W,N,16.4,43.38325,-77.98985,0,0,0,NA
TROPRASM,ON41,Spring,CYC,OS,W,N,132.2,43.7167,-78.02745,0,0,0,NA
TROPRASM,ON41,Summer,CYC,OS,W,N,132.2,43.7167,-78.02745,0,0,0,NA
TROPRASM,ON43N,Spring,CYC,NS,W,N,16,43.949866666666665,-78.05011666666667,0,0,0,NA
TROPRASM,ON43N,Summer,CYC,NS,W,N,16,43.949866666666665,-78.05011666666667,0,0,0,NA
TROPRASM,ON49,Spring,CYC,OS,E,D,51.5,43.77256666666667,-77.4417,0,0,0,NA
TROPRASM,ON49,Summer,CYC,OS,E,D,51.5,43.77256666666667,-77.4417,0,0,0,NA
TROPRASM,ON55M,Spring,CYC,OS,E,D,198,43.4401,-77.4398,0,0,0,NA
TROPRASM,ON55M,Summer,CYC,OS,E,D,198,43.4401,-77.4398,0,0,0,NA
TROPRASM,ON60,Spring,CYC,OS,E,D,150,43.580416666666665,-77.19986666666667,0,0,0,NA
TROPRASM,ON60,Summer,CYC,OS,E,D,150,43.580416666666665,-77.19986666666667,0,0,0,NA
TROPRASM,ON61N,Spring,CYC,NS,E,N,51.9,43.7868,-77.1584,0,0,0,NA
TROPRASM,ON61N,Summer,CYC,NS,E,N,51.9,43.7868,-77.1584,0.08072033425211372,22.1297660025922,1.6144066850422747,NA
TROPRASM,ON62N,Spring,CYC,NS,E,N,28.3,43.8457,-76.9972,0,0,0,NA
TROPRASM,ON62N,Summer,CYC,NS,E,N,28.3,43.8457,-76.9972,0,0,0,NA
TROPRASM,ON63,Spring,CYC,OS,E,N,88,43.73155,-77.01718333333334,0,0,0,NA
TROPRASM,ON63,Summer,CYC,OS,E,N,88,43.73155,-77.01718333333334,0,0,0,NA
TROPRASM,ON65b,Summer,CYC,NS,E,N,23.1,43.30775,-76.95155,0,0,0,NA
TROPRASM,ON67b,Summer,CYC,NS,W,D,51.9,43.3742,-78.73016666666666,0,0,0,NA
TROPRASM,ON67N,Spring,CYC,NS,E,N,72.8,43.42476666666666,-76.78933333333333,0,0,0,NA
TROPRASM,ON67N,Summer,CYC,NS,E,N,72.8,43.42476666666666,-76.78933333333333,0,0,0,NA
TROPRASM,ON68b,Spring,CYC,NS,W,N,50,43.583666666666666,-79.41721666666666,0,0,0,NA
TROPRASM,ON68b,Summer,CYC,NS,W,N,50,43.583666666666666,-79.41721666666666,0,0,0,NA
TROPRASM,ON69b,Summer,CYC,NS,W,D,13.3,43.31863333333333,-78.99975,0,0,0,NA
TROPRASM,ON73N,Summer,CYC,NS,E,N,37.1,43.63238333333334,-76.28703333333333,0.05879618223021845,30.3915453102266,1.175923644604369,NA
TROPRASM,ON84N,Spring,CYC,NS,E,N,35.1,43.886,-76.73413333333333,0,0,0,NA
TROPRASM,ON84N,Summer,CYC,NS,E,N,35.1,43.886,-76.73413333333333,0,0,0,NA
TYLMONO,ON12,Spring,ROT,OS,W,N,106.8,43.50398333333333,-79.35345,0,0,0,Tylotrocha
TYLMONO,ON12,Summer,ROT,OS,W,N,106.8,43.50398333333333,-79.35345,0,0,0,Tylotrocha
TYLMONO,ON17N,Spring,ROT,NS,W,N,10.7,43.225,-79.27176666666666,0,0,0,Tylotrocha
TYLMONO,ON17N,Summer,ROT,NS,W,N,10.7,43.225,-79.27176666666666,0,0,0,Tylotrocha
TYLMONO,ON22N,Spring,ROT,NS,W,D,50,43.3176666667,-78.9992166667,0,0,0,Tylotrocha
TYLMONO,ON25,Spring,ROT,OS,W,D,137,43.51623333333333,-79.08041666666666,0,0,0,Tylotrocha
TYLMONO,ON25,Summer,ROT,OS,W,D,137,43.51623333333333,-79.08041666666666,0,0,0,Tylotrocha
TYLMONO,ON29N,Summer,ROT,NS,W,D,30.5,43.818216666666665,-78.86856666666667,0,0,0,Tylotrocha
TYLMONO,ON33M,Spring,ROT,OS,W,D,140.9,43.597116666666665,-78.80105,0,0,0,Tylotrocha
TYLMONO,ON33M,Summer,ROT,OS,W,D,140.9,43.597116666666665,-78.80105,0,0,0,Tylotrocha
TYLMONO,ON3528N,Spring,ROT,NS,W,D,72.8,43.4247666666667,-76.78933333333333,0,0,0,Tylotrocha
TYLMONO,ON38N,Summer,ROT,NS,W,N,16.4,43.38325,-77.98985,0,0,0,Tylotrocha
TYLMONO,ON41,Spring,ROT,OS,W,N,132.2,43.7167,-78.02745,0,0,0,Tylotrocha
TYLMONO,ON41,Summer,ROT,OS,W,N,132.2,43.7167,-78.02745,0,0,0,Tylotrocha
TYLMONO,ON43N,Spring,ROT,NS,E,N,28.3,43.8457,-76.9972,1.3920259797373544e-4,0.512370038122768,0.001948836371632296,Tylotrocha
TYLMONO,ON43N,Summer,ROT,NS,E,N,28.3,43.8457,-76.9972,0,0,0,Tylotrocha
TYLMONO,ON49,Spring,ROT,OS,E,D,51.5,43.77256666666667,-77.4417,0,0,0,Tylotrocha
TYLMONO,ON49,Summer,ROT,OS,E,D,51.5,43.77256666666667,-77.4417,0,0,0,Tylotrocha
TYLMONO,ON55M,Spring,ROT,OS,E,D,198,43.4401,-77.4398,0,0,0,Tylotrocha
TYLMONO,ON55M,Summer,ROT,OS,E,D,198,43.4401,-77.4398,0,0,0,Tylotrocha
TYLMONO,ON60,Spring,ROT,OS,E,D,150,43.580416666666665,-77.19986666666667,0,0,0,Tylotrocha
TYLMONO,ON60,Summer,ROT,OS,E,D,150,43.580416666666665,-77.19986666666667,0,0,0,Tylotrocha
TYLMONO,ON61N,Spring,ROT,NS,E,N,51.9,43.7868,-77.1584,0,0,0,Tylotrocha
TYLMONO,ON61N,Summer,ROT,NS,E,N,51.9,43.7868,-77.1584,0,0,0,Tylotrocha
TYLMONO,ON62N,Spring,ROT,NS,E,N,28.3,43.8457,-76.9972,0,0,0,Tylotrocha
TYLMONO,ON62N,Summer,ROT,NS,E,N,28.3,43.8457,-76.9972,0,0,0,Tylotrocha
TYLMONO,ON63,Spring,ROT,OS,E,N,88,43.73155,-77.01718333333334,0,0,0,Tylotrocha
TYLMONO,ON63,Summer,ROT,OS,E,N,88,43.73155,-77.01718333333334,0,0,0,Tylotrocha
TYLMONO,ON65b,Summer,ROT,NS,E,N,23.1,43.30775,-76.95155,0,0,0,Tylotrocha
TYLMONO,ON67b,Summer,ROT,NS,W,D,51.9,43.3742,-78.73016666666666,0,0,0,Tylotrocha
TYLMONO,ON67N,Spring,ROT,NS,E,N,72.8,43.42476666666666,-76.78933333333333,0,0,0,Tylotrocha
TYLMONO,ON67N,Summer,ROT,NS,E,N,72.8,43.42476666666666,-76.78933333333333,0,0,0,Tylotrocha
TYLMONO,ON68b,Spring,ROT,NS,W,N,50,43.583666666666666,-79.41721666666666,0,0,0,Tylotrocha
TYLMONO,ON68b,Summer,ROT,NS,W,N,50,43.583666666666666,-79.41721666666666,0,0,0,Tylotrocha
TYLMONO,ON69b,Summer,ROT,NS,W,D,13.3,43.31863333333333,-78.99975,0,0,0,Tylotrocha
TYLMONO,ON73N,Summer,ROT,NS,E,N,37.1,43.63238333333334,-76.28703333333333,0,0,0,Tylotrocha
TYLMONO,ON84N,Spring,ROT,NS,E,N,35.1,43.886,-76.73413333333333,0,0,0,Tylotrocha
TYLMONO,ON84N,Summer,ROT,NS,E,N,35.1,43.886,-76.73413333333333,0,0,0,Tylotrocha
