Sample ID,Speccode,Station,Group,Density m3,Avg Ind Wt ug,Biomass ug.m3,Biomass mg.m3,Areal Bio ug.m2,Areal Bio mg.m2,Tow Depth,Type,Basin,Season,D or N,Site Depth,Lat,Lon
24GE00I54,ACAVERN,ER09,CYC,209.329521269418,8.172947233453137,1710.8391317389594,17.108391317389593,34216.782634779185,342.16782634779184,20,OS,NA,Spring,N,49.7,NA,NA
24GE00I54,BOSLONG,ER09,NDAP,581.47089241505,1.4733653566296654,856.71906877287,8.567190687728699,17134.3813754574,171.34381375457397,20,OS,NA,Spring,N,49.7,NA,NA
24GE00I54,CYCCOPE,ER09,CYC,627.988563808254,0.9822931926934375,616.8688913181763,6.1686889131817635,12337.377826363527,123.37377826363527,20,OS,NA,Spring,N,49.7,NA,NA
24GE00I54,DAPGALEM,ER09,DAP,15.5058904644013,4.126622365754961,63.98695439134498,0.6398695439134499,1279.7390878268995,12.797390878268997,20,OS,NA,Spring,N,49.7,NA,NA
24GE00I54,DAPLONG,ER09,DAP,131.800068947411,2.7523797543225976,362.76384138917655,3.6276384138917654,7255.276827783531,72.55276827783531,20,OS,NA,Spring,N,49.7,NA,NA
24GE00I54,DIACOPE,ER09,CAL,15.5058904644013,2.6449365785678207,41.012096872560974,0.41012096872560977,820.2419374512194,8.202419374512196,20,OS,NA,Spring,N,49.7,NA,NA
24GE00I54,DIYTHOM,ER09,CYC,1628.11849876214,4.844539477812298,7887.484341809681,78.8748434180968,157749.6868361936,1577.496868361936,20,OS,NA,Spring,N,49.7,NA,NA
24GE00I54,LEOASHL,ER09,CAL,23.258835696602,4.3595029809018095,101.39696355164183,1.0139696355164183,2027.9392710328366,20.279392710328366,20,OS,NA,Spring,N,49.7,NA,NA
24GE00I54,LEOMINU,ER09,CAL,31.0117809288026,4.50782373328497,139.79564208229056,1.3979564208229056,2795.912841645811,27.959128416458114,20,OS,NA,Spring,N,49.7,NA,NA
24GE00I54,MESCOPE,ER09,CYC,15.5058904644013,0.9071258500513566,14.065794068323255,0.14065794068323256,281.3158813664651,2.8131588136646513,20,OS,NA,Spring,N,49.7,NA,NA
24GE00I54,SKIOREG,ER09,CAL,953.612263560681,7.667414701139613,7311.740688812189,73.11740688812189,146234.81377624377,1462.3481377624378,20,OS,NA,Spring,N,49.7,NA,NA
24GE00I54,TROPRASM,ER09,CYC,15.5058904644013,0.40582554971435403,6.292686521526218,0.06292686521526218,125.85373043052437,1.2585373043052437,20,OS,NA,Spring,N,49.7,NA,NA
24GE00I54,COPNAUP,ER09,NAU,6487.0346435054,0.06808256961123607,441.6539876869563,4.416539876869563,8833.079753739126,88.33079753739126,20,OS,NA,Spring,N,49.7,NA,NA
24GE00I54,DREPOLYV,ER09,DVEL,5971.88777475644,0.10176587182904803,607.7343658633228,6.077343658633228,12154.687317266455,121.54687317266456,20,OS,NA,Spring,N,49.7,NA,NA
24GE00I54,NOTLAUR,ER09,ROT,476.98784143422,0.035311063025000006,16.84294773104245,0.1684294773104245,336.858954620849,3.36858954620849,20,OS,NA,Spring,N,49.7,NA,NA
24GE00I54,SYNSP,ER09,ROT,992.134710183178,0.072633362,72.06207955749986,0.7206207955749986,1441.241591149997,14.412415911499972,20,OS,NA,Spring,N,49.7,NA,NA
24GE10I54,BOSLONG,ER09,NDAP,312.511336004008,0.549282762543325,171.65708996638676,1.7165708996638676,3433.1417993277355,34.33141799327735,20,OS,NA,Summer,D,49.7,NA,NA
24GE10I54,BYTLONG,ER09,PRED,3.13906475896883,74.27739578788777,233.1615555057383,2.331615555057383,4663.231110114766,46.63231110114766,20,OS,NA,Summer,D,49.7,NA,NA
24GE10I54,CECPENG,ER09,PRED,38.7151320272822,4.397465367415018,170.24845228487345,1.7024845228487344,3404.969045697469,34.04969045697469,20,OS,NA,Summer,D,49.7,NA,NA
24GE10I54,CERSP,ER09,NDAP,22.3222382860006,2.708843606398266,60.46745246153132,0.6046745246153132,1209.3490492306264,12.093490492306264,20,OS,NA,Summer,D,49.7,NA,NA
24GE10I54,CHYSPHA,ER09,NDAP,7.44074609533352,1.17414355475129,8.736504070376679,0.08736504070376679,174.7300814075336,1.7473008140753357,20,OS,NA,Summer,D,49.7,NA,NA
24GE10I54,CYCCOPE,ER09,CYC,37.2037304766676,0.2082026186776174,7.745914109818478,0.077459141098184775,154.91828219636955,1.5491828219636954,20,OS,NA,Summer,D,49.7,NA,NA
24GE10I54,DAPGALEM,ER09,DAP,29.7629843813341,9.99678557393034,297.5341729004348,2.975341729004348,5950.683458008696,59.50683458008696,20,OS,NA,Summer,D,49.7,NA,NA
24GE10I54,DAPRETR,ER09,DAP,7.44074609533352,10.5116102497129,78.21422292121906,0.7821422292121906,1564.2844584243812,15.64284458424381,20,OS,NA,Summer,D,49.7,NA,NA
24GE10I54,DIACOPE,ER09,CAL,3214.40231318408,2.7667604560174626,8893.481209848771,88.93481209848771,177869.62419697543,1778.6962419697543,20,OS,NA,Summer,D,49.7,NA,NA
24GE10I54,DIPBIRG,ER09,NDAP,3.18889118371437,0.756427925900085,2.412166344018128,0.02412166344018128,48.24332688036256,0.4824332688036256,20,OS,NA,Summer,D,49.7,NA,NA
24GE10I54,EPICOPE,ER09,CAL,513.411480578013,1.8861590770936285,968.3757243762983,9.683757243762983,19367.514487525965,193.67514487525966,20,OS,NA,Summer,D,49.7,NA,NA
24GE10I54,EPILACU,ER09,CAL,163.696414097337,15.052133238165524,2463.9802356030336,24.639802356030337,49279.604712060675,492.7960471206068,20,OS,NA,Summer,D,49.7,NA,NA
24GE10I54,HOLGIBB,ER09,NDAP,342.274320385342,1.6790267693804615,574.6877463984938,5.746877463984938,11493.754927969876,114.93754927969876,20,OS,NA,Summer,D,49.7,NA,NA
24GE10I54,LEOMINU,ER09,CAL,186.018652383338,3.845768180340145,715.3846142855958,7.153846142855958,14307.692285711917,143.07692285711914,20,OS,NA,Summer,D,49.7,NA,NA
24GE10I54,LETKIND,ER09,PRED,82.9111707765735,7.6820861831051745,636.9307594477888,6.369307594477887,12738.615188955775,127.38615188955775,20,OS,NA,Summer,D,49.7,NA,NA
24GE10I54,MESCOPE,ER09,CYC,44.6444765720011,1.5859893704165173,70.80566529100298,0.7080566529100298,1416.1133058200596,14.161133058200598,20,OS,NA,Summer,D,49.7,NA,NA
24GE10I54,SKIOREG,ER09,CAL,1428.62325030404,7.069235792833498,10099.27461552345,100.99274615523451,201985.492310469,2019.8549231046902,20,OS,NA,Summer,D,49.7,NA,NA
24GE10I54,TROCOPE,ER09,CYC,14.881492190667,0.0666363129779969,0.9916477711969028,0.009916477711969029,19.832955423938056,0.1983295542393806,20,OS,NA,Summer,D,49.7,NA,NA
24GE10I54,COPNAUP,ER09,NAU,5089.47032920813,0.15927046658260677,810.6023139913121,8.106023139913122,16212.046279826243,162.12046279826242,20,OS,NA,Summer,D,49.7,NA,NA
24GE10I54,DREPOLYV,ER09,DVEL,44956.9879080051,0.16598752664022234,7462.299228044151,74.62299228044151,149245.98456088302,1492.4598456088302,20,OS,NA,Summer,D,49.7,NA,NA
24GE10I54,ASCOVAL,ER09,ROT,3392.98021947209,0.011065677,37.54562317606726,0.3754562317606726,750.9124635213452,7.509124635213452,20,OS,NA,Summer,D,49.7,NA,NA
24GE10I54,ASPPRIO,ER09,ROT,8482.45054868021,2.0903811211920003,17731.554488405836,177.31554488405837,354631.0897681167,3546.3108976811673,20,OS,NA,Summer,D,49.7,NA,NA
24GE10I54,COLSP,ER09,ROT,17813.1461522284,0.010170090000000001,181.16129955131657,1.8116129955131657,3623.2259910263315,36.232259910263316,20,OS,NA,Summer,D,49.7,NA,NA
24GE10I54,COOUNIC,ER09,ROT,240053.35052765,0.0220099412,5283.560129976566,52.835601299765656,105671.20259953132,1056.712025995313,20,OS,NA,Summer,D,49.7,NA,NA
24GE10I54,KELLONG,ER09,ROT,3392.98021947209,0.00619027717875,21.003488020548247,0.21003488020548247,420.06976041096493,4.200697604109649,20,OS,NA,Summer,D,49.7,NA,NA
24GE10I54,KERCOCH,ER09,ROT,36474.5373593249,0.0017123363,62.456674346078174,0.6245667434607818,1249.1334869215634,12.491334869215635,20,OS,NA,Summer,D,49.7,NA,NA
24GE10I54,KERCRAS,ER09,ROT,70404.3395540458,0.0031220112999999997,219.80314365676793,2.198031436567679,4396.062873135359,43.96062873135358,20,OS,NA,Summer,D,49.7,NA,NA
24GE10I54,KEREARL,ER09,ROT,4241.22527434011,0.0018340335999999999,7.77854965830898,0.0777854965830898,155.5709931661796,1.555709931661796,20,OS,NA,Summer,D,49.7,NA,NA
24GE10I54,PLOTRUN,ER09,ROT,1696.49010973604,0.02044598,34.686402853860876,0.34686402853860876,693.7280570772175,6.937280570772176,20,OS,NA,Summer,D,49.7,NA,NA
24GE10I54,POLREMA,ER09,ROT,1696.49010973604,0.030526480600000003,51.7878724229491,0.517878724229491,1035.757448458982,10.35757448458982,20,OS,NA,Summer,D,49.7,NA,NA
24GE10I54,POLSP,ER09,ROT,5937.71538407615,0.060113816400000006,356.9387324338092,3.5693873243380922,7138.774648676184,71.38774648676184,20,OS,NA,Summer,D,49.7,NA,NA
24GE10I54,POLVULG,ER09,ROT,2544.73516460406,0.0735652764,187.2041457488972,1.8720414574889719,3744.082914977944,37.44082914977944,20,OS,NA,Summer,D,49.7,NA,NA
24GE10I54,SYNSP,ER09,ROT,3392.98021947209,0.011441925,38.822225197683196,0.38822225197683197,776.4445039536639,7.764445039536639,20,OS,NA,Summer,D,49.7,NA,NA
24GE10I54,TRICYLI,ER09,ROT,848.245054868021,0.1101481472,93.43262116527487,0.9343262116527487,1868.6524233054975,18.686524233054975,20,OS,NA,Summer,D,49.7,NA,NA
24GE10I54,TRISIMI,ER09,ROT,848.245054868021,0.020569183024,17.447707782783247,0.17447707782783248,348.954155655665,3.4895415565566497,20,OS,NA,Summer,D,49.7,NA,NA
24GE00I74,ACAVERN,ER10,CYC,147.517403372691,7.3401356329480905,1082.7977489758662,10.827977489758661,21655.954979517322,216.5595497951732,20,OS,NA,Spring,D,32.4,NA,NA
24GE00I74,BOSLONG,ER10,NDAP,731.173216716815,1.4558120047075627,1064.4507464169835,10.644507464169836,21289.01492833967,212.8901492833967,20,OS,NA,Spring,D,32.4,NA,NA
24GE00I74,CYCCOPE,ER10,CYC,750.414617156731,1.0136031565109833,760.6226246420437,7.606226246420436,15212.452492840874,152.12452492840873,20,OS,NA,Spring,D,32.4,NA,NA
24GE00I74,CYCDIVE,ER10,CYC,6.41380014663873,19.3845960606016,124.32892505601907,1.2432892505601907,2486.5785011203816,24.865785011203812,20,OS,NA,Spring,D,32.4,NA,NA
24GE00I74,DAPGALEM,ER10,DAP,134.689803079413,5.2385212066912095,705.5753897565679,7.055753897565679,14111.507795131358,141.11507795131357,20,OS,NA,Spring,D,32.4,NA,NA
24GE00I74,DAPLONG,ER10,DAP,153.931203519329,3.6256983168733092,558.1081055143139,5.581081055143139,11162.16211028628,111.62162110286278,20,OS,NA,Spring,D,32.4,NA,NA
24GE00I74,DIYTHOM,ER10,CYC,596.483413637402,3.9945269152425062,2382.6690502703314,23.826690502703315,47653.38100540663,476.5338100540663,20,OS,NA,Spring,D,32.4,NA,NA
24GE00I74,LEOASHL,ER10,CAL,6.41380014663873,3.8959094997746,24.98758492094555,0.24987584920945552,499.751698418911,4.997516984189111,20,OS,NA,Spring,D,32.4,NA,NA
24GE00I74,LEOMINU,ER10,CAL,25.6552005865549,3.6242700276274897,92.98137453862212,0.9298137453862212,1859.6274907724423,18.596274907724425,20,OS,NA,Spring,D,32.4,NA,NA
24GE00I74,MESCOPE,ER10,CYC,64.1380014663873,2.130110729812297,136.6210451122684,1.366210451122684,2732.420902245368,27.32420902245368,20,OS,NA,Spring,D,32.4,NA,NA
24GE00I74,MESEDAX,ER10,CYC,6.41380014663873,11.4318135460809,73.3213673982003,0.733213673982003,1466.427347964006,14.664273479640059,20,OS,NA,Spring,D,32.4,NA,NA
24GE00I74,MICRUBE,ER10,CYC,6.41380014663873,0.824291795302009,5.286842837581127,0.05286842837581127,105.73685675162254,1.0573685675162254,20,OS,NA,Spring,D,32.4,NA,NA
24GE00I74,SKIOREG,ER10,CAL,1077.51842463531,8.411730222674887,9063.79429799387,90.63794297993871,181275.8859598774,1812.7588595987743,20,OS,NA,Spring,D,32.4,NA,NA
24GE00I74,TROPRASM,ER10,CYC,6.41380014663873,0.541385827789941,3.472340501667254,0.03472340501667254,69.44681003334507,0.6944681003334507,20,OS,NA,Spring,D,32.4,NA,NA
24GE00I74,COPNAUP,ER10,NAU,17315.4565146333,0.07504269355210572,1299.3984969424394,12.993984969424394,25987.969938848786,259.8796993884879,20,OS,NA,Spring,D,32.4,NA,NA
24GE00I74,DREPOLYV,ER10,DVEL,33846.2246675763,0.1138833702042837,3854.522133834951,38.54522133834951,77090.44267669902,770.9044267669902,20,OS,NA,Spring,D,32.4,NA,NA
24GE00I74,KERCOCH,ER10,ROT,52.3125574460221,0.003456,0.18079219853345235,0.0018079219853345235,3.6158439706690473,0.03615843970669047,20,OS,NA,Spring,D,32.4,NA,NA
24GE00I74,KERQUAD,ER10,ROT,52.3125574460221,0.0779625,4.078417759885498,0.04078417759885498,81.56835519770995,0.8156835519770995,20,OS,NA,Spring,D,32.4,NA,NA
24GE00I74,NOTLAUR,ER10,ROT,1150.87626381249,0.039182127600000005,45.09378062051225,0.45093780620512247,901.8756124102449,9.018756124102449,20,OS,NA,Spring,D,32.4,NA,NA
24GE00I74,POLREMA,ER10,ROT,52.3125574460221,0.0308,1.6112267693374807,0.016112267693374805,32.224535386749615,0.3222453538674961,20,OS,NA,Spring,D,32.4,NA,NA
24GE00I74,POLSP,ER10,ROT,52.3125574460221,0.0398868932,2.0865853918683483,0.020865853918683484,41.73170783736697,0.41731707837366966,20,OS,NA,Spring,D,32.4,NA,NA
24GE00I74,SYNSP,ER10,ROT,732.37580424431,0.060949615,44.638023304006055,0.4463802330400605,892.7604660801211,8.92760466080121,20,OS,NA,Spring,D,32.4,NA,NA
24GE10I74,BOSLONG,ER10,NDAP,751.289878474282,0.67816477085539,509.4983282814852,5.0949832828148525,10189.966565629704,101.89966565629705,20,OS,NA,Summer,D,33,NA,NA
24GE10I74,BYTLONG,ER10,PRED,4.14314271217435,76.39608958035419,316.51990178346324,3.1651990178346323,6330.398035669265,63.30398035669265,20,OS,NA,Summer,D,33,NA,NA
24GE10I74,CECPENG,ER10,PRED,63.1829263606588,5.506419546302728,347.91170070493746,3.4791170070493744,6958.234014098749,69.58234014098748,20,OS,NA,Summer,D,33,NA,NA
24GE10I74,CYCCOPE,ER10,CYC,132.580566789579,0.5464890995533704,72.45383456311251,0.7245383456311251,1449.0766912622503,14.490766912622501,20,OS,NA,Summer,D,33,NA,NA
24GE10I74,DAPGALEM,ER10,DAP,22.0967611315965,2.48003299445623,54.8006966769773,0.548006966769773,1096.013933539546,10.96013933539546,20,OS,NA,Summer,D,33,NA,NA
24GE10I74,DIACOPE,ER10,CAL,6032.41578892585,2.5075843142644,15126.791209431367,151.26791209431366,302535.82418862736,3025.3582418862734,20,OS,NA,Summer,D,33,NA,NA
24GE10I74,DIPBIRG,ER10,NDAP,47.3502024248497,0.3154591649426388,14.937055316807998,0.14937055316807998,298.74110633615993,2.9874110633616,20,OS,NA,Summer,D,33,NA,NA
24GE10I74,DIPFLUV,ER10,NDAP,28.4101214549098,2.96026885237185,84.1015976350707,0.841015976350707,1682.031952701414,16.820319527014142,20,OS,NA,Summer,D,33,NA,NA
24GE10I74,EPICOPE,ER10,CAL,1392.09595129058,2.371785071630954,3301.752395548889,33.01752395548889,66035.04791097778,660.3504791097778,20,OS,NA,Summer,D,33,NA,NA
24GE10I74,EPILACU,ER10,CAL,123.110526304609,14.051919096411353,1729.9391555489874,17.299391555489873,34598.78311097975,345.98783110979747,20,OS,NA,Summer,D,33,NA,NA
24GE10I74,EUBCORE,ER10,NDAP,44.193522263193,1.01146075583906,44.70001343151952,0.44700013431519525,894.0002686303905,8.940002686303906,20,OS,NA,Summer,D,33,NA,NA
24GE10I74,EUYPRIO,ER10,CYC,22.0967611315965,1.90208733512896,42.029969495779575,0.42029969495779573,840.5993899155915,8.405993899155915,20,OS,NA,Summer,D,33,NA,NA
24GE10I74,HARSP,ER10,CYC,22.0967611315965,1.31163533746432,28.982892743710046,0.2898289274371005,579.6578548742009,5.796578548742009,20,OS,NA,Summer,D,33,NA,NA
24GE10I74,HOLGIBB,ER10,NDAP,596.612550553106,1.3761870596833188,821.0504717158443,8.210504717158443,16421.009434316886,164.21009434316886,20,OS,NA,Summer,D,33,NA,NA
24GE10I74,LEOMINU,ER10,CAL,684.999595079492,3.3232944959810604,2276.455384076931,22.76455384076931,45529.10768153862,455.2910768153862,20,OS,NA,Summer,D,33,NA,NA
24GE10I74,LETKIND,ER10,PRED,104.170445334669,2.7504574873857672,286.5163813350501,2.8651638133505006,5730.3276267010015,57.30327626701001,20,OS,NA,Summer,D,33,NA,NA
24GE10I74,MESCOPE,ER10,CYC,88.3870445263861,0.8008512076980668,70.78487135381913,0.7078487135381912,1415.6974270763826,14.156974270763826,20,OS,NA,Summer,D,33,NA,NA
24GE10I74,MESEDAX,ER10,CYC,22.0967611315965,2.69494542326661,59.54956528061151,0.595495652806115,1190.9913056122302,11.909913056122301,20,OS,NA,Summer,D,33,NA,NA
24GE10I74,SKIOREG,ER10,CAL,1392.09595129058,6.791766373155649,9454.790470181484,94.54790470181484,189095.80940362968,1890.9580940362969,20,OS,NA,Summer,D,33,NA,NA
24GE10I74,COPNAUP,ER10,NAU,18146.9650793236,0.1570162952091147,2849.36922604457,28.4936922604457,56987.3845208914,569.8738452089141,20,OS,NA,Summer,D,33,NA,NA
24GE10I74,DREPOLYV,ER10,DVEL,23591.0546031207,0.6225090376912761,14685.644699111017,146.85644699111018,293712.8939822203,2937.1289398222034,20,OS,NA,Summer,D,33,NA,NA
24GE10I74,ASPPRIO,ER10,ROT,7258.78603172946,1.9772911792725,14352.733592765095,143.52733592765094,287054.6718553019,2870.5467185530188,20,OS,NA,Summer,D,33,NA,NA
24GE10I74,COLSP,ER10,ROT,29035.1441269178,0.012501675000000002,362.98793545288515,3.6298793545288515,7259.7587090577035,72.59758709057704,20,OS,NA,Summer,D,33,NA,NA
24GE10I74,COOUNIC,ER10,ROT,488153.360633806,0.0288996942,14107.48284501931,141.0748284501931,282149.6569003862,2821.496569003862,20,OS,NA,Summer,D,33,NA,NA
24GE10I74,GASSTYL,ER10,ROT,3629.39301586473,0.011047040000000001,40.09404982197831,0.4009404982197831,801.8809964395662,8.018809964395663,20,OS,NA,Summer,D,33,NA,NA
24GE10I74,KELLONG,ER10,ROT,9073.48253966182,0.007395897578999999,67.10654754818361,0.6710654754818361,1342.1309509636721,13.421309509636723,20,OS,NA,Summer,D,33,NA,NA
24GE10I74,KERCOCH,ER10,ROT,18146.9650793236,0.0015880838000000002,28.818901261639528,0.2881890126163953,576.3780252327906,5.763780252327906,20,OS,NA,Summer,D,33,NA,NA
24GE10I74,KERCRAS,ER10,ROT,78031.9498410916,0.003177478799999999,247.94486634273184,2.4794486634273185,4958.897326854637,49.58897326854637,20,OS,NA,Summer,D,33,NA,NA
24GE10I74,PLOHUDS,ER10,ROT,1814.69650793236,0.78953589,1432.7680224702679,14.327680224702679,28655.360449405358,286.55360449405356,20,OS,NA,Summer,D,33,NA,NA
24GE10I74,PLOTRUN,ER10,ROT,3629.39301586473,0.0275912,100.13930857932694,1.0013930857932694,2002.7861715865388,20.027861715865388,20,OS,NA,Summer,D,33,NA,NA
24GE10I74,POLSP,ER10,ROT,9073.48253966182,0.06841640959999999,620.7750979319512,6.2077509793195125,12415.501958639024,124.15501958639025,20,OS,NA,Summer,D,33,NA,NA
24GE10I74,POLVULG,ER10,ROT,5444.08952379709,0.0589393728,320.87122199965114,3.2087122199965115,6417.424439993023,64.17424439993023,20,OS,NA,Summer,D,33,NA,NA
24GE10I74,SYNSP,ER10,ROT,5444.08952379709,0.022271283333333333,121.24686027651673,1.2124686027651672,2424.9372055303347,24.249372055303343,20,OS,NA,Summer,D,33,NA,NA
24GE00I14,ACAVERN,ER15M,CYC,48.9943066757125,6.664901338399284,326.5422201369012,3.265422201369012,6530.844402738025,65.30844402738025,20,OS,NA,Spring,N,63.8,NA,NA
24GE00I14,BOSLONG,ER15M,NDAP,749.612892138402,1.773671201320512,1329.566798924463,13.29566798924463,26591.33597848926,265.9133597848926,20,OS,NA,Spring,N,63.8,NA,NA
24GE00I14,CYCCOPE,ER15M,CYC,1087.67360820082,0.6273976047202021,682.403816502574,6.8240381650257405,13648.076330051481,136.4807633005148,20,OS,NA,Spring,N,63.8,NA,NA
24GE00I14,DAPGALEM,ER15M,DAP,14.6982920027138,2.025079937433709,29.765216249238048,0.29765216249238047,595.3043249847609,5.953043249847609,20,OS,NA,Spring,N,63.8,NA,NA
24GE00I14,DAPLONG,ER15M,DAP,191.077796035279,1.991850916331942,380.59848312355837,3.8059848312355835,7611.969662471167,76.11969662471166,20,OS,NA,Spring,N,63.8,NA,NA
24GE00I14,DIYTHOM,ER15M,CYC,1175.8633602171,3.751701169112791,4411.487943243389,44.11487943243389,88229.75886486778,882.2975886486778,20,OS,NA,Spring,N,63.8,NA,NA
24GE00I14,LEOASHL,ER15M,CAL,9.7988613351425,4.04694395582827,39.655442654254266,0.39655442654254264,793.1088530850853,7.931088530850853,20,OS,NA,Spring,N,63.8,NA,NA
24GE00I14,LEOMINU,ER15M,CAL,93.0891826838538,3.542208380996056,329.7412830828199,3.297412830828199,6594.825661656398,65.94825661656398,20,OS,NA,Spring,N,63.8,NA,NA
24GE00I14,MESCOPE,ER15M,CYC,4.89943066757125,2.15794093698938,10.572682005493204,0.10572682005493204,211.4536401098641,2.1145364010986407,20,OS,NA,Spring,N,63.8,NA,NA
24GE00I14,SKIOREG,ER15M,CAL,1043.57873219268,7.179351248134057,7492.218273493674,74.92218273493674,149844.36546987348,1498.443654698735,20,OS,NA,Spring,N,63.8,NA,NA
24GE00I14,TROPRASM,ER15M,CYC,4.89943066757125,0.357443807624427,1.7512711530085558,0.01751271153008556,35.025423060171114,0.3502542306017112,20,OS,NA,Spring,N,63.8,NA,NA
24GE00I14,COPNAUP,ER15M,NAU,11568.4744493859,0.06623365092245133,766.2222983859231,7.66222298385923,15324.44596771846,153.2444596771846,20,OS,NA,Spring,N,63.8,NA,NA
24GE00I14,DREPOLYV,ER15M,DVEL,2655.79763624034,0.14046478401695367,373.0460413672355,3.730460413672355,7460.920827344709,74.6092082734471,20,OS,NA,Spring,N,63.8,NA,NA
24GE00I14,COOUNIC,ER15M,ROT,45.0135192583109,0.01764776,0.7943877846260488,0.007943877846260487,15.887755692520976,0.15887755692520975,20,OS,NA,Spring,N,63.8,NA,NA
24GE00I14,KELLONG,ER15M,ROT,67.5202788874663,0.008857276715,0.5980457939802614,0.005980457939802614,11.960915879605228,0.11960915879605227,20,OS,NA,Spring,N,63.8,NA,NA
24GE00I14,KERCOCH,ER15M,ROT,67.5202788874663,0.0028040226666666674,0.18932839246011035,0.0018932839246011035,3.786567849202207,0.03786567849202207,20,OS,NA,Spring,N,63.8,NA,NA
24GE00I14,KERCRAS,ER15M,ROT,22.5067596291554,0.004096766,0.09220492761889645,9.220492761889646e-4,1.844098552377929,0.01844098552377929,20,OS,NA,Spring,N,63.8,NA,NA
24GE00I14,KERHIEM,ER15M,ROT,22.5067596291554,0.0389271729,0.8761245235028722,0.008761245235028721,17.522490470057445,0.17522490470057442,20,OS,NA,Spring,N,63.8,NA,NA
24GE00I14,NOTLAUR,ER15M,ROT,585.175750358041,0.0417490808,24.43054968389848,0.2443054968389848,488.6109936779696,4.886109936779696,20,OS,NA,Spring,N,63.8,NA,NA
24GE00I14,POLDOLI,ER15M,ROT,22.5067596291554,0.10395,2.339577663450704,0.02339577663450704,46.79155326901408,0.4679155326901408,20,OS,NA,Spring,N,63.8,NA,NA
24GE00I14,POLREMA,ER15M,ROT,22.5067596291554,0.0224532,0.505348775305352,0.00505348775305352,10.106975506107041,0.10106975506107041,20,OS,NA,Spring,N,63.8,NA,NA
24GE00I14,POLSP,ER15M,ROT,45.0135192583109,0.0236475162,1.064457925879919,0.01064457925879919,21.28915851759838,0.2128915851759838,20,OS,NA,Spring,N,63.8,NA,NA
24GE00I14,SYNSP,ER15M,ROT,1350.40557774933,0.08712392199999999,117.65263022419755,1.1765263022419754,2353.052604483951,23.530526044839508,20,OS,NA,Spring,N,63.8,NA,NA
24GE10I14,BOSLONG,ER15M,NDAP,305.566639648363,0.8406662710611534,256.8795675138765,2.568795675138765,5137.59135027753,51.375913502775305,20,OS,NA,Summer,N,63.2,NA,NA
24GE10I14,BYTLONG,ER15M,PRED,31.9021988837425,121.78847829203085,3885.3202562207243,38.853202562207244,77706.40512441448,777.0640512441448,20,OS,NA,Summer,N,63.2,NA,NA
24GE10I14,CYCCOPE,ER15M,CYC,500.018137606413,0.9759602899408915,487.9978465540594,4.879978465540594,9759.956931081188,97.59956931081189,20,OS,NA,Summer,N,63.2,NA,NA
24GE10I14,DAPGALEM,ER15M,DAP,27.7787854225785,12.086992664057501,335.7619756191338,3.357619756191338,6715.239512382676,67.15239512382676,20,OS,NA,Summer,N,63.2,NA,NA
24GE10I14,DIACOPE,ER15M,CAL,4083.48145711904,3.1674947589753595,12934.406113797624,129.34406113797624,258688.12227595248,2586.881222759525,20,OS,NA,Summer,N,63.2,NA,NA
24GE10I14,DIPSP,ER15M,NDAP,11.9051937525336,2.314202959319715,27.55103461338784,0.2755103461338784,551.0206922677569,5.510206922677568,20,OS,NA,Summer,N,63.2,NA,NA
24GE10I14,DIYTHOM,ER15M,CYC,13.8893927112892,1.28359900356054,17.828410644271845,0.17828410644271844,356.5682128854369,3.5656821288543687,20,OS,NA,Summer,N,63.2,NA,NA
24GE10I14,EPICOPE,ER15M,CAL,500.018137606413,4.712778684390272,2356.474820720025,23.56474820720025,47129.4964144005,471.294964144005,20,OS,NA,Summer,N,63.2,NA,NA
24GE10I14,EPILACU,ER15M,CAL,184.530503164271,14.920637118396897,2753.312674989278,27.53312674989278,55066.25349978556,550.6625349978556,20,OS,NA,Summer,N,63.2,NA,NA
24GE10I14,LEOASHL,ER15M,CAL,27.7787854225785,3.601973867283805,100.05845915701207,1.0005845915701206,2001.1691831402413,20.011691831402413,20,OS,NA,Summer,N,63.2,NA,NA
24GE10I14,LEOMINU,ER15M,CAL,250.009068803206,3.6212488896030472,905.3450627943015,9.053450627943015,18106.90125588603,181.0690125588603,20,OS,NA,Summer,N,63.2,NA,NA
24GE10I14,LETKIND,ER15M,PRED,166.672712535471,4.821529645735496,803.6174246249236,8.036174246249237,16072.348492498473,160.72348492498475,20,OS,NA,Summer,N,63.2,NA,NA
24GE10I14,MESCOPE,ER15M,CYC,3166.78153817395,1.4749067380067689,4670.707428448199,46.70707428448199,93414.14856896398,934.1414856896398,20,OS,NA,Summer,N,63.2,NA,NA
24GE10I14,MESEDAX,ER15M,CYC,3083.44518190621,5.411674934915405,16686.60300410751,166.8660300410751,333732.0600821502,3337.320600821502,20,OS,NA,Summer,N,63.2,NA,NA
24GE10I14,SKIOREG,ER15M,CAL,1208.37716588216,7.434045312217556,8983.130605417007,89.83130605417007,179662.61210834014,1796.6261210834014,20,OS,NA,Summer,N,63.2,NA,NA
24GE10I14,COPNAUP,ER15M,NAU,2416.75433176433,0.12250596402606109,296.0668192269483,2.960668192269483,5921.336384538967,59.213363845389665,20,OS,NA,Summer,N,63.2,NA,NA
24GE10I14,DREPOLYV,ER15M,DVEL,12687.9602417627,0.1474418914662044,1870.7368568934924,18.707368568934925,37414.737137869844,374.1473713786985,20,OS,NA,Summer,N,63.2,NA,NA
24GE10I14,ASCOVAL,ER15M,ROT,604.188582941082,0.019977678,12.070284961273229,0.1207028496127323,241.4056992254646,2.414056992254646,20,OS,NA,Summer,N,63.2,NA,NA
24GE10I14,ASPPRIO,ER15M,ROT,302.094291470541,1.60072831659,483.5708866370879,4.8357088663708785,9671.417732741758,96.71417732741757,20,OS,NA,Summer,N,63.2,NA,NA
24GE10I14,COLSP,ER15M,ROT,4229.32008058757,0.016928665714285716,71.59674584298291,0.7159674584298291,1431.9349168596582,14.319349168596583,20,OS,NA,Summer,N,63.2,NA,NA
24GE10I14,COOUNIC,ER15M,ROT,83680.1187373398,0.0274903564,2300.396287683789,23.00396287683789,46007.92575367578,460.0792575367578,20,OS,NA,Summer,N,63.2,NA,NA
24GE10I14,KELLONG,ER15M,ROT,302.094291470541,0.007491841875,2.2632426630374547,0.02263242663037455,45.26485326074909,0.45264853260749094,20,OS,NA,Summer,N,63.2,NA,NA
24GE10I14,KERCOCH,ER15M,ROT,5739.79153794028,0.001851905263157895,10.629550158540754,0.10629550158540754,212.59100317081507,2.125910031708151,20,OS,NA,Summer,N,63.2,NA,NA
24GE10I14,KERCRAS,ER15M,ROT,7854.45157823406,0.0045031515,35.36978540620208,0.35369785406202076,707.3957081240416,7.073957081240415,20,OS,NA,Summer,N,63.2,NA,NA
24GE10I14,KEREARL,ER15M,ROT,3323.03720617595,0.0023317867272727266,7.748614051594523,0.07748614051594523,154.97228103189047,1.5497228103189045,20,OS,NA,Summer,N,63.2,NA,NA
24GE10I14,POLREMA,ER15M,ROT,1812.56574882325,0.03732700766666667,67.65765560266287,0.6765765560266287,1353.1531120532575,13.531531120532573,20,OS,NA,Summer,N,63.2,NA,NA
24GE10I14,POLSP,ER15M,ROT,6343.98012088136,0.05976458026000002,379.14530910225864,3.7914530910225865,7582.9061820451725,75.82906182045173,20,OS,NA,Summer,N,63.2,NA,NA
24GE10I14,POLVULG,ER15M,ROT,604.188582941082,0.067775708,40.94930897434856,0.40949308974348564,818.9861794869712,8.189861794869714,20,OS,NA,Summer,N,63.2,NA,NA
24GE10I14,TRICYLI,ER15M,ROT,302.094291470541,0.1798761198,54.33954896345116,0.5433954896345116,1086.7909792690232,10.86790979269023,20,OS,NA,Summer,N,63.2,NA,NA
24GE10I14,TRIMULT,ER15M,ROT,302.094291470541,0.09206912,27.81355557271622,0.2781355557271622,556.2711114543243,5.562711114543244,20,OS,NA,Summer,N,63.2,NA,NA
24GE02I34,ACAVERN,ER30,CYC,403.153152074434,7.029038924795252,2833.7791985850963,28.337791985850963,51008.02557453173,510.08025574531734,18,OS,NA,Spring,N,19.7,NA,NA
24GE02I34,BOSLONG,ER30,NDAP,2015.76576037217,1.3044618375704506,2629.4895078866775,26.294895078866777,47330.81114196019,473.30811141960197,18,OS,NA,Spring,N,19.7,NA,NA
24GE02I34,CYCCOPE,ER30,CYC,11086.7116820469,0.42077296131623443,4664.988505714165,46.649885057141645,83969.79310285496,839.6979310285496,18,OS,NA,Spring,N,19.7,NA,NA
24GE02I34,DAPGALEM,ER30,DAP,2015.76576037217,9.390086117150991,18928.214081899026,189.28214081899026,340707.8534741825,3407.0785347418246,18,OS,NA,Spring,N,19.7,NA,NA
24GE02I34,DIACOPE,ER30,CAL,33.5960960062029,0.465873809253388,15.65154122245228,0.1565154122245228,281.7277420041411,2.8172774200414104,18,OS,NA,Spring,N,19.7,NA,NA
24GE02I34,DIYTHOM,ER30,CYC,2318.130624428,4.271875325854638,9902.765016601978,99.02765016601978,178249.7702988356,1782.4977029883562,18,OS,NA,Spring,N,19.7,NA,NA
24GE02I34,LEOMINU,ER30,CAL,33.5960960062029,2.75125783622503,92.43152240363416,0.9243152240363416,1663.767403265415,16.63767403265415,18,OS,NA,Spring,N,19.7,NA,NA
24GE02I34,MESCOPE,ER30,CYC,201.576576037217,1.4599603825585514,294.2938150661383,2.9429381506613828,5297.288671190489,52.97288671190489,18,OS,NA,Spring,N,19.7,NA,NA
24GE02I34,MESEDAX,ER30,CYC,100.788288018609,9.29514737367528,936.841990673401,9.36841990673401,16863.155832121218,168.63155832121217,18,OS,NA,Spring,N,19.7,NA,NA
24GE02I34,SKIOREG,ER30,CAL,6148.08556913512,6.758109904664788,41549.4379794987,415.494379794987,747889.8836309767,7478.898836309767,18,OS,NA,Spring,N,19.7,NA,NA
24GE02I34,COPNAUP,ER30,NAU,60161.9464536077,0.10412930434009557,6264.621631960249,62.64621631960249,112763.18937528448,1127.6318937528447,18,OS,NA,Spring,N,19.7,NA,NA
24GE02I34,COOUNIC,ER30,ROT,325.199710560042,0.021337316,6.938888987328152,0.06938888987328153,124.90000177190674,1.2490000177190674,18,OS,NA,Spring,N,19.7,NA,NA
24GE02I34,KELLONG,ER30,ROT,1625.99855280021,0.005561118822,9.042371156522009,0.09042371156522008,162.76268081739616,1.6276268081739615,18,OS,NA,Spring,N,19.7,NA,NA
24GE02I34,KERCOCH,ER30,ROT,5853.59479008075,0.0026931019999999993,15.764327836356042,0.15764327836356043,283.75790105440876,2.8375790105440877,18,OS,NA,Spring,N,19.7,NA,NA
24GE02I34,KEREARL,ER30,ROT,650.399421120084,0.00304244,1.9788012147925882,0.01978801214792588,35.61842186626659,0.35618421866266586,18,OS,NA,Spring,N,19.7,NA,NA
24GE02I34,KERQUAD,ER30,ROT,650.399421120084,0.0740296557,48.14884521299913,0.48148845212999125,866.6792138339842,8.666792138339842,18,OS,NA,Spring,N,19.7,NA,NA
24GE02I34,NOTLAUR,ER30,ROT,51381.5542684866,0.032565289925,1673.2552115503872,16.73255211550387,30118.59380790697,301.1859380790697,18,OS,NA,Spring,N,19.7,NA,NA
24GE02I34,SYNSP,ER30,ROT,13658.3878435218,0.05084343299999999,694.439327210115,6.94439327210115,12499.907889782071,124.99907889782071,18,OS,NA,Spring,N,19.7,NA,NA
24GE12I34,BOSLONG,ER30,NDAP,37.8801619398797,0.869932409248783,32.9531805390936,0.329531805390936,593.1572497036848,5.931572497036848,18,OS,NA,Summer,N,20.9,NA,NA
24GE12I34,BYTLONG,ER30,PRED,64.810589569013,144.37084922496243,9356.759854848899,93.56759854848899,168421.6773872802,1684.2167738728017,18,OS,NA,Summer,N,20.9,NA,NA
24GE12I34,CYCCOPE,ER30,CYC,151.520647759519,0.18738367763923125,28.392496215457214,0.28392496215457214,511.06493187822986,5.110649318782299,18,OS,NA,Summer,N,20.9,NA,NA
24GE12I34,DAPGALEM,ER30,DAP,151.520647759519,33.56150374863573,5085.2607877768105,50.85260787776811,91534.69417998259,915.3469417998259,18,OS,NA,Summer,N,20.9,NA,NA
24GE12I34,DIACOPE,ER30,CAL,2272.80971639278,3.5309571628647802,8025.193747925757,80.25193747925756,144453.48746266362,1444.534874626636,18,OS,NA,Summer,N,20.9,NA,NA
24GE12I34,DIPBIRG,ER30,NDAP,32.4687102341826,0.276018335489374,8.961959354325884,0.08961959354325884,161.31526837786592,1.6131526837786592,18,OS,NA,Summer,N,20.9,NA,NA
24GE12I34,LEOMINU,ER30,CAL,113.640485819639,3.908171770689847,444.12653868779296,4.441265386877929,7994.2776963802735,79.94277696380273,18,OS,NA,Summer,N,20.9,NA,NA
24GE12I34,LETKIND,ER30,PRED,16.2343551170913,1.89929765148816,30.833872547316304,0.30833872547316304,555.0097058516935,5.5500970585169345,18,OS,NA,Summer,N,20.9,NA,NA
24GE12I34,MESCOPE,ER30,CYC,11023.127124505,1.369907344473372,15100.662806923041,151.0066280692304,271811.93052461476,2718.119305246147,18,OS,NA,Summer,N,20.9,NA,NA
24GE12I34,MESEDAX,ER30,CYC,5113.82186188377,7.073386788407714,36172.0399961192,361.720399961192,651096.7199301457,6510.967199301456,18,OS,NA,Summer,N,20.9,NA,NA
24GE12I34,SKIOREG,ER30,CAL,2954.65263131062,8.778872472236866,25938.518650035025,259.38518650035024,466893.33570063044,4668.9333570063045,18,OS,NA,Summer,N,20.9,NA,NA
24GE12I34,COPNAUP,ER30,NAU,70911.6631514549,0.15192482750524577,10773.242192394877,107.73242192394876,193918.35946310777,1939.1835946310778,18,OS,NA,Summer,N,20.9,NA,NA
24GE12I34,DREPOLYV,ER30,DVEL,1477.32631565531,0.16548421702607694,244.47418863823796,2.4447418863823795,4400.535395488283,44.005353954882835,18,OS,NA,Summer,N,20.9,NA,NA
24GE12I34,ASCOVAL,ER30,ROT,8863.95789393186,0.01117271,99.03443100111143,0.9903443100111143,1782.6197580200057,17.82619758020006,18,OS,NA,Summer,N,20.9,NA,NA
24GE12I34,COLSP,ER30,ROT,25114.5473661403,0.011978565882352939,300.83626023078506,3.0083626023078507,5415.052684154131,54.150526841541314,18,OS,NA,Summer,N,20.9,NA,NA
24GE12I34,COOUNIC,ER30,ROT,282169.326290164,0.0171322853,4834.205400911881,48.34205400911881,87015.69721641386,870.1569721641386,18,OS,NA,Summer,N,20.9,NA,NA
24GE12I34,KERCOCH,ER30,ROT,122618.084199391,0.0014615649999999997,179.21430023288286,1.7921430023288287,3225.8574041918914,32.25857404191892,18,OS,NA,Summer,N,20.9,NA,NA
24GE12I34,KERCRAS,ER30,ROT,51706.4210479359,0.0036777158999999997,190.1615268200885,1.9016152682008851,3422.907482761593,34.22907482761593,18,OS,NA,Summer,N,20.9,NA,NA
24GE12I34,KEREARL,ER30,ROT,78298.2947297314,0.0018010788000000003,141.02139871387098,1.4102139871387098,2538.3851768496775,25.383851768496775,18,OS,NA,Summer,N,20.9,NA,NA
24GE12I34,POLMAJO,ER30,ROT,11818.6105252425,0.1298625867,1534.7953340078368,15.347953340078368,27626.316012141062,276.26316012141064,18,OS,NA,Summer,N,20.9,NA,NA
24GE12I34,POLREMA,ER30,ROT,1477.32631565531,0.0176110396,26.017252247127765,0.26017252247127765,468.3105404482998,4.683105404482998,18,OS,NA,Summer,N,20.9,NA,NA
24GE12I34,POLSP,ER30,ROT,53183.7473635912,0.06116639760000001,3253.058237099372,32.53058237099372,58555.0482677887,585.550482677887,18,OS,NA,Summer,N,20.9,NA,NA
24GE12I34,POLVULG,ER30,ROT,25114.5473661403,0.05177754844705883,1300.3696929762832,13.003696929762832,23406.654473573097,234.066544735731,18,OS,NA,Summer,N,20.9,NA,NA
24GE12I34,SYNSP,ER30,ROT,1477.32631565531,0.01728,25.52819873452376,0.2552819873452376,459.50757722142765,4.595075772214277,18,OS,NA,Summer,N,20.9,NA,NA
24GE12I34,TRIMULT,ER30,ROT,10341.2842095872,0.06486374128,670.7743834736134,6.707743834736134,12073.938902525042,120.73938902525042,18,OS,NA,Summer,N,20.9,NA,NA
24GE02I54,ACAVERN,ER31,CYC,305.088871840113,7.428643207035047,2266.3963753370413,22.663963753370414,43061.53113140378,430.61531131403785,19,OS,NA,Spring,N,21.5,NA,NA
24GE02I54,BOSLONG,ER31,NDAP,3661.06646208135,1.3266692487483498,4857.024292867243,48.570242928672435,92283.46156447762,922.8346156447762,19,OS,NA,Spring,N,21.5,NA,NA
24GE02I54,CYCCOPE,ER31,CYC,7207.72459722266,0.5013647792353272,3613.6992514755766,36.13699251475577,68660.28577803596,686.6028577803596,19,OS,NA,Spring,N,21.5,NA,NA
24GE02I54,DAPGALEM,ER31,DAP,1906.8054490007,6.648120629437085,12676.672641824598,126.76672641824598,240856.78019466737,2408.5678019466736,19,OS,NA,Spring,N,21.5,NA,NA
24GE02I54,DAPLONG,ER31,DAP,38.1361089800141,6.54590627763689,249.63539517691888,2.496353951769189,4743.072508361459,47.43072508361459,19,OS,NA,Spring,N,21.5,NA,NA
24GE02I54,DIYTHOM,ER31,CYC,1067.81105144039,4.615080130616656,4928.033566755424,49.28033566755423,93632.63776835304,936.3263776835304,19,OS,NA,Spring,N,21.5,NA,NA
24GE02I54,LEOASHL,ER31,CAL,38.1361089800141,5.22760828506419,199.36063926403256,1.9936063926403256,3787.8521460166185,37.87852146016618,19,OS,NA,Spring,N,21.5,NA,NA
24GE02I54,MESCOPE,ER31,CYC,686.449961640253,1.7672781488701117,1213.1480174995456,12.131480174995456,23049.81233249137,230.49812332491368,19,OS,NA,Spring,N,21.5,NA,NA
24GE02I54,MESEDAX,ER31,CYC,114.408326940042,9.850065863648396,1126.929555709233,11.26929555709233,21411.661558475425,214.11661558475424,19,OS,NA,Spring,N,21.5,NA,NA
24GE02I54,SKIOREG,ER31,CAL,3889.88311596143,7.993978856514049,31095.64338330666,310.95643383306657,590817.2242828265,5908.172242828265,19,OS,NA,Spring,N,21.5,NA,NA
24GE02I54,COPNAUP,ER31,NAU,40077.3263086022,0.06573345944633421,2634.4213036240058,26.344213036240056,50054.00476885611,500.54004768856106,19,OS,NA,Spring,N,21.5,NA,NA
24GE02I54,COOUNIC,ER31,ROT,248.927492600014,0.016121118,4.012989481648953,0.04012989481648953,76.2468001513301,0.7624680015133011,19,OS,NA,Spring,N,21.5,NA,NA
24GE02I54,KELLONG,ER31,ROT,2240.34743340012,0.004578351703333334,10.257098487765901,0.10257098487765902,194.88487126755211,1.9488487126755214,19,OS,NA,Spring,N,21.5,NA,NA
24GE02I54,KERCOCH,ER31,ROT,1742.4924482001,0.0026563900000000002,4.628739514474264,0.04628739514474264,87.946050775011,0.8794605077501101,19,OS,NA,Spring,N,21.5,NA,NA
24GE02I54,KERQUAD,ER31,ROT,248.927492600014,0.0764136219,19.02145130005252,0.1902145130005252,361.4075747009979,3.6140757470099785,19,OS,NA,Spring,N,21.5,NA,NA
24GE02I54,NOTLAUR,ER31,ROT,44309.0936828024,0.033730379199999994,1494.5625319292492,14.945625319292493,28396.688106655736,283.96688106655733,19,OS,NA,Spring,N,21.5,NA,NA
24GE02I54,SYNSP,ER31,ROT,3982.83988160022,0.078235675625,311.6001690431882,3.116001690431882,5920.403211820576,59.20403211820576,19,OS,NA,Spring,N,21.5,NA,NA
24GE12I54,BOSLONG,ER31,NDAP,1048.72717999847,0.9444843831666423,990.5064437109472,9.905064437109472,18819.622430507996,188.19622430507997,19,OS,NA,Summer,N,21.9,NA,NA
24GE12I54,BYTLONG,ER31,PRED,79.1154049364079,129.26237892528863,10226.645451717608,102.26645451717609,194306.26358263456,1943.0626358263457,19,OS,NA,Summer,N,21.9,NA,NA
24GE12I54,CYCCOPE,ER31,CYC,3047.86336687055,0.37994126028106623,1158.0090487732905,11.580090487732905,22002.17192669252,220.0217192669252,19,OS,NA,Summer,N,21.9,NA,NA
24GE12I54,DAPGALEM,ER31,DAP,163.863621874761,18.13994102384803,2972.476436762299,29.72476436762299,56477.05229848368,564.7705229848368,19,OS,NA,Summer,N,21.9,NA,NA
24GE12I54,DIACOPE,ER31,CAL,2261.3179818717,2.246314690699402,5079.631803021123,50.79631803021123,96513.00425740134,965.1300425740134,19,OS,NA,Summer,N,21.9,NA,NA
24GE12I54,EPICOPE,ER31,CAL,32.7727243749521,1.48800457561761,48.765963825383494,0.48765963825383496,926.5533126822863,9.265533126822865,19,OS,NA,Summer,N,21.9,NA,NA
24GE12I54,LEOMINU,ER31,CAL,32.7727243749521,3.58411194580469,117.46111292883036,1.1746111292883037,2231.7611456477766,22.31761145647777,19,OS,NA,Summer,N,21.9,NA,NA
24GE12I54,LETKIND,ER31,PRED,70.2272665177546,16.20957722567813,1138.3542999678234,11.383542999678234,21628.731699388645,216.28731699388644,19,OS,NA,Summer,N,21.9,NA,NA
24GE12I54,MESCOPE,ER31,CYC,9635.18096623593,1.506271634455873,14513.199782290312,145.13199782290312,275750.79586351593,2757.5079586351594,19,OS,NA,Summer,N,21.9,NA,NA
24GE12I54,MESEDAX,ER31,CYC,2949.54519374569,2.8610216563331288,8438.712675639714,84.38712675639714,160335.54083715455,1603.3554083715455,19,OS,NA,Summer,N,21.9,NA,NA
24GE12I54,SKIOREG,ER31,CAL,2851.22702062084,8.139061969449486,23206.313409801845,232.06313409801845,440919.95478623506,4409.19954786235,19,OS,NA,Summer,N,21.9,NA,NA
24GE12I54,COPNAUP,ER31,NAU,34325.3321922155,0.16279297863293749,5587.923070135819,55.87923070135819,106170.53833258056,1061.7053833258055,19,OS,NA,Summer,N,21.9,NA,NA
24GE12I54,ASCOVAL,ER31,ROT,3269.07925640148,0.015803478,51.662822108797144,0.5166282210879715,981.5936200671457,9.815936200671457,19,OS,NA,Summer,N,21.9,NA,NA
24GE12I54,ASPPRIO,ER31,ROT,1634.53962820074,2.93393243793,4795.628836260193,47.956288362601924,91116.94788894366,911.1694788894365,19,OS,NA,Summer,N,21.9,NA,NA
24GE12I54,COLSP,ER31,ROT,4903.61888460221,0.012641939999999999,61.991255722008056,0.6199125572200805,1177.8338587181531,11.77833858718153,19,OS,NA,Summer,N,21.9,NA,NA
24GE12I54,COOUNIC,ER31,ROT,472381.952550013,0.0168803284,7973.962489277436,79.73962489277436,151505.2872962713,1515.0528729627129,19,OS,NA,Summer,N,21.9,NA,NA
24GE12I54,GASSTYL,ER31,ROT,1634.53962820074,0.02382032,38.93525699642265,0.3893525699642265,739.7698829320304,7.397698829320304,19,OS,NA,Summer,N,21.9,NA,NA
24GE12I54,KERCOCH,ER31,ROT,98072.3776920443,0.0013758053999999998,134.9285068195541,1.3492850681955408,2563.6416295715276,25.636416295715275,19,OS,NA,Summer,N,21.9,NA,NA
24GE12I54,KERCOCHH,ER31,ROT,1634.53962820074,0.00231525,3.7843678741917635,0.03784367874191764,71.90298960964351,0.7190298960964351,19,OS,NA,Summer,N,21.9,NA,NA
24GE12I54,KERCRAS,ER31,ROT,32690.7925640148,0.0030557520999999997,99.8949580281526,0.998949580281526,1898.0042025348994,18.980042025348993,19,OS,NA,Summer,N,21.9,NA,NA
24GE12I54,KEREARL,ER31,ROT,24518.0944230111,0.0016164526666666667,39.63233911166142,0.39632339111661424,753.0144431215671,7.53014443121567,19,OS,NA,Summer,N,21.9,NA,NA
24GE12I54,POLMAJO,ER31,ROT,6538.15851280295,0.16433581779999998,1074.4536261075045,10.744536261075046,20414.618896042586,204.1461889604259,19,OS,NA,Summer,N,21.9,NA,NA
24GE12I54,POLSP,ER31,ROT,42498.0303332192,0.05046412294,2144.6258274434226,21.446258274434225,40747.89072142503,407.4789072142503,19,OS,NA,Summer,N,21.9,NA,NA
24GE12I54,TRIMULT,ER31,ROT,1634.53962820074,0.063679763784,104.08709741941031,1.0408709741941031,1977.654850968796,19.77654850968796,19,OS,NA,Summer,N,21.9,NA,NA
24GE02I74,ACAVERN,ER32,CYC,693.140507075343,9.649049484209902,6688.147052280328,66.88147052280328,133762.94104560657,1337.6294104560657,20,OS,NA,Spring,N,21.3,NA,NA
24GE02I74,BOSLONG,ER32,NDAP,5050.02369440607,1.4373435792764035,7258.619132348267,72.58619132348267,145172.38264696533,1451.7238264696534,20,OS,NA,Spring,N,21.3,NA,NA
24GE02I74,CHYSPHA,ER32,NDAP,148.530108659002,0.6236516367825716,92.63104537667981,0.9263104537667981,1852.6209075335962,18.526209075335963,20,OS,NA,Spring,N,21.3,NA,NA
24GE02I74,CYCCOPE,ER32,CYC,18417.7334737163,1.1588552850827347,21343.48777526133,213.4348777526133,426869.75550522655,4268.697555052266,20,OS,NA,Spring,N,21.3,NA,NA
24GE02I74,DAPGALEM,ER32,DAP,3713.25271647505,1.8168009248705617,6746.240969569996,67.46240969569996,134924.8193913999,1349.2481939139993,20,OS,NA,Spring,N,21.3,NA,NA
24GE02I74,DAPLONG,ER32,DAP,49.5100362196674,2.8471478239335,140.9623918856948,1.4096239188569482,2819.2478377138964,28.19247837713896,20,OS,NA,Spring,N,21.3,NA,NA
24GE02I74,DIACOPE,ER32,CAL,148.530108659002,0.644480051831917,95.72469212715387,0.9572469212715388,1914.4938425430773,19.144938425430777,20,OS,NA,Spring,N,21.3,NA,NA
24GE02I74,DIYTHOM,ER32,CYC,1732.85126768836,4.526533009047389,7843.808462960975,78.43808462960975,156876.1692592195,1568.761692592195,20,OS,NA,Spring,N,21.3,NA,NA
24GE02I74,LEOASHL,ER32,CAL,297.060217318004,4.7361313054227745,1406.9161948354913,14.069161948354912,28138.323896709826,281.38323896709824,20,OS,NA,Spring,N,21.3,NA,NA
24GE02I74,LEOMINU,ER32,CAL,247.550181098337,3.9565550203803284,979.4459118206847,9.794459118206847,19588.918236413694,195.88918236413693,20,OS,NA,Spring,N,21.3,NA,NA
24GE02I74,LIMMACR,ER32,CAL,21.218586951286,49.4160327829133,1048.5383883918453,10.485383883918452,20970.767767836907,209.70767767836904,20,OS,NA,Spring,N,21.3,NA,NA
24GE02I74,MESCOPE,ER32,CYC,1485.30108659002,2.0424619476029977,3033.6709500935012,30.33670950093501,60673.419001870025,606.7341900187002,20,OS,NA,Spring,N,21.3,NA,NA
24GE02I74,MESEDAX,ER32,CYC,247.550181098337,12.140518253639701,3005.387492316174,30.05387492316174,60107.74984632348,601.0774984632347,20,OS,NA,Spring,N,21.3,NA,NA
24GE02I74,SKIOREG,ER32,CAL,2525.01184720304,7.4414397922016375,18789.72363555726,187.8972363555726,375794.4727111452,3757.9447271114523,20,OS,NA,Spring,N,21.3,NA,NA
24GE02I74,COPNAUP,ER32,NAU,86890.1135655163,0.08729587131551605,7585.148172405887,75.85148172405887,151702.96344811772,1517.0296344811775,20,OS,NA,Spring,N,21.3,NA,NA
24GE02I74,KELLONG,ER32,ROT,3620.42139856318,0.005772862235,20.900193966551264,0.20900193966551264,418.00387933102525,4.180038793310253,20,OS,NA,Spring,N,21.3,NA,NA
24GE02I74,KERCOCH,ER32,ROT,6637.43923069916,0.002435656727272727,16.166523514116324,0.16166523514116324,323.3304702823265,3.233304702823265,20,OS,NA,Spring,N,21.3,NA,NA
24GE02I74,KEREARL,ER32,ROT,603.403566427196,0.00390625,2.3570451813562343,0.02357045181356234,47.140903627124686,0.47140903627124686,20,OS,NA,Spring,N,21.3,NA,NA
24GE02I74,KERQUAD,ER32,ROT,1206.80713285439,0.0664962144,80.2481058457348,0.802481058457348,1604.962116914696,16.04962116914696,20,OS,NA,Spring,N,21.3,NA,NA
24GE02I74,NOTLAUR,ER32,ROT,88700.3242647978,0.03219174314999999,2855.418056054083,28.554180560540832,57108.36112108166,571.0836112108167,20,OS,NA,Spring,N,21.3,NA,NA
24GE02I74,POLDOLI,ER32,ROT,1206.80713285439,0.0336655088,40.627776151012235,0.40627776151012235,812.5555230202447,8.125555230202448,20,OS,NA,Spring,N,21.3,NA,NA
24GE02I74,POLSP,ER32,ROT,2413.61426570878,0.04457057219999999,107.57616889272313,1.0757616889272312,2151.5233778544625,21.515233778544626,20,OS,NA,Spring,N,21.3,NA,NA
24GE02I74,POLVULG,ER32,ROT,1206.80713285439,0.0456736896,55.119334393057365,0.5511933439305736,1102.3866878611473,11.023866878611472,20,OS,NA,Spring,N,21.3,NA,NA
24GE02I74,SYNSP,ER32,ROT,31980.3890206414,0.08772066450000002,2805.3409758591683,28.053409758591684,56106.819517183365,561.0681951718336,20,OS,NA,Spring,N,21.3,NA,NA
24GE12I74,BOSLONG,ER32,NDAP,173.273612041826,0.7871320773898333,136.3892182033225,1.363892182033225,2727.7843640664505,27.2778436406645,20,OS,NA,Summer,D,22.1,NA,NA
24GE12I74,BYTLONG,ER32,PRED,27.4124269050545,154.59445053157907,4237.809075123975,42.37809075123975,84756.1815024795,847.5618150247951,20,OS,NA,Summer,D,22.1,NA,NA
24GE12I74,CYCCOPE,ER32,CYC,2599.10418062739,0.4902256723140569,1274.1475943623384,12.741475943623383,25482.951887246767,254.82951887246767,20,OS,NA,Summer,D,22.1,NA,NA
24GE12I74,DIACOPE,ER32,CAL,2021.5254738213,2.903273131260705,5869.040592304446,58.690405923044466,117380.81184608892,1173.8081184608893,20,OS,NA,Summer,D,22.1,NA,NA
24GE12I74,DIYTHOM,ER32,CYC,57.7578706806087,2.90329623716558,167.68820861370742,1.6768820861370741,3353.764172274148,33.53764172274148,20,OS,NA,Summer,D,22.1,NA,NA
24GE12I74,EPICOPE,ER32,CAL,57.7578706806087,2.84229448834764,164.16487749418985,1.6416487749418984,3283.297549883797,32.83297549883797,20,OS,NA,Summer,D,22.1,NA,NA
24GE12I74,EPILACU,ER32,CAL,24.7533731488323,21.2346427172549,525.6290348623447,5.256290348623447,10512.580697246894,105.12580697246895,20,OS,NA,Summer,D,22.1,NA,NA
24GE12I74,LEOMINU,ER32,CAL,57.7578706806087,4.94194198467674,285.43604606202985,2.8543604606202986,5708.720921240597,57.08720921240597,20,OS,NA,Summer,D,22.1,NA,NA
24GE12I74,MESCOPE,ER32,CYC,49382.9794319204,1.838333156374412,90782.3684502549,907.823684502549,1815647.369005098,18156.47369005098,20,OS,NA,Summer,D,22.1,NA,NA
24GE12I74,MESEDAX,ER32,CYC,9530.04866230044,3.2515314502074553,30987.25294747737,309.87252947477367,619745.0589495474,6197.450589495474,20,OS,NA,Summer,D,22.1,NA,NA
24GE12I74,SKIOREG,ER32,CAL,1617.22037905704,8.349797057298254,13503.46196205324,135.0346196205324,270069.23924106476,2700.6923924106477,20,OS,NA,Summer,D,22.1,NA,NA
24GE12I74,COPNAUP,ER32,NAU,48863.158595795,0.18179353317563213,8883.006243250833,88.83006243250833,177660.12486501667,1776.6012486501666,20,OS,NA,Summer,D,22.1,NA,NA
24GE12I74,ASCOVAL,ER32,ROT,1526.97370611859,0.010952076,16.72353207941246,0.16723532079412462,334.47064158824924,3.3447064158824924,20,OS,NA,Summer,D,22.1,NA,NA
24GE12I74,ASPPRIO,ER32,ROT,1526.97370611859,0.56978515503,870.0469498675145,8.700469498675146,17400.93899735029,174.00938997350292,20,OS,NA,Summer,D,22.1,NA,NA
24GE12I74,COLSP,ER32,ROT,4580.92111835578,0.01273056,58.31769115249536,0.5831769115249535,1166.353823049907,11.663538230499071,20,OS,NA,Summer,D,22.1,NA,NA
24GE12I74,COOUNIC,ER32,ROT,375635.531705174,0.0200063539,7515.0973847083815,75.15097384708382,150301.94769416764,1503.0194769416764,20,OS,NA,Summer,D,22.1,NA,NA
24GE12I74,KELLONG,ER32,ROT,3053.94741223719,0.0081432328425,24.869004866597773,0.24869004866597774,497.3800973319555,4.9738009733195545,20,OS,NA,Summer,D,22.1,NA,NA
24GE12I74,KERCOCH,ER32,ROT,91618.4223671156,0.0013659791,125.14885012845245,1.2514885012845245,2502.977002569049,25.02977002569049,20,OS,NA,Summer,D,22.1,NA,NA
24GE12I74,KERCRAS,ER32,ROT,24431.5792978975,0.003586611375,87.6265802190537,0.876265802190537,1752.531604381074,17.52531604381074,20,OS,NA,Summer,D,22.1,NA,NA
24GE12I74,KEREARL,ER32,ROT,24431.5792978975,0.0018409721250000001,44.97785645715637,0.44977856457156373,899.5571291431274,8.995571291431276,20,OS,NA,Summer,D,22.1,NA,NA
24GE12I74,POLMAJO,ER32,ROT,1526.97370611859,0.1567241984,239.31373006931315,2.3931373006931316,4786.274601386263,47.86274601386263,20,OS,NA,Summer,D,22.1,NA,NA
24GE12I74,POLSP,ER32,ROT,15269.7370611859,0.057518559559999995,878.2932806193605,8.782932806193605,17565.86561238721,175.6586561238721,20,OS,NA,Summer,D,22.1,NA,NA
24GE12I74,POLVULG,ER32,ROT,7634.86853059296,0.056430546479999996,430.8398034843153,4.308398034843154,8616.796069686307,86.16796069686308,20,OS,NA,Summer,D,22.1,NA,NA
24GE12I74,TRIMULT,ER32,ROT,1526.97370611859,0.078812840704,120.34513545952095,1.2034513545952095,2406.902709190419,24.06902709190419,20,OS,NA,Summer,D,22.1,NA,NA
24GE01I54,ACAVERN,ER36,CYC,120.088172958342,8.202042761947501,984.9683298084686,9.849683298084686,17729.429936552435,177.29429936552435,18,OS,NA,Spring,D,22,NA,NA
24GE01I54,BOSLONG,ER36,NDAP,900.661297187566,1.3817046658253433,1244.447916652366,12.44447916652366,22400.06249974259,224.0006249974259,18,OS,NA,Spring,D,22,NA,NA
24GE01I54,CYCCOPE,ER36,CYC,990.727426906323,1.088700328698513,1078.605275323546,10.78605275323546,19414.894955823827,194.14894955823826,18,OS,NA,Spring,D,22,NA,NA
24GE01I54,DAPGALEM,ER36,DAP,30.0220432395855,2.1436897333204095,64.35794586600085,0.6435794586600084,1158.4430255880152,11.584430255880152,18,OS,NA,Spring,D,22,NA,NA
24GE01I54,DAPLONG,ER36,DAP,135.099194578135,1.7173305973536488,232.00998052686543,2.3200998052686543,4176.179649483578,41.76179649483578,18,OS,NA,Spring,D,22,NA,NA
24GE01I54,DIYTHOM,ER36,CYC,1486.09114035948,4.595002194749449,6828.592051549522,68.28592051549522,122914.6569278914,1229.146569278914,18,OS,NA,Spring,D,22,NA,NA
24GE01I54,HARSP,ER36,CYC,7.50551080989638,1.63258046063001,12.253350295284152,0.12253350295284152,220.56030531511473,2.2056030531511475,18,OS,NA,Spring,D,22,NA,NA
24GE01I54,LEOASHL,ER36,CAL,7.50551080989638,3.73264189000796,28.0153840549268,0.280153840549268,504.2769129886824,5.042769129886824,18,OS,NA,Spring,D,22,NA,NA
24GE01I54,LEOMINU,ER36,CAL,45.0330648593783,3.9612164563530463,178.3857176009834,1.783857176009834,3210.942916817701,32.109429168177016,18,OS,NA,Spring,D,22,NA,NA
24GE01I54,LEOSICI,ER36,CAL,7.50551080989638,11.1243687058047,83.49406957469019,0.8349406957469019,1502.8932523444234,15.028932523444233,18,OS,NA,Spring,D,22,NA,NA
24GE01I54,MESCOPE,ER36,CYC,15.0110216197928,2.676093990589615,40.1709047493383,0.401709047493383,723.0762854880894,7.2307628548808935,18,OS,NA,Spring,D,22,NA,NA
24GE01I54,SKIOREG,ER36,CAL,1260.92581606259,8.239846329790605,10389.834957621557,103.89834957621557,187017.02923718802,1870.1702923718801,18,OS,NA,Spring,D,22,NA,NA
24GE01I54,TROPRASM,ER36,CYC,7.50551080989638,0.537585031235657,4.034850263177707,0.04034850263177707,72.62730473719873,0.7262730473719873,18,OS,NA,Spring,D,22,NA,NA
24GE01I54,COPNAUP,ER36,NAU,35507.8679999814,0.07708694715010322,2737.1931439274076,27.371931439274075,49269.47659069334,492.69476590693336,18,OS,NA,Spring,D,22,NA,NA
24GE01I54,KELLONG,ER36,ROT,3945.3186666646,0.005321381556749999,20.9945459882905,0.209945459882905,377.901827789229,3.77901827789229,18,OS,NA,Spring,D,22,NA,NA
24GE01I54,KERCOCH,ER36,ROT,3005.9570793635,0.00250086275,7.517486087878971,0.0751748608787897,135.31474958182147,1.3531474958182146,18,OS,NA,Spring,D,22,NA,NA
24GE01I54,KEREARL,ER36,ROT,1127.23390476131,0.0030569363333333333,3.445882279630055,0.034458822796300546,62.02588103334099,0.6202588103334098,18,OS,NA,Spring,D,22,NA,NA
24GE01I54,NOTLAUR,ER36,ROT,33253.4001904587,0.033416344675,1111.2070823800786,11.112070823800787,20001.727482841416,200.01727482841417,18,OS,NA,Spring,D,22,NA,NA
24GE01I54,POLSP,ER36,ROT,187.872317460219,0.0366832928,6.891775230407767,0.06891775230407766,124.0519541473398,1.240519541473398,18,OS,NA,Spring,D,22,NA,NA
24GE01I54,SYNSP,ER36,ROT,3569.57403174416,0.08900702111111111,317.71715120112646,3.1771715120112645,5718.908721620276,57.18908721620276,18,OS,NA,Spring,D,22,NA,NA
24GE11I54,BOSLONG,ER36,NDAP,105.425510941111,0.41673719436494033,43.93473164408892,0.4393473164408892,790.8251695936005,7.908251695936006,18,OS,NA,Summer,D,22.8,NA,NA
24GE11I54,BYTLONG,ER36,PRED,58.4782131001476,162.50882463885563,9503.225677885515,95.03225677885516,171058.0622019393,1710.5806220193929,18,OS,NA,Summer,D,22.8,NA,NA
24GE11I54,CYCCOPE,ER36,CYC,3584.46737199778,0.2047315680398026,733.8536256566159,7.338536256566159,13209.365261819086,132.09365261819087,18,OS,NA,Summer,D,22.8,NA,NA
24GE11I54,DAPGALEM,ER36,DAP,70.2836739607407,3.71731362665932,261.2664589459422,2.612664589459422,4702.79626102696,47.02796261026959,18,OS,NA,Summer,D,22.8,NA,NA
24GE11I54,DIACOPE,ER36,CAL,2213.93572976333,1.9960330603877856,4419.0889101813655,44.19088910181365,79543.60038326458,795.4360038326457,18,OS,NA,Summer,D,22.8,NA,NA
24GE11I54,EPICOPE,ER36,CAL,35.1418369803704,1.45163513480174,51.01312526218076,0.5101312526218076,918.2362547192537,9.182362547192536,18,OS,NA,Summer,D,22.8,NA,NA
24GE11I54,LEOMINU,ER36,CAL,70.2836739607407,4.01494596386253,282.1851530941059,2.821851530941059,5079.332755693906,50.79332755693906,18,OS,NA,Summer,D,22.8,NA,NA
24GE11I54,LETKIND,ER36,PRED,15.0607872773016,1.98851448527714,29.94859366059189,0.2994859366059189,539.074685890654,5.39074685890654,18,OS,NA,Summer,D,22.8,NA,NA
24GE11I54,MESCOPE,ER36,CYC,14337.8694879911,1.8185171788244905,26073.661971655318,260.73661971655315,469325.91548979573,4693.259154897956,18,OS,NA,Summer,D,22.8,NA,NA
24GE11I54,MESEDAX,ER36,CYC,4111.59492670333,4.358354930781519,17919.790022173736,179.19790022173737,322556.2203991272,3225.562203991273,18,OS,NA,Summer,D,22.8,NA,NA
24GE11I54,SKIOREG,ER36,CAL,2108.51021882222,7.9965562035568585,16860.82047058585,168.60820470585853,303494.7684705453,3034.9476847054534,18,OS,NA,Summer,D,22.8,NA,NA
24GE11I54,COPNAUP,ER36,NAU,53503.4468026139,0.21906085412532544,11720.510755229514,117.20510755229515,210969.19359413124,2109.6919359413127,18,OS,NA,Summer,D,22.8,NA,NA
24GE11I54,ASCOVAL,ER36,ROT,1844.94644146944,0.013112724,24.192273481770922,0.2419227348177092,435.4609226718766,4.3546092267187655,18,OS,NA,Summer,D,22.8,NA,NA
24GE11I54,ASPPRIO,ER36,ROT,12914.6250902861,1.3200422468442858,17047.850721332852,170.47850721332853,306861.31298399135,3068.6131298399137,18,OS,NA,Summer,D,22.8,NA,NA
24GE11I54,COLSP,ER36,ROT,12914.6250902861,0.010009774285714286,129.27248213838635,1.2927248213838636,2326.904678490954,23.269046784909545,18,OS,NA,Summer,D,22.8,NA,NA
24GE11I54,COOUNIC,ER36,ROT,416957.895772094,0.0181076909,7550.144694955496,75.50144694955496,135902.60450919892,1359.0260450919893,18,OS,NA,Summer,D,22.8,NA,NA
24GE11I54,KELLONG,ER36,ROT,3689.89288293889,0.0058787424675,21.69192999145886,0.2169192999145886,390.4547398462595,3.904547398462595,18,OS,NA,Summer,D,22.8,NA,NA
24GE11I54,KERCOCH,ER36,ROT,127301.304461392,0.0014200252,180.77106032804906,1.8077106032804906,3253.879085904883,32.53879085904883,18,OS,NA,Summer,D,22.8,NA,NA
24GE11I54,KERCRAS,ER36,ROT,51658.5003611444,0.0033908724999999994,175.16738826584458,1.7516738826584457,3153.0129887852027,31.530129887852024,18,OS,NA,Summer,D,22.8,NA,NA
24GE11I54,KEREARL,ER36,ROT,47968.6074782055,0.0017621286,84.52685513951978,0.8452685513951979,1521.483392511356,15.214833925113561,18,OS,NA,Summer,D,22.8,NA,NA
24GE11I54,POLMAJO,ER36,ROT,5534.83932440833,0.1358773724,752.059424056795,7.5205942405679505,13537.06963302231,135.3706963302231,18,OS,NA,Summer,D,22.8,NA,NA
24GE11I54,POLREMA,ER36,ROT,7379.78576587777,0.0210278992,155.18139120247255,1.5518139120247256,2793.265041644506,27.93265041644506,18,OS,NA,Summer,D,22.8,NA,NA
24GE11I54,POLSP,ER36,ROT,125456.358019922,0.04928168167999999,6182.70030066991,61.827003006699094,111288.60541205837,1112.8860541205836,18,OS,NA,Summer,D,22.8,NA,NA
24GE11I54,POLVULG,ER36,ROT,38743.8752708583,0.05395403552000001,2090.388422546339,20.90388422546339,37626.991605834104,376.26991605834104,18,OS,NA,Summer,D,22.8,NA,NA
24GE11I54,SYNSP,ER36,ROT,1844.94644146944,0.08,147.5957153175552,1.475957153175552,2656.7228757159937,26.567228757159935,18,OS,NA,Summer,D,22.8,NA,NA
24GE11I54,TRIMULT,ER36,ROT,9224.73220734722,0.0672384759072,620.2569342740879,6.20256934274088,11164.624816933583,111.64624816933583,18,OS,NA,Summer,D,22.8,NA,NA
24GE01I74,ACAVERN,ER37,CYC,290.507418406578,7.187761105129488,2088.0979227743796,20.880979227743797,41761.95845548759,417.6195845548759,20,OS,NA,Spring,N,22.9,NA,NA
24GE01I74,BOSLONG,ER37,NDAP,3610.59220019604,1.6567051983077117,5981.686867034057,59.816868670340575,119633.73734068114,1196.3373734068116,20,OS,NA,Spring,N,22.9,NA,NA
24GE01I74,CYCCOPE,ER37,CYC,12948.3306489789,0.3891272455212038,5038.548239534941,50.385482395349406,100770.96479069881,1007.7096479069882,20,OS,NA,Spring,N,22.9,NA,NA
24GE01I74,DAPGALEM,ER37,DAP,1162.0296736263099,7.028463109715133,8167.282693476835,81.67282693476835,163345.6538695367,1633.456538695367,20,OS,NA,Spring,N,22.9,NA,NA
24GE01I74,DIYTHOM,ER37,CYC,1701.5434506671,6.146149356745114,10457.940184791458,104.57940184791458,209158.80369582915,2091.5880369582915,20,OS,NA,Spring,N,22.9,NA,NA
24GE01I74,MESCOPE,ER37,CYC,207.505298861841,1.5075990442714604,312.83479024537525,3.1283479024537524,6256.695804907505,62.56695804907505,20,OS,NA,Spring,N,22.9,NA,NA
24GE01I74,SKIOREG,ER37,CAL,2199.55616793552,8.782831215291703,19318.330571531485,193.18330571531484,386366.61143062974,3863.666114306297,20,OS,NA,Spring,N,22.9,NA,NA
24GE01I74,COPNAUP,ER37,NAU,60938.4701891923,0.09357662068945033,5702.416110289425,57.02416110289425,114048.3222057885,1140.4832220578849,20,OS,NA,Spring,N,22.9,NA,NA
24GE01I74,KELLONG,ER37,ROT,3744.82219039729,0.0049129441772727276,18.398102375234068,0.18398102375234068,367.9620475046813,3.6796204750468138,20,OS,NA,Spring,N,22.9,NA,NA
24GE01I74,KERCOCH,ER37,ROT,5447.01409512333,0.002548943375,13.884130491296231,0.13884130491296232,277.6826098259246,2.7768260982592463,20,OS,NA,Spring,N,22.9,NA,NA
24GE01I74,KEREARL,ER37,ROT,680.876761890416,0.003209544,2.1853039258648135,0.021853039258648135,43.70607851729627,0.4370607851729627,20,OS,NA,Spring,N,22.9,NA,NA
24GE01I74,KERQUAD,ER37,ROT,340.438380945208,0.0555810024,18.92190646836772,0.1892190646836772,378.4381293673544,3.784381293673544,20,OS,NA,Spring,N,22.9,NA,NA
24GE01I74,NOTLAUR,ER37,ROT,76939.0740936171,0.032934866475,2533.978131983411,25.33978131983411,50679.56263966822,506.7956263966822,20,OS,NA,Spring,N,22.9,NA,NA
24GE01I74,POLREMA,ER37,ROT,340.438380945208,0.0217130452,7.3919539532781195,0.0739195395327812,147.8390790655624,1.478390790655624,20,OS,NA,Spring,N,22.9,NA,NA
24GE01I74,POLSP,ER37,ROT,340.438380945208,0.0444412276,15.129499571361492,0.15129499571361493,302.58999142722985,3.0258999142722987,20,OS,NA,Spring,N,22.9,NA,NA
24GE01I74,SYNSP,ER37,ROT,19745.4260948221,0.05568781500000001,1099.5796354646259,10.99579635464626,21991.59270929252,219.9159270929252,20,OS,NA,Spring,N,22.9,NA,NA
24GE11I74,BOSLONG,ER37,NDAP,33.9159589461714,0.734271184165047,24.903511337498394,0.24903511337498394,498.0702267499679,4.980702267499678,20,OS,NA,Summer,D,22.8,NA,NA
24GE11I74,BYTLONG,ER37,PRED,25.834421853529,127.19844418133152,3286.09826609308,32.8609826609308,65721.9653218616,657.219653218616,20,OS,NA,Summer,D,22.8,NA,NA
24GE11I74,CYCCOPE,ER37,CYC,5392.63747244125,0.23506338960627798,1267.6116431898718,12.676116431898718,25352.232863797435,253.52232863797437,20,OS,NA,Summer,D,22.8,NA,NA
24GE11I74,DIACOPE,ER37,CAL,4069.91507354057,2.22061025068522,9037.695131722481,90.37695131722481,180753.90263444962,1807.539026344496,20,OS,NA,Summer,D,22.8,NA,NA
24GE11I74,EPICOPE,ER37,CAL,33.9159589461714,0.686222550563655,23.27389585285395,0.2327389585285395,465.477917057079,4.65477917057079,20,OS,NA,Summer,D,22.8,NA,NA
24GE11I74,EPILACU,ER37,CAL,29.0708219538612,19.5502083797705,568.3406269691934,5.683406269691934,11366.812539383867,113.6681253938387,20,OS,NA,Summer,D,22.8,NA,NA
24GE11I74,LEOMINU,ER37,CAL,135.663835784686,3.956289985830145,536.7254749542585,5.367254749542585,10734.50949908517,107.3450949908517,20,OS,NA,Summer,D,22.8,NA,NA
24GE11I74,LETKIND,ER37,PRED,72.677054884653,2.4955507542157944,181.36927913157848,1.8136927913157848,3627.3855826315694,36.273855826315696,20,OS,NA,Summer,D,22.8,NA,NA
24GE11I74,MESCOPE,ER37,CYC,11701.0058364291,1.3861226528078259,16219.029250510957,162.19029250510957,324380.58501021913,3243.8058501021915,20,OS,NA,Summer,D,22.8,NA,NA
24GE11I74,MESEDAX,ER37,CYC,4883.89808824868,2.3745728472699787,11597.171789189075,115.97171789189075,231943.4357837815,2319.434357837815,20,OS,NA,Summer,D,22.8,NA,NA
24GE11I74,SKIOREG,ER37,CAL,2645.44479780137,8.244716693609808,21810.942886456178,218.10942886456178,436218.85772912356,4362.188577291236,20,OS,NA,Summer,D,22.8,NA,NA
24GE11I74,COPNAUP,ER37,NAU,42123.6210111449,0.2228955788309678,9389.16888773546,93.89168887735461,187783.37775470922,1877.8337775470923,20,OS,NA,Summer,D,22.8,NA,NA
24GE11I74,ASCOVAL,ER37,ROT,3510.30175092874,0.009866556,34.63458880243647,0.34634588802436467,692.6917760487294,6.926917760487293,20,OS,NA,Summer,D,22.8,NA,NA
24GE11I74,ASPPRIO,ER37,ROT,8775.75437732185,2.3026886461799996,20207.829966323454,202.07829966323453,404156.59932646906,4041.5659932646904,20,OS,NA,Summer,D,22.8,NA,NA
24GE11I74,COLSP,ER37,ROT,8775.75437732185,0.010957968,96.16443564255276,0.9616443564255276,1923.2887128510552,19.23288712851055,20,OS,NA,Summer,D,22.8,NA,NA
24GE11I74,COOUNIC,ER37,ROT,531810.715265704,0.016478728499999998,8763.56439025434,87.63564390254339,175271.2878050868,1752.7128780508679,20,OS,NA,Summer,D,22.8,NA,NA
24GE11I74,KELLONG,ER37,ROT,3510.30175092874,0.008182788915,28.724058255804785,0.28724058255804785,574.4811651160957,5.744811651160957,20,OS,NA,Summer,D,22.8,NA,NA
24GE11I74,KERCOCH,ER37,ROT,75471.4876449679,0.0014288991,107.84114077155576,1.0784114077155575,2156.822815431115,21.56822815431115,20,OS,NA,Summer,D,22.8,NA,NA
24GE11I74,KERCRAS,ER37,ROT,31592.7157583587,0.0033249201111111115,105.04325598958377,1.0504325598958377,2100.865119791675,21.008651197916755,20,OS,NA,Summer,D,22.8,NA,NA
24GE11I74,KEREARL,ER37,ROT,49144.2245130024,0.0018687168999999997,91.83664288484185,0.9183664288484185,1836.732857696837,18.36732857696837,20,OS,NA,Summer,D,22.8,NA,NA
24GE11I74,PLOLENT,ER37,ROT,1755.15087546437,0.03442951,60.42898461830929,0.6042898461830929,1208.5796923661858,12.085796923661858,20,OS,NA,Summer,D,22.8,NA,NA
24GE11I74,POLMAJO,ER37,ROT,8775.75437732185,0.14703552864,1290.347684084312,12.90347684084312,25806.953681686242,258.0695368168624,20,OS,NA,Summer,D,22.8,NA,NA
24GE11I74,POLREMA,ER37,ROT,7020.60350185748,0.0193615114,135.92949473609352,1.3592949473609353,2718.58989472187,27.185898947218703,20,OS,NA,Summer,D,22.8,NA,NA
24GE11I74,POLSP,ER37,ROT,128126.013908899,0.045660930700000005,5850.3530419614735,58.503530419614734,117007.06083922947,1170.0706083922946,20,OS,NA,Summer,D,22.8,NA,NA
24GE11I74,POLVULG,ER37,ROT,26327.2631319655,0.056574212053333336,1489.444167211721,14.894441672117209,29788.88334423442,297.88883344234415,20,OS,NA,Summer,D,22.8,NA,NA
24GE11I74,TRIMULT,ER37,ROT,24572.1122565012,0.07180092901428571,1764.3004878601025,17.643004878601026,35286.00975720205,352.86009757202055,20,OS,NA,Summer,D,22.8,NA,NA
24GE01I94,ACAVERN,ER38,CYC,92.0240890604687,11.6846083369782,1075.265438238777,10.752654382387771,21505.308764775542,215.05308764775543,20,OS,NA,Spring,N,20.8,NA,NA
24GE01I94,BOSLONG,ER38,NDAP,2852.74676087453,1.0300502329537404,2938.472465596838,29.38472465596838,58769.44931193676,587.6944931193676,20,OS,NA,Spring,N,20.8,NA,NA
24GE01I94,CYCCOPE,ER38,CYC,10582.7702419539,0.3325550358779005,3519.3535375005567,35.19353537500557,70387.07075001113,703.8707075001114,20,OS,NA,Spring,N,20.8,NA,NA
24GE01I94,DAPGALEM,ER38,DAP,705.51801613026,6.920402986208941,4882.468985652059,48.82468985652059,97649.37971304118,976.4937971304118,20,OS,NA,Spring,N,20.8,NA,NA
24GE01I94,DAPLONG,ER38,DAP,30.6746963534896,0.582012042811026,17.853042687302413,0.17853042687302412,357.0608537460482,3.5706085374604823,20,OS,NA,Spring,N,20.8,NA,NA
24GE01I94,DIACOPE,ER38,CAL,30.6746963534896,0.682431314419011,20.93337335191595,0.20933373351915951,418.667467038319,4.186674670383191,20,OS,NA,Spring,N,20.8,NA,NA
24GE01I94,DIYTHOM,ER38,CYC,1411.03603226052,6.087206857862655,8589.268212267547,85.89268212267547,171785.36424535094,1717.8536424535093,20,OS,NA,Spring,N,20.8,NA,NA
24GE01I94,LEOMINU,ER38,CAL,30.6746963534896,4.71550340963863,144.64663524450987,1.4464663524450987,2892.9327048901973,28.929327048901975,20,OS,NA,Spring,N,20.8,NA,NA
24GE01I94,MESCOPE,ER38,CYC,153.373481767448,1.6199103774065917,248.4512947340697,2.484512947340697,4969.025894681394,49.69025894681394,20,OS,NA,Spring,N,20.8,NA,NA
24GE01I94,SKIOREG,ER38,CAL,2852.74676087453,8.440196456931346,24077.743103655583,240.77743103655584,481554.86207311164,4815.548620731117,20,OS,NA,Spring,N,20.8,NA,NA
24GE01I94,COPNAUP,ER38,NAU,46674.9055467481,0.10507721950119839,4904.469295333352,49.044692953333524,98089.38590666704,980.8938590666705,20,OS,NA,Spring,N,20.8,NA,NA
24GE01I94,KELLONG,ER38,ROT,652.7958817727,0.005434195305,3.5474203158525417,0.03547420315852542,70.94840631705084,0.7094840631705084,20,OS,NA,Spring,N,20.8,NA,NA
24GE01I94,KERCOCH,ER38,ROT,2284.78558620445,0.0026375739999999997,6.026291057747615,0.06026291057747615,120.5258211549523,1.205258211549523,20,OS,NA,Spring,N,20.8,NA,NA
24GE01I94,KERCRAS,ER38,ROT,326.39794088635,0.004599936,1.5014096386089932,0.015014096386089932,30.028192772179864,0.3002819277217986,20,OS,NA,Spring,N,20.8,NA,NA
24GE01I94,KEREARL,ER38,ROT,326.39794088635,0.004000752,1.3058372147969464,0.013058372147969463,26.11674429593893,0.26116744295938926,20,OS,NA,Spring,N,20.8,NA,NA
24GE01I94,NOTLAUR,ER38,ROT,40799.7426107937,0.03360008645,1370.8748788604169,13.708748788604169,27417.497577208338,274.17497577208337,20,OS,NA,Spring,N,20.8,NA,NA
24GE01I94,POLSP,ER38,ROT,326.39794088635,0.0346458112,11.308321436017243,0.11308321436017243,226.16642872034487,2.2616642872034487,20,OS,NA,Spring,N,20.8,NA,NA
24GE01I94,SYNSP,ER38,ROT,20889.4682167264,0.05777605300000001,1206.9110228314,12.069110228314,24138.220456628,241.38220456628002,20,OS,NA,Spring,N,20.8,NA,NA
24GE11I94,BOSLONG,ER38,NDAP,110.483805657983,0.9063955260428965,100.14202714858865,1.0014202714858866,1902.6985158231844,19.026985158231845,19,OS,NA,Summer,N,23.7,NA,NA
24GE11I94,BYTLONG,ER38,PRED,22.2693920779371,136.23738535750726,3033.9237501993357,30.339237501993356,57644.55125378738,576.4455125378738,19,OS,NA,Summer,N,23.7,NA,NA
24GE11I94,CYCCOPE,ER38,CYC,5303.22267158316,0.2721392068794663,1443.2148117498457,14.432148117498457,27421.08142324707,274.2108142324707,19,OS,NA,Summer,N,23.7,NA,NA
24GE11I94,DAPLONG,ER38,DAP,22.0967611315965,2.34746928957168,51.871468155423955,0.5187146815542395,985.5578949530551,9.85557894953055,19,OS,NA,Summer,N,23.7,NA,NA
24GE11I94,DIACOPE,ER38,CAL,5170.64210479358,1.5079209202474446,7796.919400930519,77.9691940093052,148141.46861767987,1481.4146861767988,19,OS,NA,Summer,N,23.7,NA,NA
24GE11I94,DIYTHOM,ER38,CYC,22.0967611315965,2.66971137070231,58.99197444871603,0.5899197444871603,1120.8475145256045,11.208475145256047,19,OS,NA,Summer,N,23.7,NA,NA
24GE11I94,LETKIND,ER38,PRED,18.9400809699399,1.82959001869656,34.6525830959067,0.34652583095906697,658.3990788222272,6.583990788222272,19,OS,NA,Summer,N,23.7,NA,NA
24GE11I94,MESCOPE,ER38,CYC,8551.44655792785,1.057069376928786,9039.472284828604,90.39472284828604,171749.97341174347,1717.4997341174346,19,OS,NA,Summer,N,23.7,NA,NA
24GE11I94,MESEDAX,ER38,CYC,1723.54736826453,2.2099543480500925,3808.9610005664917,38.089610005664916,72370.25901076334,723.7025901076335,19,OS,NA,Summer,N,23.7,NA,NA
24GE11I94,SKIOREG,ER38,CAL,618.709311684702,7.4480086026606385,4608.152275973903,46.08152275973903,87554.89324350415,875.5489324350416,19,OS,NA,Summer,N,23.7,NA,NA
24GE11I94,COPNAUP,ER38,NAU,30427.2400782084,0.18288640959901545,5564.7286919108,55.647286919108,105729.8451463052,1057.298451463052,19,OS,NA,Summer,N,23.7,NA,NA
24GE11I94,ASCOVAL,ER38,ROT,6761.60890626853,0.014114634000000001,95.4376349631206,0.954376349631206,1813.3150642992914,18.133150642992913,19,OS,NA,Summer,N,23.7,NA,NA
24GE11I94,ASPPRIO,ER38,ROT,6761.60890626853,1.756583407605,11877.330013465491,118.7733001346549,225669.27025584434,2256.692702558443,19,OS,NA,Summer,N,23.7,NA,NA
24GE11I94,COLSP,ER38,ROT,20284.8267188056,0.00651672,132.19053597497484,1.3219053597497483,2511.620183524522,25.116201835245217,19,OS,NA,Summer,N,23.7,NA,NA
24GE11I94,COOUNIC,ER38,ROT,679541.695079988,0.011792098499999999,8013.222603240183,80.13222603240183,152251.2294615635,1522.5122946156348,19,OS,NA,Summer,N,23.7,NA,NA
24GE11I94,KERCOCH,ER38,ROT,358365.272032232,0.0013322539000000001,477.43353128950207,4.774335312895021,9071.237094500539,90.71237094500539,19,OS,NA,Summer,N,23.7,NA,NA
24GE11I94,KERCRAS,ER38,ROT,10142.4133594028,0.0030451733333333336,30.88540669769716,0.3088540669769716,586.822727256246,5.868227272562461,19,OS,NA,Summer,N,23.7,NA,NA
24GE11I94,KEREARL,ER38,ROT,30427.2400782084,0.001668074666666667,50.75490835104413,0.5075490835104413,964.3432586698384,9.643432586698385,19,OS,NA,Summer,N,23.7,NA,NA
24GE11I94,POLMAJO,ER38,ROT,16904.0222656713,0.15091603296,2551.087981402624,25.51087981402624,48470.671646649855,484.70671646649856,19,OS,NA,Summer,N,23.7,NA,NA
24GE11I94,POLSP,ER38,ROT,77758.5024220881,0.04977956059999999,3870.7840834855806,38.70784083485581,73544.89758622603,735.4489758622603,19,OS,NA,Summer,N,23.7,NA,NA
24GE11I94,POLVULG,ER38,ROT,16904.0222656713,0.06006624008,1015.3610597274779,10.15361059727478,19291.86013482208,192.91860134822082,19,OS,NA,Summer,N,23.7,NA,NA
24GE11I94,TRIMULT,ER38,ROT,13523.2178125371,0.07919395977999999,1070.9571675422426,10.709571675422426,20348.18618330261,203.4818618330261,19,OS,NA,Summer,N,23.7,NA,NA
24GE00I94,ACAVERN,ER42,CYC,341.129590216829,9.47216558252608,3231.235963633073,32.31235963633073,61393.48330902839,613.934833090284,19,OS,NA,Spring,N,21,NA,NA
24GE00I94,BOSLONG,ER42,NDAP,1643.62438922654,1.5250706181880667,2506.643263346703,25.06643263346703,47626.222003587354,476.2622200358736,19,OS,NA,Spring,N,21,NA,NA
24GE00I94,CYCCOPE,ER42,CYC,11815.4885338738,0.9361702983953266,11061.309426443197,110.61309426443196,210164.87910242073,2101.648791024207,19,OS,NA,Spring,N,21,NA,NA
24GE00I94,DAPGALEM,ER42,DAP,2325.8835696602,9.046467781767479,21041.030777073334,210.41030777073334,399779.58476439334,3997.7958476439335,19,OS,NA,Spring,N,21,NA,NA
24GE00I94,DIYTHOM,ER42,CYC,2139.81288408738,6.1417439590110146,13142.182854257602,131.421828542576,249701.47423089444,2497.0147423089443,19,OS,NA,Spring,N,21,NA,NA
24GE00I94,MESCOPE,ER42,CYC,186.070685572816,2.411648691438275,448.7371253767044,4.487371253767044,8526.005382157384,85.26005382157385,19,OS,NA,Spring,N,21,NA,NA
24GE00I94,MESEDAX,ER42,CYC,124.047123715211,11.446032270688802,1419.8473811304314,14.198473811304314,26977.100241478194,269.77100241478195,19,OS,NA,Spring,N,21,NA,NA
24GE00I94,SKIOREG,ER42,CAL,3163.20165473787,8.424261098404187,26647.63664641599,266.4763664641599,506305.09628190385,5063.050962819038,19,OS,NA,Spring,N,21,NA,NA
24GE00I94,COPNAUP,ER42,NAU,55145.2457594123,0.09116038253458761,5027.06169839187,50.2706169839187,95514.17226944552,955.1417226944553,19,OS,NA,Spring,N,21,NA,NA
24GE00I94,DREPOLYV,ER42,DVEL,408.483301921572,0.2348332821860696,95.92547450844599,0.9592547450844598,1822.5840156604738,18.225840156604736,19,OS,NA,Spring,N,21,NA,NA
24GE00I94,COOUNIC,ER42,ROT,408.483301921572,0.037651328,15.379938783172136,0.15379938783172137,292.2188368802706,2.922188368802706,19,OS,NA,Spring,N,21,NA,NA
24GE00I94,KELLONG,ER42,ROT,3267.86641537258,0.005831328391875,19.056002208816906,0.19056002208816905,362.06404196752123,3.6206404196752118,19,OS,NA,Spring,N,21,NA,NA
24GE00I94,KERCOCH,ER42,ROT,12662.9823595687,0.0025267796,31.996565501318056,0.3199656550131806,607.934744525043,6.0793474452504315,19,OS,NA,Spring,N,21,NA,NA
24GE00I94,KEREARL,ER42,ROT,816.966603843145,0.0032460550000000003,2.6519185292380603,0.026519185292380603,50.386452055523144,0.5038645205552315,19,OS,NA,Spring,N,21,NA,NA
24GE00I94,KERQUAD,ER42,ROT,816.966603843145,0.060794533799999995,49.66710381081328,0.4966710381081328,943.6749724054523,9.436749724054524,19,OS,NA,Spring,N,21,NA,NA
24GE00I94,NOTLAUR,ER42,ROT,64131.8784016869,0.035000102549999995,2244.6223207831713,22.446223207831714,42647.824094880256,426.4782409488026,19,OS,NA,Spring,N,21,NA,NA
24GE00I94,POLSP,ER42,ROT,408.483301921572,0.03565485,14.56441085751836,0.14564410857518362,276.72380629284885,2.767238062928489,19,OS,NA,Spring,N,21,NA,NA
24GE00I94,SYNSP,ER42,ROT,8578.14934035302,0.07621354050000002,653.7711321660435,6.537711321660435,12421.651511154825,124.21651511154826,19,OS,NA,Spring,N,21,NA,NA
24GE10I94,BOSLONG,ER42,NDAP,56.0917782571296,0.553629139879071,31.054042950782236,0.31054042950782235,590.0268160648625,5.900268160648625,19,OS,NA,Summer,D,21.9,NA,NA
24GE10I94,BYTLONG,ER42,PRED,40.096857113495,141.18906916731578,5661.237932389223,56.61237932389223,107563.52071539524,1075.6352071539523,19,OS,NA,Summer,D,21.9,NA,NA
24GE10I94,CYCCOPE,ER42,CYC,4038.60803451333,0.2591586424857225,1046.6401757564065,10.466401757564064,19886.163339371724,198.86163339371723,19,OS,NA,Summer,D,21.9,NA,NA
24GE10I94,DIACOPE,ER42,CAL,6057.91205177,1.707333448841301,10342.875876125756,103.42875876125755,196514.64164638935,1965.1464164638935,19,OS,NA,Summer,D,21.9,NA,NA
24GE10I94,DIPBIRG,ER42,NDAP,72.1180006163095,0.9247226601688046,66.68914937596921,0.666891493759692,1267.093838143415,12.670938381434148,19,OS,NA,Summer,D,21.9,NA,NA
24GE10I94,EPICOPE,ER42,CAL,56.0917782571296,2.57663704930495,144.52815401871797,1.4452815401871797,2746.0349263556413,27.460349263556413,19,OS,NA,Summer,D,21.9,NA,NA
24GE10I94,HOLGIBB,ER42,NDAP,24.0393335387698,2.8495133890924502,68.50040278358374,0.6850040278358374,1301.5076528880911,13.01507652888091,19,OS,NA,Summer,D,21.9,NA,NA
24GE10I94,LEOMINU,ER42,CAL,56.0917782571296,3.56319501917294,199.8659449023572,1.998659449023572,3797.452953144787,37.97452953144787,19,OS,NA,Summer,D,21.9,NA,NA
24GE10I94,LETKIND,ER42,PRED,72.1180006163095,11.086571021339976,799.5413357497555,7.995413357497555,15191.285379245353,151.91285379245355,19,OS,NA,Summer,D,21.9,NA,NA
24GE10I94,MESCOPE,ER42,CYC,14135.1281207967,1.0082921717126108,14252.3390303541,142.523390303541,270794.4415767279,2707.9444157672788,19,OS,NA,Summer,D,21.9,NA,NA
24GE10I94,MESEDAX,ER42,CYC,3365.50669542778,2.609276439619413,8781.537327761092,87.81537327761093,166849.20922746076,1668.4920922746078,19,OS,NA,Summer,D,21.9,NA,NA
24GE10I94,SKIOREG,ER42,CAL,1851.02868248528,6.8398263052362935,12660.714674209696,126.60714674209696,240553.5788099842,2405.535788099842,19,OS,NA,Summer,D,21.9,NA,NA
24GE10I94,COPNAUP,ER42,NAU,14892.3671272679,0.26408726926090625,3932.884567471067,39.32884567471067,74724.80678195028,747.2480678195027,19,OS,NA,Summer,D,21.9,NA,NA
24GE10I94,ASCOVAL,ER42,ROT,17374.4283151459,0.012751172571428571,221.5443337763403,2.215443337763403,4209.3423417504655,42.09342341750466,19,OS,NA,Summer,D,21.9,NA,NA
24GE10I94,ASPPRIO,ER42,ROT,67015.6520727056,1.542719565192,103386.35762666275,1033.8635762666274,1964340.7949065922,19643.40794906592,19,OS,NA,Summer,D,21.9,NA,NA
24GE10I94,COLSP,ER42,ROT,29784.7342545358,0.010124324999999998,301.5503296315531,3.015503296315531,5729.456262999509,57.29456262999509,19,OS,NA,Summer,D,21.9,NA,NA
24GE10I94,COOUNIC,ER42,ROT,632925.602908886,0.016405720500000002,10383.600538617173,103.83600538617173,197288.4102337263,1972.884102337263,19,OS,NA,Summer,D,21.9,NA,NA
24GE10I94,KELLONG,ER42,ROT,2482.06118787799,0.008904210315,22.10079483156435,0.2210079483156435,419.91510179972266,4.1991510179972265,19,OS,NA,Summer,D,21.9,NA,NA
24GE10I94,KERCOCH,ER42,ROT,206011.078593873,0.0015132603000000003,311.7483865962879,3.117483865962879,5923.21934532947,59.232193453294705,19,OS,NA,Summer,D,21.9,NA,NA
24GE10I94,KERCRAS,ER42,ROT,29784.7342545358,0.0035548718333333327,105.8809128647678,1.058809128647678,2011.737344430588,20.11737344430588,19,OS,NA,Summer,D,21.9,NA,NA
24GE10I94,KEREARL,ER42,ROT,9928.24475151194,0.0023152855,22.986721113626697,0.22986721113626696,436.74770115890726,4.367477011589072,19,OS,NA,Summer,D,21.9,NA,NA
24GE10I94,POLSP,ER42,ROT,79425.9580120955,0.08532630876000001,6777.1238168988575,67.77123816898857,128765.3525210783,1287.6535252107828,19,OS,NA,Summer,D,21.9,NA,NA
24GE10I94,POLVULG,ER42,ROT,7446.18356363396,0.0503907712,375.2189322682795,3.752189322682795,7129.1597130973105,71.2915971309731,19,OS,NA,Summer,D,21.9,NA,NA
24GE10I94,TRIMULT,ER42,ROT,4964.12237575597,0.07494426368,372.0324962684434,3.720324962684434,7068.617429100425,70.68617429100425,19,OS,NA,Summer,D,21.9,NA,NA
24GE01I14,ACAVERN,ER43,CYC,1045.21187574853,8.49853338603669,8882.768021530916,88.82768021530916,168772.5924090874,1687.725924090874,19,OS,NA,Spring,N,20.9,NA,NA
24GE01I14,BOSLONG,ER43,NDAP,3083.37503345817,1.3610339602382802,4196.578132687413,41.96578132687413,79734.98452106085,797.3498452106085,19,OS,NA,Spring,N,20.9,NA,NA
24GE01I14,CYCCOPE,ER43,CYC,12542.5425089824,0.5155509942091621,6466.320260416554,64.66320260416555,122860.08494791454,1228.6008494791454,19,OS,NA,Spring,N,20.9,NA,NA
24GE01I14,DAPGALEM,ER43,DAP,1620.07840741023,6.801996782969492,11019.768115362722,110.19768115362722,209375.59419189172,2093.755941918917,19,OS,NA,Spring,N,20.9,NA,NA
24GE01I14,DAPLONG,ER43,DAP,34.8403958582845,2.619372575437145,91.25997742856431,0.9125997742856431,1733.939571142722,17.33939571142722,19,OS,NA,Spring,N,20.9,NA,NA
24GE01I14,DIYNANU,ER43,CYC,17.4201979291422,0.813902736778814,14.178346769757466,0.14178346769757466,269.38858862539183,2.6938858862539186,19,OS,NA,Spring,N,20.9,NA,NA
24GE01I14,DIYTHOM,ER43,CYC,1201.99365711081,4.736086827522684,5692.746326208326,56.92746326208326,108162.1801979582,1081.621801979582,19,OS,NA,Spring,N,20.9,NA,NA
24GE01I14,LEOSICI,ER43,CAL,17.4201979291422,11.3568443254265,197.83847599938508,1.9783847599938509,3758.9310439883166,37.589310439883164,19,OS,NA,Spring,N,20.9,NA,NA
24GE01I14,MESCOPE,ER43,CYC,296.143364795418,1.752795245336388,519.0786817513281,5.190786817513281,9862.494953275233,98.62494953275234,19,OS,NA,Spring,N,20.9,NA,NA
24GE01I14,MESEDAX,ER43,CYC,52.2605937874267,12.592825223805901,658.1085236573809,6.581085236573809,12504.061949490238,125.04061949490237,19,OS,NA,Spring,N,20.9,NA,NA
24GE01I14,SKIOREG,ER43,CAL,2090.42375149707,8.53604728642548,17843.95599144594,178.43955991445938,339035.16383747285,3390.3516383747283,19,OS,NA,Spring,N,20.9,NA,NA
24GE01I14,COPNAUP,ER43,NAU,57716.3139787117,0.07101237808380559,4098.572709859909,40.98572709859909,77872.88148733828,778.7288148733827,19,OS,NA,Spring,N,20.9,NA,NA
24GE01I14,KELLONG,ER43,ROT,4608.52697168421,0.005126308199249999,23.624729601409534,0.23624729601409533,448.86986242678114,4.488698624267811,19,OS,NA,Spring,N,20.9,NA,NA
24GE01I14,KERCOCH,ER43,ROT,8558.69294741353,0.0025703304,21.9986686670026,0.21998668667002602,417.9747046730494,4.179747046730494,19,OS,NA,Spring,N,20.9,NA,NA
24GE01I14,KERCRAS,ER43,ROT,219.453665318296,0.004096766,0.8990503146513742,0.008990503146513742,17.081955978376108,0.17081955978376112,19,OS,NA,Spring,N,20.9,NA,NA
24GE01I14,KEREARL,ER43,ROT,438.907330636591,0.003813992,1.673989047789313,0.016739890477893128,31.805791907996944,0.31805791907996944,19,OS,NA,Spring,N,20.9,NA,NA
24GE01I14,KERQUAD,ER43,ROT,1536.17565722807,0.06808220100000002,104.58621986670859,1.045862198667086,1987.1381774674633,19.87138177467463,19,OS,NA,Spring,N,20.9,NA,NA
24GE01I14,NOTLAUR,ER43,ROT,35551.4937815639,0.029211731324999997,1038.5206845494527,10.385206845494526,19731.8930064396,197.318930064396,19,OS,NA,Spring,N,20.9,NA,NA
24GE01I14,POLSP,ER43,ROT,877.814661273182,0.0571852589,50.198058671122716,0.5019805867112271,953.7631147513316,9.537631147513316,19,OS,NA,Spring,N,20.9,NA,NA
24GE01I14,SYNSP,ER43,ROT,9436.50760868671,0.0731760435,690.5262912613397,6.905262912613397,13119.999533965454,131.19999533965455,19,OS,NA,Spring,N,20.9,NA,NA
24GE11I14,BOSLONG,ER43,NDAP,78.8316883613713,0.489141507429872,38.559850878323054,0.38559850878323054,694.077315809815,6.94077315809815,18,OS,NA,Summer,D,21.7,NA,NA
24GE11I14,BYTLONG,ER43,PRED,47.5761556712183,106.56224718084161,5069.822060550564,50.69822060550564,91256.79708991015,912.5679708991015,18,OS,NA,Summer,D,21.7,NA,NA
24GE11I14,CYCCOPE,ER43,CYC,4611.65376914022,0.2624248147875689,1210.2123862310164,12.102123862310163,21783.822952158294,217.83822952158295,18,OS,NA,Summer,D,21.7,NA,NA
24GE11I14,DIACOPE,ER43,CAL,4375.15870405611,1.3068486103593757,5717.670072497454,57.176700724974545,102918.06130495417,1029.1806130495418,18,OS,NA,Summer,D,21.7,NA,NA
24GE11I14,DIPBIRG,ER43,NDAP,8.44625232443264,1.42926955465796,12.071971298270599,0.12071971298270599,217.29548336887078,2.1729548336887077,18,OS,NA,Summer,D,21.7,NA,NA
24GE11I14,DIPFLUV,ER43,NDAP,25.3387569732979,1.6111633752243069,40.82487720908709,0.4082487720908709,734.8477897635677,7.348477897635676,18,OS,NA,Summer,D,21.7,NA,NA
24GE11I14,EPICOPE,ER43,CAL,19.7079220903428,0.839997637953207,16.554608004853783,0.16554608004853782,297.9829440873681,2.9798294408736807,18,OS,NA,Summer,D,21.7,NA,NA
24GE11I14,LEOASHL,ER43,CAL,19.7079220903428,5.46870611216934,107.77683399361483,1.0777683399361484,1939.9830118850668,19.399830118850673,18,OS,NA,Summer,D,21.7,NA,NA
24GE11I14,LEOMINU,ER43,CAL,98.5396104517142,3.559148489833708,350.71710572802044,3.5071710572802046,6312.9079031043675,63.12907903104368,18,OS,NA,Summer,D,21.7,NA,NA
24GE11I14,LETKIND,ER43,PRED,92.9087755687591,8.30603509305,771.7035503264194,7.717035503264194,13890.66390587555,138.9066390587555,18,OS,NA,Summer,D,21.7,NA,NA
24GE11I14,MESCOPE,ER43,CYC,1891.96052067291,0.5323755967454893,1007.233611212147,10.07233611212147,18130.205001818646,181.30205001818643,18,OS,NA,Summer,D,21.7,NA,NA
24GE11I14,MESEDAX,ER43,CYC,39.4158441806857,15.6522853625589,616.9480409222492,6.169480409222492,11105.064736600485,111.05064736600487,18,OS,NA,Summer,D,21.7,NA,NA
24GE11I14,SKIOREG,ER43,CAL,137.9554546324,6.6524010544033105,917.7350118572658,9.177350118572658,16519.230213430783,165.19230213430785,18,OS,NA,Summer,D,21.7,NA,NA
24GE11I14,COPNAUP,ER43,NAU,21639.2984551964,0.25776408397473266,5577.833944159547,55.77833944159547,100401.01099487185,1004.0101099487184,18,OS,NA,Summer,D,21.7,NA,NA
24GE11I14,DREPOLYV,ER43,DVEL,1803.27487126637,0.12952524767371265,233.56962432455887,2.3356962432455886,4204.25323784206,42.042532378420596,18,OS,NA,Summer,D,21.7,NA,NA
24GE11I14,ASCOVAL,ER43,ROT,1803.27487126637,0.014292192,25.772750688914243,0.2577275068891424,463.9095124004564,4.639095124004563,18,OS,NA,Summer,D,21.7,NA,NA
24GE11I14,ASPPRIO,ER43,ROT,12622.9240988646,1.6569985989514282,20916.16754648886,209.16167546488862,376491.0158367995,3764.910158367995,18,OS,NA,Summer,D,21.7,NA,NA
24GE11I14,COLSP,ER43,ROT,32458.9476827947,0.012021609999999997,390.2088100529615,3.902088100529615,7023.758580953307,70.23758580953307,18,OS,NA,Summer,D,21.7,NA,NA
24GE11I14,COOUNIC,ER43,ROT,329999.301441746,0.0127821876,4218.112978897348,42.18112978897348,75926.03362015226,759.2603362015226,18,OS,NA,Summer,D,21.7,NA,NA
24GE11I14,KELLONG,ER43,ROT,1803.27487126637,0.009672512535,17.442198796374473,0.17442198796374472,313.9595783347405,3.139595783347405,18,OS,NA,Summer,D,21.7,NA,NA
24GE11I14,KERCOCH,ER43,ROT,144261.98970131,0.0013139834999999999,189.55787414469125,1.8955787414469125,3412.0417346044424,34.12041734604443,18,OS,NA,Summer,D,21.7,NA,NA
24GE11I14,KERCRAS,ER43,ROT,27049.1230689955,0.003291062,89.02034106569447,0.8902034106569446,1602.3661391825003,16.023661391825005,18,OS,NA,Summer,D,21.7,NA,NA
24GE11I14,KEREARL,ER43,ROT,63114.6204943229,0.0017207971000000003,108.60745591423144,1.0860745591423144,1954.9342064561658,19.54934206456166,18,OS,NA,Summer,D,21.7,NA,NA
24GE11I14,POLMAJO,ER43,ROT,21639.2984551964,0.14807892586666668,3204.324071753703,32.04324071753703,57677.833291566654,576.7783329156666,18,OS,NA,Summer,D,21.7,NA,NA
24GE11I14,POLREMA,ER43,ROT,7213.09948506548,0.0227836147,164.3404794605003,1.643404794605003,2958.1286302890053,29.581286302890053,18,OS,NA,Summer,D,21.7,NA,NA
24GE11I14,POLSP,ER43,ROT,135245.615344978,0.053338907160000004,7213.853320682853,72.13853320682853,129849.35977229135,1298.4935977229134,18,OS,NA,Summer,D,21.7,NA,NA
24GE11I14,POLVULG,ER43,ROT,28852.3979402619,0.047350749599999985,1366.1826702288965,13.661826702288966,24591.288064120137,245.91288064120138,18,OS,NA,Summer,D,21.7,NA,NA
24GE11I14,SYNSP,ER43,ROT,1803.27487126637,0.01030301,18.57915903140612,0.1857915903140612,334.42486256531015,3.3442486256531017,18,OS,NA,Summer,D,21.7,NA,NA
24GE11I14,TRIMULT,ER43,ROT,21639.2984551964,0.07156238878533333,1548.5598890926278,15.485598890926278,27874.078003667302,278.740780036673,18,OS,NA,Summer,D,21.7,NA,NA
24GE02I94,ACAVERN,ER58,CYC,4.13389462576324,10.658899239028004,44.06276628076976,0.44062766280769755,308.4393639653883,3.0843936396538827,7,OS,NA,Spring,N,7.6,NA,NA
24GE02I94,BOSLONG,ER58,NDAP,12.4016838772897,0.9255335900314251,11.47817500138278,0.1147817500138278,80.34722500967946,0.8034722500967946,7,OS,NA,Spring,N,7.6,NA,NA
24GE02I94,CYCCOPE,ER58,CYC,124.016838772897,0.8550282267519874,106.03789774337724,1.0603789774337724,742.2652842036407,7.422652842036407,7,OS,NA,Spring,N,7.6,NA,NA
24GE02I94,DAPGALEM,ER58,DAP,15.1576136277986,1.9323304746961485,29.289518736664878,0.29289518736664877,205.02663115665413,2.050266311566541,7,OS,NA,Spring,N,7.6,NA,NA
24GE02I94,DIACOPE,ER58,CAL,82.6778925152649,1.9187936012614386,158.64181112407127,1.5864181112407127,1110.492677868499,11.10492677868499,7,OS,NA,Spring,N,7.6,NA,NA
24GE02I94,DIYTHOM,ER58,CYC,157.087995779003,3.9463803193872344,619.9289749542423,6.199289749542423,4339.5028246796965,43.39502824679696,7,OS,NA,Spring,N,7.6,NA,NA
24GE02I94,EURCOPE,ER58,CAL,2.75592975050883,3.17079647404221,8.738492335621425,0.08738492335621424,61.169446349349975,0.6116944634934997,7,OS,NA,Spring,N,7.6,NA,NA
24GE02I94,EUYPRIO,ER58,CYC,11.0237190020353,1.405066234643195,15.489055349954379,0.15489055349954378,108.42338744968065,1.0842338744968065,7,OS,NA,Spring,N,7.6,NA,NA
24GE02I94,HARCOPE,ER58,CYC,17.9135433783074,0.7037086160453269,12.605914819216629,0.1260591481921663,88.24140373451641,0.8824140373451641,7,OS,NA,Spring,N,7.6,NA,NA
24GE02I94,HARSP,ER58,CYC,42.7169111328868,1.6907741812570543,72.22465044653703,0.7222465044653703,505.5725531257592,5.055725531257592,7,OS,NA,Spring,N,7.6,NA,NA
24GE02I94,ILYSP,ER58,NDAP,11.0237190020353,0.3708207056019384,4.087823258692226,0.04087823258692226,28.614762810845583,0.28614762810845584,7,OS,NA,Spring,N,7.6,NA,NA
24GE02I94,LEOASHL,ER58,CAL,322.443780809533,3.8699633572502763,1247.8456165061325,12.478456165061324,8734.919315542928,87.34919315542928,7,OS,NA,Spring,N,7.6,NA,NA
24GE02I94,LEOMINU,ER58,CAL,289.372623803427,4.019762163859323,1163.2091244217136,11.632091244217136,8142.463870951995,81.42463870951995,7,OS,NA,Spring,N,7.6,NA,NA
24GE02I94,LEOSICI,ER58,CAL,161.221890404766,10.063866335061231,1622.5155553194556,16.225155553194558,11357.608887236189,113.57608887236191,7,OS,NA,Spring,N,7.6,NA,NA
24GE02I94,LIMMACR,ER58,CAL,35.8270867566148,47.84005673068095,1713.96986293148,17.1396986293148,11997.78904052036,119.9778904052036,7,OS,NA,Spring,N,7.6,NA,NA
24GE02I94,MESCOPE,ER58,CYC,77.1660330142472,2.135742313772619,164.80676189450264,1.6480676189450265,1153.6473332615185,11.536473332615186,7,OS,NA,Spring,N,7.6,NA,NA
24GE02I94,MESEDAX,ER58,CYC,37.2050516318692,12.20998411281655,454.2730893416424,4.542730893416424,3179.9116253914967,31.799116253914967,7,OS,NA,Spring,N,7.6,NA,NA
24GE02I94,MICRUBE,ER58,CYC,2.75592975050883,0.5226897102294821,1.4404961227062691,0.01440496122706269,10.083472858943884,0.10083472858943883,7,OS,NA,Spring,N,7.6,NA,NA
24GE02I94,PARCHIT,ER58,CYC,16.535578503053,1.0212772344115393,16.887409882992866,0.16887409882992865,118.21186918095006,1.1821186918095006,7,OS,NA,Spring,N,7.6,NA,NA
24GE02I94,SENCALA,ER58,CAL,1.37796487525441,74.0227961325372,102.00081303875425,1.0200081303875423,714.0056912712797,7.140056912712796,7,OS,NA,Spring,N,7.6,NA,NA
24GE02I94,SKIOREG,ER58,CAL,19.2915082535618,8.30280267280091,160.17358629003374,1.6017358629003373,1121.2151040302363,11.212151040302361,7,OS,NA,Spring,N,7.6,NA,NA
24GE02I94,COPNAUP,ER58,NAU,7785.15705396863,0.12282881225733744,956.241594175799,9.56241594175799,6693.691159230593,66.93691159230593,7,OS,NA,Spring,N,7.6,NA,NA
24GE02I94,DREPOLYV,ER58,DVEL,12430.6211396701,0.09312156965535495,1157.558952317117,11.57558952317117,8102.91266621982,81.02912666219818,7,OS,NA,Spring,N,7.6,NA,NA
24GE02I94,CEPSP,ER58,ROT,64.0753666993303,0.071608698,4.5883535832116005,0.045883535832116004,32.118475082481204,0.321184750824812,7,OS,NA,Spring,N,7.6,NA,NA
24GE02I94,COOUNIC,ER58,ROT,96.1130500489954,0.020881847999999998,2.0070181019395146,0.020070181019395145,14.049126713576602,0.140491267135766,7,OS,NA,Spring,N,7.6,NA,NA
24GE02I94,KERCOCH,ER58,ROT,64.0753666993303,0.002500561,0.16022436302904408,0.0016022436302904409,1.1215705412033086,0.011215705412033086,7,OS,NA,Spring,N,7.6,NA,NA
24GE02I94,KERQUAD,ER58,ROT,32.0376833496651,0.0519309021,1.6637457975422585,0.016637457975422584,11.64622058279581,0.11646220582795809,7,OS,NA,Spring,N,7.6,NA,NA
24GE02I94,NOTLAUR,ER58,ROT,32.0376833496651,0.029713824,0.9519620844196793,0.009519620844196794,6.6637345909377554,0.06663734590937756,7,OS,NA,Spring,N,7.6,NA,NA
24GE02I94,POLSP,ER58,ROT,64.0753666993303,0.0619820586,3.9715231335743795,0.0397152313357438,27.800661935020656,0.2780066193502066,7,OS,NA,Spring,N,7.6,NA,NA
24GE02I94,POLVULG,ER58,ROT,64.0753666993303,0.0665471268,4.264031552496831,0.0426403155249683,29.848220867477814,0.29848220867477815,7,OS,NA,Spring,N,7.6,NA,NA
24GE02I94,ROTBDEL,ER58,ROT,64.0753666993303,0.48337744000000005,30.972586722183536,0.30972586722183537,216.80810705528475,2.1680810705528475,7,OS,NA,Spring,N,7.6,NA,NA
24GE02I94,SYNSP,ER58,ROT,4068.78578540747,0.0221931795,90.29929328259647,0.9029929328259647,632.0950529781753,6.3209505297817525,7,OS,NA,Spring,N,7.6,NA,NA
24GE12I94,ACAVERN,ER58,CYC,208.340890669339,0.9837905811504926,204.96380590900023,2.049638059090002,1434.7466413630016,14.347466413630015,7,OS,NA,Summer,N,9,NA,NA
24GE12I94,BOSLONG,ER58,NDAP,11562.9194321483,0.583871678259512,6751.261174427951,67.51261174427951,47258.82822099566,472.58828220995656,7,OS,NA,Summer,N,9,NA,NA
24GE12I94,BYTLONG,ER58,PRED,28.6875640472429,74.74377503032505,2144.216833315165,21.44216833315165,15009.517833206155,150.09517833206155,7,OS,NA,Summer,N,9,NA,NA
24GE12I94,CECPENG,ER58,PRED,0.610373703132828,15.5714285169913,9.5043904869841,0.095043904869841,66.5307334088887,0.665307334088887,7,OS,NA,Summer,N,9,NA,NA
24GE12I94,CYCCOPE,ER58,CYC,2916.77246937074,0.3546111886512333,1034.3201523887512,10.343201523887512,7240.241066721259,72.40241066721258,7,OS,NA,Summer,N,9,NA,NA
24GE12I94,DIACOPE,ER58,CAL,16875.6121442164,1.8859437464621085,31826.455191104935,318.26455191104935,222785.18633773454,2227.8518633773456,7,OS,NA,Summer,N,9,NA,NA
24GE12I94,DIPBIRG,ER58,NDAP,10937.8967601403,0.6658663046403303,7283.176896212062,72.83176896212062,50982.238273484436,509.8223827348443,7,OS,NA,Summer,N,9,NA,NA
24GE12I94,DIPFLUV,ER58,NDAP,3541.79514137876,2.1828940223995934,7731.363442679618,77.31363442679618,54119.544098757324,541.1954409875733,7,OS,NA,Summer,N,9,NA,NA
24GE12I94,EPICOPE,ER58,CAL,208.340890669339,1.999538952507185,416.585726293384,4.16585726293384,2916.100084053688,29.16100084053688,7,OS,NA,Summer,N,9,NA,NA
24GE12I94,EPILACU,ER58,CAL,89.2889531440022,14.853159802538851,1326.2230896492686,13.262230896492685,9283.56162754488,92.8356162754488,7,OS,NA,Summer,N,9,NA,NA
24GE12I94,EUBCORE,ER58,NDAP,520.852226673347,1.2447156379615152,648.3129116073908,6.483129116073908,4538.190381251736,45.38190381251735,7,OS,NA,Summer,N,9,NA,NA
24GE12I94,EURCOPE,ER58,CAL,208.340890669339,3.7685153756416296,785.1358498622757,7.851358498622757,5495.95094903593,54.959509490359295,7,OS,NA,Summer,N,9,NA,NA
24GE12I94,LEOMINU,ER58,CAL,104.170445334669,7.46248016041228,777.3698816112793,7.773698816112793,5441.589171278955,54.41589171278955,7,OS,NA,Summer,N,9,NA,NA
24GE12I94,LEOSICO,ER58,CAL,3437.62469604409,5.807359761457314,19963.523334798378,199.63523334798379,139744.66334358865,1397.4466334358865,7,OS,NA,Summer,N,9,NA,NA
24GE12I94,LETKIND,ER58,PRED,223.222382860006,13.684427262928942,3054.6704617054284,30.546704617054285,21382.693231938,213.82693231938,7,OS,NA,Summer,N,9,NA,NA
24GE12I94,MESCOPE,ER58,CYC,6875.24939208817,1.7447639141022218,11995.687039768676,119.95687039768676,83969.80927838074,839.6980927838073,7,OS,NA,Summer,N,9,NA,NA
24GE12I94,MESEDAX,ER58,CYC,1875.06801602405,4.495066955678534,8428.556278479415,84.28556278479415,58999.8939493559,589.9989394935591,7,OS,NA,Summer,N,9,NA,NA
24GE12I94,SKIOREG,ER58,CAL,833.363562677354,6.761010565379069,5634.379852063532,56.34379852063532,39440.65896444472,394.4065896444472,7,OS,NA,Summer,N,9,NA,NA
24GE12I94,SKIPALL,ER58,CAL,312.511336004008,5.008598849910845,1565.243918093776,15.65243918093776,10956.707426656432,109.56707426656432,7,OS,NA,Summer,N,9,NA,NA
24GE12I94,SKIREIG,ER58,CAL,1770.89757068938,4.796809049175805,8494.657492246268,84.94657492246267,59462.602445723875,594.6260244572387,7,OS,NA,Summer,N,9,NA,NA
24GE12I94,THECRAS,ER58,CYC,104.170445334669,2.39204769020512,249.1806731504337,2.491806731504337,1744.264712053036,17.44264712053036,7,OS,NA,Summer,N,9,NA,NA
24GE12I94,COPNAUP,ER58,NAU,23936.415142057,0.11573603489593695,2770.3057781647426,27.703057781647427,19392.140447153197,193.92140447153199,7,OS,NA,Summer,N,9,NA,NA
24GE12I94,DREPOLYV,ER58,DVEL,65510.1888098401,0.21074340148983245,13805.840022026861,138.05840022026862,96640.88015418802,966.4088015418804,7,OS,NA,Summer,N,9,NA,NA
24GE12I94,ASCOVAL,ER58,ROT,839.874215510771,0.019236204,16.155991743905155,0.16155991743905154,113.09194220733607,1.1309194220733607,7,OS,NA,Summer,N,9,NA,NA
24GE12I94,ASPPRIO,ER58,ROT,419.937107755386,2.22162817344,932.9441096622747,9.329441096622748,6530.608767635923,65.30608767635924,7,OS,NA,Summer,N,9,NA,NA
24GE12I94,BRAANGU,ER58,ROT,6299.05661633078,0.02459839712,154.946696129868,1.54946696129868,1084.626872909076,10.84626872909076,7,OS,NA,Summer,N,9,NA,NA
24GE12I94,BRAHAVA,ER58,ROT,1679.74843102154,0.1890885942,317.62126943151867,3.1762126943151867,2223.3488860206307,22.233488860206307,7,OS,NA,Summer,N,9,NA,NA
24GE12I94,COLSP,ER58,ROT,24776.2893575677,0.011012570999999999,272.8506456667587,2.7285064566675867,1909.9545196673107,19.099545196673105,7,OS,NA,Summer,N,9,NA,NA
24GE12I94,CONSP,ER58,ROT,10078.4905861293,0.029762605600000002,299.96214035827916,2.9996214035827915,2099.734982507954,20.99734982507954,7,OS,NA,Summer,N,9,NA,NA
24GE12I94,COOUNIC,ER58,ROT,98685.2203225156,0.015894880300000004,1568.5897644055133,15.685897644055133,10980.128350838593,109.80128350838594,7,OS,NA,Summer,N,9,NA,NA
24GE12I94,KERCOCH,ER58,ROT,33594.9686204308,0.0011052421999999998,37.1305770269759,0.371305770269759,259.9140391888313,2.5991403918883127,7,OS,NA,Summer,N,9,NA,NA
24GE12I94,KERCOCHT,ER58,ROT,839.874215510771,0.00147744,1.2408637609642335,0.012408637609642335,8.686046326749635,0.08686046326749634,7,OS,NA,Summer,N,9,NA,NA
24GE12I94,KERCRAS,ER58,ROT,13437.9874481723,0.0033821372999999996,45.44911858539535,0.4544911858539535,318.1438300977674,3.1814383009776743,7,OS,NA,Summer,N,9,NA,NA
24GE12I94,KEREARL,ER58,ROT,839.874215510771,0.001865565,1.5668399408593516,0.015668399408593516,10.967879586015462,0.10967879586015461,7,OS,NA,Summer,N,9,NA,NA
24GE12I94,PLOLENT,ER58,ROT,839.874215510771,0.09146686500000001,76.8206614871046,0.768206614871046,537.7446304097322,5.377446304097322,7,OS,NA,Summer,N,9,NA,NA
24GE12I94,PLOTRUN,ER58,ROT,839.874215510771,0.0320566,26.92351177694258,0.26923511776942577,188.46458243859806,1.8846458243859803,7,OS,NA,Summer,N,9,NA,NA
24GE12I94,POLREMA,ER58,ROT,419.937107755386,0.0163683828,6.8736913316650075,0.06873691331665008,48.11583932165505,0.4811583932165505,7,OS,NA,Summer,N,9,NA,NA
24GE12I94,POLSP,ER58,ROT,9658.55347837387,0.05761928326,556.5189287522822,5.565189287522823,3895.632501265976,38.95632501265976,7,OS,NA,Summer,N,9,NA,NA
24GE12I94,TRIMULT,ER58,ROT,1679.74843102154,0.08338001833200001,140.05745497172427,1.4005745497172426,980.4021848020699,9.804021848020698,7,OS,NA,Summer,N,9,NA,NA
24GE03I14,ACAVERN,ER59,CYC,3.57526021687632,9.16991480898866,32.78483160872217,0.3278483160872217,196.70898965233303,1.9670898965233303,6,OS,NA,Spring,D,6.1,NA,NA
24GE03I14,BOSLONG,ER59,NDAP,8.34227383937808,0.9578507827988465,7.990653527370633,0.07990653527370634,47.9439211642238,0.479439211642238,6,OS,NA,Spring,D,6.1,NA,NA
24GE03I14,CYCCOPE,ER59,CYC,114.408326940042,1.352464887833114,154.73324506213814,1.5473324506213815,928.3994703728288,9.28399470372829,6,OS,NA,Spring,D,6.1,NA,NA
24GE03I14,DAPGALEM,ER59,DAP,13.1092874618798,2.37684006835352,31.158679706960324,0.31158679706960324,186.95207824176194,1.8695207824176194,6,OS,NA,Spring,D,6.1,NA,NA
24GE03I14,DIACOPE,ER59,CAL,32.1773419518869,2.1188435330077953,68.17875290413599,0.6817875290413599,409.07251742481594,4.090725174248159,6,OS,NA,Spring,D,6.1,NA,NA
24GE03I14,DIYTHOM,ER59,CYC,121.558847373795,4.702912020525609,571.6805645154584,5.716805645154584,3430.0833870927504,34.300833870927505,6,OS,NA,Spring,D,6.1,NA,NA
24GE03I14,EUBCORE,ER59,NDAP,1.19175340562544,1.94158971464497,2.3138961547554695,0.023138961547554696,13.883376928532817,0.13883376928532817,6,OS,NA,Spring,D,6.1,NA,NA
24GE03I14,EURCOPE,ER59,CAL,13.1092874618798,1.0340405142526983,13.555534348568639,0.13555534348568637,81.33320609141182,0.8133320609141182,6,OS,NA,Spring,D,6.1,NA,NA
24GE03I14,EUYPRIO,ER59,CYC,1.19175340562544,1.69634298479041,2.0216225292327947,0.020216225292327947,12.129735175396767,0.12129735175396769,6,OS,NA,Spring,D,6.1,NA,NA
24GE03I14,HARCOPE,ER59,CYC,4.76701362250176,0.27219044903822676,1.297535578480098,0.012975355784800979,7.785213470880588,0.07785213470880586,6,OS,NA,Spring,D,6.1,NA,NA
24GE03I14,HARSP,ER59,CYC,2.38350681125088,1.595056277144073,3.8018275009013696,0.0380182750090137,22.810965005408217,0.22810965005408218,6,OS,NA,Spring,D,6.1,NA,NA
24GE03I14,LEOASHL,ER59,CAL,189.488791494445,3.7712080388743026,714.6016537604276,7.146016537604275,4287.609922562566,42.87609922562565,6,OS,NA,Spring,D,6.1,NA,NA
24GE03I14,LEOMINU,ER59,CAL,171.612490410063,3.960688461633037,679.7036106392468,6.797036106392468,4078.2216638354807,40.782216638354804,6,OS,NA,Spring,D,6.1,NA,NA
24GE03I14,LEOSICI,ER59,CAL,58.3959168756465,11.206949076184173,654.4400666824544,6.544400666824544,3926.640400094726,39.26640400094726,6,OS,NA,Spring,D,6.1,NA,NA
24GE03I14,LETKIND,ER59,PRED,5.9587670281272,1.263155221216762,7.526847683593161,0.0752684768359316,45.161086101558965,0.4516108610155896,6,OS,NA,Spring,D,6.1,NA,NA
24GE03I14,LIMMACR,ER59,CAL,3.57526021687632,43.2109880198392,154.49052639925037,1.5449052639925036,926.9431583955022,9.269431583955022,6,OS,NA,Spring,D,6.1,NA,NA
24GE03I14,MESCOPE,ER59,CYC,9.53402724500352,2.477743163630921,23.622870828178417,0.23622870828178416,141.7372249690705,1.4173722496907049,6,OS,NA,Spring,D,6.1,NA,NA
24GE03I14,MESEDAX,ER59,CYC,2.38350681125088,11.0995840006616,26.455934067628217,0.2645593406762822,158.7356044057693,1.587356044057693,6,OS,NA,Spring,D,6.1,NA,NA
24GE03I14,PARCHIT,ER59,CYC,2.38350681125088,1.041238188629103,2.481798314731995,0.02481798314731995,14.890789888391971,0.1489078988839197,6,OS,NA,Spring,D,6.1,NA,NA
24GE03I14,SENCALA,ER59,CAL,1.19175340562544,38.4183096901743,45.78515141163806,0.4578515141163806,274.7109084698284,2.7471090846982835,6,OS,NA,Spring,D,6.1,NA,NA
24GE03I14,SKIOREG,ER59,CAL,3.57526021687632,7.9131363291614605,28.29152150836969,0.2829152150836969,169.74912905021813,1.6974912905021813,6,OS,NA,Spring,D,6.1,NA,NA
24GE03I14,COPNAUP,ER59,NAU,3472.47148564112,0.14003071145809792,486.2526526522843,4.862526526522843,2917.515915913706,29.17515915913706,6,OS,NA,Spring,D,6.1,NA,NA
24GE03I14,DREPOLYV,ER59,DVEL,14234.0047384388,0.10190449368976766,1450.5090460483596,14.505090460483595,8703.054276290157,87.03054276290158,6,OS,NA,Spring,D,6.1,NA,NA
24GE03I14,BRAANGU,ER59,ROT,15.6417634488339,0.0270386556,0.42293225486968805,0.00422932254869688,2.537593529218128,0.02537593529218128,6,OS,NA,Spring,D,6.1,NA,NA
24GE03I14,BRACALC,ER59,ROT,31.2835268976678,0.48799974300000004,15.266353086195476,0.15266353086195475,91.59811851717285,0.9159811851717286,6,OS,NA,Spring,D,6.1,NA,NA
24GE03I14,FILTERM,ER59,ROT,15.6417634488339,0.0437134464,0.6837553881220799,0.006837553881220799,4.1025323287324795,0.04102532328732479,6,OS,NA,Spring,D,6.1,NA,NA
24GE03I14,KERCRAS,ER59,ROT,31.2835268976678,0.005091723,0.1592870534259738,0.001592870534259738,0.9557223205558427,0.009557223205558428,6,OS,NA,Spring,D,6.1,NA,NA
24GE03I14,NOTACUM,ER59,ROT,15.6417634488339,0.041483232,0.6488709020370969,0.006488709020370968,3.893225412222581,0.03893225412222581,6,OS,NA,Spring,D,6.1,NA,NA
24GE03I14,POLSP,ER59,ROT,46.9252903465017,0.04884699306666667,2.292159332206889,0.02292159332206889,13.752955993241333,0.13752955993241334,6,OS,NA,Spring,D,6.1,NA,NA
24GE03I14,SYNSP,ER59,ROT,2221.13040973441,0.0307065435,68.20323754568248,0.6820323754568248,409.2194252740949,4.092194252740949,6,OS,NA,Spring,D,6.1,NA,NA
24GE13I14,BOSLONG,ER59,NDAP,7989.42024218942,0.47301195661549045,3779.091300981423,37.79091300981423,22674.54780588854,226.7454780588854,6,OS,NA,Summer,N,22.1,NA,NA
24GE13I14,BYTLONG,ER59,PRED,8.17370002456135,70.3889991382979,575.3385639855545,5.753385639855545,3452.031383913327,34.52031383913327,6,OS,NA,Summer,N,22.1,NA,NA
24GE13I14,CHYSPHA,ER59,NDAP,126.816194320467,1.15995984906835,147.10169362339147,1.4710169362339147,882.6101617403488,8.826101617403488,6,OS,NA,Summer,N,22.1,NA,NA
24GE13I14,CYCCOPE,ER59,CYC,3043.58866369121,0.1926961691903238,586.487876084393,5.864878760843929,3518.9272565063575,35.189272565063575,6,OS,NA,Summer,N,22.1,NA,NA
24GE13I14,DAPGALEM,ER59,DAP,634.080971602335,3.411895150526269,2163.417792050992,21.63417792050992,12980.506752305952,129.8050675230595,6,OS,NA,Summer,N,22.1,NA,NA
24GE13I14,DIACOPE,ER59,CAL,15217.943318456,1.610436331342748,24507.528808356168,245.07528808356167,147045.172850137,1470.45172850137,6,OS,NA,Summer,N,22.1,NA,NA
24GE13I14,DIPBIRG,ER59,NDAP,10272.1117399578,1.021538048240934,10493.352978149274,104.93352978149274,62960.11786889564,629.6011786889565,6,OS,NA,Summer,N,22.1,NA,NA
24GE13I14,DIYTHOM,ER59,CYC,126.816194320467,1.28359900356054,162.78114066509127,1.6278114066509126,976.6868439905477,9.766868439905476,6,OS,NA,Summer,N,22.1,NA,NA
24GE13I14,EUBCORE,ER59,NDAP,1394.97813752514,1.0632241612908873,1483.174460289291,14.83174460289291,8899.046761735746,88.99046761735745,6,OS,NA,Summer,N,22.1,NA,NA
24GE13I14,LEOMINU,ER59,CAL,634.080971602335,4.262598772717082,2702.832771355368,27.02832771355368,16216.996628132209,162.16996628132208,6,OS,NA,Summer,N,22.1,NA,NA
24GE13I14,LEOSICO,ER59,CAL,11413.457488842,5.258786809914836,60020.93969784601,600.2093969784602,360125.6381870761,3601.2563818707613,6,OS,NA,Summer,N,22.1,NA,NA
24GE13I14,LETKIND,ER59,PRED,108.699595131829,6.036756705545855,656.1930098021883,6.561930098021882,3937.1580588131296,39.371580588131295,6,OS,NA,Summer,N,22.1,NA,NA
24GE13I14,MESCOPE,ER59,CYC,6467.62591034382,1.0740240247795245,6946.385610995805,69.46385610995804,41678.31366597483,416.78313665974827,6,OS,NA,Summer,N,22.1,NA,NA
24GE13I14,MESEDAX,ER59,CYC,7355.33927058708,4.102733941404944,30177.000075986296,301.77000075986297,181062.0004559178,1810.6200045591777,6,OS,NA,Summer,N,22.1,NA,NA
24GE13I14,SKIOREG,ER59,CAL,760.897165922802,5.644670552172663,4295.013825716077,42.95013825716077,25770.082954296464,257.70082954296464,6,OS,NA,Summer,N,22.1,NA,NA
24GE13I14,SKIREIG,ER59,CAL,507.264777281868,4.787372625266958,2428.4655085213553,24.284655085213554,14570.793051128132,145.70793051128132,6,OS,NA,Summer,N,22.1,NA,NA
24GE13I14,COPNAUP,ER59,NAU,49149.201311326004,0.08603723933846759,4228.66159651708,42.2866159651708,25371.969579102482,253.71969579102483,6,OS,NA,Summer,N,22.1,NA,NA
24GE13I14,DREPOLYV,ER59,DVEL,89024.9684129678,0.1582572007926219,14088.842301687868,140.88842301687868,84533.05381012721,845.330538101272,6,OS,NA,Summer,N,22.1,NA,NA
24GE13I14,ASCOVAL,ER59,ROT,463.671710484207,0.010952076,5.078167812273032,0.050781678122730316,30.46900687363819,0.3046900687363819,6,OS,NA,Summer,N,22.1,NA,NA
24GE13I14,BRAANGU,ER59,ROT,33384.3631548629,0.02339347098,780.9761306490665,7.809761306490665,4685.856783894399,46.85856783894399,6,OS,NA,Summer,N,22.1,NA,NA
24GE13I14,BRAHAVA,ER59,ROT,1854.68684193683,0.16283493929999998,302.0078193272924,3.020078193272924,1812.0469159637544,18.120469159637544,6,OS,NA,Summer,N,22.1,NA,NA
24GE13I14,COLSP,ER59,ROT,5564.06052581049,0.009165915000000002,50.999705834434266,0.5099970583443426,305.99823500660557,3.059982350066056,6,OS,NA,Summer,N,22.1,NA,NA
24GE13I14,CONSP,ER59,ROT,6955.07565726311,0.0276204589655172,192.1023817935033,1.921023817935033,1152.6142907610197,11.526142907610197,6,OS,NA,Summer,N,22.1,NA,NA
24GE13I14,COOUNIC,ER59,ROT,3245.70197338945,0.0075020251428571435,24.3493378105887,0.243493378105887,146.0960268635322,1.460960268635322,6,OS,NA,Summer,N,22.1,NA,NA
24GE13I14,GASSTYL,ER59,ROT,927.343420968415,0.023002719999999997,21.331421056378577,0.21331421056378577,127.98852633827147,1.2798852633827147,6,OS,NA,Summer,N,22.1,NA,NA
24GE13I14,KERCOCH,ER59,ROT,46830.8427589049,0.0011982499,56.11505265277353,0.5611505265277352,336.69031591664117,3.3669031591664114,6,OS,NA,Summer,N,22.1,NA,NA
24GE13I14,KERCRAS,ER59,ROT,13910.1513145262,0.004203392736842104,58.46982900385407,0.5846982900385407,350.81897402312444,3.508189740231244,6,OS,NA,Summer,N,22.1,NA,NA
24GE13I14,POLSP,ER59,ROT,15301.1664459788,0.07055049694,1079.504896525458,10.79504896525458,6477.029379152747,64.77029379152748,6,OS,NA,Summer,N,22.1,NA,NA
24GE13I14,TRICYLI,ER59,ROT,927.343420968415,0.13944862151999998,129.3167617296865,1.2931676172968651,775.900570378119,7.759005703781191,6,OS,NA,Summer,N,22.1,NA,NA
24GE13I14,TRIMULT,ER59,ROT,8809.76249919994,0.0753204946165797,663.5556688943349,6.635556688943349,3981.3340133660095,39.81334013366009,6,OS,NA,Summer,N,22.1,NA,NA
24GE03I34,ACAVERN,ER60,CYC,3.48117442169536,15.3921340222529,53.58270325357372,0.5358270325357372,321.4962195214423,3.214962195214423,6,OS,NA,Spring,D,6.4,NA,NA
24GE03I34,BOSLONG,ER60,NDAP,13.9246976867814,0.7136970016917747,9.938014988520276,0.09938014988520276,59.62808993112166,0.5962808993112165,6,OS,NA,Spring,D,6.4,NA,NA
24GE03I34,CHYSPHA,ER60,NDAP,3.48117442169536,0.88181438160269,3.069749669918396,0.030697496699183962,18.418498019510377,0.18418498019510376,6,OS,NA,Spring,D,6.4,NA,NA
24GE03I34,CYCCOPE,ER60,CYC,36.5523314278013,1.2380978595167944,45.25536330110924,0.4525536330110924,271.53217980665545,2.7153217980665545,6,OS,NA,Spring,D,6.4,NA,NA
24GE03I34,DAPGALEM,ER60,DAP,3.48117442169536,17.057976864165525,59.381792745404255,0.5938179274540425,356.2907564724255,3.562907564724255,6,OS,NA,Spring,D,6.4,NA,NA
24GE03I34,DIACOPE,ER60,CAL,12.1841104759338,2.2400621484861616,27.293164690113016,0.27293164690113014,163.7589881406781,1.6375898814067809,6,OS,NA,Spring,D,6.4,NA,NA
24GE03I34,DIYNANU,ER60,CYC,1.74058721084768,0.401218125691849,0.6983551383395094,0.006983551383395094,4.190130830037056,0.04190130830037056,6,OS,NA,Spring,D,6.4,NA,NA
24GE03I34,DIYTHOM,ER60,CYC,40.0335058494967,5.173283791649558,207.10468693410905,2.0710468693410906,1242.6281216046543,12.426281216046544,6,OS,NA,Spring,D,6.4,NA,NA
24GE03I34,HARCOPE,ER60,CYC,1.74058721084768,0.381288845777813,0.6636664885997348,0.006636664885997348,3.9819989315984086,0.039819989315984086,6,OS,NA,Spring,D,6.4,NA,NA
24GE03I34,HARSP,ER60,CYC,13.9246976867814,1.7058214968326757,23.753048651007944,0.23753048651007944,142.51829190604766,1.4251829190604766,6,OS,NA,Spring,D,6.4,NA,NA
24GE03I34,LEOASHL,ER60,CAL,78.3264244881456,4.045562593427476,316.8744529861637,3.168744529861637,1901.246717916982,19.01246717916982,6,OS,NA,Spring,D,6.4,NA,NA
24GE03I34,LEOMINU,ER60,CAL,74.8452500664503,4.076748318195676,305.1252473333361,3.0512524733333612,1830.7514840000167,18.307514840000167,6,OS,NA,Spring,D,6.4,NA,NA
24GE03I34,LEOSICI,ER60,CAL,109.656994283404,10.441273392048021,1144.9586566632681,11.449586566632682,6869.751939979609,68.697519399796093,6,OS,NA,Spring,D,6.4,NA,NA
24GE03I34,MESCOPE,ER60,CYC,1.74058721084768,3.68031707853301,6.405912838758854,0.06405912838758854,38.43547703255312,0.3843547703255312,6,OS,NA,Spring,D,6.4,NA,NA
24GE03I34,SKIOREG,ER60,CAL,1.74058721084768,10.8741169355306,18.927348867246728,0.1892734886724673,113.56409320348037,1.1356409320348038,6,OS,NA,Spring,D,6.4,NA,NA
24GE03I34,COPNAUP,ER60,NAU,2898.62163956478,0.08849740551898069,256.520494682657,2.56520494682657,1539.1229680959418,15.39122968095942,6,OS,NA,Spring,D,6.4,NA,NA
24GE03I34,DREPOLYV,ER60,DVEL,6924.9262183575,0.09099321166516725,630.1212771526701,6.301212771526702,3780.7276629160206,37.807276629160214,6,OS,NA,Spring,D,6.4,NA,NA
24GE03I34,BRARUBE,ER60,ROT,7.94142914949255,0.0394149888,0.3130113409832424,0.003130113409832424,1.8780680458994543,0.018780680458994545,6,OS,NA,Spring,D,6.4,NA,NA
24GE03I34,BRAURCE,ER60,ROT,7.94142914949255,0.0795770976,0.6319558825126536,0.006319558825126536,3.791735295075921,0.037917352950759216,6,OS,NA,Spring,D,6.4,NA,NA
24GE03I34,COOUNIC,ER60,ROT,23.8242874484776,0.025740407333333336,0.6132468633502343,0.006132468633502343,3.679481180101406,0.03679481180101406,6,OS,NA,Spring,D,6.4,NA,NA
24GE03I34,ENCSP,ER60,ROT,174.711441288836,0.13911639105,24.305225187246826,0.24305225187246826,145.83135112348094,1.4583135112348096,6,OS,NA,Spring,D,6.4,NA,NA
24GE03I34,EUCMENE,ER60,ROT,7.94142914949255,0.094488576,0.7503743317404422,0.007503743317404422,4.5022459904426535,0.045022459904426534,6,OS,NA,Spring,D,6.4,NA,NA
24GE03I34,KERCOCH,ER60,ROT,47.6485748969553,0.0017754536666666667,0.08459783701224058,8.459783701224058e-4,0.5075870220734435,0.005075870220734435,6,OS,NA,Spring,D,6.4,NA,NA
24GE03I34,KERCRAS,ER60,ROT,7.94142914949255,0.003286064,0.026096044436698086,2.6096044436698084e-4,0.15657626662018853,0.001565762666201885,6,OS,NA,Spring,D,6.4,NA,NA
24GE03I34,KERSP,ER60,ROT,7.94142914949255,0.003631696,0.028840856476495494,2.8840856476495494e-4,0.17304513885897296,0.0017304513885897297,6,OS,NA,Spring,D,6.4,NA,NA
24GE03I34,MONSP,ER60,ROT,7.94142914949255,0.0185450496,0.14727419747222514,0.0014727419747222513,0.8836451848333509,0.008836451848333508,6,OS,NA,Spring,D,6.4,NA,NA
24GE03I34,NOOSP,ER60,ROT,23.8242874484776,0.011706313500000001,0.2788945777859939,0.002788945777859939,1.6733674667159635,0.016733674667159634,6,OS,NA,Spring,D,6.4,NA,NA
24GE03I34,NOTACUM,ER60,ROT,87.355720644418,0.03311383281818182,2.8926827291310517,0.028926827291310516,17.35609637478631,0.1735609637478631,6,OS,NA,Spring,D,6.4,NA,NA
24GE03I34,NOTLAUR,ER60,ROT,7.94142914949255,0.015438304,0.12260219740432743,0.0012260219740432743,0.7356131844259646,0.007356131844259646,6,OS,NA,Spring,D,6.4,NA,NA
24GE03I34,NOTSQUA,ER60,ROT,87.355720644418,0.00727975659090909,0.6359283831148151,0.0063592838311481515,3.8155702986888906,0.03815570298688891,6,OS,NA,Spring,D,6.4,NA,NA
24GE03I34,POLSP,ER60,ROT,23.8242874484776,0.036030250666666666,0.8583950487233684,0.008583950487233684,5.15037029234021,0.0515037029234021,6,OS,NA,Spring,D,6.4,NA,NA
24GE03I34,POLVULG,ER60,ROT,7.94142914949255,0.0506053856,0.4018790843251505,0.0040187908432515055,2.411274505950903,0.024112745059509035,6,OS,NA,Spring,D,6.4,NA,NA
24GE03I34,POMSULC,ER60,ROT,7.94142914949255,0.006328125,0.05025435633663255,5.025435633663255e-4,0.3015261380197953,0.003015261380197953,6,OS,NA,Spring,D,6.4,NA,NA
24GE03I34,PROSP,ER60,ROT,7.94142914949255,0.016010036,0.1271425665748251,0.0012714256657482509,0.7628553994489505,0.007628553994489505,6,OS,NA,Spring,D,6.4,NA,NA
24GE03I34,SYNSP,ER60,ROT,182.652870438329,0.03412155600000001,6.232400147222189,0.06232400147222189,37.394400883333134,0.37394400883333134,6,OS,NA,Spring,D,6.4,NA,NA
24GE13I34,BOSLONG,ER60,NDAP,6979.41983742284,0.8688925709087421,6064.366045989806,60.64366045989806,36386.19627593883,363.86196275938835,6,OS,NA,Summer,N,8.1,NA,NA
24GE13I34,CECPENG,ER60,PRED,0.813831604177104,1.7790601703486,1.447855392362393,0.014478553923623929,8.687132354174357,0.08687132354174357,6,OS,NA,Summer,N,8.1,NA,NA
24GE13I34,CERSP,ER60,NDAP,34.7234817782231,1.782239540853792,61.88556222126536,0.6188556222126536,371.31337332759216,3.7131337332759213,6,OS,NA,Summer,N,8.1,NA,NA
24GE13I34,CHYSPHA,ER60,NDAP,69.4469635564462,0.690604756788781,47.96040337661887,0.4796040337661887,287.7624202597132,2.8776242025971324,6,OS,NA,Summer,N,8.1,NA,NA
24GE13I34,CYCCOPE,ER60,CYC,711.831376453573,0.31351758077064096,223.1716510623596,2.231716510623596,1339.0299063741575,13.390299063741576,6,OS,NA,Summer,N,8.1,NA,NA
24GE13I34,DIACOPE,ER60,CAL,34.7234817782231,0.996709626558413,34.60922855598061,0.3460922855598061,207.65537133588364,2.0765537133588365,6,OS,NA,Summer,N,8.1,NA,NA
24GE13I34,DIPBIRG,ER60,NDAP,96.7296992393358,0.6284516685772862,60.789940887939636,0.6078994088793963,364.73964532763785,3.647396453276378,6,OS,NA,Summer,N,8.1,NA,NA
24GE13I34,EPICOPE,ER60,CAL,17.3617408891115,0.910531194143048,15.808406664164876,0.15808406664164876,94.85043998498925,0.9485043998498925,6,OS,NA,Summer,N,8.1,NA,NA
24GE13I34,EPILACU,ER60,CAL,29.7629843813341,12.84241951516155,382.22873144829344,3.8222873144829346,2293.3723886897606,22.933723886897607,6,OS,NA,Summer,N,8.1,NA,NA
24GE13I34,EURAFFI,ER60,CYC,364.596558671342,5.472856161504336,1995.3845225877312,19.953845225877313,11972.307135526387,119.72307135526387,6,OS,NA,Summer,N,8.1,NA,NA
24GE13I34,EURCOPE,ER60,CAL,1718.81234802204,1.5636041403628431,2687.542103874042,26.87542103874042,16125.25262324425,161.2525262324425,6,OS,NA,Summer,N,8.1,NA,NA
24GE13I34,HARCOPE,ER60,CYC,17.3617408891115,0.207666884554633,3.6054586408865688,0.03605458640886569,21.63275184531941,0.21632751845319415,6,OS,NA,Summer,N,8.1,NA,NA
24GE13I34,HARSP,ER60,CYC,34.7234817782231,0.5938696822271855,20.62122308945482,0.20621223089454818,123.72733853672892,1.237273385367289,6,OS,NA,Summer,N,8.1,NA,NA
24GE13I34,LETKIND,ER60,PRED,81.8482070486687,3.5569196478917693,291.1274957961233,2.911274957961233,1746.7649747767398,17.4676497477674,6,OS,NA,Summer,N,8.1,NA,NA
24GE13I34,MESCOPE,ER60,CYC,34.7234817782231,1.5930678348954102,55.31686193646411,0.5531686193646411,331.90117161878464,3.3190117161878465,6,OS,NA,Summer,N,8.1,NA,NA
24GE13I34,MESEDAX,ER60,CYC,17.3617408891115,1.94141258251266,33.7063022164456,0.337063022164456,202.2378132986736,2.022378132986736,6,OS,NA,Summer,N,8.1,NA,NA
24GE13I34,MICRUBE,ER60,CYC,17.3617408891115,0.343679589247166,5.966875977385567,0.05966875977385567,35.801255864313404,0.358012558643134,6,OS,NA,Summer,N,8.1,NA,NA
24GE13I34,TROPRASM,ER60,CYC,17.3617408891115,0.302286544405158,5.24822065822725,0.052482206582272505,31.489323949363502,0.314893239493635,6,OS,NA,Summer,N,8.1,NA,NA
24GE13I34,COPNAUP,ER60,NAU,2794.69772874417,0.11560782273537168,323.08891962360184,3.2308891962360184,1938.533517741611,19.38533517741611,6,OS,NA,Summer,N,8.1,NA,NA
24GE13I34,DREPOLYV,ER60,DVEL,85320.4777187192,0.1778997549346239,15178.492077065184,151.78492077065184,91070.95246239111,910.709524623911,6,OS,NA,Summer,N,8.1,NA,NA
24GE13I34,ASCOVAL,ER60,ROT,4109.84960109437,0.010617669000000003,43.637022704202074,0.4363702270420207,261.82213622521243,2.6182213622521244,6,OS,NA,Summer,N,8.1,NA,NA
24GE13I34,ASPHERR,ER60,ROT,164.393984043775,1.01701773888,167.19159793767483,1.6719159793767482,1003.149587626049,10.03149587626049,6,OS,NA,Summer,N,8.1,NA,NA
24GE13I34,COLSP,ER60,ROT,1315.1518723502,0.018027945,23.709485621376427,0.23709485621376428,142.25691372825855,1.4225691372825857,6,OS,NA,Summer,N,8.1,NA,NA
24GE13I34,CONSP,ER60,ROT,328.78796808755,0.025346412,8.333595299789893,0.08333595299789893,50.00157179873936,0.5000157179873936,6,OS,NA,Summer,N,8.1,NA,NA
24GE13I34,COOUNIC,ER60,ROT,6740.15334579477,0.0121952961,82.1981658113729,0.821981658113729,493.1889948682374,4.931889948682374,6,OS,NA,Summer,N,8.1,NA,NA
24GE13I34,GASSTYL,ER60,ROT,4438.63756918192,0.018991109,84.29464988782888,0.8429464988782889,505.7678993269733,5.057678993269733,6,OS,NA,Summer,N,8.1,NA,NA
24GE13I34,KELLONG,ER60,ROT,164.393984043775,0.00526176,0.8650016894821735,0.008650016894821734,5.190010136893041,0.051900101368930404,6,OS,NA,Summer,N,8.1,NA,NA
24GE13I34,KERCOCH,ER60,ROT,8384.09318623252,0.0010797465,9.052695273508412,0.09052695273508413,54.316171641050474,0.5431617164105047,6,OS,NA,Summer,N,8.1,NA,NA
24GE13I34,KERCOCHT,ER60,ROT,164.393984043775,0.001185408,0.19487394383736323,0.0019487394383736322,1.1692436630241794,0.011692436630241793,6,OS,NA,Summer,N,8.1,NA,NA
24GE13I34,KERCRAS,ER60,ROT,1972.7278085253,0.0031132485,6.141591890799678,0.061415918907996775,36.849551344798066,0.36849551344798065,6,OS,NA,Summer,N,8.1,NA,NA
24GE13I34,KEREARL,ER60,ROT,2301.51577661285,0.0017123458571428574,3.9409910052319397,0.0394099100523194,23.645946031391638,0.2364594603139164,6,OS,NA,Summer,N,8.1,NA,NA
24GE13I34,KERVALGT,ER60,ROT,164.393984043775,0.0290993472,4.783757619281069,0.047837576192810684,28.702545715686412,0.2870254571568641,6,OS,NA,Summer,N,8.1,NA,NA
24GE13I34,PLOTRUN,ER60,ROT,3287.8796808755,0.0175817235,57.80659145042128,0.5780659145042129,346.8395487025277,3.468395487025277,6,OS,NA,Summer,N,8.1,NA,NA
24GE13I34,POLMAJO,ER60,ROT,328.78796808755,0.16565087,54.46401295923489,0.544640129592349,326.7840777554094,3.2678407775540936,6,OS,NA,Summer,N,8.1,NA,NA
24GE13I34,POLREMA,ER60,ROT,328.78796808755,0.015283960999999999,5.025182481519358,0.05025182481519358,30.151094889116145,0.3015109488911615,6,OS,NA,Summer,N,8.1,NA,NA
24GE13I34,POLSP,ER60,ROT,16768.186372465,0.04840443916,811.6546570895232,8.116546570895231,4869.927942537139,48.69927942537139,6,OS,NA,Summer,N,8.1,NA,NA
24GE13I34,POLVULG,ER60,ROT,3452.27366491927,0.048391549359999994,167.06087146016893,1.6706087146016892,1002.3652287610136,10.023652287610135,6,OS,NA,Summer,N,8.1,NA,NA
24GE13I34,ROTBDEL,ER60,ROT,328.78796808755,0.01698011,5.582855864803088,0.05582855864803088,33.49713518881853,0.3349713518881853,6,OS,NA,Summer,N,8.1,NA,NA
24GE13I34,SYNSP,ER60,ROT,6082.57740961967,0.026513087499999997,161.26790708676964,1.6126790708676964,967.6074425206178,9.676074425206178,6,OS,NA,Summer,N,8.1,NA,NA
24GE13I34,TRICYLI,ER60,ROT,5096.21350535702,0.10458737636879997,532.9995999405361,5.3299959994053605,3197.9975996432167,31.979975996432163,6,OS,NA,Summer,N,8.1,NA,NA
24GE13I34,TRIMULT,ER60,ROT,328.78796808755,0.094031630836,30.91646883852705,0.3091646883852705,185.49881303116229,1.854988130311623,6,OS,NA,Summer,N,8.1,NA,NA
24GE13I34,TRISIMI,ER60,ROT,164.393984043775,0.01771075072,2.911540871266957,0.029115408712669568,17.46924522760174,0.1746924522760174,6,OS,NA,Summer,N,8.1,NA,NA
24GE13I34,TRISP,ER60,ROT,164.393984043775,0.010862377552,1.7857095219609478,0.017857095219609476,10.714257131765686,0.10714257131765687,6,OS,NA,Summer,N,8.1,NA,NA
24GE03I54,ACAVERN,ER61,CYC,1.32284628024424,6.43178216442947,8.508259111556772,0.08508259111556772,59.557813780897405,0.5955781378089741,7,OS,NA,Spring,N,7.1,NA,NA
24GE03I54,BOSLONG,ER61,NDAP,7.93707768146543,0.9362769508565875,7.431302890314326,0.07431302890314326,52.01912023220028,0.5201912023220028,7,OS,NA,Spring,N,7.1,NA,NA
24GE03I54,CHYSPHA,ER61,NDAP,1.32284628024424,1.23213891892678,1.62993038564645,0.0162993038564645,11.40951269952515,0.11409512699525151,7,OS,NA,Spring,N,7.1,NA,NA
24GE03I54,CYCCOPE,ER61,CYC,17.1970016431751,1.6393596773864512,28.192071065769802,0.281920710657698,197.34449746038862,1.9734449746038862,7,OS,NA,Spring,N,7.1,NA,NA
24GE03I54,DIACOPE,ER61,CAL,9.25992396170967,2.3085647673174674,21.377134206041728,0.21377134206041729,149.6399394422921,1.496399394422921,7,OS,NA,Spring,N,7.1,NA,NA
24GE03I54,DIYTHOM,ER61,CYC,27.779771885129,5.699662409113223,158.33532154741016,1.5833532154741017,1108.3472508318712,11.083472508318712,7,OS,NA,Spring,N,7.1,NA,NA
24GE03I54,EUYPRIO,ER61,CYC,1.32284628024424,2.55833882096419,3.3842889929169133,0.03384288992916913,23.690022950418392,0.23690022950418393,7,OS,NA,Spring,N,7.1,NA,NA
24GE03I54,HARSP,ER61,CYC,17.1970016431751,1.7423309562610974,29.962868317776934,0.29962868317776936,209.74007822443855,2.0974007822443856,7,OS,NA,Spring,N,7.1,NA,NA
24GE03I54,LEOASHL,ER61,CAL,59.5280826109907,4.593879773602987,273.4648546679979,2.734648546679979,1914.2539826759853,19.142539826759855,7,OS,NA,Spring,N,7.1,NA,NA
24GE03I54,LEOMINU,ER61,CAL,92.5992396170966,4.626007747874276,428.3647999159555,4.283647999159554,2998.553599411688,29.98553599411688,7,OS,NA,Spring,N,7.1,NA,NA
24GE03I54,LEOSICI,ER61,CAL,31.7483107258617,12.817882972886613,406.9461314709361,4.069461314709361,2848.622920296553,28.48622920296553,7,OS,NA,Spring,N,7.1,NA,NA
24GE03I54,MESCOPE,ER61,CYC,5.29138512097695,2.1923610768754296,11.600626781987652,0.11600626781987651,81.20438747391356,0.8120438747391355,7,OS,NA,Spring,N,7.1,NA,NA
24GE03I54,MICRUBE,ER61,CYC,1.32284628024424,0.780818315230427,1.0329026038491447,0.010329026038491446,7.2303182269440125,0.07230318226944012,7,OS,NA,Spring,N,7.1,NA,NA
24GE03I54,PARCHIT,ER61,CYC,3.96853884073271,1.4679745328158866,5.8257139506863,0.058257139506862995,40.7799976548041,0.40779997654804095,7,OS,NA,Spring,N,7.1,NA,NA
24GE03I54,SKIOREG,ER61,CAL,5.29138512097695,9.807055986744034,51.89291012884531,0.518929101288453,363.25037090191717,3.632503709019171,7,OS,NA,Spring,N,7.1,NA,NA
24GE03I54,COPNAUP,ER61,NAU,2350.03641685389,0.07769213155868264,182.57933846590757,1.8257933846590757,1278.055369261353,12.78055369261353,7,OS,NA,Spring,N,7.1,NA,NA
24GE03I54,DREPOLYV,ER61,DVEL,1709.11739407556,0.1415054421517397,241.84941253789128,2.418494125378913,1692.945887765239,16.92945887765239,7,OS,NA,Spring,N,7.1,NA,NA
24GE03I54,ENCSP,ER61,ROT,33.7325801462281,0.129580031,4.371068781058223,0.043710687810582224,30.597481467407558,0.30597481467407556,7,OS,NA,Spring,N,7.1,NA,NA
24GE03I54,EUCSP,ER61,ROT,11.244193382076,0.094488576,1.0624478209409853,0.010624478209409854,7.4371347465868975,0.07437134746586897,7,OS,NA,Spring,N,7.1,NA,NA
24GE03I54,GASSTYL,ER61,ROT,11.244193382076,0.0390625,0.43922630398734375,0.0043922630398734374,3.074584127911406,0.03074584127911406,7,OS,NA,Spring,N,7.1,NA,NA
24GE03I54,KERQUAD,ER61,ROT,11.244193382076,0.0568346625,0.6390599359550231,0.006390599359550231,4.473419551685161,0.044734195516851614,7,OS,NA,Spring,N,7.1,NA,NA
24GE03I54,NOOSP,ER61,ROT,33.7325801462281,0.01608715616666667,0.5426612847169711,0.00542661284716971,3.7986289930187973,0.037986289930187975,7,OS,NA,Spring,N,7.1,NA,NA
24GE03I54,NOTACUM,ER61,ROT,56.2209669103801,0.04381025110000001,2.463054677428544,0.02463054677428544,17.241382741999807,0.17241382741999808,7,OS,NA,Spring,N,7.1,NA,NA
24GE03I54,NOTLAUR,ER61,ROT,11.244193382076,0.009604,0.1079892332414579,0.001079892332414579,0.7559246326902053,0.007559246326902053,7,OS,NA,Spring,N,7.1,NA,NA
24GE03I54,NOTSP,ER61,ROT,11.244193382076,0.0102347245,0.1150812214902711,0.001150812214902711,0.8055685504318977,0.008055685504318977,7,OS,NA,Spring,N,7.1,NA,NA
24GE03I54,POLSP,ER61,ROT,11.244193382076,0.0493296804,0.5546724658936042,0.005546724658936042,3.8827072612552294,0.0388270726125523,7,OS,NA,Spring,N,7.1,NA,NA
24GE03I54,ROTBDEL,ER61,ROT,11.244193382076,0.02515456,0.2828427370810337,0.002828427370810337,1.979899159567236,0.01979899159567236,7,OS,NA,Spring,N,7.1,NA,NA
24GE03I54,SYNSP,ER61,ROT,146.174513966988,0.038054003076923075,5.562525404267497,0.05562525404267497,38.93767782987248,0.38937677829872475,7,OS,NA,Spring,N,7.1,NA,NA
24GE13I54,ACRHARP,ER61,NDAP,36.459655867134266,1.5767475143792566,57.487671763627034,0.5748767176362704,402.41370234538925,4.024137023453893,7,OS,NA,Summer,N,9,NA,NA
24GE13I54,BOSLONG,ER61,NDAP,7073.173238224066,0.6730522441772457,4760.615121441144,47.60615121441144,33324.30585008801,333.24305850088007,7,OS,NA,Summer,N,9,NA,NA
24GE13I54,CERSP,ER61,NDAP,85.07253035664667,2.0858192268336544,177.44591949328336,1.7744591949328337,1242.1214364529835,12.421214364529835,7,OS,NA,Summer,N,9,NA,NA
24GE13I54,CHYSPHA,ER61,NDAP,133.68540484615866,0.6298724583376937,84.20475459431978,0.8420475459431978,589.4332821602385,5.894332821602385,7,OS,NA,Summer,N,9,NA,NA
24GE13I54,CYCCOPE,ER61,CYC,328.136902804208,0.39950401976436634,131.09201170331025,1.3109201170331024,917.6440819231717,9.176440819231717,7,OS,NA,Summer,N,9,NA,NA
24GE13I54,DIACOPE,ER61,CAL,85.07253035664667,2.725378880239682,231.85487752255406,2.3185487752255405,1622.9841426578785,16.229841426578783,7,OS,NA,Summer,N,9,NA,NA
24GE13I54,DIPBIRG,ER61,NDAP,5.208522266733467,0.554415589151107,2.8876859411176943,0.028876859411176944,20.21380158782386,0.2021380158782386,7,OS,NA,Summer,N,9,NA,NA
24GE13I54,EPICOPE,ER61,CAL,48.612874489512336,1.5034777897890037,73.08837709278225,0.7308837709278225,511.61863964947577,5.116186396494758,7,OS,NA,Summer,N,9,NA,NA
24GE13I54,EPILACU,ER61,CAL,5.208522266733467,22.2485225480694,115.88192509354107,1.1588192509354107,811.1734756547875,8.111734756547875,7,OS,NA,Summer,N,9,NA,NA
24GE13I54,EUBCORE,ER61,NDAP,12.153218622378068,1.32831027795482,16.143245206336704,0.16143245206336704,113.00271644435693,1.1300271644435693,7,OS,NA,Summer,N,9,NA,NA
24GE13I54,EURAFFI,ER61,CYC,24.306437244756136,6.813177908060634,165.6040812596347,1.656040812596347,1159.228568817443,11.59228568817443,7,OS,NA,Summer,N,9,NA,NA
24GE13I54,EURCOPE,ER61,CAL,243.06437244756202,2.171971734386797,527.9289465925697,5.279289465925697,3695.502626147988,36.95502626147987,7,OS,NA,Summer,N,9,NA,NA
24GE13I54,EUYAGIL,ER61,CYC,36.459655867134266,0.9124581497735038,33.267910133904,0.33267910133904005,232.87537093732803,2.3287537093732804,7,OS,NA,Summer,N,9,NA,NA
24GE13I54,HARSP,ER61,CYC,36.459655867134266,0.766536444137153,27.94765496285739,0.2794765496285739,195.6335847400017,1.9563358474000172,7,OS,NA,Summer,N,9,NA,NA
24GE13I54,LEOMINU,ER61,CAL,12.153218622378068,3.07394574340614,37.35833465294329,0.3735833465294329,261.508342570603,2.6150834257060307,7,OS,NA,Summer,N,9,NA,NA
24GE13I54,LETKIND,ER61,PRED,20.834089066933867,19.43416415438045,404.8931069337758,4.048931069337758,2834.2517485364306,28.342517485364308,7,OS,NA,Summer,N,9,NA,NA
24GE13I54,MESCOPE,ER61,CYC,24.306437244756136,2.1214914220394503,51.565898115090356,0.5156589811509036,360.9612868056325,3.609612868056325,7,OS,NA,Summer,N,9,NA,NA
24GE13I54,MICRUBE,ER61,CYC,12.153218622378068,0.410432973736859,4.988081659656803,0.04988081659656803,34.916571617597626,0.34916571617597625,7,OS,NA,Summer,N,9,NA,NA
24GE13I54,PARCHIT,ER61,CYC,12.153218622378068,1.60854177347799,19.54895983630575,0.19548959836305752,136.84271885414026,1.3684271885414026,7,OS,NA,Summer,N,9,NA,NA
24GE13I54,SIDCRYS,ER61,NDAP,20.834089066933867,11.598496843719694,241.64411628460743,2.4164411628460742,1691.508813992252,16.91508813992252,7,OS,NA,Summer,N,9,NA,NA
24GE13I54,TROPRASM,ER61,CYC,12.153218622378068,0.317344597676357,3.8567582741913773,0.03856758274191377,26.99730791933964,0.2699730791933964,7,OS,NA,Summer,N,9,NA,NA
24GE13I54,COPNAUP,ER61,NAU,2153.39842465262,0.11031161565114113,237.54485936405263,2.375448593640526,1662.8140155483684,16.62814015548368,7,OS,NA,Summer,N,9,NA,NA
24GE13I54,DREPOLYV,ER61,DVEL,33258.042336301536,0.1469631257554172,4887.705858248872,48.877058582488715,34213.941007742105,342.139410077421,7,OS,NA,Summer,N,9,NA,NA
24GE13I54,ASCOVAL,ER61,ROT,1794.4986872105135,0.0122783408,22.03346644672329,0.22033466446723288,154.23426512706303,1.5423426512706302,7,OS,NA,Summer,N,9,NA,NA
24GE13I54,ASPHERR,ER61,ROT,239.26649162806868,2.75621774844,659.4705508322536,6.594705508322536,4616.293855825776,46.16293855825776,7,OS,NA,Summer,N,9,NA,NA
24GE13I54,ASPPRIO,ER61,ROT,358.89973744210266,1.77519683185,637.1176768590175,6.371176768590175,4459.823738013122,44.59823738013122,7,OS,NA,Summer,N,9,NA,NA
24GE13I54,BRAANGU,ER61,ROT,837.4327206982399,0.019593263485714284,16.408039948199193,0.16408039948199193,114.85627963739435,1.1485627963739435,7,OS,NA,Summer,N,9,NA,NA
24GE13I54,BRABUDA,ER61,ROT,119.633245814034,0.0222440988,2.6611337396520587,0.026611337396520586,18.62793617756441,0.1862793617756441,7,OS,NA,Summer,N,9,NA,NA
24GE13I54,COLSP,ER61,ROT,2631.931407908753,0.015439148999999996,40.63478116448301,0.4063478116448301,284.44346815138107,2.8444346815138104,7,OS,NA,Summer,N,9,NA,NA
24GE13I54,CONSP,ER61,ROT,837.4327206982399,0.02214976771428571,18.548940239808317,0.18548940239808318,129.84258167865823,1.2984258167865823,7,OS,NA,Summer,N,9,NA,NA
24GE13I54,COOUNIC,ER61,ROT,7177.994748842067,0.015058210700000001,108.08775733155743,1.0808775733155742,756.614301320902,7.56614301320902,7,OS,NA,Summer,N,9,NA,NA
24GE13I54,FILLONG,ER61,ROT,119.633245814034,0.02855790756,3.41647517505994,0.0341647517505994,23.91532622541958,0.2391532622541958,7,OS,NA,Summer,N,9,NA,NA
24GE13I54,GASSTYL,ER61,ROT,4426.430095119266,0.021682919000000002,95.97792521163335,0.9597792521163335,671.8454764814335,6.718454764814335,7,OS,NA,Summer,N,9,NA,NA
24GE13I54,KELLONG,ER61,ROT,239.26649162806868,0.00716499462,1.7143431252613872,0.01714343125261387,12.000401876829711,0.1200040187682971,7,OS,NA,Summer,N,9,NA,NA
24GE13I54,KERCOCH,ER61,ROT,3947.897111863133,9.428885000000002e-4,3.7224267859589624,0.03722426785958963,26.056987501712737,0.26056987501712736,7,OS,NA,Summer,N,9,NA,NA
24GE13I54,KERCOCHT,ER61,ROT,239.26649162806868,0.0012078430000000001,0.28899635704752136,0.0028899635704752137,2.0229744993326495,0.020229744993326495,7,OS,NA,Summer,N,9,NA,NA
24GE13I54,KERCRAS,ER61,ROT,3708.63062023506,0.0033084577999999997,12.269847902835522,0.12269847902835522,85.88893531984866,0.8588893531984866,7,OS,NA,Summer,N,9,NA,NA
24GE13I54,KEREARL,ER61,ROT,2990.83114535086,0.0016454011999999997,4.9211171555576785,0.049211171555576784,34.44782008890375,0.34447820088903747,7,OS,NA,Summer,N,9,NA,NA
24GE13I54,PLOTRUN,ER61,ROT,1914.1319330245467,0.02073261625,39.68496281926863,0.39684962819268627,277.7947397348804,2.777947397348804,7,OS,NA,Summer,N,9,NA,NA
24GE13I54,POLSP,ER61,ROT,5144.229570003473,0.04427498614000001,227.76069291288195,2.2776069291288197,1594.3248503901737,15.943248503901739,7,OS,NA,Summer,N,9,NA,NA
24GE13I54,POLVULG,ER61,ROT,1315.96570395438,0.0480343416,63.21154615762916,0.6321154615762916,442.4808231034041,4.424808231034041,7,OS,NA,Summer,N,9,NA,NA
24GE13I54,SYNSP,ER61,ROT,2273.0316704666534,0.036937264210526316,83.95957137092077,0.8395957137092077,587.7169995964454,5.877169995964454,7,OS,NA,Summer,N,9,NA,NA
24GE13I54,TRICYLI,ER61,ROT,18662.78634698933,0.0953750369988,1779.9639383448068,17.799639383448067,12459.747568413648,124.59747568413647,7,OS,NA,Summer,N,9,NA,NA
24GE13I54,TRIMULT,ER61,ROT,358.89973744210266,0.08473515197333333,30.411423795345996,0.30411423795346,212.87996656742197,2.12879966567422,7,OS,NA,Summer,N,9,NA,NA
24GE13I54,TRISIMI,ER61,ROT,239.26649162806868,0.024347338756,5.825502324628226,0.05825502324628226,40.77851627239758,0.4077851627239758,7,OS,NA,Summer,N,9,NA,NA
24GE00I34,ACAVERN,ER63,CYC,507.972971613787,8.47804185372581,4306.616113903159,43.06616113903159,86132.32227806319,861.3232227806318,20,OS,NA,Spring,N,45.6,NA,NA
24GE00I34,BOSLONG,ER63,NDAP,6434.32430710797,1.4699627564171824,9458.217094158508,94.58217094158508,189164.34188317016,1891.6434188317016,20,OS,NA,Spring,N,45.6,NA,NA
24GE00I34,CYCCOPE,ER63,CYC,13715.2702335723,0.26139580651615735,3585.1141242916774,35.851141242916775,71702.28248583355,717.0228248583355,20,OS,NA,Spring,N,45.6,NA,NA
24GE00I34,DAPGALEM,ER63,DAP,1467.47747355094,3.6363191565507287,5336.216448879948,53.36216448879948,106724.32897759895,1067.2432897759895,20,OS,NA,Spring,N,45.6,NA,NA
24GE00I34,DIYTHOM,ER63,CYC,5079.72971613787,5.518146457813472,28030.692539756023,280.30692539756024,560613.8507951205,5606.138507951205,20,OS,NA,Spring,N,45.6,NA,NA
24GE00I34,MESCOPE,ER63,CYC,846.621619356312,1.6353120344806524,1384.490522784875,13.84490522784875,27689.8104556975,276.898104556975,20,OS,NA,Spring,N,45.6,NA,NA
24GE00I34,SKIOREG,ER63,CAL,5418.3783638804,8.767762242071944,47507.053232090126,475.07053232090124,950141.0646418026,9501.410646418024,20,OS,NA,Spring,N,45.6,NA,NA
24GE00I34,COPNAUP,ER63,NAU,78799.3072215888,0.08063788333019216,6354.209342234446,63.54209342234446,127084.18684468893,1270.841868446889,20,OS,NA,Spring,N,45.6,NA,NA
24GE00I34,COUSP,ER63,ROT,359.814188226433,0.018144,6.5284686311804,0.065284686311804,130.569372623608,1.30569372623608,20,OS,NA,Spring,N,45.6,NA,NA
24GE00I34,KELLONG,ER63,ROT,2518.69931758503,0.0051242530199999995,12.906452584607027,0.12906452584607028,258.12905169214054,2.5812905169214058,20,OS,NA,Spring,N,45.6,NA,NA
24GE00I34,KERCOCH,ER63,ROT,7556.09795275509,0.0025724259,19.43750207660417,0.19437502076604168,388.7500415320834,3.887500415320834,20,OS,NA,Spring,N,45.6,NA,NA
24GE00I34,KEREARL,ER63,ROT,1079.4425646793,0.0036626886666666666,3.9536620479684723,0.039536620479684724,79.07324095936944,0.7907324095936945,20,OS,NA,Spring,N,45.6,NA,NA
24GE00I34,KERQUAD,ER63,ROT,719.628376452865,0.06407040254999999,46.10687976573799,0.46106879765737996,922.1375953147599,9.2213759531476,20,OS,NA,Spring,N,45.6,NA,NA
24GE00I34,NOTLAUR,ER63,ROT,58649.7126809085,0.030262698200000004,1774.898554379047,17.74898554379047,35497.97108758094,354.9797108758094,20,OS,NA,Spring,N,45.6,NA,NA
24GE00I34,POLSP,ER63,ROT,359.814188226433,0.0232099868,8.351282559188224,0.08351282559188224,167.02565118376447,1.6702565118376447,20,OS,NA,Spring,N,45.6,NA,NA
24GE00I34,SYNSP,ER63,ROT,8635.54051743439,0.0968909475,836.7057029088584,8.367057029088583,16734.11405817717,167.34114058177167,20,OS,NA,Spring,N,45.6,NA,NA
24GE10I34,BOSLONG,ER63,NDAP,360.499968124474,0.49225255816742564,177.4570315285477,1.774570315285477,3549.1406305709543,35.49140630570954,20,OS,NA,Summer,N,45.4,NA,NA
24GE10I34,BYTLONG,ER63,PRED,35.7171488305142,85.69307216170131,3060.7122121434786,30.607122121434784,61214.24424286957,612.1424424286956,20,OS,NA,Summer,N,45.4,NA,NA
24GE10I34,CYCCOPE,ER63,CYC,73.7386298436423,0.1804041025950837,13.302751343533345,0.13302751343533345,266.0550268706669,2.660550268706669,20,OS,NA,Summer,N,45.4,NA,NA
24GE10I34,DAPGALEM,ER63,DAP,8.19318109373803,1.05757105560836,8.664871178094986,0.08664871178094985,173.2974235618997,1.732974235618997,20,OS,NA,Summer,N,45.4,NA,NA
24GE10I34,DIACOPE,ER63,CAL,2482.53387140262,2.0087767673796795,4986.856365106716,49.86856365106716,99737.12730213432,997.3712730213433,20,OS,NA,Summer,N,45.4,NA,NA
24GE10I34,EPICOPE,ER63,CAL,614.488582030353,2.3492126004725593,1443.564319752221,14.43564319752221,28871.286395044423,288.7128639504442,20,OS,NA,Summer,N,45.4,NA,NA
24GE10I34,EPILACU,ER63,CAL,129.920443057846,13.772332100667745,1789.3074884585483,17.893074884585484,35786.14976917097,357.8614976917097,20,OS,NA,Summer,N,45.4,NA,NA
24GE10I34,LEOMINU,ER63,CAL,24.5795432812141,2.692529448923977,66.18114412577044,0.6618114412577044,1323.622882515409,13.236228825154088,20,OS,NA,Summer,N,45.4,NA,NA
24GE10I34,LETKIND,ER63,PRED,70.2272665177546,8.770595629235729,615.9349567737911,6.159349567737911,12318.699135475821,123.18699135475822,20,OS,NA,Summer,N,45.4,NA,NA
24GE10I34,MESCOPE,ER63,CYC,73.7386298436423,0.5707234287960801,42.08436365908849,0.42084363659088486,841.6872731817698,8.416872731817698,20,OS,NA,Summer,N,45.4,NA,NA
24GE10I34,MESEDAX,ER63,CYC,8.19318109373803,1.89234985312063,15.504365039325883,0.15504365039325882,310.08730078651763,3.1008730078651765,20,OS,NA,Summer,N,45.4,NA,NA
24GE10I34,SKIOREG,ER63,CAL,319.534062655783,6.307965440241058,2015.6098242125,20.156098242124997,40312.19648425,403.12196484249995,20,OS,NA,Summer,N,45.4,NA,NA
24GE10I34,COPNAUP,ER63,NAU,14501.9305359163,0.09176234986742758,1330.7312235898833,13.307312235898832,26614.624471797666,266.14624471797663,20,OS,NA,Summer,N,45.4,NA,NA
24GE10I34,DREPOLYV,ER63,DVEL,8701.15832154979,0.5099629376525762,4437.26825863769,44.372682586376904,88745.36517275381,887.453651727538,20,OS,NA,Summer,N,45.4,NA,NA
24GE10I34,ASCOVAL,ER63,ROT,1450.19305359163,0.0073695,10.687197708443517,0.10687197708443516,213.74395416887035,2.1374395416887033,20,OS,NA,Summer,N,45.4,NA,NA
24GE10I34,ASPPRIO,ER63,ROT,4350.5791607749,2.35009166366,10224.259817830012,102.24259817830013,204485.19635660024,2044.8519635660025,20,OS,NA,Summer,N,45.4,NA,NA
24GE10I34,COLSP,ER63,ROT,34804.6332861992,0.009216162,320.76513871620415,3.2076513871620413,6415.302774324083,64.15302774324083,20,OS,NA,Summer,N,45.4,NA,NA
24GE10I34,COOUNIC,ER63,ROT,403153.668898474,0.017212772200000004,6939.39226434366,69.3939226434366,138787.8452868732,1387.878452868732,20,OS,NA,Summer,N,45.4,NA,NA
24GE10I34,KELLONG,ER63,ROT,1450.19305359163,0.00909232128,13.185621161279355,0.13185621161279357,263.7124232255871,2.6371242322558714,20,OS,NA,Summer,N,45.4,NA,NA
24GE10I34,KERCOCH,ER63,ROT,27553.668018241,0.0017824250526315786,49.11234816760626,0.49112348167606257,982.2469633521251,9.822469633521251,20,OS,NA,Summer,N,45.4,NA,NA
24GE10I34,KERCRAS,ER63,ROT,101513.513751414,0.0041732335,423.6395962901115,4.236395962901115,8472.79192580223,84.7279192580223,20,OS,NA,Summer,N,45.4,NA,NA
24GE10I34,KEREARL,ER63,ROT,7250.96526795816,0.0024860772000000002,18.026459430662676,0.18026459430662675,360.5291886132535,3.605291886132535,20,OS,NA,Summer,N,45.4,NA,NA
24GE10I34,PLOHUDS,ER63,ROT,1450.19305359163,0.42875,621.7702717274113,6.217702717274113,12435.405434548227,124.35405434548227,20,OS,NA,Summer,N,45.4,NA,NA
24GE10I34,PLOTRUN,ER63,ROT,1450.19305359163,0.03176523,46.065715891740446,0.46065715891740444,921.3143178348089,9.213143178348089,20,OS,NA,Summer,N,45.4,NA,NA
24GE10I34,POLSP,ER63,ROT,10151.3513751414,0.07784944640000001,790.2770847666368,7.902770847666368,15805.541695332737,158.05541695332735,20,OS,NA,Summer,N,45.4,NA,NA
24GE10I34,SYNSP,ER63,ROT,2900.38610718326,0.061692040000000004,178.93073573979396,1.7893073573979397,3578.614714795879,35.78614714795879,20,OS,NA,Summer,N,45.4,NA,NA
24GE10I34,TRICYLI,ER63,ROT,2900.38610718326,0.169250454048,490.8916655552779,4.908916655552779,9817.833311105558,98.17833311105558,20,OS,NA,Summer,N,45.4,NA,NA
24GE10I34,TRIMULT,ER63,ROT,2900.38610718326,0.0753204946165797,218.45851617209928,2.184585161720993,4369.170323441986,43.691703234419855,20,OS,NA,Summer,N,45.4,NA,NA
24GE01I34,ACAVERN,ER73,CYC,48.1035010997905,6.044831850507857,290.77757556895335,2.9077757556895336,5815.551511379067,58.15551511379067,20,OS,NA,Spring,D,23,NA,NA
24GE01I34,BOSLONG,ER73,NDAP,1779.82954069225,1.7950887649602834,3194.9520120410793,31.949520120410792,63899.04024082159,638.9904024082158,20,OS,NA,Spring,D,23,NA,NA
24GE01I34,CYCCOPE,ER73,CYC,4666.03960667968,0.5122644196495074,2390.2460711773824,23.902460711773823,47804.92142354765,478.0492142354765,20,OS,NA,Spring,D,23,NA,NA
24GE01I34,DAPGALEM,ER73,DAP,1074.31152456199,8.014447161519602,8610.012948613636,86.10012948613635,172200.2589722727,1722.002589722727,20,OS,NA,Spring,D,23,NA,NA
24GE01I34,DIYTHOM,ER73,CYC,1202.58752749476,5.368834545183328,6456.493461220473,64.56493461220474,129129.86922440947,1291.2986922440948,20,OS,NA,Spring,D,23,NA,NA
24GE01I34,MESCOPE,ER73,CYC,96.2070021995809,1.0455324481628139,100.58754254013304,1.0058754254013305,2011.7508508026608,20.11750850802661,20,OS,NA,Spring,D,23,NA,NA
24GE01I34,SKIOREG,ER73,CAL,2357.07155388973,8.626404669168407,20333.053058038397,203.33053058038396,406661.0611607679,4066.6106116076794,20,OS,NA,Spring,D,23,NA,NA
24GE01I34,COPNAUP,ER73,NAU,42007.8855698014,0.09663347746546729,4059.368063581332,40.59368063581332,81187.36127162664,811.8736127162664,20,OS,NA,Spring,D,23,NA,NA
24GE01I34,KELLONG,ER73,ROT,3044.04967897112,0.0052197807165,15.88927181436147,0.1588927181436147,317.7854362872294,3.177854362872294,20,OS,NA,Spring,D,23,NA,NA
24GE01I34,KERCOCH,ER73,ROT,4566.07451845667,0.0025308422666666663,11.556014384059786,0.11556014384059786,231.12028768119572,2.311202876811957,20,OS,NA,Spring,D,23,NA,NA
24GE01I34,KEREARL,ER73,ROT,304.404967897112,0.002662,0.8103260245421121,0.008103260245421122,16.20652049084224,0.16206520490842244,20,OS,NA,Spring,D,23,NA,NA
24GE01I34,KERQUAD,ER73,ROT,304.404967897112,0.0633864,19.295135057113498,0.192951350571135,385.90270114226996,3.8590270114227,20,OS,NA,Spring,D,23,NA,NA
24GE01I34,NOTLAUR,ER73,ROT,45965.1501524638,0.030556469475000004,1404.5327075475518,14.045327075475518,28090.654150951035,280.90654150951036,20,OS,NA,Spring,D,23,NA,NA
24GE01I34,POLREMA,ER73,ROT,304.404967897112,0.0377313244,11.48560259269752,0.11485602592697519,229.71205185395038,2.297120518539504,20,OS,NA,Spring,D,23,NA,NA
24GE01I34,SYNSP,ER73,ROT,15220.2483948556,0.0445829065,678.5629110946222,6.785629110946222,13571.258221892444,135.71258221892444,20,OS,NA,Spring,D,23,NA,NA
24GE11I34,BOSLONG,ER73,NDAP,165.725708486974,0.605993828857459,100.42875662613648,1.0042875662613648,2008.5751325227295,20.085751325227296,20,OS,NA,Summer,D,23.6,NA,NA
24GE11I34,BYTLONG,ER73,PRED,47.7756143997604,144.1538615705658,6887.03930463179,68.8703930463179,137740.7860926358,1377.407860926358,20,OS,NA,Summer,D,23.6,NA,NA
24GE11I34,CYCCOPE,ER73,CYC,3181.9336029499,0.6511227897686239,2071.829484411268,20.71829484411268,41436.58968822536,414.3658968822536,20,OS,NA,Summer,D,23.6,NA,NA
24GE11I34,DAPLONG,ER73,DAP,33.1451416973948,3.78874592999393,125.57852070507664,1.2557852070507665,2511.570414101533,25.11570414101533,20,OS,NA,Summer,D,23.6,NA,NA
24GE11I34,DIACOPE,ER73,CAL,2154.43421033066,3.559550196608575,7668.81671696274,76.6881671696274,153376.3343392548,1533.763343392548,20,OS,NA,Summer,D,23.6,NA,NA
24GE11I34,DIYTHOM,ER73,CYC,66.2902833947895,5.5363150111550254,367.0038910522938,3.670038910522938,7340.077821045876,73.40077821045875,20,OS,NA,Summer,D,23.6,NA,NA
24GE11I34,EPILACU,ER73,CAL,66.2902833947895,16.02612348682575,1062.3762676615709,10.623762676615709,21247.525353231416,212.47525353231418,20,OS,NA,Summer,D,23.6,NA,NA
24GE11I34,LEOMINU,ER73,CAL,99.4354250921843,3.6513099854775635,363.06956054929884,3.6306956054929884,7261.391210985977,72.61391210985977,20,OS,NA,Summer,D,23.6,NA,NA
24GE11I34,MESCOPE,ER73,CYC,13324.3469623527,1.2087289108624257,16105.52339175765,161.0552339175765,322110.467835153,3221.10467835153,20,OS,NA,Summer,D,23.6,NA,NA
24GE11I34,MESEDAX,ER73,CYC,8054.26943246693,3.2761224572822045,26386.772964706506,263.86772964706506,527735.4592941301,5277.354592941301,20,OS,NA,Summer,D,23.6,NA,NA
24GE11I34,SKIOREG,ER73,CAL,2187.57935202805,7.702647682092173,16850.153025291555,168.50153025291556,337003.0605058311,3370.0306050583113,20,OS,NA,Summer,D,23.6,NA,NA
24GE11I34,COPNAUP,ER73,NAU,45342.5538420361,0.16932190125182744,7677.487424146905,76.77487424146905,153549.7484829381,1535.497484829381,20,OS,NA,Summer,D,23.6,NA,NA
24GE11I34,ASCOVAL,ER73,ROT,8501.72884538176,0.01958864,166.53730572979896,1.6653730572979897,3330.746114595979,33.30746114595979,20,OS,NA,Summer,D,23.6,NA,NA
24GE11I34,ASPPRIO,ER73,ROT,24088.2317285817,1.4998079034670588,36127.720327072806,361.2772032707281,722554.4065414561,7225.544065414561,20,OS,NA,Summer,D,23.6,NA,NA
24GE11I34,COLSP,ER73,ROT,9918.68365294539,0.007118794285714285,70.60906851039533,0.7060906851039533,1412.1813702079066,14.121813702079066,20,OS,NA,Summer,D,23.6,NA,NA
24GE11I34,COOUNIC,ER73,ROT,371242.15958167,0.018429801000000003,6841.919123900422,68.41919123900422,136838.38247800845,1368.3838247800845,20,OS,NA,Summer,D,23.6,NA,NA
24GE11I34,KELLONG,ER73,ROT,2833.90961512725,0.0092431325175,26.194202115238596,0.26194202115238596,523.8840423047719,5.238840423047719,20,OS,NA,Summer,D,23.6,NA,NA
24GE11I34,KERCOCH,ER73,ROT,94935.972106763,0.0017227592,163.55181935786933,1.6355181935786933,3271.036387157387,32.71036387157387,20,OS,NA,Summer,D,23.6,NA,NA
24GE11I34,KERCOCHH,ER73,ROT,5667.81923025451,0.0027328735,15.48943297715295,0.1548943297715295,309.788659543059,3.09788659543059,20,OS,NA,Summer,D,23.6,NA,NA
24GE11I34,KERCRAS,ER73,ROT,21254.3221134544,0.0037809553333333335,80.36164255125003,0.8036164255125002,1607.2328510250006,16.072328510250003,20,OS,NA,Summer,D,23.6,NA,NA
24GE11I34,KEREARL,ER73,ROT,21254.3221134544,0.0019616536,41.693617489417434,0.41693617489417434,833.8723497883486,8.338723497883487,20,OS,NA,Summer,D,23.6,NA,NA
24GE11I34,POLREMA,ER73,ROT,7084.77403781813,0.02276800064,161.30613982729858,1.6130613982729858,3226.1227965459716,32.26122796545972,20,OS,NA,Summer,D,23.6,NA,NA
24GE11I34,POLSP,ER73,ROT,29756.0509588362,0.08446597081999999,2513.373732007491,25.13373732007491,50267.47464014982,502.6747464014982,20,OS,NA,Summer,D,23.6,NA,NA
24GE11I34,POLVULG,ER73,ROT,18420.4124983271,0.07686219606153845,1415.8333569808308,14.158333569808308,28316.667139616617,283.1666713961662,20,OS,NA,Summer,D,23.6,NA,NA
24GE11I34,TRIMULT,ER73,ROT,7084.77403781813,0.07613471740160001,539.3972692234759,5.393972692234758,10787.945384469516,107.87945384469516,20,OS,NA,Summer,D,23.6,NA,NA
24GE02I14,ACAVERN,ER78M,CYC,95.6634598142726,7.719991048315805,738.5210534171032,7.385210534171032,14770.421068342064,147.70421068342063,20,OS,NA,Spring,N,21.8,NA,NA
24GE02I14,BOSLONG,ER78M,NDAP,3946.11771733874,1.2642431252334094,4988.8521955072565,49.88852195507256,99777.04391014513,997.7704391014513,20,OS,NA,Spring,N,21.8,NA,NA
24GE02I14,CYCCOPE,ER78M,CYC,5632.1861965653,0.2580759090821777,1453.5315727986824,14.535315727986823,29070.63145597365,290.7063145597365,20,OS,NA,Spring,N,21.8,NA,NA
24GE02I14,DAPGALEM,ER78M,DAP,585.938691362419,8.475273287388415,4965.990538951235,49.65990538951235,99319.8107790247,993.198107790247,20,OS,NA,Spring,N,21.8,NA,NA
24GE02I14,DAPLONG,ER78M,DAP,95.6634598142726,3.2940736521162184,315.12248244447403,3.1512248244447405,6302.44964888948,63.02449648889481,20,OS,NA,Spring,N,21.8,NA,NA
24GE02I14,DIACOPE,ER78M,CAL,11.9579324767841,4.87838788124551,58.33543287949566,0.5833543287949566,1166.7086575899132,11.667086575899132,20,OS,NA,Spring,N,21.8,NA,NA
24GE02I14,DIYTHOM,ER78M,CYC,789.223543467749,4.99378634364287,3941.2137534506796,39.4121375345068,78824.27506901359,788.242750690136,20,OS,NA,Spring,N,21.8,NA,NA
24GE02I14,LEOASHL,ER78M,CAL,11.9579324767841,4.24703919977641,50.785807977181484,0.5078580797718149,1015.7161595436297,10.157161595436296,20,OS,NA,Spring,N,21.8,NA,NA
24GE02I14,MESCOPE,ER78M,CYC,191.326919628545,2.055758516792007,393.3219445179612,3.9332194451796116,7866.4388903592235,78.66438890359223,20,OS,NA,Spring,N,21.8,NA,NA
24GE02I14,MESEDAX,ER78M,CYC,47.8317299071363,11.33710934657815,542.2735521931966,5.4227355219319655,10845.47104386393,108.45471043863931,20,OS,NA,Spring,N,21.8,NA,NA
24GE02I14,SKIOREG,ER78M,CAL,2511.16582012465,7.46147935146381,18737.01191496176,187.3701191496176,374740.23829923524,3747.402382992352,20,OS,NA,Spring,N,21.8,NA,NA
24GE02I14,COPNAUP,ER78M,NAU,34266.483147047,0.12222479560526438,4188.213898759056,41.88213898759056,83764.27797518112,837.6427797518112,20,OS,NA,Spring,N,21.8,NA,NA
24GE02I14,COOUNIC,ER78M,ROT,207.675655436648,0.011927552,2.4770621793547014,0.024770621793547012,49.54124358709403,0.49541243587094025,20,OS,NA,Spring,N,21.8,NA,NA
24GE02I14,KELLONG,ER78M,ROT,1453.72958805654,0.00626640729,9.109661688286199,0.09109661688286198,182.19323376572396,1.8219323376572396,20,OS,NA,Spring,N,21.8,NA,NA
24GE02I14,KERCOCH,ER78M,ROT,2699.78352067643,0.002395244,6.466640279199094,0.06466640279199094,129.3328055839819,1.2933280558398188,20,OS,NA,Spring,N,21.8,NA,NA
24GE02I14,KERQUAD,ER78M,ROT,415.351310873297,0.06407040254999999,26.611725687322327,0.2661172568732233,532.2345137464465,5.322345137464466,20,OS,NA,Spring,N,21.8,NA,NA
24GE02I14,NOTLAUR,ER78M,ROT,45480.968540626,0.03498444460000001,1591.1264242638738,15.911264242638739,31822.528485277475,318.2252848527748,20,OS,NA,Spring,N,21.8,NA,NA
24GE02I14,NOTSP,ER78M,ROT,2076.75655436648,0.0371790734,77.21188436872245,0.7721188436872245,1544.237687374449,15.44237687374449,20,OS,NA,Spring,N,21.8,NA,NA
24GE02I14,SYNSP,ER78M,ROT,5191.89138591621,0.06575763000000001,341.40647275526544,3.4140647275526543,6828.129455105309,68.2812945510531,20,OS,NA,Spring,N,21.8,NA,NA
24GE12I14,BOSLONG,ER78M,NDAP,94.0894344958303,0.7704019234081749,72.48668130797515,0.7248668130797514,1449.7336261595028,14.497336261595029,20,OS,NA,Summer,D,22.6,NA,NA
24GE12I14,BYTLONG,ER78M,PRED,57.8870544261456,135.06662593827156,7818.609126844575,78.18609126844575,156372.18253689152,1563.721825368915,20,OS,NA,Summer,D,22.6,NA,NA
24GE12I14,CYCCOPE,ER78M,CYC,6351.03682846855,0.30955867496305467,1966.0185452622854,19.660185452622855,39320.37090524571,393.2037090524571,20,OS,NA,Summer,D,22.6,NA,NA
24GE12I14,DIACOPE,ER78M,CAL,5786.50022149356,1.6444151776628566,9515.408789773492,95.15408789773491,190308.17579546984,1903.0817579546983,20,OS,NA,Summer,D,22.6,NA,NA
24GE12I14,DIYTHOM,ER78M,CYC,47.0447172479152,2.05269555890222,96.56848216460621,0.9656848216460621,1931.3696432921242,19.31369643292124,20,OS,NA,Summer,D,22.6,NA,NA
24GE12I14,EPILACU,ER78M,CAL,60.4860650330338,16.36384987873687,989.7848879560805,9.897848879560804,19795.69775912161,197.9569775912161,20,OS,NA,Summer,D,22.6,NA,NA
24GE12I14,LEOMINU,ER78M,CAL,94.0894344958303,3.9329190586335754,370.04613014470635,3.7004613014470635,7400.922602894127,74.00922602894127,20,OS,NA,Summer,D,22.6,NA,NA
24GE12I14,LETKIND,ER78M,PRED,40.3240433553558,6.180709534783469,249.2311992474696,2.4923119924746957,4984.623984949392,49.84623984949391,20,OS,NA,Summer,D,22.6,NA,NA
24GE12I14,MESCOPE,ER78M,CYC,16230.4274505307,0.8394866709720554,13625.227508899483,136.25227508899482,272504.55017798964,2725.0455017798963,20,OS,NA,Summer,D,22.6,NA,NA
24GE12I14,MESEDAX,ER78M,CYC,1834.74397266869,2.156632417016574,3956.868328383068,39.56868328383068,79137.36656766136,791.3736656766137,20,OS,NA,Summer,D,22.6,NA,NA
24GE12I14,SKIOREG,ER78M,CAL,3387.21964184989,7.8127480142798955,26463.493530792588,264.6349353079259,529269.8706158517,5292.698706158518,20,OS,NA,Summer,D,22.6,NA,NA
24GE12I14,COPNAUP,ER78M,NAU,80375.8994180631,0.18903456263310725,15193.822992736177,151.93822992736176,303876.45985472354,3038.7645985472354,20,OS,NA,Summer,D,22.6,NA,NA
24GE12I14,ASPPRIO,ER78M,ROT,7091.99112512321,1.8175054604199998,12889.732595161611,128.89732595161612,257794.6519032322,2577.9465190323226,20,OS,NA,Summer,D,22.6,NA,NA
24GE12I14,COLSP,ER78M,ROT,18911.9763336619,0.008835525,167.09723969547807,1.6709723969547807,3341.944793909561,33.41944793909561,20,OS,NA,Summer,D,22.6,NA,NA
24GE12I14,COOUNIC,ER78M,ROT,756479.053346476,0.016956221099999995,12827.026086061538,128.2702608606154,256540.52172123076,2565.405217212308,20,OS,NA,Summer,D,22.6,NA,NA
24GE12I14,KERCOCH,ER78M,ROT,193847.757420034,0.0013502465,261.74225598924994,2.6174225598924994,5234.845119784999,52.34845119784999,20,OS,NA,Summer,D,22.6,NA,NA
24GE12I14,KERCRAS,ER78M,ROT,23639.9704170774,0.0035233603999999994,83.29213562470197,0.8329213562470197,1665.8427124940395,16.658427124940395,20,OS,NA,Summer,D,22.6,NA,NA
24GE12I14,KEREARL,ER78M,ROT,35459.9556256161,0.0017998693333333333,63.823286691907235,0.6382328669190723,1276.4657338381446,12.764657338381447,20,OS,NA,Summer,D,22.6,NA,NA
24GE12I14,POLMAJO,ER78M,ROT,14183.9822502464,0.12716448360000002,1803.6987782441495,18.036987782441496,36073.97556488299,360.73975564882994,20,OS,NA,Summer,D,22.6,NA,NA
24GE12I14,POLSP,ER78M,ROT,59099.9260426934,0.047937615880000006,2833.109553171045,28.33109553171045,56662.1910634209,566.621910634209,20,OS,NA,Summer,D,22.6,NA,NA
24GE12I14,POLVULG,ER78M,ROT,26003.9674587851,0.054852473199999995,1426.3819281266817,14.263819281266818,28527.638562533633,285.27638562533633,20,OS,NA,Summer,D,22.6,NA,NA
24GE12I14,TRIMULT,ER78M,ROT,7091.99112512321,0.062198880813333336,441.1139107207563,4.411139107207563,8822.278214415126,88.22278214415127,20,OS,NA,Summer,D,22.6,NA,NA
24GE12I14,TRISIMI,ER78M,ROT,2363.99704170774,0.02144792,50.702819430784274,0.5070281943078427,1014.0563886156855,10.140563886156855,20,OS,NA,Summer,D,22.6,NA,NA
24GE12I14,TRISP,ER78M,ROT,2363.99704170774,0.036288468216,85.78583151072935,0.8578583151072935,1715.716630214587,17.15716630214587,20,OS,NA,Summer,D,22.6,NA,NA
24GE03I74,ACAVERN,ER91M,CYC,4.10184893098988,13.8026268338742,56.61629012337912,0.5661629012337912,452.930320987033,4.52930320987033,8,OS,NA,Spring,D,8.5,NA,NA
24GE03I74,BOSLONG,ER91M,NDAP,30.7638669824241,1.2775017678999567,39.300894457485896,0.39300894457485896,314.40715565988717,3.1440715565988717,8,OS,NA,Spring,D,8.5,NA,NA
24GE03I74,CYCCOPE,ER91M,CYC,215.347068876969,1.1359942003327226,244.63302130288812,2.4463302130288813,1957.064170423105,19.57064170423105,8,OS,NA,Spring,D,8.5,NA,NA
24GE03I74,DAPGALEM,ER91M,DAP,77.9351296888078,2.8966585090526022,225.7514565672032,2.257514565672032,1806.0116525376257,18.060116525376255,8,OS,NA,Spring,D,8.5,NA,NA
24GE03I74,DIACOPE,ER91M,CAL,129.208241326181,1.2796074733883516,165.33583122434686,1.6533583122434685,1322.686649794775,13.226866497947748,8,OS,NA,Spring,D,8.5,NA,NA
24GE03I74,DIYTHOM,ER91M,CYC,412.235817564483,5.364784172399391,2211.556189366061,22.11556189366061,17692.44951492849,176.9244951492849,8,OS,NA,Spring,D,8.5,NA,NA
24GE03I74,EUBCORE,ER91M,NDAP,10.2546223274747,2.7540392402559037,28.24163228386965,0.2824163228386965,225.9330582709572,2.259330582709572,8,OS,NA,Spring,D,8.5,NA,NA
24GE03I74,EURCOPE,ER91M,CAL,18.4583201894545,1.0933746689749066,20.181859726977653,0.20181859726977652,161.45487781582122,1.6145487781582122,8,OS,NA,Spring,D,8.5,NA,NA
24GE03I74,HARCOPE,ER91M,CYC,2.05092446549494,0.574612604087373,1.178487047904551,0.011784870479045511,9.427896383236408,0.09427896383236409,8,OS,NA,Spring,D,8.5,NA,NA
24GE03I74,HARSP,ER91M,CYC,2.05092446549494,1.72464321446463,3.5371129627953466,0.03537112962795347,28.296903702362773,0.28296903702362775,8,OS,NA,Spring,D,8.5,NA,NA
24GE03I74,LEOASHL,ER91M,CAL,190.73597529103,4.0193962386733695,766.6434616644627,7.6664346166446276,6133.147693315702,61.33147693315702,8,OS,NA,Spring,D,8.5,NA,NA
24GE03I74,LEOMINU,ER91M,CAL,412.235817564483,4.201853305128469,1732.1544325256596,17.321544325256596,13857.235460205276,138.57235460205277,8,OS,NA,Spring,D,8.5,NA,NA
24GE03I74,LEOSICI,ER91M,CAL,24.6110935859393,11.484211604997752,282.63900657132984,2.8263900657132983,2261.1120525706388,22.611120525706387,8,OS,NA,Spring,D,8.5,NA,NA
24GE03I74,LETKIND,ER91M,PRED,0.878967628069261,0.941225787249968,0.8273069976967272,0.008273069976967272,6.618455981573818,0.06618455981573818,8,OS,NA,Spring,D,8.5,NA,NA
24GE03I74,LIMCOPE,ER91M,CAL,12.3055467929697,3.7824661509797752,46.545314213705616,0.4654531421370562,372.36251370964493,3.7236251370964495,8,OS,NA,Spring,D,8.5,NA,NA
24GE03I74,LIMMACR,ER91M,CAL,5.27380576841557,49.061649329273315,258.7416092407035,2.587416092407035,2069.932873925628,20.69932873925628,8,OS,NA,Spring,D,8.5,NA,NA
24GE03I74,MESCOPE,ER91M,CYC,26.6620180514342,1.6291623822892718,43.43675684531411,0.43436756845314106,347.49405476251286,3.4749405476251285,8,OS,NA,Spring,D,8.5,NA,NA
24GE03I74,MESEDAX,ER91M,CYC,2.05092446549494,11.4691817646642,23.522425480358237,0.23522425480358236,188.1794038428659,1.8817940384286589,8,OS,NA,Spring,D,8.5,NA,NA
24GE03I74,MICRUBE,ER91M,CYC,4.10184893098988,0.627849885868318,2.5753453831710784,0.025753453831710783,20.602763065368627,0.20602763065368626,8,OS,NA,Spring,D,8.5,NA,NA
24GE03I74,SKIOREG,ER91M,CAL,6.15277339648483,7.639560969531273,47.004487494155875,0.4700448749415587,376.035899953247,3.7603589995324698,8,OS,NA,Spring,D,8.5,NA,NA
24GE03I74,COPNAUP,ER91M,NAU,12651.6402965219,0.14148475997799098,1790.0142906812798,17.9001429068128,14320.114325450239,143.2011432545024,8,OS,NA,Spring,D,8.5,NA,NA
24GE03I74,DREPOLYV,ER91M,DVEL,11278.0336357567,0.1017375695822508,1147.3997317687622,11.473997317687623,9179.197854150098,91.79197854150098,8,OS,NA,Spring,D,8.5,NA,NA
24GE03I74,COOUNIC,ER91M,ROT,939.836136313057,0.03866852400000001,36.34207619308872,0.36342076193088724,290.7366095447098,2.907366095447098,8,OS,NA,Spring,D,8.5,NA,NA
24GE03I74,KERCOCH,ER91M,ROT,289.180349634787,0.0018159795,0.5251455867396057,0.005251455867396056,4.201164693916845,0.04201164693916845,8,OS,NA,Spring,D,8.5,NA,NA
24GE03I74,KERCRAS,ER91M,ROT,216.88526222609,0.0038256479999999996,0.8297266696647166,0.008297266696647166,6.637813357317733,0.06637813357317733,8,OS,NA,Spring,D,8.5,NA,NA
24GE03I74,KERHIEM,ER91M,ROT,144.590174817393,0.04919446455,7.113036229332542,0.07113036229332542,56.90428983466034,0.5690428983466034,8,OS,NA,Spring,D,8.5,NA,NA
24GE03I74,KERTEST,ER91M,ROT,72.2950874086967,0.6362573448,45.998280356741276,0.4599828035674128,367.9862428539302,3.6798624285393022,8,OS,NA,Spring,D,8.5,NA,NA
24GE03I74,KERVALGT,ER91M,ROT,72.2950874086967,0.0419460888,3.032496156248954,0.03032496156248954,24.25996924999163,0.2425996924999163,8,OS,NA,Spring,D,8.5,NA,NA
24GE03I74,POLSP,ER91M,ROT,506.065611860877,0.056545346,28.615655121374996,0.28615655121374994,228.92524097099997,2.2892524097099995,8,OS,NA,Spring,D,8.5,NA,NA
24GE03I74,SYNSP,ER91M,ROT,13013.1157335654,0.021458158999999997,279.237506496248,2.7923750649624797,2233.900051969984,22.339000519699837,8,OS,NA,Spring,D,8.5,NA,NA
24GE13I74,BOSLONG,ER91M,NDAP,23587.8121436069,0.48932018174171477,11541.992524999156,115.41992524999155,92335.94019999325,923.3594019999324,8,OS,NA,Summer,N,10,NA,NA
24GE13I74,BYTLONG,ER91M,PRED,4.45838183157892,46.80029651023108,208.65359167372057,2.0865359167372057,1669.2287333897646,16.692287333897646,8,OS,NA,Summer,N,10,NA,NA
24GE13I74,CECPENG,ER91M,PRED,272.70435536491,3.8362969596999266,1046.1748893833326,10.461748893833326,8369.39911506666,83.6939911506666,8,OS,NA,Summer,N,10,NA,NA
24GE13I74,CERSP,ER91M,NDAP,1014.52955456374,0.969726899084434,983.8165989766077,9.838165989766077,7870.532791812861,78.70532791812862,8,OS,NA,Summer,N,10,NA,NA
24GE13I74,CYCCOPE,ER91M,CYC,63.4080971602335,0.255927441936094,16.22787210425387,0.16227872104253868,129.82297683403095,1.2982297683403095,8,OS,NA,Summer,N,10,NA,NA
24GE13I74,DAPRETR,ER91M,DAP,697.489068762568,0.5978946347535827,417.02497201241215,4.170249720124121,3336.199776099297,33.36199776099297,8,OS,NA,Summer,N,10,NA,NA
24GE13I74,DIACOPE,ER91M,CAL,126.816194320467,1.3706858734033405,173.82516607383707,1.7382516607383707,1390.6013285906965,13.906013285906965,8,OS,NA,Summer,N,10,NA,NA
24GE13I74,DIPBIRG,ER91M,NDAP,6657.85020182452,0.9697512615049616,6456.458632130391,64.56458632130392,51651.66905704313,516.5166905704314,8,OS,NA,Summer,N,10,NA,NA
24GE13I74,DIYTHOM,ER91M,CYC,126.816194320467,4.88180796309593,619.0923072831768,6.190923072831768,4952.738458265414,49.52738458265414,8,OS,NA,Summer,N,10,NA,NA
24GE13I74,EUBCORE,ER91M,NDAP,887.713360243269,1.2224942994916843,1085.2245224800042,10.852245224800042,8681.796179840034,86.81796179840033,8,OS,NA,Summer,N,10,NA,NA
24GE13I74,EURAFFI,ER91M,CYC,317.040485801167,5.29961197948069,1680.1915565322422,16.80191556532242,13441.532452257938,134.41532452257937,8,OS,NA,Summer,N,10,NA,NA
24GE13I74,EURCOPE,ER91M,CAL,887.713360243269,2.01071892786984,1784.9420559640787,17.849420559640787,14279.53644771263,142.7953644771263,8,OS,NA,Summer,N,10,NA,NA
24GE13I74,LEOMINU,ER91M,CAL,126.816194320467,3.75416328841416,476.0887010942935,4.760887010942935,3808.709608754348,38.08709608754348,8,OS,NA,Summer,N,10,NA,NA
24GE13I74,MESCOPE,ER91M,CYC,634.080971602335,0.8960613831440767,568.1754724393284,5.681754724393284,4545.403779514627,45.45403779514627,8,OS,NA,Summer,N,10,NA,NA
24GE13I74,MESEDAX,ER91M,CYC,634.080971602335,4.364317743039099,2767.330834887542,27.67330834887542,22138.646679100337,221.38646679100336,8,OS,NA,Summer,N,10,NA,NA
24GE13I74,COPNAUP,ER91M,NAU,13125.4761121683,0.10194526401291873,1338.0801275502554,13.380801275502554,10704.641020402043,107.04641020402043,8,OS,NA,Summer,N,10,NA,NA
24GE13I74,DREPOLYV,ER91M,DVEL,17690.8591077051,0.5890184981351189,10420.243262340446,104.20243262340446,83361.94609872357,833.6194609872357,8,OS,NA,Summer,N,10,NA,NA
24GE13I74,ASCOVAL,ER91M,ROT,380.448582961401,0.01112319,4.231801873510426,0.042318018735104254,33.854414988083406,0.33854414988083403,8,OS,NA,Summer,N,10,NA,NA
24GE13I74,ASPPRIO,ER91M,ROT,5326.28016145961,1.601140665696,8528.123763402838,85.28123763402839,68224.99010722271,682.2499010722271,8,OS,NA,Summer,N,10,NA,NA
24GE13I74,BRAANGU,ER91M,ROT,2282.69149776841,0.018922563,43.194373676087096,0.43194373676087094,345.55498940869677,3.4555498940869676,8,OS,NA,Summer,N,10,NA,NA
24GE13I74,COLSP,ER91M,ROT,1331.5700403649,0.0078183,10.410614046584898,0.10410614046584898,83.28491237267919,0.8328491237267919,8,OS,NA,Summer,N,10,NA,NA
24GE13I74,CONSP,ER91M,ROT,8750.31740811222,0.0276204589655172,241.6877829060144,2.416877829060144,1933.5022632481152,19.335022632481152,8,OS,NA,Summer,N,10,NA,NA
24GE13I74,COOUNIC,ER91M,ROT,17690.8591077051,0.015136192499999998,267.77224894460255,2.6777224894460256,2142.1779915568204,21.421779915568205,8,OS,NA,Summer,N,10,NA,NA
24GE13I74,KERCOCH,ER91M,ROT,2853.36437221051,0.001312063333333333,3.7437947694170943,0.03743794769417094,29.950358155336755,0.29950358155336754,8,OS,NA,Summer,N,10,NA,NA
24GE13I74,KERCRAS,ER91M,ROT,1521.7943318456,0.0038076675,5.794486819052707,0.05794486819052706,46.35589455242165,0.4635589455242165,8,OS,NA,Summer,N,10,NA,NA
24GE13I74,PLOTRUN,ER91M,ROT,1331.5700403649,0.03645859142857143,48.54716806019025,0.48547168060190254,388.377344481522,3.8837734448152204,8,OS,NA,Summer,N,10,NA,NA
24GE13I74,POLSP,ER91M,ROT,9701.43886551572,0.04209502528,408.3823142962587,4.083823142962587,3267.0585143700696,32.6705851437007,8,OS,NA,Summer,N,10,NA,NA
24GE13I74,SYNSP,ER91M,ROT,1141.3457488842,0.09520233333333332,108.65877843385655,1.0865877843385656,869.2702274708524,8.692702274708525,8,OS,NA,Summer,N,10,NA,NA
24GE13I74,TRICYLI,ER91M,ROT,12174.3546547648,0.115798261696,1409.76910629237,14.0976910629237,11278.15285033896,112.7815285033896,8,OS,NA,Summer,N,10,NA,NA
24GE13I74,TRIMULT,ER91M,ROT,190.2242914807,0.0753204946165797,14.327787722414753,0.14327787722414753,114.62230177931802,1.1462230177931803,8,OS,NA,Summer,N,10,NA,NA
24GE03I94,ACAVERN,ER92,CYC,110.669492726315,9.363469112447463,1036.2503768330796,10.362503768330797,9326.253391497716,93.26253391497717,9,OS,NA,Spring,D,9.2,NA,NA
24GE03I94,BOSLONG,ER92,NDAP,283.590575111183,1.5907426169783985,451.11961360277235,4.511196136027723,4060.0765224249512,40.60076522424951,9,OS,NA,Spring,D,9.2,NA,NA
24GE03I94,CYCCOPE,ER92,CYC,214.422142157236,1.2245834712012296,262.57781114531156,2.6257781114531156,2363.200300307804,23.63200300307804,9,OS,NA,Spring,D,9.2,NA,NA
24GE03I94,CYCDIVE,ER92,CYC,6.91684329539471,21.9394742377122,151.7519052856046,1.517519052856046,1365.7671475704415,13.657671475704415,9,OS,NA,Spring,D,9.2,NA,NA
24GE03I94,DAPGALEM,ER92,DAP,207.505298861841,4.943651648901101,1025.833912874056,10.25833912874056,9232.505215866504,92.325052158665045,9,OS,NA,Spring,D,9.2,NA,NA
24GE03I94,DIACOPE,ER92,CAL,539.513777040787,1.2180940348965696,657.1785135579005,6.571785135579005,5914.606622021104,59.14606622021105,9,OS,NA,Spring,D,9.2,NA,NA
24GE03I94,DIYTHOM,ER92,CYC,276.673731815788,6.031228185572469,1668.682409534899,16.686824095348992,15018.141685814091,150.18141685814092,9,OS,NA,Spring,D,9.2,NA,NA
24GE03I94,EUBCORE,ER92,NDAP,34.5842164769735,2.399479403215028,82.98411511282771,0.829841151128277,746.8570360154494,7.4685703601544935,9,OS,NA,Spring,D,9.2,NA,NA
24GE03I94,EURCOPE,ER92,CAL,62.2515896585524,2.2527687706388724,140.23843710541263,1.4023843710541264,1262.1459339487137,12.621459339487137,9,OS,NA,Spring,D,9.2,NA,NA
24GE03I94,HARCOPE,ER92,CYC,6.91684329539471,0.252240295772321,1.744706598641157,0.017447065986411568,15.702359387770413,0.15702359387770412,9,OS,NA,Spring,D,9.2,NA,NA
24GE03I94,HARSP,ER92,CYC,20.7505298861841,1.8293695382172068,37.96038727565096,0.3796038727565096,341.64348548085866,3.4164348548085863,9,OS,NA,Spring,D,9.2,NA,NA
24GE03I94,HOLGIBB,ER92,NDAP,2.96436141231202,0.300040109978457,0.8894273241659925,0.008894273241659924,8.004845917493933,0.08004845917493932,9,OS,NA,Spring,D,9.2,NA,NA
24GE03I94,LEOASHL,ER92,CAL,255.923201929604,3.935662374826099,1007.2273166793645,10.072273166793645,9065.04585011428,90.65045850114281,9,OS,NA,Spring,D,9.2,NA,NA
24GE03I94,LEOMINU,ER92,CAL,622.515896585524,4.160021008470402,2589.679207902568,25.89679207902568,23307.112871123114,233.07112871123113,9,OS,NA,Spring,D,9.2,NA,NA
24GE03I94,LEOSICI,ER92,CAL,76.0852762493418,8.429667831410937,641.3736056430912,6.413736056430912,5772.362450787821,57.723624507878206,9,OS,NA,Spring,D,9.2,NA,NA
24GE03I94,LIMCOPE,ER92,CAL,159.087395794078,8.80172787306482,1400.2439658140313,14.002439658140313,12602.195692326282,126.02195692326282,9,OS,NA,Spring,D,9.2,NA,NA
24GE03I94,LIMMACR,ER92,CAL,5.92872282462403,45.1977769759401,267.9650919795225,2.6796509197952254,2411.685827815703,24.11685827815703,9,OS,NA,Spring,D,9.2,NA,NA
24GE03I94,MESCOPE,ER92,CYC,20.7505298861841,1.8042439505787502,37.43901801845122,0.3743901801845122,336.951162166061,3.36951162166061,9,OS,NA,Spring,D,9.2,NA,NA
24GE03I94,SKIOREG,ER92,CAL,96.8358061355259,8.596176036106117,832.4176361392255,8.324176361392254,7491.758725253029,74.9175872525303,9,OS,NA,Spring,D,9.2,NA,NA
24GE03I94,TROPRASM,ER92,CYC,6.91684329539471,0.38620508366083,2.671320043566765,0.02671320043566765,24.041880392100886,0.24041880392100887,9,OS,NA,Spring,D,9.2,NA,NA
24GE03I94,COPNAUP,ER92,NAU,29248.5203286355,0.13850322614886157,4051.0144255965774,40.51014425596578,36459.129830369195,364.591298303692,9,OS,NA,Spring,D,9.2,NA,NA
24GE03I94,COOUNIC,ER92,ROT,753.827843521533,0.0220004616,16.584560524406296,0.16584560524406297,149.26104471965667,1.4926104471965667,9,OS,NA,Spring,D,9.2,NA,NA
24GE03I94,KELLONG,ER92,ROT,301.531137408613,0.0066132665024999995,1.9941057704851048,0.019941057704851047,17.946951934365945,0.17946951934365943,9,OS,NA,Spring,D,9.2,NA,NA
24GE03I94,KERCRAS,ER92,ROT,1507.65568704307,0.0050022096,7.54160975122144,0.0754160975122144,67.87448776099296,0.6787448776099296,9,OS,NA,Spring,D,9.2,NA,NA
24GE03I94,NOTLAUR,ER92,ROT,1658.42125574737,0.03716263727272727,61.631307572720374,0.6163130757272037,554.6817681544834,5.546817681544834,9,OS,NA,Spring,D,9.2,NA,NA
24GE03I94,POLSP,ER92,ROT,904.593412225839,0.04420195266666666,39.98479518978502,0.39984795189785016,359.86315670806516,3.5986315670806515,9,OS,NA,Spring,D,9.2,NA,NA
24GE03I94,SYNSP,ER92,ROT,35731.4397829206,0.025219018500000003,901.1118409171106,9.011118409171106,8110.006568253995,81.10006568253995,9,OS,NA,Spring,D,9.2,NA,NA
24GE13I94,BOSLONG,ER92,NDAP,49628.6658967559,0.6109223320957312,30319.260308445995,303.19260308445996,242554.08246756796,2425.5408246756797,8,OS,NA,Summer,D,10.5,NA,NA
24GE13I94,BYTLONG,ER92,PRED,13.7744035692065,76.54843242835358,1054.4090008582762,10.544090008582762,8435.27200686621,84.3527200686621,8,OS,NA,Summer,D,10.5,NA,NA
24GE13I94,CECPENG,ER92,PRED,59.6890821332282,3.930737481399363,234.62211237140514,2.3462211237140513,1876.976898971241,18.76976898971241,8,OS,NA,Summer,D,10.5,NA,NA
24GE13I94,CERSP,ER92,NDAP,522.407009439536,1.1208906770954599,585.5611465300957,5.8556114653009566,4684.489172240766,46.84489172240765,8,OS,NA,Summer,D,10.5,NA,NA
24GE13I94,CYCCOPE,ER92,CYC,1393.08535850543,0.38341259233282404,534.1264686454684,5.341264686454684,4273.0117491637475,42.73011749163747,8,OS,NA,Summer,D,10.5,NA,NA
24GE13I94,DAPSP,ER92,DAP,87.0678349065893,0.262314668727199,22.839170270316426,0.22839170270316425,182.7133621625314,1.827133621625314,8,OS,NA,Summer,D,10.5,NA,NA
24GE13I94,DIACOPE,ER92,CAL,1218.94968869225,2.8847993058522965,3516.425215808276,35.16425215808276,28131.401726466207,281.3140172646621,8,OS,NA,Summer,D,10.5,NA,NA
24GE13I94,DIPBIRG,ER92,NDAP,5224.07009439536,1.121598091808307,5859.3070493466785,58.59307049346678,46874.45639477343,468.74456394773426,8,OS,NA,Summer,D,10.5,NA,NA
24GE13I94,DIYTHOM,ER92,CYC,174.135669813179,1.987469937248635,346.0894087563479,3.460894087563479,2768.715270050783,27.68715270050783,8,OS,NA,Summer,D,10.5,NA,NA
24GE13I94,EPICOPE,ER92,CAL,87.0678349065893,0.493301022608992,42.95065199577139,0.4295065199577139,343.6052159661711,3.436052159661711,8,OS,NA,Summer,D,10.5,NA,NA
24GE13I94,EUBCORE,ER92,NDAP,6268.88411327443,1.1261593976161024,7059.762756730286,70.59762756730287,56478.10205384229,564.7810205384229,8,OS,NA,Summer,D,10.5,NA,NA
24GE13I94,HOLGIBB,ER92,NDAP,37.3147863885383,1.18045501205672,44.04842661617592,0.4404842661617592,352.38741292940733,3.5238741292940734,8,OS,NA,Summer,D,10.5,NA,NA
24GE13I94,LEOMINU,ER92,CAL,348.271339626357,3.7325640875107498,1299.9450949985996,12.999450949985997,10399.560759988797,103.99560759988798,8,OS,NA,Summer,D,10.5,NA,NA
24GE13I94,LETKIND,ER92,PRED,37.3147863885383,0.610597597311493,22.78431891303309,0.2278431891303309,182.27455130426472,1.822745513042647,8,OS,NA,Summer,D,10.5,NA,NA
24GE13I94,MESCOPE,ER92,CYC,1741.35669813179,0.8719569568184669,1518.388087238449,15.18388087238449,12147.104697907593,121.47104697907592,8,OS,NA,Summer,D,10.5,NA,NA
24GE13I94,MESEDAX,ER92,CYC,1480.15319341202,3.3039633524002863,4890.371906971567,48.90371906971567,39122.97525577254,391.22975255772536,8,OS,NA,Summer,D,10.5,NA,NA
24GE13I94,SKIOREG,ER92,CAL,87.0678349065893,5.10955325273662,444.8777390556984,4.448777390556984,3559.021912445587,35.59021912445587,8,OS,NA,Summer,D,10.5,NA,NA
24GE13I94,TROPRASM,ER92,CYC,87.0678349065893,0.309747120453283,26.969011146417873,0.26969011146417876,215.752089171343,2.15752089171343,8,OS,NA,Summer,D,10.5,NA,NA
24GE13I94,COPNAUP,ER92,NAU,13468.305712113,0.11379904773768933,1532.680364678541,15.326803646785411,12261.442917428329,122.61442917428329,8,OS,NA,Summer,D,10.5,NA,NA
24GE13I94,DREPOLYV,ER92,DVEL,62852.0933231941,0.2731225170518564,17166.32193040895,171.6632193040895,137330.5754432716,1373.305754432716,8,OS,NA,Summer,D,10.5,NA,NA
24GE13I94,ASCOVAL,ER92,ROT,4489.43523737101,0.012583202400000002,56.49147225353147,0.5649147225353147,451.93177802825176,4.519317780282518,8,OS,NA,Summer,D,10.5,NA,NA
24GE13I94,ASPPRIO,ER92,ROT,897.887047474202,1.05531153,947.5505538371827,9.475505538371827,7580.404430697462,75.80404430697462,8,OS,NA,Summer,D,10.5,NA,NA
24GE13I94,BRAANGU,ER92,ROT,15264.0798070614,0.019716573525000003,300.955351807394,3.0095535180739397,2407.642814459152,24.076428144591517,8,OS,NA,Summer,D,10.5,NA,NA
24GE13I94,BRASP,ER92,ROT,897.887047474202,0.07074375,63.51989681475307,0.6351989681475306,508.15917451802454,5.081591745180245,8,OS,NA,Summer,D,10.5,NA,NA
24GE13I94,COLSP,ER92,ROT,27834.4984717003,0.008800425,244.95541621281313,2.4495541621281314,1959.643329702505,19.59643329702505,8,OS,NA,Summer,D,10.5,NA,NA
24GE13I94,CONSP,ER92,ROT,140070.379405975,0.0276204589655172,3868.808166667158,38.68808166667158,30950.465333337263,309.50465333337263,8,OS,NA,Summer,D,10.5,NA,NA
24GE13I94,COOUNIC,ER92,ROT,61056.3192282457,0.0107312491,655.2105707674243,6.552105707674243,5241.6845661393945,52.41684566139394,8,OS,NA,Summer,D,10.5,NA,NA
24GE13I94,KERCOCH,ER92,ROT,12570.4186646388,0.0012671024285714285,15.928008018123439,0.15928008018123438,127.42406414498751,1.274240641449875,8,OS,NA,Summer,D,10.5,NA,NA
24GE13I94,KERCOCHT,ER92,ROT,897.887047474202,0.008503056,7.634783846347798,0.07634783846347798,61.07827077078238,0.6107827077078238,8,OS,NA,Summer,D,10.5,NA,NA
24GE13I94,KERCRAS,ER92,ROT,28732.3855191745,0.0039771751,114.27372825046139,1.1427372825046138,914.1898260036911,9.14189826003691,8,OS,NA,Summer,D,10.5,NA,NA
24GE13I94,KEREARL,ER92,ROT,1795.7740949484,0.0017746559999999999,3.1868812722447477,0.03186881272244748,25.49505017795798,0.25495050177957984,8,OS,NA,Summer,D,10.5,NA,NA
24GE13I94,PLOTRUN,ER92,ROT,7183.09637979361,0.01486347625,106.7657824425233,1.067657824425233,854.1262595401864,8.541262595401864,8,OS,NA,Summer,D,10.5,NA,NA
24GE13I94,POLMAJO,ER92,ROT,897.887047474202,0.1285370548,115.4117566254017,1.1541175662540168,923.2940530032135,9.232940530032135,8,OS,NA,Summer,D,10.5,NA,NA
24GE13I94,POLREMA,ER92,ROT,11672.5316171646,0.024911395384615384,290.7790502546114,2.907790502546114,2326.232402036891,23.26232402036891,8,OS,NA,Summer,D,10.5,NA,NA
24GE13I94,POLSP,ER92,ROT,28732.3855191745,0.06487122949999999,1863.9051750968451,18.639051750968452,14911.241400774761,149.11241400774762,8,OS,NA,Summer,D,10.5,NA,NA
24GE13I94,POLVULG,ER92,ROT,5387.32228484521,0.05218819759999999,281.15463993638525,2.8115463993638525,2249.237119491082,22.49237119491082,8,OS,NA,Summer,D,10.5,NA,NA
24GE13I94,SYNSP,ER92,ROT,1795.7740949484,0.048125285000000004,86.42214011500882,0.8642214011500882,691.3771209200705,6.913771209200705,8,OS,NA,Summer,D,10.5,NA,NA
24GE13I94,TRICYLI,ER92,ROT,8978.87047474202,0.11850097163840001,1064.0048754722714,10.640048754722713,8512.03900377817,85.1203900377817,8,OS,NA,Summer,D,10.5,NA,NA
24GE13I94,TRIMULT,ER92,ROT,4489.43523737101,0.0925349897472,415.42984366084477,4.154298436608448,3323.438749286758,33.23438749286758,8,OS,NA,Summer,D,10.5,NA,NA
24GH00I14,BOSLONG,HU06,NDAP,2.02735062106397,0.810088255700673,1.6423329283113874,0.016423329283113873,32.846658566227745,0.3284665856622775,20,OS,NA,Spring,D,51,NA,NA
24GH00I14,CYCCOPE,HU06,CYC,58.793168010855,1.3693357401957051,80.50758623659458,0.8050758623659457,1610.1517247318916,16.101517247318917,20,OS,NA,Spring,D,51,NA,NA
24GH00I14,DIACOPE,HU06,CAL,89.2034273268145,1.7508062048961008,156.17791406178523,1.5617791406178523,3123.5582812357047,31.235582812357045,20,OS,NA,Spring,D,51,NA,NA
24GH00I14,DIYTHOM,HU06,CYC,77.0393236004307,5.6445124089997405,434.84941804357766,4.348494180435776,8696.988360871554,86.96988360871552,20,OS,NA,Spring,D,51,NA,NA
24GH00I14,HARCOPE,HU06,CYC,2.02735062106397,0.357915750031519,0.7256207181149766,0.007256207181149766,14.512414362299532,0.1451241436229953,20,OS,NA,Spring,D,51,NA,NA
24GH00I14,LEOASHL,HU06,CAL,401.415422970665,3.7948954822194545,1523.329575124588,15.23329575124588,30466.59150249176,304.6659150249176,20,OS,NA,Spring,D,51,NA,NA
24GH00I14,LEOMINU,HU06,CAL,644.697497498341,3.612348974977825,2328.872344258901,23.288723442589014,46577.446885178026,465.7744688517803,20,OS,NA,Spring,D,51,NA,NA
24GH00I14,LEOSICI,HU06,CAL,334.512852475554,9.69877171982797,3244.3637935088886,32.44363793508889,64887.27587017777,648.8727587017777,20,OS,NA,Spring,D,51,NA,NA
24GH00I14,LIMMACR,HU06,CAL,14.7706973820375,45.56871052997731,673.0816333279605,6.730816333279605,13461.63266655921,134.61632666559208,20,OS,NA,Spring,D,51,NA,NA
24GH00I14,SKIOREG,HU06,CAL,10.1367531053198,8.61283789782034,87.30621130634638,0.8730621130634638,1746.1242261269276,17.461242261269277,20,OS,NA,Spring,D,51,NA,NA
24GH00I14,COPNAUP,HU06,NAU,4324.90906709161,0.1349760072429863,583.7589575650144,5.837589575650144,11675.179151300288,116.75179151300287,20,OS,NA,Spring,D,51,NA,NA
24GH00I14,POLMAJO,HU06,ROT,10.5485587002234,0.09389765,0.9904848728380317,0.009904848728380317,19.809697456760635,0.19809697456760633,20,OS,NA,Spring,D,51,NA,NA
24GH00I14,POLSP,HU06,ROT,10.5485587002234,0.03565485,0.37610727817266026,0.0037610727817266026,7.522145563453205,0.07522145563453206,20,OS,NA,Spring,D,51,NA,NA
24GH00I14,SYNSP,HU06,ROT,10.5485587002234,0.03048625,0.3215859976746856,0.003215859976746856,6.431719953493712,0.06431719953493711,20,OS,NA,Spring,D,51,NA,NA
24GH00I34,CYCCOPE,HU09,CYC,49.8012717268419,0.8826921764020554,43.95919292815622,0.4395919292815622,879.1838585631244,8.791838585631243,20,OS,NA,Spring,D,59.6,NA,NA
24GH00I34,DAPGALEM,HU09,DAP,8.30021195447365,17.94049811097342,148.9099368899135,1.489099368899135,2978.19873779827,29.7819873779827,20,OS,NA,Spring,D,59.6,NA,NA
24GH00I34,DIACOPE,HU09,CAL,112.052861385394,1.774023122582959,198.78436704927213,1.9878436704927214,3975.6873409854425,39.75687340985443,20,OS,NA,Spring,D,59.6,NA,NA
24GH00I34,DIYTHOM,HU09,CYC,53.9513777040787,5.661801804912278,305.4620076624568,3.054620076624568,6109.240153249137,61.09240153249136,20,OS,NA,Spring,D,59.6,NA,NA
24GH00I34,LEOASHL,HU09,CAL,217.880563804933,4.095072435798405,892.2366911337969,8.922366911337969,17844.73382267594,178.44733822675937,20,OS,NA,Spring,D,59.6,NA,NA
24GH00I34,LEOMINU,HU09,CAL,915.09836798072,3.815387211828014,3491.4546107583255,34.914546107583256,69829.09221516651,698.2909221516651,20,OS,NA,Spring,D,59.6,NA,NA
24GH00I34,LEOSICI,HU09,CAL,323.708266224472,10.566609827776421,3420.4989472199723,34.20498947219972,68409.97894439945,684.0997894439944,20,OS,NA,Spring,D,59.6,NA,NA
24GH00I34,LIMCOPE,HU09,CAL,2.07505298861841,1.37472050194472,2.852617886075392,0.028526178860753922,57.052357721507846,0.5705235772150784,20,OS,NA,Spring,D,59.6,NA,NA
24GH00I34,LIMMACR,HU09,CAL,23.1220190160337,47.91718307967077,1107.9420183629159,11.079420183629159,22158.840367258315,221.58840367258318,20,OS,NA,Spring,D,59.6,NA,NA
24GH00I34,SENCALA,HU09,CAL,2.66792527108082,46.78522051577155,124.81947212711574,1.2481947212711575,2496.389442542315,24.96389442542315,20,OS,NA,Spring,D,59.6,NA,NA
24GH00I34,SENCOPE,HU09,CAL,2.07505298861841,44.5367404999947,92.41609647783659,0.9241609647783658,1848.321929556732,18.483219295567316,20,OS,NA,Spring,D,59.6,NA,NA
24GH00I34,SKIOREG,HU09,CAL,10.3752649430921,7.805338947353552,80.9824595494287,0.809824595494287,1619.649190988574,16.19649190988574,20,OS,NA,Spring,D,59.6,NA,NA
24GH00I34,COPNAUP,HU09,NAU,5194.11701213546,0.24288362901353144,1261.5659894283815,12.615659894283816,25231.31978856763,252.31319788567632,20,OS,NA,Spring,D,59.6,NA,NA
24GH00I34,KERCRAS,HU09,ROT,14.5902163262232,0.004812208,0.0702111557267819,7.02111557267819e-4,1.4042231145356379,0.014042231145356378,20,OS,NA,Spring,D,59.6,NA,NA
24GH00I34,POLSP,HU09,ROT,14.5902163262232,0.0272498688,0.3975814806532002,0.003975814806532002,7.951629613064004,0.07951629613064004,20,OS,NA,Spring,D,59.6,NA,NA
24GH00I34,SYNSP,HU09,ROT,87.5412979573393,0.03359211333333333,2.9406972023300435,0.029406972023300434,58.81394404660087,0.5881394404660087,20,OS,NA,Spring,D,59.6,NA,NA
24GH00I54,CYCCOPE,HU12,CYC,243.282074527676,1.4586827806015665,354.87137294254796,3.54871372942548,7097.42745885096,70.9742745885096,20,OS,NA,Spring,N,89.5,NA,NA
24GH00I54,DAPGALEM,HU12,DAP,4.05470124212793,11.0712756240743,44.89071502487474,0.4489071502487474,897.8143004974947,8.978143004974948,20,OS,NA,Spring,N,89.5,NA,NA
24GH00I54,DIACOPE,HU12,CAL,243.282074527676,1.581658333111303,384.7891204733038,3.847891204733038,7695.7824094660755,76.95782409466075,20,OS,NA,Spring,N,89.5,NA,NA
24GH00I54,DIYTHOM,HU12,CYC,162.188049685117,4.915205704683783,797.1876270438238,7.971876270438238,15943.752540876476,159.43752540876477,20,OS,NA,Spring,N,89.5,NA,NA
24GH00I54,LEOASHL,HU12,CAL,486.564149055352,3.940175800909826,1917.1482856981795,19.171482856981797,38342.96571396359,383.42965713963594,20,OS,NA,Spring,N,89.5,NA,NA
24GH00I54,LEOMINU,HU12,CAL,1155.58985400646,3.795683687709798,4386.253558535267,43.862535585352674,87725.07117070534,877.2507117070535,20,OS,NA,Spring,N,89.5,NA,NA
24GH00I54,LEOSICI,HU12,CAL,486.564149055352,9.107366161111152,4431.317866316555,44.31317866316555,88626.35732633111,886.2635732633111,20,OS,NA,Spring,N,89.5,NA,NA
24GH00I54,LIMMACR,HU12,CAL,34.7545820753823,44.94626681772574,1562.0887190986814,15.620887190986814,31241.774381973628,312.4177438197363,20,OS,NA,Spring,N,89.5,NA,NA
24GH00I54,SKIOREG,HU12,CAL,32.4376099370235,8.214284336890605,266.4517512318592,2.664517512318592,5329.035024637184,53.290350246371844,20,OS,NA,Spring,N,89.5,NA,NA
24GH00I54,TROPRASM,HU12,CYC,4.05470124212793,0.50789271432285,2.0593532196325857,0.020593532196325856,41.18706439265171,0.4118706439265171,20,OS,NA,Spring,N,89.5,NA,NA
24GH00I54,COPNAUP,HU12,NAU,4086.37859558206,0.19142631569845947,782.2403991013189,7.822403991013188,15644.807982026377,156.44807982026376,20,OS,NA,Spring,N,89.5,NA,NA
24GH00I54,GASSTYL,HU12,ROT,9.50320603623734,0.03631696,0.3451275534897901,0.003451275534897901,6.902551069795802,0.06902551069795802,20,OS,NA,Spring,N,89.5,NA,NA
24GH00I54,POLSP,HU12,ROT,38.0128241449494,0.050722056,1.9280885949982756,0.019280885949982757,38.561771899965514,0.38561771899965513,20,OS,NA,Spring,N,89.5,NA,NA
24GH00I54,SYNSP,HU12,ROT,47.5160301811867,0.06423771599999999,3.0523212522264993,0.030523212522264993,61.04642504452998,0.6104642504452998,20,OS,NA,Spring,N,89.5,NA,NA
24GH00I74,CYCCOPE,HU15M,CYC,302.364864055826,1.5192566750862242,459.3698380283524,4.593698380283524,9187.396760567048,91.87396760567047,20,OS,NA,Spring,N,97.9,NA,NA
24GH00I74,DAPGALEM,HU15M,DAP,2.51970720046522,24.0690325299485,60.646914573942844,0.6064691457394285,1212.9382914788569,12.129382914788568,20,OS,NA,Spring,N,97.9,NA,NA
24GH00I74,DIACOPE,HU15M,CAL,219.214526440474,1.2848946093913536,281.6675633236434,2.816675633236434,5633.351266472868,56.33351266472868,20,OS,NA,Spring,N,97.9,NA,NA
24GH00I74,DIYTHOM,HU15M,CYC,249.451012846056,3.6484079770600517,910.0990651532601,9.100990651532602,18201.9813030652,182.01981303065202,20,OS,NA,Spring,N,97.9,NA,NA
24GH00I74,LEOASHL,HU15M,CAL,529.138512097695,3.762556281353487,1990.9134323992203,19.909134323992202,39818.268647984405,398.18268647984405,20,OS,NA,Spring,N,97.9,NA,NA
24GH00I74,LEOMINU,HU15M,CAL,657.643579321421,3.737737914483521,2458.0993406463263,24.580993406463264,49161.98681292652,491.6198681292653,20,OS,NA,Spring,N,97.9,NA,NA
24GH00I74,LEOSICI,HU15M,CAL,453.547296083739,9.933608145740589,4505.3611148560485,45.053611148560485,90107.22229712097,901.0722229712097,20,OS,NA,Spring,N,97.9,NA,NA
24GH00I74,LIMCOPE,HU15M,CAL,2.51970720046522,0.947115029782621,2.3864525602121014,0.023864525602121014,47.729051204242026,0.4772905120424203,20,OS,NA,Spring,N,97.9,NA,NA
24GH00I74,LIMMACR,HU15M,CAL,15.1182432027913,47.375775102355135,716.2384899181499,7.1623848991814985,14324.769798362997,143.24769798362996,20,OS,NA,Spring,N,97.9,NA,NA
24GH00I74,MYSDILU,HU15M,MAL,0.944890200174456,4306.539635519335,4069.2070982650935,40.69207098265093,81384.14196530187,813.8414196530186,20,OS,NA,Spring,N,97.9,NA,NA
24GH00I74,SENCOPE,HU15M,CAL,2.51970720046522,38.1939988190853,96.23769383900934,0.9623769383900934,1924.7538767801868,19.247538767801867,20,OS,NA,Spring,N,97.9,NA,NA
24GH00I74,SKIOREG,HU15M,CAL,25.1970720046522,7.701940176380768,194.06634119978986,1.9406634119978987,3881.326823995797,38.81326823995798,20,OS,NA,Spring,N,97.9,NA,NA
24GH00I74,TROPRASM,HU15M,CYC,2.51970720046522,0.48293386103757,1.216851927004835,0.012168519270048351,24.3370385400967,0.243370385400967,20,OS,NA,Spring,N,97.9,NA,NA
24GH00I74,COPNAUP,HU15M,NAU,4464.84241837435,0.11638577361332503,519.6441389240878,5.196441389240878,10392.882778481755,103.92882778481756,20,OS,NA,Spring,N,97.9,NA,NA
24GH00I74,KERCOCH,HU15M,ROT,9.68512455178817,0.001458,0.014120911596507154,1.4120911596507155e-4,0.2824182319301431,0.002824182319301431,20,OS,NA,Spring,N,97.9,NA,NA
24GH00I74,NOOSP,HU15M,ROT,9.68512455178817,0.019081216,0.1848039535595733,0.001848039535595733,3.696079071191466,0.03696079071191466,20,OS,NA,Spring,N,97.9,NA,NA
24GH00I94,CYCCOPE,HU93,CYC,133.893930068517,1.2281147630642617,164.43711220183957,1.6443711220183956,3288.7422440367914,32.887422440367914,20,OS,NA,Spring,N,91,NA,NA
24GH00I94,DAPGALEM,HU93,DAP,5.14976654109679,12.1971883641333,62.81267253306876,0.6281267253306876,1256.2534506613752,12.562534506613751,20,OS,NA,Spring,N,91,NA,NA
24GH00I94,DIACOPE,HU93,CAL,113.294863904129,1.9224673206381795,217.8056734518381,2.178056734518381,4356.113469036762,43.56113469036762,20,OS,NA,Spring,N,91,NA,NA
24GH00I94,DIYTHOM,HU93,CYC,339.884591712388,4.934180622882436,1677.051966443573,16.77051966443573,33541.03932887146,335.41039328871466,20,OS,NA,Spring,N,91,NA,NA
24GH00I94,LEOASHL,HU93,CAL,896.059378150841,4.09782183545653,3671.8916856521164,36.71891685652116,73437.83371304233,734.3783371304232,20,OS,NA,Spring,N,91,NA,NA
24GH00I94,LEOMINU,HU93,CAL,1266.84256910981,3.789094363799393,4800.186038435124,48.00186038435124,96003.72076870248,960.0372076870248,20,OS,NA,Spring,N,91,NA,NA
24GH00I94,LEOSICI,HU93,CAL,339.884591712388,9.448721090647098,3211.474710098818,32.11474710098818,64229.494201976355,642.2949420197637,20,OS,NA,Spring,N,91,NA,NA
24GH00I94,LIMMACR,HU93,CAL,4.41408560665439,53.40159513686745,235.71921246603168,2.3571921246603167,4714.384249320634,47.143842493206336,20,OS,NA,Spring,N,91,NA,NA
24GH00I94,SKIOREG,HU93,CAL,30.8985992465807,7.977647834617695,246.49814337220448,2.464981433722045,4929.96286744409,49.299628674440896,20,OS,NA,Spring,N,91,NA,NA
24GH00I94,COPNAUP,HU93,NAU,3034.52005061683,0.08751474900407406,265.565260577562,2.6556526057756202,5311.30521155124,53.1130521155124,20,OS,NA,Spring,N,91,NA,NA
24GH00I94,KELLONG,HU93,ROT,6.69871975853606,0.004631064375,0.03102220243186495,3.102220243186495e-4,0.620444048637299,0.00620444048637299,20,OS,NA,Spring,N,91,NA,NA
24GH00I94,POLSP,HU93,ROT,13.3974395170721,0.0475873398,0.6375485067488579,0.006375485067488579,12.750970134977157,0.12750970134977158,20,OS,NA,Spring,N,91,NA,NA
24GH00I94,SYNSP,HU93,ROT,6.69871975853606,0.09393931,0.629273112000244,0.0062927311200024405,12.585462240004881,0.1258546224000488,20,OS,NA,Spring,N,91,NA,NA
24GH01I14,CYCCOPE,HU27,CYC,217.880563804933,1.7261239373560948,376.08885666833675,3.7608885666833674,7521.777133366735,75.21777133366734,20,OS,NA,Spring,N,55.4,NA,NA
24GH01I14,DAPGALEM,HU27,DAP,6.91684329539471,24.14098433224525,166.9794056227193,1.669794056227193,3339.5881124543857,33.395881124543855,20,OS,NA,Spring,N,55.4,NA,NA
24GH01I14,DIACOPE,HU27,CAL,207.505298861841,1.2716662743889888,263.877490319611,2.63877490319611,5277.5498063922205,52.7754980639222,20,OS,NA,Spring,N,55.4,NA,NA
24GH01I14,DIYTHOM,HU27,CYC,207.505298861841,4.338477056775183,900.2569782713747,9.002569782713747,18005.139565427493,180.05139565427496,20,OS,NA,Spring,N,55.4,NA,NA
24GH01I14,LEOASHL,HU27,CAL,539.513777040787,3.858637910995076,2081.7883135937254,20.817883135937254,41635.76627187451,416.3576627187451,20,OS,NA,Spring,N,55.4,NA,NA
24GH01I14,LEOMINU,HU27,CAL,881.897520162825,3.7912252373253117,3343.47213517591,33.4347213517591,66869.4427035182,668.694427035182,20,OS,NA,Spring,N,55.4,NA,NA
24GH01I14,LEOSICI,HU27,CAL,352.75900806513,9.201336492717926,3245.854334044658,32.45854334044658,64917.08668089316,649.1708668089316,20,OS,NA,Spring,N,55.4,NA,NA
24GH01I14,LIMMACR,HU27,CAL,13.3396263554041,47.11141567793476,628.4486822177764,6.284486822177764,12568.973644355528,125.68973644355529,20,OS,NA,Spring,N,55.4,NA,NA
24GH01I14,SENCALA,HU27,CAL,1.48218070615601,74.2246328098205,110.0143186722303,1.100143186722303,2200.286373444606,22.00286373444606,20,OS,NA,Spring,N,55.4,NA,NA
24GH01I14,SENCOPE,HU27,CAL,3.45842164769735,27.7111622773332,95.83688350278334,0.9583688350278333,1916.7376700556667,19.167376700556666,20,OS,NA,Spring,N,55.4,NA,NA
24GH01I14,SKIOREG,HU27,CAL,17.2921082384868,7.571515700088471,130.927469015332,1.30927469015332,2618.54938030664,26.1854938030664,20,OS,NA,Spring,N,55.4,NA,NA
24GH01I14,COPNAUP,HU27,NAU,4387.19699253795,0.15544038626909423,681.9475951587075,6.819475951587075,13638.95190317415,136.3895190317415,20,OS,NA,Spring,N,55.4,NA,NA
24GH01I14,SYNSP,HU27,ROT,10.1320946709883,0.02924207,0.29628342161566684,0.002962834216156668,5.925668432313337,0.059256684323133364,20,OS,NA,Spring,N,55.4,NA,NA
24GH01I34,CYCCOPE,HU32,CYC,249.364126390868,1.7216685483879661,429.32237350339904,4.29322373503399,8586.44747006798,85.8644747006798,20,OS,NA,Spring,N,82.5,NA,NA
24GH01I34,DAPGALEM,HU32,DAP,4.05470124212793,19.0836641505424,77.37855673555651,0.7737855673555651,1547.5711347111303,15.475711347111304,20,OS,NA,Spring,N,82.5,NA,NA
24GH01I34,DIACOPE,HU32,CAL,164.215400306181,1.4398686607124982,236.44860850722762,2.364486085072276,4728.972170144552,47.28972170144552,20,OS,NA,Spring,N,82.5,NA,NA
24GH01I34,DIYTHOM,HU32,CYC,133.805140990222,4.126608114125612,552.1613805219716,5.521613805219716,11043.227610439433,110.43227610439432,20,OS,NA,Spring,N,82.5,NA,NA
24GH01I34,LEOASHL,HU32,CAL,468.317993465776,3.7818411121846296,1771.1042412646843,17.711042412646844,35422.084825293685,354.2208482529369,20,OS,NA,Spring,N,82.5,NA,NA
24GH01I34,LEOMINU,HU32,CAL,407.497474833857,3.8048765870127577,1550.4776012621628,15.504776012621628,31009.552025243254,310.09552025243255,20,OS,NA,Spring,N,82.5,NA,NA
24GH01I34,LEOSICI,HU32,CAL,316.266696885979,9.967950485934583,3152.53077490952,31.5253077490952,63050.6154981904,630.506154981904,20,OS,NA,Spring,N,82.5,NA,NA
24GH01I34,LIMMACR,HU32,CAL,18.2461555895757,49.16476147798623,897.0678874517146,8.970678874517146,17941.35774903429,179.41357749034293,20,OS,NA,Spring,N,82.5,NA,NA
24GH01I34,SENCALA,HU32,CAL,4.34432275942278,54.07395719362412,234.9147229283144,2.349147229283144,4698.294458566288,46.98294458566288,20,OS,NA,Spring,N,82.5,NA,NA
24GH01I34,SKIOREG,HU32,CAL,48.6564149055352,7.888871169339398,383.84418875169234,3.8384418875169235,7676.883775033847,76.76883775033846,20,OS,NA,Spring,N,82.5,NA,NA
24GH01I34,COPNAUP,HU32,NAU,3693.13592980256,0.12706821954173914,469.2802071256366,4.692802071256366,9385.604142512731,93.85604142512732,20,OS,NA,Spring,N,82.5,NA,NA
24GH01I34,SYNSP,HU32,ROT,9.69327015696209,0.00636056,0.06165462642956679,6.165462642956679e-4,1.2330925285913357,0.012330925285913357,20,OS,NA,Spring,N,82.5,NA,NA
24GH01I54,CYCCOPE,HU37,CYC,52.3899516928411,1.3620678643736794,71.35866961690832,0.7135866961690831,1427.1733923381662,14.271733923381662,20,OS,NA,Spring,D,76,NA,NA
24GH01I54,DAPGALEM,HU37,DAP,1.7463317230947,17.0581675215457,29.789219080738945,0.29789219080738943,595.7843816147789,5.957843816147789,20,OS,NA,Spring,D,76,NA,NA
24GH01I54,DIACOPE,HU37,CAL,172.886840586376,1.6908398491611003,292.3239594590072,2.923239594590072,5846.479189180144,58.46479189180144,20,OS,NA,Spring,D,76,NA,NA
24GH01I54,DIYTHOM,HU37,CYC,33.1803027387994,3.4025442627671216,112.8974487207781,1.128974487207781,2257.948974415562,22.57948974415562,20,OS,NA,Spring,D,76,NA,NA
24GH01I54,LEOASHL,HU37,CAL,240.993777787069,3.874933589410287,933.8348843859925,9.338348843859926,18676.69768771985,186.76697687719852,20,OS,NA,Spring,D,76,NA,NA
24GH01I54,LEOMINU,HU37,CAL,356.25167151132,3.9959735968335957,1423.57227318707,14.235722731870702,28471.445463741402,284.71445463741406,20,OS,NA,Spring,D,76,NA,NA
24GH01I54,LEOSICI,HU37,CAL,335.295690834183,10.540900322226875,3534.3184555553225,35.34318455555322,70686.36911110645,706.8636911110644,20,OS,NA,Spring,D,76,NA,NA
24GH01I54,COPNAUP,HU37,NAU,3167.95489142649,0.2097778865307173,664.5668817480971,6.645668817480971,13291.337634961943,132.9133763496194,20,OS,NA,Spring,D,76,NA,NA
24GH01I54,NOTSQUA,HU37,ROT,7.03989975872552,0.0047867085,0.0336979480142394,3.36979480142394e-4,0.673958960284788,0.00673958960284788,20,OS,NA,Spring,D,76,NA,NA
24GH01I54,POLDOLI,HU37,ROT,7.03989975872552,0.0336559916,0.2369348071445081,0.002369348071445081,4.738696142890162,0.04738696142890162,20,OS,NA,Spring,D,76,NA,NA
24GH01I54,SYNSP,HU37,ROT,7.03989975872552,0.01259712,0.08868246204863642,8.868246204863641e-4,1.7736492409727282,0.017736492409727283,20,OS,NA,Spring,D,76,NA,NA
24GH01I74,CYCCOPE,HU38,CYC,135.676541563512,1.5675863201671292,212.68469052254832,2.126846905225483,4253.693810450966,42.53693810450966,20,OS,NA,Spring,D,139.9,NA,NA
24GH01I74,DIACOPE,HU38,CAL,539.314252714959,0.8934045694696054,481.82581775562994,4.8182581775563,9636.516355112599,96.36516355112599,20,OS,NA,Spring,D,139.9,NA,NA
24GH01I74,DIYTHOM,HU38,CYC,108.541233250809,3.692722516003194,400.81265594001695,4.00812655940017,8016.2531188003395,80.16253118800338,20,OS,NA,Spring,D,139.9,NA,NA
24GH01I74,LEOASHL,HU38,CAL,396.853884073271,3.697518987724088,1467.3747717129736,14.673747717129736,29347.495434259472,293.47495434259474,20,OS,NA,Spring,D,139.9,NA,NA
24GH01I74,LEOMINU,HU38,CAL,457.908327776852,3.64732204558394,1670.1391387569893,16.701391387569892,33402.782775139785,334.0278277513978,20,OS,NA,Spring,D,139.9,NA,NA
24GH01I74,LEOSICI,HU38,CAL,335.799440369691,10.382612285599349,3486.47539507974,34.8647539507974,69729.5079015948,697.295079015948,20,OS,NA,Spring,D,139.9,NA,NA
24GH01I74,LIMCOPE,HU38,CAL,6.78382707817558,1.6980546545907549,11.519309146034844,0.11519309146034845,230.38618292069688,2.3038618292069692,20,OS,NA,Spring,D,139.9,NA,NA
24GH01I74,LIMMACR,HU38,CAL,5.8147089241505,49.95517038699155,290.47477505669855,2.9047477505669854,5809.495501133971,58.09495501133971,20,OS,NA,Spring,D,139.9,NA,NA
24GH01I74,SKIOREG,HU38,CAL,20.351481234526702,7.22320536271058,147.002928392337,1.47002928392337,2940.05856784674,29.4005856784674,20,OS,NA,Spring,D,139.9,NA,NA
24GH01I74,COPNAUP,HU38,NAU,4487.50161221314,0.24662119600947574,1106.7130146984553,11.067130146984553,22134.260293969106,221.34260293969106,20,OS,NA,Spring,D,139.9,NA,NA
24GH01I74,COLSP,HU38,ROT,20.0334893402373,0.01871352,0.3748971034383175,0.003748971034383175,7.49794206876635,0.0749794206876635,20,OS,NA,Spring,D,139.9,NA,NA
24GH01I74,COOUNIC,HU38,ROT,10.0167446701186,0.029681964,0.29731665469565216,0.0029731665469565215,5.946333093913044,0.05946333093913043,20,OS,NA,Spring,D,139.9,NA,NA
24GH01I74,KELLONG,HU38,ROT,10.0167446701186,0.004164436395,0.04171409606366417,4.171409606366417e-4,0.8342819212732834,0.008342819212732834,20,OS,NA,Spring,D,139.9,NA,NA
24GH01I74,KERCOCH,HU38,ROT,10.0167446701186,0.00231525,0.02319126809749209,2.3191268097492087e-4,0.46382536194984175,0.004638253619498417,20,OS,NA,Spring,D,139.9,NA,NA
24GH01I74,POLMAJO,HU38,ROT,10.0167446701186,0.0863392068,0.8648377895361675,0.008648377895361676,17.29675579072335,0.1729675579072335,20,OS,NA,Spring,D,139.9,NA,NA
24GH01I74,POLSP,HU38,ROT,120.200936041424,0.042497057166666664,5.108186050439239,0.051081860504392396,102.16372100878479,1.021637210087848,20,OS,NA,Spring,D,139.9,NA,NA
24GH01I74,SYNSP,HU38,ROT,160.267914721898,0.041018804375,6.573998241566716,0.06573998241566717,131.4799648313343,1.3147996483133433,20,OS,NA,Spring,D,139.9,NA,NA
24GH01I94,CYCCOPE,HU45M,CYC,135.224286424967,0.8083150997878855,109.30383257534282,1.0930383257534282,2186.0766515068563,21.860766515068562,20,OS,NA,Spring,D,100,NA,NA
24GH01I94,DAPGALEM,HU45M,DAP,3.919544534057,16.00112971251245,62.71714050341524,0.6271714050341524,1254.3428100683047,12.543428100683048,20,OS,NA,Spring,D,100,NA,NA
24GH01I94,DIACOPE,HU45M,CAL,170.50018723148,1.3252439552664979,225.954342500325,2.25954342500325,4519.0868500065,45.190868500064994,20,OS,NA,Spring,D,100,NA,NA
24GH01I94,DIYTHOM,HU45M,CYC,54.873623476798,3.47582471560973,190.73109671571683,1.9073109671571684,3814.6219343143366,38.14621934314337,20,OS,NA,Spring,D,100,NA,NA
24GH01I94,LEOASHL,HU45M,CAL,346.879691264045,3.872396764197654,1343.2557940167692,13.432557940167692,26865.115880335383,268.65115880335384,20,OS,NA,Spring,D,100,NA,NA
24GH01I94,LEOMINU,HU45M,CAL,370.396958468387,3.8597598115279803,1429.6432946084788,14.296432946084787,28592.865892169575,285.9286589216957,20,OS,NA,Spring,D,100,NA,NA
24GH01I94,LEOSICI,HU45M,CAL,329.241740860788,10.937897329943581,3601.2123582671898,36.0121235826719,72024.2471653438,720.242471653438,20,OS,NA,Spring,D,100,NA,NA
24GH01I94,LIMMACR,HU45M,CAL,3.35960960062029,47.468423272051595,159.47537055109214,1.5947537055109213,3189.507411021843,31.895074110218427,20,OS,NA,Spring,D,100,NA,NA
24GH01I94,SENCALA,HU45M,CAL,15.9581456029464,52.830003644411235,843.0688903617034,8.430688903617034,16861.37780723407,168.61377807234066,20,OS,NA,Spring,D,100,NA,NA
24GH01I94,SENCOPE,HU45M,CAL,13.7184058691995,40.77211638251266,559.3284406815468,5.593284406815468,11186.568813630936,111.86568813630936,20,OS,NA,Spring,D,100,NA,NA
24GH01I94,SKIOREG,HU45M,CAL,7.839089068114,7.06584552716896,55.3897924290124,0.5538979242901241,1107.795848580248,11.077958485802482,20,OS,NA,Spring,D,100,NA,NA
24GH01I94,COPNAUP,HU45M,NAU,3507.37992914757,0.19478020734593632,683.1681898403391,6.831681898403391,13663.363796806781,136.63363796806783,20,OS,NA,Spring,D,100,NA,NA
24GH01I94,DREPOLYV,HU45M,DVEL,10.5643973769505,0.10316976392212798,1.0899263833595312,0.010899263833595312,21.798527667190623,0.21798527667190623,20,OS,NA,Spring,D,100,NA,NA
24GH01I94,COOUNIC,HU45M,ROT,10.5643973769505,0.009967932,0.10530519467442097,0.0010530519467442097,2.1061038934884193,0.021061038934884195,20,OS,NA,Spring,D,100,NA,NA
24GH01I94,POLSP,HU45M,ROT,42.257589507802,0.056347275599999996,2.3811000421877875,0.023811000421877875,47.62200084375575,0.4762200084375575,20,OS,NA,Spring,D,100,NA,NA
24GH01I94,SYNSP,HU45M,ROT,52.8219868847525,0.03784381,1.9989852354890654,0.019989852354890654,39.97970470978131,0.39979704709781305,20,OS,NA,Spring,D,100,NA,NA
24GH02I14,BOSLONG,HU48,NDAP,7.839089068114,0.8501841111405559,6.66466897152615,0.0666466897152615,133.293379430523,1.33293379430523,20,OS,NA,Spring,N,114,NA,NA
24GH02I14,CYCCOPE,HU48,CYC,227.333582975306,1.963738422528158,446.4236916196015,4.464236916196016,8928.47383239203,89.28473832392031,20,OS,NA,Spring,N,114,NA,NA
24GH02I14,DAPGALEM,HU48,DAP,11.758633602171,11.992504343425233,141.01546454678163,1.4101546454678162,2820.309290935633,28.203092909356325,20,OS,NA,Spring,N,114,NA,NA
24GH02I14,DIACOPE,HU48,CAL,341.000374462959,1.3231933011616441,451.2094111829995,4.512094111829994,9024.188223659989,90.24188223659989,20,OS,NA,Spring,N,114,NA,NA
24GH02I14,DIYTHOM,HU48,CYC,74.471346147083,4.227373790844482,314.8182168710859,3.148182168710859,6296.364337421718,62.96364337421718,20,OS,NA,Spring,N,114,NA,NA
24GH02I14,LEOASHL,HU48,CAL,446.828076882498,3.8658239074989877,1727.3586621541565,17.273586621541565,34547.17324308313,345.4717324308313,20,OS,NA,Spring,N,114,NA,NA
24GH02I14,LEOMINU,HU48,CAL,764.311184141115,3.879798562705981,2965.373433690804,29.65373433690804,59307.46867381608,593.0746867381608,20,OS,NA,Spring,N,114,NA,NA
24GH02I14,LEOSICI,HU48,CAL,470.34534408684,10.778983813341,5069.844850592352,50.698448505923515,101396.89701184703,1013.9689701184703,20,OS,NA,Spring,N,114,NA,NA
24GH02I14,SKIOREG,HU48,CAL,15.678178136228,7.294809142695746,114.36931720896857,1.1436931720896857,2287.3863441793715,22.873863441793713,20,OS,NA,Spring,N,114,NA,NA
24GH02I14,COPNAUP,HU48,NAU,3973.13205698356,0.2662772513754078,1057.9546834851024,10.579546834851023,21159.093669702048,211.59093669702045,20,OS,NA,Spring,N,114,NA,NA
24GH02I14,KELLONG,HU48,ROT,11.4830406271201,0.004876911585,0.056001773865427686,5.600177386542769e-4,1.1200354773085537,0.011200354773085537,20,OS,NA,Spring,N,114,NA,NA
24GH02I14,POLSP,HU48,ROT,34.4491218813604,0.06563700733333333,2.2611372655537463,0.022611372655537462,45.222745311074924,0.45222745311074924,20,OS,NA,Spring,N,114,NA,NA
24GH02I14,SYNSP,HU48,ROT,11.4830406271201,0.09393931,1.0787089132136296,0.010787089132136296,21.574178264272593,0.21574178264272592,20,OS,NA,Spring,N,114,NA,NA
24GH02I34,BOSLONG,HU53,NDAP,3.919544534057,0.63447234742837,2.4868426213731816,0.024868426213731816,49.73685242746363,0.4973685242746363,20,OS,NA,Spring,N,92.6,NA,NA
24GH02I34,CYCCOPE,HU53,CYC,141.103603226052,1.7892669172301154,252.47200915433945,2.5247200915433945,5049.440183086789,50.494401830867886,20,OS,NA,Spring,N,92.6,NA,NA
24GH02I34,DAPGALEM,HU53,DAP,3.919544534057,27.8979606128816,109.34729903155755,1.0934729903155755,2186.945980631151,21.86945980631151,20,OS,NA,Spring,N,92.6,NA,NA
24GH02I34,DIACOPE,HU53,CAL,329.241740860788,1.0874852534720447,358.04553801357133,3.5804553801357133,7160.910760271427,71.60910760271426,20,OS,NA,Spring,N,92.6,NA,NA
24GH02I34,DIYTHOM,HU53,CYC,74.471346147083,3.8251504353287706,284.8641021340341,2.8486410213403413,5697.282042680682,56.97282042680683,20,OS,NA,Spring,N,92.6,NA,NA
24GH02I34,LEOASHL,HU53,CAL,458.586710484669,3.9631453438766213,1817.4457864210121,18.174457864210122,36348.915728420245,363.48915728420246,20,OS,NA,Spring,N,92.6,NA,NA
24GH02I34,LEOMINU,HU53,CAL,623.207580915063,4.0101396845408805,2499.149451934216,24.991494519342158,49982.98903868432,499.82989038684315,20,OS,NA,Spring,N,92.6,NA,NA
24GH02I34,LEOSICI,HU53,CAL,493.862611291182,10.026523720744935,4951.725186900072,49.51725186900072,99034.50373800144,990.3450373800143,20,OS,NA,Spring,N,92.6,NA,NA
24GH02I34,LIMMACR,HU53,CAL,5.03941440093043,47.92191456051481,241.49838635641598,2.4149838635641596,4829.96772712832,48.299677271283194,20,OS,NA,Spring,N,92.6,NA,NA
24GH02I34,SENCALA,HU53,CAL,6.71921920124057,52.7919458303021,354.72065609381787,3.5472065609381787,7094.413121876358,70.94413121876357,20,OS,NA,Spring,N,92.6,NA,NA
24GH02I34,SENCOPE,HU53,CAL,19.597722670285,37.5662862621587,736.2136599183234,7.362136599183234,14724.273198366467,147.24273198366467,20,OS,NA,Spring,N,92.6,NA,NA
24GH02I34,SKIOREG,HU53,CAL,19.597722670285,8.099333114959206,158.72848420122605,1.5872848420122605,3174.569684024521,31.74569684024521,20,OS,NA,Spring,N,92.6,NA,NA
24GH02I34,COPNAUP,HU53,NAU,4733.58493947396,0.25891195364155967,1225.581724407467,12.25581724407467,24511.63448814934,245.1163448814934,20,OS,NA,Spring,N,92.6,NA,NA
24GH02I34,DREPOLYV,HU53,DVEL,20.9450661038671,0.11595746078289987,2.4287366813344144,0.024287366813344143,48.574733626688285,0.4857473362668829,20,OS,NA,Spring,N,92.6,NA,NA
24GH02I34,COOUNIC,HU53,ROT,10.4725330519335,0.0355914,0.37273211286458596,0.0037273211286458596,7.454642257291719,0.07454642257291719,20,OS,NA,Spring,N,92.6,NA,NA
24GH02I34,KERCOCH,HU53,ROT,20.9450661038671,0.001800883,0.0377196134803305,3.7719613480330496e-4,0.7543922696066099,0.0075439226960660995,20,OS,NA,Spring,N,92.6,NA,NA
24GH02I34,POLSP,HU53,ROT,52.3626652596677,0.05231253104,2.739223551733496,0.02739223551733496,54.78447103466992,0.5478447103466992,20,OS,NA,Spring,N,92.6,NA,NA
24GH02I34,SYNSP,HU53,ROT,62.8351983116013,0.02924607166666667,1.8376827130103042,0.01837682713010304,36.75365426020608,0.3675365426020608,20,OS,NA,Spring,N,92.6,NA,NA
24GH02I54,BOSLONG,HU54M,NDAP,1.69595676954389,0.932374840128028,1.581267421867531,0.015812674218675313,31.625348437350624,0.31625348437350626,20,OS,NA,Spring,N,127.9,NA,NA
24GH02I54,CYCCOPE,HU54M,CYC,101.757406172634,1.3877416226377615,141.2129879574209,1.412129879574209,2824.2597591484177,28.24259759148418,20,OS,NA,Spring,N,127.9,NA,NA
24GH02I54,DAPGALEM,HU54M,DAP,3.39191353908779,19.62700649933,66.57310907684148,0.6657310907684147,1331.4621815368296,13.314621815368294,20,OS,NA,Spring,N,127.9,NA,NA
24GH02I54,DIACOPE,HU54M,CAL,228.954163888426,1.686886936262517,386.2197880662931,3.862197880662931,7724.395761325863,77.24395761325863,20,OS,NA,Spring,N,127.9,NA,NA
24GH02I54,DIYTHOM,HU54M,CYC,57.6625301644924,3.6596326700423476,211.02367922727873,2.1102367922727874,4220.473584545574,42.204735845455744,20,OS,NA,Spring,N,127.9,NA,NA
24GH02I54,EPICOPE,HU54M,CAL,1.69595676954389,3.52158639256156,5.972458281998424,0.059724582819984245,119.44916563996848,1.194491656399685,20,OS,NA,Spring,N,127.9,NA,NA
24GH02I54,LEOASHL,HU54M,CAL,310.360088826533,3.6951065377180883,1146.8135932696887,11.468135932696887,22936.271865393774,229.36271865393775,20,OS,NA,Spring,N,127.9,NA,NA
24GH02I54,LEOMINU,HU54M,CAL,518.962771480432,3.761294382405692,1951.9717570470377,19.519717570470377,39039.435140940754,390.39435140940753,20,OS,NA,Spring,N,127.9,NA,NA
24GH02I54,LEOSICI,HU54M,CAL,457.908327776852,9.592525328103239,4392.497232148853,43.92497232148853,87849.94464297706,878.4994464297706,20,OS,NA,Spring,N,127.9,NA,NA
24GH02I54,LIMMACR,HU54M,CAL,5.8147089241505,44.918007330916815,261.1851380821396,2.611851380821396,5223.702761642791,52.237027616427916,20,OS,NA,Spring,N,127.9,NA,NA
24GH02I54,SENCALA,HU54M,CAL,1.69595676954389,36.6463254498978,62.15058372566271,0.6215058372566271,1243.0116745132543,12.430116745132542,20,OS,NA,Spring,N,127.9,NA,NA
24GH02I54,SENCOPE,HU54M,CAL,1.69595676954389,43.0272029586866,72.97227613232343,0.7297227613232343,1459.4455226464686,14.594455226464687,20,OS,NA,Spring,N,127.9,NA,NA
24GH02I54,SKIOREG,HU54M,CAL,5.08787030863168,7.400868518240483,37.65465919204269,0.37654659192042694,753.0931838408538,7.530931838408539,20,OS,NA,Spring,N,127.9,NA,NA
24GH02I54,COPNAUP,HU54M,NAU,4447.9116213741,0.18308759699033125,814.3574503827521,8.143574503827521,16287.149007655042,162.87149007655043,20,OS,NA,Spring,N,127.9,NA,NA
24GH02I54,KERCOCH,HU54M,ROT,11.9246960358555,0.001825346,0.021766696210264697,2.1766696210264697e-4,0.43533392420529393,0.00435333924205294,20,OS,NA,Spring,N,127.9,NA,NA
24GH02I54,NOTFOLI,HU54M,ROT,11.9246960358555,0.019739132,0.23538314911162847,0.0023538314911162846,4.707662982232569,0.04707662982232569,20,OS,NA,Spring,N,127.9,NA,NA
24GH02I54,POLSP,HU54M,ROT,47.698784143422,0.0610605996,2.91251635998832,0.0291251635998832,58.2503271997664,0.582503271997664,20,OS,NA,Spring,N,127.9,NA,NA
24GH02I54,SYNSP,HU54M,ROT,23.849392071711,0.07536720499999999,1.7974620213940176,0.017974620213940175,35.949240427880355,0.35949240427880347,20,OS,NA,Spring,N,127.9,NA,NA
24GH02I74,CYCCOPE,HU61,CYC,117.58633602171,1.113649319000711,130.94994303436613,1.3094994303436613,2618.9988606873226,26.18998860687323,20,OS,NA,Spring,N,121.1,NA,NA
24GH02I74,DIACOPE,HU61,CAL,152.544435920056,1.3874654240977433,211.65013047757154,2.1165013047757153,4233.00260955143,42.330026095514306,20,OS,NA,Spring,N,121.1,NA,NA
24GH02I74,DIYTHOM,HU61,CYC,85.8062452050316,3.700024621266711,317.4852199170656,3.174852199170656,6349.704398341311,63.49704398341312,20,OS,NA,Spring,N,121.1,NA,NA
24GH02I74,LEOASHL,HU61,CAL,419.497198780155,3.990061518214882,1673.8196298516352,16.738196298516353,33476.392597032704,334.7639259703271,20,OS,NA,Spring,N,121.1,NA,NA
24GH02I74,LEOMINU,HU61,CAL,390.895117045144,3.7548562339319616,1467.7549670505227,14.677549670505227,29355.099341010457,293.5509934101045,20,OS,NA,Spring,N,121.1,NA,NA
24GH02I74,LEOSICI,HU61,CAL,343.224980820127,10.177700470670061,3493.241048838729,34.93241048838729,69864.82097677459,698.6482097677458,20,OS,NA,Spring,N,121.1,NA,NA
24GH02I74,LIMMACR,HU61,CAL,5.44801556857344,40.82747639387525,222.42872701939697,2.2242872701939698,4448.574540387939,44.48574540387939,20,OS,NA,Spring,N,121.1,NA,NA
24GH02I74,SENCALA,HU61,CAL,1.36200389214336,63.1910786153195,86.0664950228022,0.860664950228022,1721.329900456044,17.21329900456044,20,OS,NA,Spring,N,121.1,NA,NA
24GH02I74,SENCOPE,HU61,CAL,3.17800908166784,42.1177504808193,133.8505935274638,1.3385059352746378,2677.011870549276,26.770118705492756,20,OS,NA,Spring,N,121.1,NA,NA
24GH02I74,SKIOREG,HU61,CAL,9.53402724500351,7.49824782906159,71.48849909206163,0.7148849909206163,1429.7699818412325,14.297699818412326,20,OS,NA,Spring,N,121.1,NA,NA
24GH02I74,COPNAUP,HU61,NAU,4181.86270033967,0.2694122920863043,1126.6452152887323,11.266452152887323,22532.904305774646,225.32904305774647,20,OS,NA,Spring,N,121.1,NA,NA
24GH02I74,DREPOLYV,HU61,DVEL,6.55464373093992,0.1013799991711169,0.6645097760096557,0.006645097760096557,13.290195520193112,0.13290195520193113,20,OS,NA,Spring,N,121.1,NA,NA
24GH02I74,GASSTYL,HU61,ROT,6.55464373093992,0.032860640000000003,0.2153897879706736,0.002153897879706736,4.307795759413472,0.04307795759413472,20,OS,NA,Spring,N,121.1,NA,NA
24GH02I74,KELLONG,HU61,ROT,13.1092874618798,0.0074061601425,0.09708948229674916,9.708948229674916e-4,1.9417896459349833,0.019417896459349833,20,OS,NA,Spring,N,121.1,NA,NA
24GH02I74,KERCOCH,HU61,ROT,13.1092874618798,0.003014333,0.03951575780283052,3.951575780283052e-4,0.7903151560566104,0.007903151560566105,20,OS,NA,Spring,N,121.1,NA,NA
24GH02I74,SYNSP,HU61,ROT,13.1092874618798,0.10218313,1.3395480249246337,0.013395480249246337,26.790960498492673,0.2679096049849267,20,OS,NA,Spring,N,121.1,NA,NA
24GH10I14,BOSLONG,HU06,NDAP,25.144590253196,1.252644109113626,31.497222856741868,0.3149722285674187,629.9444571348373,6.299444571348374,20,OS,NA,Summer,D,51,NA,NA
24GH10I14,BYTLONG,HU06,PRED,2.75018955894332,184.42391495620515,507.2007253320062,5.072007253320062,10144.014506640124,101.44014506640124,20,OS,NA,Summer,D,51,NA,NA
24GH10I14,CYCCOPE,HU06,CYC,41.9076504219934,0.36039596320702527,15.103348039577611,0.1510334803957761,302.0669607915522,3.020669607915522,20,OS,NA,Summer,D,51,NA,NA
24GH10I14,DIACOPE,HU06,CAL,1722.40443234393,1.1311669117676082,1948.3269025493234,19.483269025493236,38966.53805098647,389.6653805098647,20,OS,NA,Summer,D,51,NA,NA
24GH10I14,EPICOPE,HU06,CAL,314.30737816495,2.161682894260683,679.4328829190962,6.794328829190962,13588.657658381924,135.88657658381925,20,OS,NA,Summer,D,51,NA,NA
24GH10I14,EPILACU,HU06,CAL,77.2298129205307,14.95206100734632,1154.7448743737182,11.547448743737181,23094.897487474365,230.9489748747436,20,OS,NA,Summer,D,51,NA,NA
24GH10I14,LEOASHL,HU06,CAL,8.38153008439868,3.454291474933815,28.952247917439657,0.28952247917439655,579.0449583487931,5.790449583487931,20,OS,NA,Summer,D,51,NA,NA
24GH10I14,LEOMINU,HU06,CAL,691.476231962891,3.929303802382365,2717.020187508818,27.17020187508818,54340.40375017635,543.4040375017636,20,OS,NA,Summer,D,51,NA,NA
24GH10I14,MESCOPE,HU06,CYC,37.716885379794,3.1694666633886097,119.54241085810632,1.1954241085810633,2390.8482171621263,23.908482171621266,20,OS,NA,Summer,D,51,NA,NA
24GH10I14,MESEDAX,HU06,CYC,16.7630601687974,4.892129580801165,82.00706251652352,0.8200706251652352,1640.1412503304705,16.401412503304705,20,OS,NA,Summer,D,51,NA,NA
24GH10I14,SKIOREG,HU06,CAL,4.19076504219934,6.82272873479152,28.592453074173232,0.2859245307417323,571.8490614834647,5.718490614834646,20,OS,NA,Summer,D,51,NA,NA
24GH10I14,COPNAUP,HU06,NAU,8974.26141505475,0.1455538687243693,1306.2384679050517,13.062384679050517,26124.769358101035,261.24769358101037,20,OS,NA,Summer,D,51,NA,NA
24GH10I14,ASCOVAL,HU06,ROT,7644.74120541701,0.0123477384,94.39526454018991,0.9439526454018992,1887.9052908037984,18.879052908037984,20,OS,NA,Summer,D,51,NA,NA
24GH10I14,ASPPRIO,HU06,ROT,997.140157228305,1.3410645353300001,1337.22930161226,13.372293016122601,26744.586032245203,267.445860322452,20,OS,NA,Summer,D,51,NA,NA
24GH10I14,COLSP,HU06,ROT,4320.94068132266,0.014406036923076923,62.24763099755939,0.6224763099755939,1244.952619951188,12.449526199511878,20,OS,NA,Summer,D,51,NA,NA
24GH10I14,COOUNIC,HU06,ROT,116997.778448121,0.022159243599999996,2592.5822732907427,25.925822732907427,51851.64546581486,518.5164546581485,20,OS,NA,Summer,D,51,NA,NA
24GH10I14,GASSTYL,HU06,ROT,1994.28031445661,0.021264139999999997,42.406655805849375,0.42406655805849375,848.1331161169875,8.481331161169875,20,OS,NA,Summer,D,51,NA,NA
24GH10I14,KELLONG,HU06,ROT,332.380052409435,0.00732658668,2.4352112646806683,0.024352112646806683,48.70422529361336,0.4870422529361337,20,OS,NA,Summer,D,51,NA,NA
24GH10I14,PLOTRUN,HU06,ROT,332.380052409435,0.03112136,10.344119267852895,0.10344119267852894,206.8823853570579,2.0688238535705787,20,OS,NA,Summer,D,51,NA,NA
24GH10I14,POLREMA,HU06,ROT,332.380052409435,0.0336559916,11.186580251899503,0.11186580251899503,223.73160503799005,2.2373160503799006,20,OS,NA,Summer,D,51,NA,NA
24GH10I14,POLSP,HU06,ROT,2326.66036686605,0.06908003080000001,160.72576980424606,1.6072576980424607,3214.515396084921,32.145153960849214,20,OS,NA,Summer,D,51,NA,NA
24GH10I14,POLVULG,HU06,ROT,997.140157228305,0.061610543866666666,61.43434739812938,0.6143434739812939,1228.6869479625877,12.286869479625878,20,OS,NA,Summer,D,51,NA,NA
24GH10I34,BOSLONG,HU09,NDAP,9.11491396678356,1.18416925449954,10.793600876873532,0.10793600876873531,215.87201753747064,2.158720175374706,20,OS,NA,Summer,D,59,NA,NA
24GH10I34,BYTLONG,HU09,PRED,6.83618547508767,147.34038331306462,1007.2461882986221,10.072461882986222,20144.923765972442,201.44923765972442,20,OS,NA,Summer,D,59,NA,NA
24GH10I34,CYCCOPE,HU09,CYC,63.8043977674849,0.391472468055742,24.97766506684759,0.24977665066847587,499.5533013369518,4.995533013369517,20,OS,NA,Summer,D,59,NA,NA
24GH10I34,DIACOPE,HU09,CAL,2816.50841573612,1.4606688032907518,4113.985977071609,41.13985977071609,82279.71954143219,822.7971954143219,20,OS,NA,Summer,D,59,NA,NA
24GH10I34,EPICOPE,HU09,CAL,227.872849169589,3.499747290747707,797.4973865162299,7.974973865162299,15949.947730324599,159.49947730324598,20,OS,NA,Summer,D,59,NA,NA
24GH10I34,EPILACU,HU09,CAL,85.9406174011022,16.855575976145698,1448.5786060411472,14.485786060411472,28971.572120822944,289.71572120822947,20,OS,NA,Summer,D,59,NA,NA
24GH10I34,LEOASHL,HU09,CAL,9.11491396678356,4.28201038672506,39.030156279872514,0.39030156279872513,780.6031255974503,7.806031255974503,20,OS,NA,Summer,D,59,NA,NA
24GH10I34,LEOMINU,HU09,CAL,1558.65028831999,3.845612107301702,5993.9644198126425,59.93964419812642,119879.28839625284,1198.7928839625285,20,OS,NA,Summer,D,59,NA,NA
24GH10I34,LETKIND,HU09,PRED,7.8127834001002,4.324694808347309,33.787903809155374,0.33787903809155373,675.7580761831075,6.757580761831075,20,OS,NA,Summer,D,59,NA,NA
24GH10I34,MESCOPE,HU09,CYC,45.5745698339178,1.2729449079590807,58.01391660251119,0.5801391660251118,1160.2783320502238,11.602783320502237,20,OS,NA,Summer,D,59,NA,NA
24GH10I34,MESEDAX,HU09,CYC,27.3447419003507,8.86812941712963,242.49671005031723,2.4249671005031725,4849.934201006345,48.49934201006345,20,OS,NA,Summer,D,59,NA,NA
24GH10I34,SKIOREG,HU09,CAL,27.3447419003507,7.418786583723005,202.8648043456901,2.0286480434569008,4057.296086913802,40.572960869138015,20,OS,NA,Summer,D,59,NA,NA
24GH10I34,COPNAUP,HU09,NAU,11867.6179847522,0.195589284187517,2321.178906648586,23.211789066485856,46423.578132971714,464.23578132971716,20,OS,NA,Summer,D,59,NA,NA
24GH10I34,DREPOLYV,HU09,DVEL,1271.53049836631,0.1859045129787068,236.3832580363612,2.363832580363612,4727.665160727224,47.27665160727224,20,OS,NA,Summer,D,59,NA,NA
24GH10I34,ASCOVAL,HU09,ROT,7629.18299019784,0.013196367333333335,100.67750119186911,1.0067750119186911,2013.5500238373822,20.135500238373822,20,OS,NA,Summer,D,59,NA,NA
24GH10I34,ASPPRIO,HU09,ROT,423.843499455436,0.31077440472,131.7197112377048,1.3171971123770478,2634.394224754096,26.34394224754096,20,OS,NA,Summer,D,59,NA,NA
24GH10I34,COLSP,HU09,ROT,4662.27849400979,0.009517467272727271,44.37308298307836,0.4437308298307836,887.4616596615672,8.874616596615672,20,OS,NA,Summer,D,59,NA,NA
24GH10I34,COOUNIC,HU09,ROT,141139.88531866,0.0196683721,2775.9917825987322,27.759917825987323,55519.835651974645,555.1983565197464,20,OS,NA,Summer,D,59,NA,NA
24GH10I34,GASSTYL,HU09,ROT,4662.27849400979,0.01745031090909091,81.35820926523898,0.8135820926523898,1627.1641853047797,16.271641853047797,20,OS,NA,Summer,D,59,NA,NA
24GH10I34,KELLONG,HU09,ROT,423.843499455436,0.00871871196,3.6953693878703637,0.03695369387870364,73.90738775740728,0.7390738775740728,20,OS,NA,Summer,D,59,NA,NA
24GH10I34,PLOTRUN,HU09,ROT,1271.53049836631,0.019692123333333332,25.039135395924173,0.2503913539592417,500.7827079184835,5.0078270791848345,20,OS,NA,Summer,D,59,NA,NA
24GH10I34,POLSP,HU09,ROT,3390.74799564349,0.03832174115,129.93936699393115,1.2993936699393114,2598.787339878623,25.987873398786228,20,OS,NA,Summer,D,59,NA,NA
24GH10I54,BOSLONG,HU12,NDAP,23.7780364350876,0.6158532075844952,14.643780008609696,0.14643780008609697,292.8756001721939,2.9287560017219394,20,OS,NA,Summer,D,88,NA,NA
24GH10I54,BYTLONG,HU12,PRED,6.31604092807013,198.1198263796397,1251.3329320759526,12.513329320759526,25026.658641519054,250.26658641519052,20,OS,NA,Summer,D,88,NA,NA
24GH10I54,CYCCOPE,HU12,CYC,118.890182175438,0.36426323951388184,43.307322905620616,0.43307322905620615,866.1464581124123,8.661464581124124,20,OS,NA,Summer,D,88,NA,NA
24GH10I54,DIACOPE,HU12,CAL,1688.24058689122,1.5575667166741636,2629.5473478802205,26.295473478802204,52590.94695760441,525.9094695760441,20,OS,NA,Summer,D,88,NA,NA
24GH10I54,DIYTHOM,HU12,CYC,7.92601214502918,2.1794651492149,17.274467242345132,0.17274467242345132,345.48934484690267,3.4548934484690266,20,OS,NA,Summer,D,88,NA,NA
24GH10I54,EPICOPE,HU12,CAL,285.336437221051,2.8215567654453646,805.0929548691331,8.05092954869133,16101.859097382661,161.0185909738266,20,OS,NA,Summer,D,88,NA,NA
24GH10I54,EPILACU,HU12,CAL,78.127834001002,15.64191286305765,1222.068771623106,12.22068771623106,24441.37543246212,244.4137543246212,20,OS,NA,Summer,D,88,NA,NA
24GH10I54,LEOMINU,HU12,CAL,1664.46255045613,3.916904117503614,6519.540217312183,65.19540217312183,130390.80434624366,1303.9080434624366,20,OS,NA,Summer,D,88,NA,NA
24GH10I54,MESCOPE,HU12,CYC,229.854352205846,1.1928711658496718,274.1866290914086,2.7418662909140856,5483.7325818281715,54.83732581828171,20,OS,NA,Summer,D,88,NA,NA
24GH10I54,MESEDAX,HU12,CYC,134.742206465496,7.393032733221777,996.1535429459389,9.961535429459389,19923.070858918778,199.23070858918777,20,OS,NA,Summer,D,88,NA,NA
24GH10I54,SKIOREG,HU12,CAL,39.6300607251459,7.3788303409334475,292.42349449174156,2.9242349449174156,5848.4698898348315,58.48469889834831,20,OS,NA,Summer,D,88,NA,NA
24GH10I54,TROPRASM,HU12,CYC,7.92601214502918,0.378843875654129,3.002721159504551,0.03002721159504551,60.05442319009102,0.6005442319009102,20,OS,NA,Summer,D,88,NA,NA
24GH10I54,COPNAUP,HU12,NAU,20021.1066783437,0.12504698339584727,2503.5789943733316,25.035789943733317,50071.579887466636,500.71579887466635,20,OS,NA,Summer,D,88,NA,NA
24GH10I54,ASCOVAL,HU12,ROT,5318.10646143505,0.013478604000000003,71.68065102352432,0.7168065102352432,1433.6130204704864,14.336130204704865,20,OS,NA,Summer,D,88,NA,NA
24GH10I54,ASPPRIO,HU12,ROT,312.829791849121,2.05611172416,643.2130026875101,6.432130026875101,12864.260053750202,128.64260053750203,20,OS,NA,Summer,D,88,NA,NA
24GH10I54,COLSP,HU12,ROT,1876.97875109472,0.010058430000000002,18.879459379373667,0.18879459379373667,377.58918758747336,3.7758918758747333,20,OS,NA,Summer,D,88,NA,NA
24GH10I54,COOUNIC,HU12,ROT,116685.512359722,0.0203248942,2371.6206933841418,23.716206933841416,47432.41386768284,474.32413867682834,20,OS,NA,Summer,D,88,NA,NA
24GH10I54,GASSTYL,HU12,ROT,4692.44687773681,0.021468546666666668,100.74001477554701,1.0074001477554702,2014.8002955109403,20.148002955109405,20,OS,NA,Summer,D,88,NA,NA
24GH10I54,KELLONG,HU12,ROT,312.829791849121,0.00638582784,1.997677193971522,0.01997677193971522,39.95354387943044,0.3995354387943044,20,OS,NA,Summer,D,88,NA,NA
24GH10I54,PLOTRUN,HU12,ROT,2815.46812664209,0.028493813333333333,80.2234232464894,0.802234232464894,1604.468464929788,16.04468464929788,20,OS,NA,Summer,D,88,NA,NA
24GH10I54,POLSP,HU12,ROT,2189.80854294384,0.0520324112,113.94101855572676,1.1394101855572676,2278.820371114535,22.78820371114535,20,OS,NA,Summer,D,88,NA,NA
24GH10I54,POLVULG,HU12,ROT,1251.31916739648,0.081272037,101.69725767145593,1.0169725767145592,2033.9451534291186,20.339451534291186,20,OS,NA,Summer,D,88,NA,NA
24GH10I54,SYNSP,HU12,ROT,312.829791849121,0.00493039,1.5423728774349876,0.015423728774349877,30.84745754869975,0.3084745754869975,20,OS,NA,Summer,D,88,NA,NA
24GH10I74,BOSLONG,HU15M,NDAP,62.0589887100157,0.9369352989084843,58.14525713697681,0.5814525713697681,1162.9051427395361,11.629051427395362,20,OS,NA,Summer,N,64,NA,NA
24GH10I74,BYTLONG,HU15M,PRED,13.0905679310189,228.90457070251145,2996.4908325019446,29.964908325019447,59929.81665003889,599.2981665003889,20,OS,NA,Summer,N,64,NA,NA
24GH10I74,CYCCOPE,HU15M,CYC,2187.57935202805,0.5376078065285709,1176.0597370509922,11.760597370509922,23521.194741019845,235.21194741019843,20,OS,NA,Summer,N,64,NA,NA
24GH10I74,DAPGALEM,HU15M,DAP,139.632724597535,2.1802766425367746,304.4379679737757,3.044379679737757,6088.759359475514,60.88759359475514,20,OS,NA,Summer,N,64,NA,NA
24GH10I74,DIACOPE,HU15M,CAL,2839.19873348322,1.5094431220399618,4285.609000360817,42.856090003608166,85712.18000721635,857.1218000721633,20,OS,NA,Summer,N,64,NA,NA
24GH10I74,EPICOPE,HU15M,CAL,682.648875810173,5.978240810916757,4081.039368894821,40.81039368894821,81620.78737789643,816.2078737789642,20,OS,NA,Summer,N,64,NA,NA
24GH10I74,EPILACU,HU15M,CAL,192.826143491835,16.931978897781583,3264.928192544354,32.64928192544354,65298.563850887076,652.9856385088708,20,OS,NA,Summer,N,64,NA,NA
24GH10I74,LEOMINU,HU15M,CAL,2234.12359356057,4.144210102023513,9258.677565602788,92.58677565602788,185173.55131205576,1851.7355131205577,20,OS,NA,Summer,N,64,NA,NA
24GH10I74,MESCOPE,HU15M,CYC,325.809690727583,1.550414869078148,505.14018899379755,5.051401889937975,10102.80377987595,101.0280377987595,20,OS,NA,Summer,N,64,NA,NA
24GH10I74,MESEDAX,HU15M,CYC,1117.06179678028,6.4928131990983005,7252.873578343466,72.52873578343466,145057.47156686932,1450.574715668693,20,OS,NA,Summer,N,64,NA,NA
24GH10I74,SKIOREG,HU15M,CAL,15.5147471775039,9.0885338160585,141.00630437034238,1.4100630437034238,2820.1260874068475,28.201260874068478,20,OS,NA,Summer,N,64,NA,NA
24GH10I74,COPNAUP,HU15M,NAU,9425.20891033364,0.1492668622500863,1406.8713600970575,14.068713600970575,28137.42720194115,281.3742720194115,20,OS,NA,Summer,N,64,NA,NA
24GH10I74,DREPOLYV,HU15M,DVEL,2199.21541241118,0.3283740603860477,722.1652946370356,7.221652946370356,14443.305892740711,144.43305892740713,20,OS,NA,Summer,N,64,NA,NA
24GH10I74,ASCOVAL,HU15M,ROT,3770.08356413346,0.016466545200000002,62.08025141658073,0.6208025141658073,1241.6050283316147,12.416050283316146,20,OS,NA,Summer,N,64,NA,NA
24GH10I74,ASPPRIO,HU15M,ROT,1256.69452137782,1.078958445825,1355.9211676626046,13.559211676626045,27118.423353252092,271.1842335325209,20,OS,NA,Summer,N,64,NA,NA
24GH10I74,COLSP,HU15M,ROT,1099.60770620559,0.014364745714285714,15.795585085112291,0.1579558508511229,315.9117017022458,3.1591170170224583,20,OS,NA,Summer,N,64,NA,NA
24GH10I74,COOUNIC,HU15M,ROT,43513.047802707,0.02129712,926.7026006199873,9.267026006199872,18534.052012399745,185.34052012399744,20,OS,NA,Summer,N,64,NA,NA
24GH10I74,GASSTYL,HU15M,ROT,2042.12859723896,0.01945987846153846,39.73957430510219,0.3973957430510219,794.7914861020438,7.947914861020438,20,OS,NA,Summer,N,64,NA,NA
24GH10I74,KELLONG,HU15M,ROT,2199.21541241118,0.010835870662499998,23.83041376786414,0.2383041376786414,476.6082753572828,4.766082753572828,20,OS,NA,Summer,N,64,NA,NA
24GH10I74,PLOTRUN,HU15M,ROT,785.434075861137,0.019502442000000002,15.317882509305425,0.15317882509305425,306.3576501861085,3.063576501861085,20,OS,NA,Summer,N,64,NA,NA
24GH10I74,TRIMULT,HU15M,ROT,157.086815172227,0.14222325,22.341397385943434,0.22341397385943434,446.8279477188687,4.468279477188687,20,OS,NA,Summer,N,64,NA,NA
24GH10I94,BOSLONG,HU93,NDAP,649.776045156848,1.1366078060128584,738.540525085437,7.385405250854371,14770.81050170874,147.7081050170874,20,OS,NA,Summer,N,90,NA,NA
24GH10I94,BYTLONG,HU93,PRED,12.5217258702101,218.2181874848387,2732.4683235792622,27.324683235792623,54649.36647158524,546.4936647158524,20,OS,NA,Summer,N,90,NA,NA
24GH10I94,CYCCOPE,HU93,CYC,1906.00973246009,0.529522394109182,1009.2748367276683,10.092748367276684,20185.496734553366,201.85496734553368,20,OS,NA,Summer,N,90,NA,NA
24GH10I94,DAPGALEM,HU93,DAP,577.578706806087,6.980801316349151,4031.9621967671724,40.31962196767172,80639.24393534345,806.3924393534344,20,OS,NA,Summer,N,90,NA,NA
24GH10I94,DIACOPE,HU93,CAL,5588.07398834889,2.3386573994131417,13068.590581320239,130.6859058132024,261371.8116264048,2613.718116264048,20,OS,NA,Summer,N,90,NA,NA
24GH10I94,DIYTHOM,HU93,CYC,303.228821073196,4.644769910874046,1408.4281042305906,14.084281042305907,28168.56208461181,281.6856208461181,20,OS,NA,Summer,N,90,NA,NA
24GH10I94,EPICOPE,HU93,CAL,288.789353403044,3.765860713477251,1087.5404804510213,10.875404804510213,21750.809609020427,217.50809609020425,20,OS,NA,Summer,N,90,NA,NA
24GH10I94,EPILACU,HU93,CAL,222.780358339491,18.976701839863818,4227.636435986539,42.27636435986539,84552.72871973079,845.5272871973078,20,OS,NA,Summer,N,90,NA,NA
24GH10I94,LEOASHL,HU93,CAL,1516.14410536598,3.7309718928586717,5656.691042643828,56.566910426438284,113133.82085287655,1131.3382085287658,20,OS,NA,Summer,N,90,NA,NA
24GH10I94,LEOMINU,HU93,CAL,2772.37779266922,4.153007230735141,11513.7050192848,115.137050192848,230274.100385696,2302.7410038569597,20,OS,NA,Summer,N,90,NA,NA
24GH10I94,MESCOPE,HU93,CYC,389.865627094109,1.9456256097308287,758.5325484280677,7.585325484280677,15170.650968561353,151.70650968561353,20,OS,NA,Summer,N,90,NA,NA
24GH10I94,MESEDAX,HU93,CYC,332.1077564135,6.489274109506908,2155.1382652605525,21.551382652605525,43102.765305211055,431.0276530521105,20,OS,NA,Summer,N,90,NA,NA
24GH10I94,SKIOREG,HU93,CAL,129.95520903137,7.412238847338784,963.2590487963528,9.632590487963528,19265.180975927055,192.65180975927055,20,OS,NA,Summer,N,90,NA,NA
24GH10I94,COPNAUP,HU93,NAU,10380.1723213806,0.13059521246277866,1355.6008097109539,13.556008097109538,27112.016194219075,271.12016194219075,20,OS,NA,Summer,N,90,NA,NA
24GH10I94,DREPOLYV,HU93,DVEL,768.901653435604,0.46641419585386845,358.6266463778771,3.5862664637787707,7172.532927557541,71.72532927557542,20,OS,NA,Summer,N,90,NA,NA
24GH10I94,ASCOVAL,HU93,ROT,3075.60661374241,0.0180597885,55.54480495338912,0.5554480495338912,1110.8960990677824,11.108960990677822,20,OS,NA,Summer,N,90,NA,NA
24GH10I94,ASPPRIO,HU93,ROT,384.450826717802,2.41818763992,929.6742373260146,9.296742373260146,18593.48474652029,185.93484746520292,20,OS,NA,Summer,N,90,NA,NA
24GH10I94,COLSP,HU93,ROT,3075.60661374241,0.021403619999999998,65.82911523002932,0.6582911523002931,1316.5823046005862,13.165823046005862,20,OS,NA,Summer,N,90,NA,NA
24GH10I94,COOUNIC,HU93,ROT,111875.19057488,0.029150110600000008,3261.1741786538305,32.6117417865383,65223.483573076606,652.234835730766,20,OS,NA,Summer,N,90,NA,NA
24GH10I94,GASSTYL,HU93,ROT,3844.50826717802,0.025080278,96.42133611412302,0.9642133611412302,1928.4267222824606,19.284267222824603,20,OS,NA,Summer,N,90,NA,NA
24GH10I94,KELLONG,HU93,ROT,1922.25413358901,0.014207381706,27.31019821183538,0.2731019821183538,546.2039642367076,5.462039642367076,20,OS,NA,Summer,N,90,NA,NA
24GH10I94,KERCOCH,HU93,ROT,384.450826717802,0.001409938,0.5420518297208443,0.005420518297208443,10.841036594416886,0.10841036594416886,20,OS,NA,Summer,N,90,NA,NA
24GH10I94,POLREMA,HU93,ROT,768.901653435604,0.060922631000000005,46.84351170754719,0.46843511707547186,936.8702341509437,9.368702341509437,20,OS,NA,Summer,N,90,NA,NA
24GH10I94,POLSP,HU93,ROT,1537.80330687121,0.054128158700000005,83.23846144370967,0.8323846144370967,1664.7692288741932,16.647692288741933,20,OS,NA,Summer,N,90,NA,NA
24GH10I94,SYNSP,HU93,ROT,384.450826717802,0.01259712,4.8429731982633575,0.048429731982633575,96.85946396526715,0.9685946396526715,20,OS,NA,Summer,N,90,NA,NA
24GH11I14,BOSLONG,HU27,NDAP,219.403238846472,1.3721499340161947,301.05413970612597,3.01054139706126,6021.08279412252,60.2108279412252,20,OS,NA,Summer,N,55,NA,NA
24GH11I14,BYTLONG,HU27,PRED,19.0566232270143,224.29331575222517,4274.273210627906,42.742732106279064,85485.46421255813,854.8546421255812,20,OS,NA,Summer,N,55,NA,NA
24GH11I14,CYCCOPE,HU27,CYC,2671.55708477762,0.9103814118284547,2432.1359106201603,24.3213591062016,48642.718212403204,486.427182124032,20,OS,NA,Summer,N,55,NA,NA
24GH11I14,DAPGALEM,HU27,DAP,890.519028259208,10.380913164555379,9244.400703743075,92.44400703743075,184888.01407486148,1848.880140748615,20,OS,NA,Summer,N,55,NA,NA
24GH11I14,DIACOPE,HU27,CAL,2594.12064753769,2.399824311917144,6225.433798007192,62.254337980071924,124508.67596014385,1245.0867596014384,20,OS,NA,Summer,N,55,NA,NA
24GH11I14,DIYTHOM,HU27,CYC,335.557894706368,3.6999061312639663,1241.5327120181194,12.415327120181194,24830.654240362386,248.3065424036239,20,OS,NA,Summer,N,55,NA,NA
24GH11I14,EPICOPE,HU27,CAL,154.872874479862,3.862092349842317,598.1333437267645,5.9813334372676445,11962.666874535289,119.62666874535289,20,OS,NA,Summer,N,55,NA,NA
24GH11I14,EPILACU,HU27,CAL,82.9676113284977,17.35504543635049,1439.9066643515453,14.399066643515452,28798.133287030905,287.981332870309,20,OS,NA,Summer,N,55,NA,NA
24GH11I14,LEOASHL,HU27,CAL,412.994331946299,4.029213829267506,1664.0424736871228,16.64042473687123,33280.849473742455,332.80849473742455,20,OS,NA,Summer,N,55,NA,NA
24GH11I14,LEOMINU,HU27,CAL,2245.656679958,3.6706630211331457,8243.048933282462,82.43048933282462,164860.97866564925,1648.6097866564924,20,OS,NA,Summer,N,55,NA,NA
24GH11I14,MESCOPE,HU27,CYC,516.242914932874,1.8883727044625946,974.8590294314445,9.748590294314445,19497.18058862889,194.9718058862889,20,OS,NA,Summer,N,55,NA,NA
24GH11I14,MESEDAX,HU27,CYC,1393.85587031876,4.757212142090265,6630.868070604199,66.30868070604198,132617.36141208396,1326.1736141208396,20,OS,NA,Summer,N,55,NA,NA
24GH11I14,SKIOREG,HU27,CAL,232.309311719793,8.402507770190992,1951.9807968132818,19.519807968132817,39039.61593626563,390.39615936265636,20,OS,NA,Summer,N,55,NA,NA
24GH11I14,COPNAUP,HU27,NAU,11518.6700394398,0.11408877975910037,1314.1510092473952,13.141510092473952,26283.020184947905,262.83020184947907,20,OS,NA,Summer,N,55,NA,NA
24GH11I14,DREPOLYV,HU27,DVEL,1316.41943307883,0.3589277521398662,472.4994679882215,4.724994679882215,9449.98935976443,94.4998935976443,20,OS,NA,Summer,N,55,NA,NA
24GH11I14,ASCOVAL,HU27,ROT,3784.70587010163,0.014162222399999997,53.59984625096478,0.5359984625096478,1071.9969250192955,10.719969250192955,20,OS,NA,Summer,N,55,NA,NA
24GH11I14,ASPPRIO,HU27,ROT,164.552429134854,0.02791585992,4.593622561224311,0.045936225612243115,91.87245122448623,0.9187245122448623,20,OS,NA,Summer,N,55,NA,NA
24GH11I14,COLSP,HU27,ROT,822.762145674268,0.0161595,13.295424893023334,0.13295424893023333,265.9084978604667,2.6590849786046666,20,OS,NA,Summer,N,55,NA,NA
24GH11I14,COOUNIC,HU27,ROT,40809.0024254437,0.019575643099999998,798.8624667475202,7.988624667475202,15977.249334950404,159.77249334950403,20,OS,NA,Summer,N,55,NA,NA
24GH11I14,GASSTYL,HU27,ROT,329.104858269707,0.01861461,6.126158585795871,0.061261585857958704,122.52317171591741,1.225231717159174,20,OS,NA,Summer,N,55,NA,NA
24GH11I14,KELLONG,HU27,ROT,164.552429134854,0.005394403245,0.8876621576976891,0.008876621576976891,17.753243153953782,0.17753243153953782,20,OS,NA,Summer,N,55,NA,NA
24GH11I14,KERCOCH,HU27,ROT,987.314574809122,0.0022272039999999996,2.198950970273175,0.021989509702731752,43.979019405463504,0.43979019405463504,20,OS,NA,Summer,N,55,NA,NA
24GH11I14,KERCOCHH,HU27,ROT,164.552429134854,0.002122416,0.34924870843468026,0.0034924870843468024,6.984974168693605,0.06984974168693604,20,OS,NA,Summer,N,55,NA,NA
24GH11I14,KERCRAS,HU27,ROT,2139.1815787531,0.005051202615384614,10.805439585380247,0.10805439585380247,216.10879170760495,2.1610879170760495,20,OS,NA,Summer,N,55,NA,NA
24GH11I14,KEREARL,HU27,ROT,164.552429134854,0.002122416,0.34924870843468026,0.0034924870843468024,6.984974168693605,0.06984974168693604,20,OS,NA,Summer,N,55,NA,NA
24GH11I14,PLOTRUN,HU27,ROT,658.209716539415,0.0220548175,14.51669517500353,0.1451669517500353,290.3339035000706,2.9033390350007062,20,OS,NA,Summer,N,55,NA,NA
24GH11I14,POLSP,HU27,ROT,2797.39129529251,0.05549845296470588,155.25088922566903,1.5525088922566903,3105.0177845133803,31.050177845133806,20,OS,NA,Summer,N,55,NA,NA
24GH11I14,SYNSP,HU27,ROT,329.104858269707,0.009616554999999999,3.1648549703178417,0.031648549703178416,63.297099406356836,0.6329709940635684,20,OS,NA,Summer,N,55,NA,NA
24GH11I14,TRICYLI,HU27,ROT,164.552429134854,0.130816984584,21.52625258539395,0.2152625258539395,430.525051707879,4.3052505170787905,20,OS,NA,Summer,N,55,NA,NA
24GH11I34,BOSLONG,HU32,NDAP,2.91677246937074,1.04232252251342,3.040217637872207,0.030402176378722067,60.804352757444136,0.6080435275744414,20,OS,NA,Summer,N,81,NA,NA
24GH11I34,BYTLONG,HU32,PRED,1.64068451402104,205.51483386988585,337.18500533192844,3.3718500533192843,6743.700106638569,67.43700106638569,20,OS,NA,Summer,N,81,NA,NA
24GH11I34,CYCCOPE,HU32,CYC,23.3341797549659,0.32088699368648677,7.4876347917110895,0.0748763479171109,149.75269583422178,1.497526958342218,20,OS,NA,Summer,N,81,NA,NA
24GH11I34,DIACOPE,HU32,CAL,936.283962668008,1.6509769442604245,1545.7832356456693,15.457832356456693,30915.664712913385,309.1566471291339,20,OS,NA,Summer,N,81,NA,NA
24GH11I34,EPICOPE,HU32,CAL,67.085766795527,4.554696518037208,305.5553084334429,3.055553084334429,6111.106168668858,61.11106168668858,20,OS,NA,Summer,N,81,NA,NA
24GH11I34,EPILACU,HU32,CAL,37.5013603204809,17.054880052349457,639.5812020657391,6.395812020657392,12791.624041314783,127.91624041314783,20,OS,NA,Summer,N,81,NA,NA
24GH11I34,LEOMINU,HU32,CAL,700.025392648978,3.857994054370704,2700.6938027482747,27.006938027482747,54013.8760549655,540.138760549655,20,OS,NA,Summer,N,81,NA,NA
24GH11I34,MESCOPE,HU32,CYC,175.006348162244,1.982513895046782,346.9525169530436,3.469525169530436,6939.050339060872,69.39050339060871,20,OS,NA,Summer,N,81,NA,NA
24GH11I34,MESEDAX,HU32,CYC,52.5019044486733,7.149364718372278,375.35526331269745,3.7535526331269744,7507.105266253949,75.07105266253949,20,OS,NA,Summer,N,81,NA,NA
24GH11I34,SKIOREG,HU32,CAL,5.83354493874148,7.68638794635036,44.838889501635656,0.44838889501635654,896.7777900327131,8.96777790032713,20,OS,NA,Summer,N,81,NA,NA
24GH11I34,TROCOPE,HU32,CYC,2.91677246937074,0.327690388477744,0.9557983035892865,0.009557983035892866,19.11596607178573,0.1911596607178573,20,OS,NA,Summer,N,81,NA,NA
24GH11I34,COPNAUP,HU32,NAU,21499.5298717317,0.18118074600757195,3895.3008609724266,38.953008609724264,77906.01721944853,779.0601721944853,20,OS,NA,Summer,N,81,NA,NA
24GH11I34,DREPOLYV,HU32,DVEL,826.904995066605,0.2909639141298197,240.59951397807865,2.4059951397807864,4811.990279561573,48.11990279561573,20,OS,NA,Summer,N,81,NA,NA
24GH11I34,ASCOVAL,HU32,ROT,9922.85994079926,0.014040266400000001,139.31959701870986,1.3931959701870986,2786.391940374197,27.863919403741974,20,OS,NA,Summer,N,81,NA,NA
24GH11I34,COLSP,HU32,ROT,1102.53999342214,0.008346735000000001,9.202609151996347,0.09202609151996347,184.05218303992694,1.8405218303992692,20,OS,NA,Summer,N,81,NA,NA
24GH11I34,COOUNIC,HU32,ROT,76350.8945444832,0.019079760699999997,1456.7567971396747,14.567567971396748,29135.135942793495,291.351359427935,20,OS,NA,Summer,N,81,NA,NA
24GH11I34,GASSTYL,HU32,ROT,2480.71498519981,0.020976435555555555,52.03655801874477,0.5203655801874477,1040.7311603748954,10.407311603748955,20,OS,NA,Summer,N,81,NA,NA
24GH11I34,KELLONG,HU32,ROT,275.634998355535,0.015225642495,4.196719944071289,0.041967199440712886,83.93439888142578,0.8393439888142578,20,OS,NA,Summer,N,81,NA,NA
24GH11I34,PLOTRUN,HU32,ROT,1929.44498848874,0.030199655714285713,58.26857437201391,0.582685743720139,1165.371487440278,11.65371487440278,20,OS,NA,Summer,N,81,NA,NA
24GH11I34,POLSP,HU32,ROT,1102.53999342214,0.0325170307,35.851326814085525,0.35851326814085527,717.0265362817105,7.170265362817105,20,OS,NA,Summer,N,81,NA,NA
24GH11I54,BYTLONG,HU37,PRED,14.7809415677571,176.63612869823788,2610.848297043477,26.10848297043477,52216.965940869544,522.1696594086955,20,OS,NA,Summer,N,72,NA,NA
24GH11I54,CYCCOPE,HU37,CYC,2601.44571592525,0.47975217168455436,1248.049231734619,12.48049231734619,24960.98463469238,249.6098463469238,20,OS,NA,Summer,N,72,NA,NA
24GH11I54,DAPGALEM,HU37,DAP,236.495065084114,14.876239648617444,3518.15726390666,35.1815726390666,70363.14527813319,703.631452781332,20,OS,NA,Summer,N,72,NA,NA
24GH11I54,DIACOPE,HU37,CAL,7272.22325133651,2.120596750831988,15421.452998109038,154.21452998109038,308429.0599621808,3084.290599621808,20,OS,NA,Summer,N,72,NA,NA
24GH11I54,DIYTHOM,HU37,CYC,216.787142993771,3.8661662206109892,838.1351293052817,8.381351293052816,16762.70258610563,167.62702586105632,20,OS,NA,Summer,N,72,NA,NA
24GH11I54,EPICOPE,HU37,CAL,394.158441806857,6.753681640767711,2662.0206319845784,26.620206319845785,53240.41263969157,532.4041263969157,20,OS,NA,Summer,N,72,NA,NA
24GH11I54,EPILACU,HU37,CAL,101.355027893192,16.93482624482453,1716.4297864105504,17.164297864105503,34328.59572821101,343.2859572821101,20,OS,NA,Summer,N,72,NA,NA
24GH11I54,LEOASHL,HU37,CAL,1418.97039050468,3.1980045462650666,4537.873759849484,45.37873759849484,90757.47519698968,907.5747519698967,20,OS,NA,Summer,N,72,NA,NA
24GH11I54,LEOMINU,HU37,CAL,1182.47532542057,3.921301557779754,4636.842335607803,46.368423356078026,92736.84671215605,927.3684671215606,20,OS,NA,Summer,N,72,NA,NA
24GH11I54,MESCOPE,HU37,CYC,236.495065084114,2.764700809936731,653.8380979840899,6.538380979840899,13076.761959681799,130.76761959681798,20,OS,NA,Summer,N,72,NA,NA
24GH11I54,MESEDAX,HU37,CYC,275.9109092648,7.040179055268667,1942.4622045261788,19.42462204526179,38849.24409052358,388.49244090523575,20,OS,NA,Summer,N,72,NA,NA
24GH11I54,SKIOREG,HU37,CAL,78.8316883613713,7.908583378775935,623.4469802955855,6.2344698029558545,12468.93960591171,124.68939605911709,20,OS,NA,Summer,N,72,NA,NA
24GH11I54,COPNAUP,HU37,NAU,13288.0664694137,0.12336968056323694,1639.3445156346277,16.393445156346278,32786.89031269255,327.86890312692555,20,OS,NA,Summer,N,72,NA,NA
24GH11I54,DREPOLYV,HU37,DVEL,6858.35688743931,0.20427705295840465,1401.0049331030793,14.010049331030793,28020.098662061588,280.2009866206158,20,OS,NA,Summer,N,72,NA,NA
24GH11I54,ASCOVAL,HU37,ROT,1714.58922185983,0.013163172,22.569432836687106,0.22569432836687106,451.3886567337421,4.513886567337421,20,OS,NA,Summer,N,72,NA,NA
24GH11I54,ASPPRIO,HU37,ROT,428.647305464957,1.24675673304,534.4189141878887,5.344189141878887,10688.378283757775,106.88378283757774,20,OS,NA,Summer,N,72,NA,NA
24GH11I54,COLSP,HU37,ROT,7715.65149836922,0.009001529999999999,69.45266843211547,0.6945266843211547,1389.0533686423096,13.890533686423094,20,OS,NA,Summer,N,72,NA,NA
24GH11I54,COOUNIC,HU37,ROT,136738.490443321,0.0181230478,2478.1181984041496,24.781181984041496,49562.363968082995,495.6236396808299,20,OS,NA,Summer,N,72,NA,NA
24GH11I54,GASSTYL,HU37,ROT,428.647305464957,0.01458,6.249677713679073,0.062496777136790735,124.99355427358147,1.2499355427358148,20,OS,NA,Summer,N,72,NA,NA
24GH11I54,KELLONG,HU37,ROT,2571.88383278974,0.0091636245225,23.567777759173353,0.23567777759173353,471.35555518346706,4.713555551834671,20,OS,NA,Summer,N,72,NA,NA
24GH11I54,PLOTRUN,HU37,ROT,2571.88383278974,0.013495886666666667,34.70985272716262,0.3470985272716262,694.1970545432524,6.9419705454325245,20,OS,NA,Summer,N,72,NA,NA
24GH11I54,POLSP,HU37,ROT,2143.23652732478,0.03901872744,83.6263618991377,0.836263618991377,1672.527237982754,16.72527237982754,20,OS,NA,Summer,N,72,NA,NA
24GH11I54,SYNSP,HU37,ROT,1285.94191639487,0.02848052333333333,36.624298755195476,0.3662429875519548,732.4859751039095,7.324859751039096,20,OS,NA,Summer,N,72,NA,NA
24GH11I74,BOSLONG,HU38,NDAP,6.17960268934479,0.601334961277809,3.716011143909394,0.037160111439093944,74.32022287818788,0.7432022287818789,20,OS,NA,Summer,D,138,NA,NA
24GH11I74,BYTLONG,HU38,PRED,4.05536426488252,218.27874347239057,885.1998160613914,8.851998160613913,17703.996321227827,177.03996321227828,20,OS,NA,Summer,D,138,NA,NA
24GH11I74,CYCCOPE,HU38,CYC,228.645299505757,0.46433296330415014,106.16754946507308,1.0616754946507307,2123.3509893014616,21.233509893014613,20,OS,NA,Summer,D,138,NA,NA
24GH11I74,DAPGALEM,HU38,DAP,12.3592053786896,2.45735623404087,30.37097038511434,0.3037097038511434,607.4194077022868,6.0741940770228675,20,OS,NA,Summer,D,138,NA,NA
24GH11I74,DIACOPE,HU38,CAL,2169.04054396002,1.8634068737518752,4041.8050590616076,40.418050590616076,80836.10118123215,808.3610118123215,20,OS,NA,Summer,D,138,NA,NA
24GH11I74,EPICOPE,HU38,CAL,117.412451097551,2.6524573099067204,311.4315141877645,3.114315141877645,6228.63028375529,62.2863028375529,20,OS,NA,Summer,D,138,NA,NA
24GH11I74,EPILACU,HU38,CAL,13.2420057628817,20.00144740557616,264.85928181061473,2.648592818106147,5297.185636212294,52.97185636212294,20,OS,NA,Summer,D,138,NA,NA
24GH11I74,LEOMINU,HU38,CAL,1019.63444374189,3.9491429126564896,4026.682137003727,40.26682137003727,80533.64274007455,805.3364274007454,20,OS,NA,Summer,D,138,NA,NA
24GH11I74,MESCOPE,HU38,CYC,444.931393632825,1.6857156109282865,750.0277960389316,7.500277960389315,15000.555920778632,150.0055592077863,20,OS,NA,Summer,D,138,NA,NA
24GH11I74,MESEDAX,HU38,CYC,92.6940403401718,4.706993095035932,436.31020783217076,4.363102078321708,8726.204156643415,87.26204156643416,20,OS,NA,Summer,D,138,NA,NA
24GH11I74,SKIOREG,HU38,CAL,24.7184107573792,6.930026244311893,171.29923526631927,1.7129923526631927,3425.9847053263857,34.259847053263854,20,OS,NA,Summer,D,138,NA,NA
24GH11I74,COPNAUP,HU38,NAU,8898.62787265649,0.16929997529448376,1506.5374789955486,15.065374789955486,30130.74957991097,301.30749579910974,20,OS,NA,Summer,D,138,NA,NA
24GH11I74,DREPOLYV,HU38,DVEL,3615.0675732667,0.2846589619062417,1029.061382627015,10.290613826270151,20581.2276525403,205.81227652540304,20,OS,NA,Summer,D,138,NA,NA
24GH11I74,ASCOVAL,HU38,ROT,1112.32848408206,0.014703321,16.354922758901917,0.16354922758901919,327.09845517803836,3.2709845517803835,20,OS,NA,Summer,D,138,NA,NA
24GH11I74,COLSP,HU38,ROT,1390.41060510258,0.015541884,21.609600336874106,0.21609600336874105,432.19200673748213,4.321920067374821,20,OS,NA,Summer,D,138,NA,NA
24GH11I74,COOUNIC,HU38,ROT,35316.4293696055,0.020473809200000002,723.0618365385794,7.230618365385794,14461.236730771589,144.61236730771589,20,OS,NA,Summer,D,138,NA,NA
24GH11I74,GASSTYL,HU38,ROT,2919.86227071541,0.019324108,56.42373386442982,0.5642373386442983,1128.4746772885965,11.284746772885965,20,OS,NA,Summer,D,138,NA,NA
24GH11I74,KELLONG,HU38,ROT,278.082121020515,0.0127193304,3.537018375592715,0.03537018375592715,70.7403675118543,0.707403675118543,20,OS,NA,Summer,D,138,NA,NA
24GH11I74,KERCOCH,HU38,ROT,695.205302551289,0.0022761692,1.5824048973439253,0.015824048973439253,31.648097946878508,0.31648097946878506,20,OS,NA,Summer,D,138,NA,NA
24GH11I74,PLOTRUN,HU38,ROT,1390.41060510258,0.016295808999999998,22.657865652326066,0.22657865652326067,453.1573130465213,4.531573130465214,20,OS,NA,Summer,D,138,NA,NA
24GH11I74,POLMAJO,HU38,ROT,139.041060510258,0.0387991296,5.394672126458943,0.05394672126458943,107.89344252917886,1.0789344252917885,20,OS,NA,Summer,D,138,NA,NA
24GH11I74,POLREMA,HU38,ROT,278.082121020515,0.026968942,7.49958059303925,0.0749958059303925,149.99161186078499,1.49991611860785,20,OS,NA,Summer,D,138,NA,NA
24GH11I74,POLSP,HU38,ROT,417.123181530773,0.04204524426666667,17.538046056750495,0.17538046056750495,350.7609211350099,3.5076092113500987,20,OS,NA,Summer,D,138,NA,NA
24GH11I74,SYNSP,HU38,ROT,556.164242041031,0.05197883,28.908766589129602,0.28908766589129603,578.175331782592,5.78175331782592,20,OS,NA,Summer,D,138,NA,NA
24GH11I94,BOSLONG,HU45M,NDAP,36.0986691753804,1.5330543568092385,55.341222054332285,0.5534122205433228,1106.8244410866457,11.068244410866457,20,OS,NA,Summer,N,95,NA,NA
24GH11I94,BYTLONG,HU45M,PRED,7.10692549390302,211.57120694553942,1503.6208044170858,15.036208044170857,30072.416088341713,300.72416088341714,20,OS,NA,Summer,N,95,NA,NA
24GH11I94,CYCCOPE,HU45M,CYC,974.664067735272,0.5534782624767156,539.4553747086062,5.394553747086062,10789.107494172124,107.89107494172123,20,OS,NA,Summer,N,95,NA,NA
24GH11I94,DAPGALEM,HU45M,DAP,21.6592015052283,7.547777118475337,163.47882552560873,1.6347882552560873,3269.5765105121745,32.695765105121744,20,OS,NA,Summer,N,95,NA,NA
24GH11I94,DIACOPE,HU45M,CAL,2750.71859116399,1.815641241181628,4994.318117002366,49.943181170023664,99886.36234004733,998.8636234004732,20,OS,NA,Summer,N,95,NA,NA
24GH11I94,DIYTHOM,HU45M,CYC,122.735475196294,3.8941291515612333,477.9477918926092,4.779477918926092,9558.955837852183,95.58955837852183,20,OS,NA,Summer,N,95,NA,NA
24GH11I94,EPICOPE,HU45M,CAL,317.668288743348,6.044823639742885,1920.2487813924588,19.202487813924588,38404.97562784918,384.04975627849177,20,OS,NA,Summer,N,95,NA,NA
24GH11I94,EPILACU,HU45M,CAL,151.614410536598,17.128799763430887,2596.9728793319932,25.96972879331993,51939.457586639866,519.3945758663986,20,OS,NA,Summer,N,95,NA,NA
24GH11I94,LEOASHL,HU45M,CAL,382.645893259033,3.7062947567762747,1418.1984678879282,14.181984678879282,28363.969357758564,283.6396935775856,20,OS,NA,Summer,N,95,NA,NA
24GH11I94,LEOMINU,HU45M,CAL,1494.48490386075,3.957467316692059,5914.375162318592,59.14375162318592,118287.50324637184,1182.8750324637185,20,OS,NA,Summer,N,95,NA,NA
24GH11I94,LEOSICI,HU45M,CAL,7.21973383507609,12.9291519376643,93.34503570319453,0.9334503570319452,1866.9007140638905,18.669007140638904,20,OS,NA,Summer,N,95,NA,NA
24GH11I94,MESCOPE,HU45M,CYC,108.296007526141,2.1733570562370934,235.3658921192439,2.353658921192439,4707.3178423848785,47.07317842384878,20,OS,NA,Summer,N,95,NA,NA
24GH11I94,MESEDAX,HU45M,CYC,252.690684227663,7.013601116786106,1772.2716651005824,17.722716651005825,35445.43330201165,354.4543330201165,20,OS,NA,Summer,N,95,NA,NA
24GH11I94,SKIOREG,HU45M,CAL,79.417072185837,6.937455680315273,550.952418549643,5.50952418549643,11019.04837099286,110.1904837099286,20,OS,NA,Summer,N,95,NA,NA
24GH11I94,COPNAUP,HU45M,NAU,10992.0447639033,0.22474427297276348,2470.3991089475185,24.703991089475185,49407.98217895037,494.0798217895037,20,OS,NA,Summer,N,95,NA,NA
24GH11I94,DREPOLYV,HU45M,DVEL,10613.0087375619,0.17599091520202015,1867.7931207705553,18.677931207705555,37355.86241541111,373.5586241541111,20,OS,NA,Summer,N,95,NA,NA
24GH11I94,ASCOVAL,HU45M,ROT,1895.18013170747,0.023089821599999998,43.759371140989984,0.43759371140989983,875.1874228197996,8.751874228197996,20,OS,NA,Summer,N,95,NA,NA
24GH11I94,ASPPRIO,HU45M,ROT,379.036026341495,1.57527552,597.0861734938322,5.970861734938322,11941.723469876644,119.41723469876644,20,OS,NA,Summer,N,95,NA,NA
24GH11I94,COLSP,HU45M,ROT,3790.36026341495,0.017804177999999997,67.48424881396664,0.6748424881396664,1349.6849762793329,13.496849762793328,20,OS,NA,Summer,N,95,NA,NA
24GH11I94,COOUNIC,HU45M,ROT,124702.852666352,0.021184937799999998,2641.822177219231,26.41822177219231,52836.443544384616,528.3644354438462,20,OS,NA,Summer,N,95,NA,NA
24GH11I94,GASSTYL,HU45M,ROT,379.036026341495,0.032860640000000003,12.455366408638387,0.12455366408638387,249.10732817276772,2.4910732817276773,20,OS,NA,Summer,N,95,NA,NA
24GH11I94,KELLONG,HU45M,ROT,3790.36026341495,0.0148874340405,56.42873841132228,0.5642873841132228,1128.5747682264455,11.285747682264455,20,OS,NA,Summer,N,95,NA,NA
24GH11I94,KERCOCH,HU45M,ROT,3411.32423707345,0.001775122,6.055516702362297,0.06055516702362297,121.11033404724594,1.2111033404724594,20,OS,NA,Summer,N,95,NA,NA
24GH11I94,KERCRAS,HU45M,ROT,379.036026341495,0.005256144,1.992267935638691,0.019922679356386908,39.845358712773816,0.39845358712773815,20,OS,NA,Summer,N,95,NA,NA
24GH11I94,KEREARL,HU45M,ROT,1895.18013170747,0.0022760664000000003,4.313555819726948,0.043135558197269476,86.27111639453895,0.8627111639453895,20,OS,NA,Summer,N,95,NA,NA
24GH11I94,PLOTRUN,HU45M,ROT,758.072052682989,0.021835519999999997,16.55289746780046,0.1655289746780046,331.0579493560092,3.310579493560092,20,OS,NA,Summer,N,95,NA,NA
24GH11I94,POLREMA,HU45M,ROT,1137.10807902448,0.049946717333333335,56.79481580048537,0.5679481580048537,1135.8963160097073,11.358963160097073,20,OS,NA,Summer,N,95,NA,NA
24GH11I94,POLSP,HU45M,ROT,4927.46834243943,0.04151221630769231,204.55013168065167,2.045501316806517,4091.0026336130336,40.910026336130336,20,OS,NA,Summer,N,95,NA,NA
24GH11I94,POLVULG,HU45M,ROT,2274.21615804897,0.058718844799999996,133.53934562612974,1.3353934562612975,2670.786912522595,26.707869125225947,20,OS,NA,Summer,N,95,NA,NA
24GH11I94,SYNSP,HU45M,ROT,1516.14410536598,0.0541323275,82.07240924886574,0.8207240924886574,1641.4481849773147,16.414481849773146,20,OS,NA,Summer,N,95,NA,NA
24GH12I14,BOSLONG,HU48,NDAP,9.3486297095216,1.491779831041961,13.946097248543989,0.1394609724854399,278.9219449708798,2.789219449708798,20,OS,NA,Summer,N,112,NA,NA
24GH12I14,BYTLONG,HU48,PRED,9.20255737031033,159.23452523291456,1465.3648537900242,14.653648537900242,29307.297075800485,293.07297075800483,20,OS,NA,Summer,N,112,NA,NA
24GH12I14,CYCCOPE,HU48,CYC,58.0950560520271,0.2879181945550869,16.726623651076217,0.16726623651076217,334.5324730215243,3.3453247302152436,20,OS,NA,Summer,N,112,NA,NA
24GH12I14,DIACOPE,HU48,CAL,2005.28107269238,1.3973935824319188,2802.1669019525257,28.021669019525255,56043.33803905051,560.4333803905051,20,OS,NA,Summer,N,112,NA,NA
24GH12I14,DIYTHOM,HU48,CYC,9.3486297095216,3.945174560670635,36.88197610713432,0.36881976107134323,737.6395221426865,7.376395221426865,20,OS,NA,Summer,N,112,NA,NA
24GH12I14,EPICOPE,HU48,CAL,56.0917782571296,5.533330337569683,310.37433831840673,3.1037433831840673,6207.486766368134,62.074867663681346,20,OS,NA,Summer,N,112,NA,NA
24GH12I14,EPILACU,HU48,CAL,18.0295001540774,14.777498842544405,266.43091765853296,2.6643091765853297,5328.618353170659,53.2861835317066,20,OS,NA,Summer,N,112,NA,NA
24GH12I14,LEOASHL,HU48,CAL,4.6743148547608,4.20068450163164,19.635321966140243,0.19635321966140243,392.70643932280484,3.9270643932280485,20,OS,NA,Summer,N,112,NA,NA
24GH12I14,LEOMINU,HU48,CAL,1107.81262057831,3.691908694431105,4089.9430457135695,40.89943045713569,81798.86091427138,817.9886091427138,20,OS,NA,Summer,N,112,NA,NA
24GH12I14,MESCOPE,HU48,CYC,602.986616264143,1.774344733808992,1069.9061271255855,10.699061271255855,21398.122542511708,213.98122542511712,20,OS,NA,Summer,N,112,NA,NA
24GH12I14,MESEDAX,HU48,CYC,98.1606119499768,3.742314236194029,367.3478555339159,3.673478555339159,7346.957110678318,73.46957110678318,20,OS,NA,Summer,N,112,NA,NA
24GH12I14,SKIOREG,HU48,CAL,32.7202039833256,7.154322098537266,234.0908784265534,2.340908784265534,4681.817568531068,46.81817568531068,20,OS,NA,Summer,N,112,NA,NA
24GH12I14,TROPRASM,HU48,CYC,9.3486297095216,0.526302347549662,4.920205762493732,0.049202057624937325,98.40411524987465,0.9840411524987465,20,OS,NA,Summer,N,112,NA,NA
24GH12I14,COPNAUP,HU48,NAU,24189.5793733872,0.09916555557149088,2398.7730776026183,23.987730776026183,47975.461552052366,479.75461552052366,20,OS,NA,Summer,N,112,NA,NA
24GH12I14,DREPOLYV,HU48,DVEL,7362.04589624826,0.2951383438465852,2172.8220331412604,21.728220331412604,43456.4406628252,434.5644066282521,20,OS,NA,Summer,N,112,NA,NA
24GH12I14,ASCOVAL,HU48,ROT,2103.44168464236,0.013802907,29.033609953041825,0.2903360995304183,580.6721990608365,5.806721990608366,20,OS,NA,Summer,N,112,NA,NA
24GH12I14,COLSP,HU48,ROT,1577.58126348177,0.00891612,14.06590385495508,0.1406590385495508,281.3180770991016,2.813180770991016,20,OS,NA,Summer,N,112,NA,NA
24GH12I14,COOUNIC,HU48,ROT,201930.401725667,0.0234522353,4735.719295493868,47.35719295493868,94714.38590987737,947.1438590987736,20,OS,NA,Summer,N,112,NA,NA
24GH12I14,GASSTYL,HU48,ROT,2629.30210580295,0.02937132,77.22607352621229,0.7722607352621229,1544.5214705242458,15.445214705242458,20,OS,NA,Summer,N,112,NA,NA
24GH12I14,POLVULG,HU48,ROT,525.86042116059,0.0827170652,43.49763074323998,0.4349763074323998,869.9526148647997,8.699526148647996,20,OS,NA,Summer,N,112,NA,NA
24GH12I14,SYNSP,HU48,ROT,525.86042116059,0.03869893,20.35023562826419,0.2035023562826419,407.0047125652838,4.070047125652838,20,OS,NA,Summer,N,112,NA,NA
24GH12I34,BYTLONG,HU53,PRED,4.57700489937447,157.27943539223662,719.8687463611174,7.198687463611174,14397.374927222347,143.97374927222347,20,OS,NA,Summer,D,92,NA,NA
24GH12I34,CYCCOPE,HU53,CYC,186.408926810887,0.6212135717657431,115.7997552332101,1.157997552332101,2315.9951046642022,23.15995104664202,20,OS,NA,Summer,D,92,NA,NA
24GH12I34,DIACOPE,HU53,CAL,2636.35482203969,1.91270293326694,5042.563601247757,50.42563601247757,100851.27202495513,1008.5127202495514,20,OS,NA,Summer,D,92,NA,NA
24GH12I34,DIYTHOM,HU53,CYC,8.87661556242321,3.43111991459967,30.456732430475626,0.30456732430475625,609.1346486095125,6.091346486095125,20,OS,NA,Summer,D,92,NA,NA
24GH12I34,EPICOPE,HU53,CAL,71.0129244993857,1.315173940213624,93.39434771994969,0.9339434771994969,1867.8869543989938,18.678869543989936,20,OS,NA,Summer,D,92,NA,NA
24GH12I34,EPILACU,HU53,CAL,41.846901937138,19.468258031372557,814.6862847257466,8.146862847257466,16293.725694514933,162.93725694514933,20,OS,NA,Summer,D,92,NA,NA
24GH12I34,LEOASHL,HU53,CAL,301.804929122389,3.508107657962615,1058.764183065117,10.58764183065117,21175.283661302343,211.75283661302342,20,OS,NA,Summer,D,92,NA,NA
24GH12I34,LEOMINU,HU53,CAL,1304.86248767621,3.5219271607523006,4595.630636393658,45.956306363936584,91912.61272787317,919.1261272787317,20,OS,NA,Summer,D,92,NA,NA
24GH12I34,MESCOPE,HU53,CYC,142.025848998771,2.1792112956260437,309.5043344090006,3.095043344090006,6190.086688180012,61.90086688180011,20,OS,NA,Summer,D,92,NA,NA
24GH12I34,MESEDAX,HU53,CYC,53.2596933745392,7.984127809391256,425.23219899130964,4.252321989913097,8504.643979826193,85.04643979826193,20,OS,NA,Summer,D,92,NA,NA
24GH12I34,COPNAUP,HU53,NAU,20504.9819491976,0.12017599223644078,2464.206551535129,24.64206551535129,49284.131030702585,492.8413103070258,20,OS,NA,Summer,D,92,NA,NA
24GH12I34,DREPOLYV,HU53,DVEL,25165.2051194698,0.17480642138214164,4399.039450282065,43.990394502820656,87980.7890056413,879.8078900564132,20,OS,NA,Summer,D,92,NA,NA
24GH12I34,ASCOVAL,HU53,ROT,1864.08926810887,0.014326536,26.70594200677538,0.2670594200677538,534.1188401355076,5.341188401355076,20,OS,NA,Summer,D,92,NA,NA
24GH12I34,COLSP,HU53,ROT,8388.40170648993,0.01176332,98.67545356198714,0.9867545356198714,1973.5090712397428,19.735090712397426,20,OS,NA,Summer,D,92,NA,NA
24GH12I34,COOUNIC,HU53,ROT,414759.862154224,0.0198074617,8215.340084317071,82.153400843170715,164306.8016863414,1643.0680168634144,20,OS,NA,Summer,D,92,NA,NA
24GH12I34,GASSTYL,HU53,ROT,1864.08926810887,0.0175123,32.64449048990297,0.3264449048990297,652.8898097980594,6.528898097980594,20,OS,NA,Summer,D,92,NA,NA
24GH12I34,PLOTRUN,HU53,ROT,1864.08926810887,0.027382455,51.04334049997407,0.5104334049997408,1020.8668099994815,10.208668099994815,20,OS,NA,Summer,D,92,NA,NA
24GH12I34,POLSP,HU53,ROT,1864.08926810887,0.0160324318,29.885884060067376,0.29885884060067375,597.7176812013475,5.977176812013475,20,OS,NA,Summer,D,92,NA,NA
24GH12I34,SYNSP,HU53,ROT,3728.17853621775,0.0128337925,47.84666973677234,0.4784666973677234,956.9333947354469,9.569333947354469,20,OS,NA,Summer,D,92,NA,NA
24GH12I54,BOSLONG,HU54M,NDAP,3.94516247218809,3.44184380975065,13.578633033361148,0.13578633033361148,271.572660667223,2.71572660667223,20,OS,NA,Summer,D,129,NA,NA
24GH12I54,BYTLONG,HU54M,PRED,7.02732065358504,165.58954625967328,1163.6508384483775,11.636508384483776,23273.01676896755,232.7301676896755,20,OS,NA,Summer,D,129,NA,NA
24GH12I54,CYCCOPE,HU54M,CYC,473.419496662571,0.2956872246300358,139.98409705390412,1.3998409705390413,2799.6819410780827,27.996819410780827,20,OS,NA,Summer,D,129,NA,NA
24GH12I54,DIACOPE,HU54M,CAL,2260.57809656378,1.876695278485671,4242.416240469372,42.42416240469372,84848.32480938743,848.4832480938744,20,OS,NA,Summer,D,129,NA,NA
24GH12I54,DIYTHOM,HU54M,CYC,19.7258123609405,3.8293559549866556,75.53715703131688,0.7553715703131688,1510.7431406263377,15.107431406263377,20,OS,NA,Summer,D,129,NA,NA
24GH12I54,EPICOPE,HU54M,CAL,216.983935970345,2.4104695074492795,523.0331612628435,5.230331612628435,10460.663225256869,104.60663225256869,20,OS,NA,Summer,D,129,NA,NA
24GH12I54,EPILACU,HU54M,CAL,18.5986230831724,15.738689940142898,292.7179620196349,2.927179620196349,5854.359240392698,58.54359240392698,20,OS,NA,Summer,D,129,NA,NA
24GH12I54,HOLGIBB,HU54M,NDAP,5.07235174995612,1.0712636609929143,5.433826105501808,0.05433826105501808,108.67652211003616,1.0867652211003616,20,OS,NA,Summer,D,129,NA,NA
24GH12I54,LEOASHL,HU54M,CAL,82.8484119159499,3.4214126568819374,283.4586051317993,2.834586051317993,5669.1721026359855,56.69172102635986,20,OS,NA,Summer,D,129,NA,NA
24GH12I54,LEOMINU,HU54M,CAL,473.419496662571,3.8102690855207912,1803.8556726162078,18.038556726162078,36077.113452324156,360.7711345232416,20,OS,NA,Summer,D,129,NA,NA
24GH12I54,LEOSICI,HU54M,CAL,3.94516247218809,5.71651135553323,22.552566071686766,0.22552566071686767,451.0513214337353,4.510513214337354,20,OS,NA,Summer,D,129,NA,NA
24GH12I54,MESCOPE,HU54M,CYC,78.9032494437619,3.2761794897894205,258.5012075053912,2.5850120750539123,5170.024150107824,51.700241501078246,20,OS,NA,Summer,D,129,NA,NA
24GH12I54,MESEDAX,HU54M,CYC,201.203286081593,6.241245068212674,1255.759016964926,12.557590169649261,25115.180339298524,251.15180339298522,20,OS,NA,Summer,D,129,NA,NA
24GH12I54,SKIOREG,HU54M,CAL,130.190361582207,7.0088621659794565,912.486299668716,9.12486299668716,18249.72599337432,182.49725993374318,20,OS,NA,Summer,D,129,NA,NA
24GH12I54,TROPRASM,HU54M,CYC,3.94516247218809,0.249462472675671,0.984169985419304,0.00984169985419304,19.68339970838608,0.1968339970838608,20,OS,NA,Summer,D,129,NA,NA
24GH12I54,COPNAUP,HU54M,NAU,3976.7237719656,0.11440082583546062,454.9404836323726,4.549404836323726,9098.809672647452,90.98809672647451,20,OS,NA,Summer,D,129,NA,NA
24GH12I54,DREPOLYV,HU54M,DVEL,1988.3618859828,0.185230930335114,368.3061219834759,3.683061219834759,7366.122439669518,73.66122439669519,20,OS,NA,Summer,D,129,NA,NA
24GH12I54,ASCOVAL,HU54M,ROT,745.635707243549,0.011760012,8.768684864812622,0.08768684864812622,175.37369729625243,1.7537369729625243,20,OS,NA,Summer,D,129,NA,NA
24GH12I54,ASPPRIO,HU54M,ROT,248.54523574785,0.85613261721,212.78768317588327,2.1278768317588326,4255.753663517666,42.55753663517665,20,OS,NA,Summer,D,129,NA,NA
24GH12I54,COLSP,HU54M,ROT,4970.904714957,0.010156733999999999,50.48815692916406,0.5048815692916406,1009.7631385832813,10.097631385832813,20,OS,NA,Summer,D,129,NA,NA
24GH12I54,COOUNIC,HU54M,ROT,90221.9205764695,0.019043061700000006,1718.101600230209,17.18101600230209,34362.03200460418,343.6203200460418,20,OS,NA,Summer,D,129,NA,NA
24GH12I54,GASSTYL,HU54M,ROT,1988.3618859828,0.020786245,41.33057731070054,0.4133057731070054,826.6115462140108,8.266115462140109,20,OS,NA,Summer,D,129,NA,NA
24GH12I54,KELLONG,HU54M,ROT,1242.72617873925,0.014019203142,17.422030749626945,0.17422030749626946,348.4406149925389,3.4844061499253893,20,OS,NA,Summer,D,129,NA,NA
24GH12I54,KERCOCH,HU54M,ROT,1242.72617873925,0.0018687695999999997,2.3223689039520763,0.023223689039520764,46.44737807904153,0.4644737807904153,20,OS,NA,Summer,D,129,NA,NA
24GH12I54,PLOTRUN,HU54M,ROT,1242.72617873925,0.022712143999999997,28.224975924095578,0.2822497592409558,564.4995184819115,5.644995184819116,20,OS,NA,Summer,D,129,NA,NA
24GH12I54,SYNSP,HU54M,ROT,248.54523574785,0.05000211,12.427786217839929,0.12427786217839928,248.55572435679858,2.485557243567986,20,OS,NA,Summer,D,129,NA,NA
24GH12I74,BOSLONG,HU61,NDAP,31.5612997775047,0.556834104905401,17.57440811125786,0.1757440811125786,351.4881622251572,3.514881622251572,20,OS,NA,Summer,D,119,NA,NA
24GH12I74,BYTLONG,HU61,PRED,4.4383077812116,153.5691096435494,681.5869742847027,6.815869742847027,13631.739485694054,136.31739485694052,20,OS,NA,Summer,D,119,NA,NA
24GH12I74,CYCCOPE,HU61,CYC,2367.09748331286,0.49165655302232747,1163.798989313427,11.63798989313427,23275.97978626854,232.7597978626854,20,OS,NA,Summer,D,119,NA,NA
24GH12I74,DIACOPE,HU61,CAL,5917.74370828214,2.0258053820499695,11988.197053830303,119.88197053830304,239763.94107660605,2397.639410766061,20,OS,NA,Summer,D,119,NA,NA
24GH12I74,DIYTHOM,HU61,CYC,205.148448553781,3.419511725565791,701.5075253112846,7.015075253112846,14030.150506225691,140.30150506225692,20,OS,NA,Summer,D,119,NA,NA
24GH12I74,EPICOPE,HU61,CAL,78.9032494437619,3.9048907837981424,308.1085715646717,3.081085715646717,6162.171431293435,61.62171431293434,20,OS,NA,Summer,D,119,NA,NA
24GH12I74,EPILACU,HU61,CAL,27.0525426664326,15.766343130170874,426.5196702225641,4.265196702225641,8530.393404451283,85.30393404451281,20,OS,NA,Summer,D,119,NA,NA
24GH12I74,LEOASHL,HU61,CAL,899.497043658885,3.269427318207147,2940.8402071849255,29.408402071849256,58816.80414369851,588.1680414369852,20,OS,NA,Summer,D,119,NA,NA
24GH12I74,LEOMINU,HU61,CAL,220.929098442533,3.51577976598123,776.7380540207328,7.767380540207328,15534.761080414655,155.34761080414657,20,OS,NA,Summer,D,119,NA,NA
24GH12I74,LEOSICI,HU61,CAL,63.1225995550095,9.860998075702664,622.4518327452985,6.2245183274529845,12449.036654905969,124.49036654905969,20,OS,NA,Summer,D,119,NA,NA
24GH12I74,MESCOPE,HU61,CYC,47.3419496662571,1.1029660157481114,52.216561601139226,0.5221656160113922,1044.3312320227844,10.443312320227845,20,OS,NA,Summer,D,119,NA,NA
24GH12I74,MESEDAX,HU61,CYC,110.464549221267,5.14004462260197,567.792712212924,5.6779271221292404,11355.85424425848,113.55854244258481,20,OS,NA,Summer,D,119,NA,NA
24GH12I74,SKIOREG,HU61,CAL,126.245199110019,7.838033938258964,989.5141551665893,9.895141551665892,19790.283103331785,197.90283103331785,20,OS,NA,Summer,D,119,NA,NA
24GH12I74,COPNAUP,HU61,NAU,9160.66726042075,0.13618933226507315,1247.585157299219,12.47585157299219,24951.70314598438,249.5170314598438,20,OS,NA,Summer,D,119,NA,NA
24GH12I74,DREPOLYV,HU61,DVEL,1065.19386749078,0.2419664348986459,257.7411625926446,2.5774116259264463,5154.823251852893,51.54823251852893,20,OS,NA,Summer,D,119,NA,NA
24GH12I74,ASCOVAL,HU61,ROT,639.116320494471,0.01207404,7.716716018303062,0.07716716018303062,154.33432036606123,1.5433432036606123,20,OS,NA,Summer,D,119,NA,NA
24GH12I74,ASPPRIO,HU61,ROT,639.116320494471,0.83291839475,532.3317397247813,5.323317397247813,10646.634794495625,106.46634794495625,20,OS,NA,Summer,D,119,NA,NA
24GH12I74,COLSP,HU61,ROT,1065.19386749078,0.009170244,9.768087672194119,0.09768087672194119,195.36175344388238,1.9536175344388238,20,OS,NA,Summer,D,119,NA,NA
24GH12I74,COOUNIC,HU61,ROT,62633.3994084581,0.0185635944,1162.701022511816,11.62701022511816,23254.02045023632,232.54020450236322,20,OS,NA,Summer,D,119,NA,NA
24GH12I74,GASSTYL,HU61,ROT,5325.96933745392,0.023042486999999997,122.72357922068055,1.2272357922068056,2454.471584413611,24.54471584413611,20,OS,NA,Summer,D,119,NA,NA
24GH12I74,KELLONG,HU61,ROT,4473.8142434613,0.011056651845750002,49.465406512509034,0.49465406512509036,989.3081302501807,9.893081302501807,20,OS,NA,Summer,D,119,NA,NA
24GH12I74,KERCOCH,HU61,ROT,1917.34896148341,0.0015014719999999996,2.8788457798964178,0.028788457798964176,57.576915597928355,0.5757691559792835,20,OS,NA,Summer,D,119,NA,NA
24GH12I74,KERCRAS,HU61,ROT,213.038773498157,0.001882384,0.4010207786125548,0.004010207786125548,8.020415572251096,0.08020415572251097,20,OS,NA,Summer,D,119,NA,NA
24GH12I74,KEREARL,HU61,ROT,213.038773498157,0.002809856,0.5986082759464374,0.0059860827594643735,11.972165518928747,0.11972165518928747,20,OS,NA,Summer,D,119,NA,NA
24GH12I74,PLOTRUN,HU61,ROT,852.155093992628,0.035733825,30.45076100159112,0.3045076100159112,609.0152200318223,6.090152200318224,20,OS,NA,Summer,D,119,NA,NA
24GH12I74,POLSP,HU61,ROT,1065.19386749078,0.04720905728,50.28679830467696,0.5028679830467696,1005.7359660935391,10.057359660935392,20,OS,NA,Summer,D,119,NA,NA
24GH12I74,SYNSP,HU61,ROT,639.116320494471,0.05282164,33.75917219928357,0.3375917219928357,675.1834439856714,6.751834439856714,20,OS,NA,Summer,D,119,NA,NA
24GH12I74,TRICYLI,HU61,ROT,213.038773498157,0.125058375,26.64228282567258,0.2664228282567258,532.8456565134516,5.328456565134516,20,OS,NA,Summer,D,119,NA,NA
24GM00I14,CYCCOPE,MI11,CYC,705.51801613026,2.09167811416717,1475.716593490305,14.75716593490305,29514.3318698061,295.14331869806097,20,OS,NA,Spring,D,129,NA,NA
24GM00I14,DIACOPE,MI11,CAL,1274.48415817079,1.4450910518848017,1841.7456527415427,18.41745652741543,36834.91305483085,368.34913054830855,20,OS,NA,Spring,D,129,NA,NA
24GM00I14,DIYTHOM,MI11,CYC,1365.51874089728,4.863500713706854,6641.201370934005,66.41201370934006,132824.0274186801,1328.2402741868011,20,OS,NA,Spring,D,129,NA,NA
24GM00I14,LEOASHL,MI11,CAL,1866.20894589295,4.412115303328791,8233.929049383378,82.33929049383377,164678.58098766755,1646.7858098766756,20,OS,NA,Spring,D,129,NA,NA
24GM00I14,LEOMINU,MI11,CAL,1092.41499271782,4.254620068779962,4647.810751453353,46.478107514533534,92956.21502906707,929.5621502906706,20,OS,NA,Spring,D,129,NA,NA
24GM00I14,LEOSICI,MI11,CAL,197.241595907385,10.5384820809097,2078.627024080009,20.78627024080009,41572.54048160018,415.7254048160018,20,OS,NA,Spring,D,129,NA,NA
24GM00I14,LIMCOPE,MI11,CAL,91.0345827264852,2.2702241304389967,206.66890641011176,2.0666890641011175,4133.3781282022355,41.33378128202235,20,OS,NA,Spring,D,129,NA,NA
24GM00I14,LIMMACR,MI11,CAL,19.5074105842468,56.506302918769094,1102.291651634252,11.022916516342521,22045.83303268504,220.45833032685042,20,OS,NA,Spring,D,129,NA,NA
24GM00I14,SKIOREG,MI11,CAL,257.931317725041,7.625630376524542,1966.888891501076,19.668888915010758,39337.77783002152,393.37777830021514,20,OS,NA,Spring,D,129,NA,NA
24GM00I14,TROPRASM,MI11,CYC,15.1724304544142,0.40888846377444,6.203831780229951,0.06203831780229951,124.07663560459902,1.24076635604599,20,OS,NA,Spring,D,129,NA,NA
24GM00I14,COPNAUP,MI11,NAU,5536.75176973193,0.16975784425258894,939.9070445913992,9.399070445913992,18798.140891827985,187.98140891827984,20,OS,NA,Spring,D,129,NA,NA
24GM00I14,DREPOLYV,MI11,DVEL,576.078218816039,0.12130407928273004,69.8806379283147,0.6988063792831469,1397.612758566294,13.976127585662939,20,OS,NA,Spring,D,129,NA,NA
24GM00I14,COLSP,MI11,ROT,10.66811516326,0.06718464,0.7167334767221644,0.007167334767221644,14.334669534443288,0.14334669534443287,20,OS,NA,Spring,D,129,NA,NA
24GM00I14,KELLONG,MI11,ROT,64.0086909795599,0.00618133579,0.3956592124230038,0.003956592124230038,7.913184248460076,0.07913184248460076,20,OS,NA,Spring,D,129,NA,NA
24GM00I14,KERCOCH,MI11,ROT,32.00434548978,0.001866798,0.059745648151630325,5.974564815163033e-4,1.1949129630326065,0.011949129630326065,20,OS,NA,Spring,D,129,NA,NA
24GM00I14,POLSP,MI11,ROT,53.3405758162999,0.05898299791999999,3.1461870724244188,0.03146187072424419,62.92374144848837,0.6292374144848838,20,OS,NA,Spring,D,129,NA,NA
24GM00I14,POLVULG,MI11,ROT,21.33623032652,0.056847791,1.2129175623298707,0.012129175623298707,24.258351246597414,0.24258351246597415,20,OS,NA,Spring,D,129,NA,NA
24GM00I14,SYNSP,MI11,ROT,373.384030714099,0.017641388,6.587012558831338,0.06587012558831339,131.74025117662677,1.3174025117662678,20,OS,NA,Spring,D,129,NA,NA
24GM00I34,CYCCOPE,MI17,CYC,70.551801613026,1.0087291715882456,71.16766039516597,0.7116766039516597,1423.3532079033193,14.233532079033193,20,OS,NA,Spring,N,102,NA,NA
24GM00I34,DAPGALEM,MI17,DAP,8.81897520162825,27.39797700924855,241.6220798193439,2.416220798193439,4832.441596386878,48.32441596386878,20,OS,NA,Spring,N,102,NA,NA
24GM00I34,DIACOPE,MI17,CAL,582.052363307465,1.7553039897953948,1021.678835583432,10.21678835583432,20433.57671166864,204.33576711668638,20,OS,NA,Spring,N,102,NA,NA
24GM00I34,DIYTHOM,MI17,CYC,476.224660887926,5.503926943415625,2621.105742180025,26.211057421800252,52422.1148436005,524.221148436005,20,OS,NA,Spring,N,102,NA,NA
24GM00I34,LEOASHL,MI17,CAL,1336.07474304668,4.881739749461519,6522.369181382563,65.22369181382562,130447.38362765126,1304.4738362765124,20,OS,NA,Spring,N,102,NA,NA
24GM00I34,LEOMINU,MI17,CAL,1177.33318941737,4.459227162003397,5249.996136978027,52.499961369780266,104999.92273956054,1049.9992273956054,20,OS,NA,Spring,N,102,NA,NA
24GM00I34,LEOSICI,MI17,CAL,185.198479234193,11.40827465868899,2112.7951174751834,21.127951174751832,42255.90234950367,422.5590234950366,20,OS,NA,Spring,N,102,NA,NA
24GM00I34,LIMCOPE,MI17,CAL,13.2284628024424,1.628737442687586,21.54569267553789,0.2154569267553789,430.9138535107578,4.309138535107578,20,OS,NA,Spring,N,102,NA,NA
24GM00I34,LIMMACR,MI17,CAL,3.77956080069782,46.922642647555705,177.34698081585333,1.7734698081585334,3546.939616317067,35.46939616317067,20,OS,NA,Spring,N,102,NA,NA
24GM00I34,SKIOREG,MI17,CAL,52.9138512097695,7.404973440941988,391.8256628662992,3.918256628662992,7836.513257325983,78.36513257325984,20,OS,NA,Spring,N,102,NA,NA
24GM00I34,TROPRASM,MI17,CYC,4.40948760081413,0.530043360968707,2.3372196280853617,0.023372196280853616,46.74439256170723,0.4674439256170723,20,OS,NA,Spring,N,102,NA,NA
24GM00I34,COPNAUP,MI17,NAU,4710.57292605722,0.08670673568935958,408.4384016450965,4.084384016450965,8168.76803290193,81.6876803290193,20,OS,NA,Spring,N,102,NA,NA
24GM00I34,COOUNIC,MI17,ROT,10.9548207582726,0.012984192,0.14223949605099703,0.0014223949605099704,2.8447899210199408,0.02844789921019941,20,OS,NA,Spring,N,102,NA,NA
24GM00I34,POLSP,MI17,ROT,43.8192830330904,0.0435549884,1.9085483642025693,0.019085483642025693,38.170967284051386,0.3817096728405139,20,OS,NA,Spring,N,102,NA,NA
24GM00I34,SYNSP,MI17,ROT,32.8644622748178,0.03646356333333333,1.1983554015737627,0.011983554015737627,23.967108031475256,0.23967108031475254,20,OS,NA,Spring,N,102,NA,NA
24GM00I54,CYCCOPE,MI18M,CYC,395.778399292585,1.6091684161488928,636.8740999355931,6.368740999355931,12737.481998711863,127.37481998711863,20,OS,NA,Spring,N,163,NA,NA
24GM00I54,DAPGALEM,MI18M,DAP,34.4155129819639,18.33745257935385,631.0928373008999,6.3109283730089984,12621.856746017998,126.21856746017997,20,OS,NA,Spring,N,163,NA,NA
24GM00I54,DIACOPE,MI18M,CAL,1187.33519787775,1.8400616230569171,2184.7699313195385,21.847699313195385,43695.39862639077,436.9539862639077,20,OS,NA,Spring,N,163,NA,NA
24GM00I54,DIYTHOM,MI18M,CYC,1626.13298839779,4.847424225265336,7882.556441462564,78.82556441462565,157651.12882925128,1576.511288292513,20,OS,NA,Spring,N,163,NA,NA
24GM00I54,LEOASHL,MI18M,CAL,2400.48203049198,4.2970407123302,10314.969014241102,103.14969014241102,206299.38028482202,2062.99380284822,20,OS,NA,Spring,N,163,NA,NA
24GM00I54,LEOMINU,MI18M,CAL,1548.69808418838,4.057654656275786,6284.08199247237,62.840819924723704,125681.6398494474,1256.816398494474,20,OS,NA,Spring,N,163,NA,NA
24GM00I54,LEOSICI,MI18M,CAL,240.908590873747,11.269599519557804,2714.9433399681266,27.149433399681264,54298.86679936253,542.9886679936253,20,OS,NA,Spring,N,163,NA,NA
24GM00I54,LIMCOPE,MI18M,CAL,77.4349042094188,1.8064229886775225,139.88019108993598,1.3988019108993597,2797.6038217987198,27.976038217987195,20,OS,NA,Spring,N,163,NA,NA
24GM00I54,LIMMACR,MI18M,CAL,18.4368819546235,53.812013623155735,992.125742910714,9.92125742910714,19842.51485821428,198.4251485821428,20,OS,NA,Spring,N,163,NA,NA
24GM00I54,SKIOREG,MI18M,CAL,223.700834382765,8.421199285990808,1883.8293067796885,18.838293067796887,37676.58613559377,376.7658613559377,20,OS,NA,Spring,N,163,NA,NA
24GM00I54,COPNAUP,MI18M,NAU,7569.26188647069,0.14680974149357842,1111.2413808499577,11.112413808499577,22224.827616999155,222.24827616999153,20,OS,NA,Spring,N,163,NA,NA
24GM00I54,DREPOLYV,MI18M,DVEL,1799.55490928347,0.10693611455417187,192.43740992565952,1.9243740992565952,3848.7481985131903,38.48748198513191,20,OS,NA,Spring,N,163,NA,NA
24GM00I54,COLSP,MI18M,ROT,18.5521124668399,0.01067742,0.19808869669568568,0.001980886966956857,3.9617739339137135,0.039617739339137134,20,OS,NA,Spring,N,163,NA,NA
24GM00I54,KELLONG,MI18M,ROT,129.864787267879,0.00562161549,0.7300498997106633,0.007300498997106632,14.600997994213266,0.14600997994213266,20,OS,NA,Spring,N,163,NA,NA
24GM00I54,POLSP,MI18M,ROT,55.6563374005198,0.06263381226666667,3.4859685881944165,0.034859685881944165,69.71937176388833,0.6971937176388833,20,OS,NA,Spring,N,163,NA,NA
24GM00I54,SYNSP,MI18M,ROT,760.636611140437,0.018799782999999997,14.299803231295597,0.14299803231295596,285.9960646259119,2.859960646259119,20,OS,NA,Spring,N,163,NA,NA
24GM00I74,CYCCOPE,MI19,CYC,445.590325977007,2.1532787590263824,959.4801841539308,9.594801841539308,19189.603683078618,191.89603683078616,20,OS,NA,Spring,D,91.6,NA,NA
24GM00I74,DAPGALEM,MI19,DAP,7.42650543295011,1.30759515806318,9.710862545455464,0.09710862545455465,194.21725090910928,1.942172509091093,20,OS,NA,Spring,D,91.6,NA,NA
24GM00I74,DIACOPE,MI19,CAL,779.783070459761,1.6651828235942667,1298.4813750591918,12.984813750591918,25969.627501183837,259.69627501183834,20,OS,NA,Spring,D,91.6,NA,NA
24GM00I74,DIYTHOM,MI19,CYC,445.590325977007,5.540212950320055,2468.665294515149,24.68665294515149,49373.30589030298,493.7330589030298,20,OS,NA,Spring,D,91.6,NA,NA
24GM00I74,LEOASHL,MI19,CAL,1381.33001052872,4.127413931117989,5701.320728927597,57.01320728927597,114026.41457855194,1140.2641457855193,20,OS,NA,Spring,D,91.6,NA,NA
24GM00I74,LEOMINU,MI19,CAL,1381.33001052872,4.162863531813842,5750.288326230038,57.50288326230039,115005.76652460077,1150.0576652460077,20,OS,NA,Spring,D,91.6,NA,NA
24GM00I74,LEOSICI,MI19,CAL,74.2650543295011,10.794033011787558,801.6194480548314,8.016194480548315,16032.388961096629,160.3238896109663,20,OS,NA,Spring,D,91.6,NA,NA
24GM00I74,LIMCOPE,MI19,CAL,29.7060217318004,1.8200669135781133,54.06694728808232,0.5406694728808232,1081.3389457616463,10.813389457616465,20,OS,NA,Spring,D,91.6,NA,NA
24GM00I74,LIMMACR,MI19,CAL,3.1827880426929,48.9974946410593,155.94864006547297,1.5594864006547298,3118.9728013094596,31.189728013094594,20,OS,NA,Spring,D,91.6,NA,NA
24GM00I74,SKIOREG,MI19,CAL,170.809624957852,7.1730469538273045,1225.2254599883047,12.252254599883047,24504.509199766093,245.04509199766093,20,OS,NA,Spring,D,91.6,NA,NA
24GM00I74,TROPRASM,MI19,CYC,7.42650543295011,0.426141753559621,3.164744048017412,0.03164744048017412,63.29488096034824,0.6329488096034824,20,OS,NA,Spring,D,91.6,NA,NA
24GM00I74,COPNAUP,MI19,NAU,5014.97987189434,0.12193504751924789,611.5018089875081,6.115018089875081,12230.036179750161,122.30036179750161,20,OS,NA,Spring,D,91.6,NA,NA
24GM00I74,DREPOLYV,MI19,DVEL,116.967460568964,0.14653603200466805,17.139947545438456,0.17139947545438455,342.79895090876914,3.4279895090876913,20,OS,NA,Spring,D,91.6,NA,NA
24GM00I74,COOUNIC,MI19,ROT,14.6209325711205,0.011093784,0.16220146782257547,0.0016220146782257546,3.2440293564515095,0.03244029356451509,20,OS,NA,Spring,D,91.6,NA,NA
24GM00I74,KELLONG,MI19,ROT,29.241865142241,0.007874823704999999,0.2302745328005326,0.0023027453280053257,4.605490656010652,0.046054906560106516,20,OS,NA,Spring,D,91.6,NA,NA
24GM00I74,SYNSP,MI19,ROT,102.346527997844,0.021501784285714285,2.2006329674014595,0.022006329674014596,44.01265934802919,0.44012659348029193,20,OS,NA,Spring,D,91.6,NA,NA
24GM00I94,CYCCOPE,MI23,CYC,388.358540989134,1.8800259461767346,730.1241334789128,7.301241334789128,14602.482669578256,146.02482669578256,20,OS,NA,Spring,D,93.1,NA,NA
24GM00I94,DAPGALEM,MI23,DAP,6.4726423498189,29.3011300943097,189.655735545982,1.89655735545982,3793.11471091964,37.9311471091964,20,OS,NA,Spring,D,93.1,NA,NA
24GM00I94,DIACOPE,MI23,CAL,1320.41903936306,1.8118026811045869,2392.338755699535,23.923387556995348,47846.7751139907,478.46775113990697,20,OS,NA,Spring,D,93.1,NA,NA
24GM00I94,DIYTHOM,MI23,CYC,640.791592632071,5.427523738806783,3477.9115806383707,34.77911580638371,69558.23161276741,695.5823161276742,20,OS,NA,Spring,D,93.1,NA,NA
24GM00I94,LEOASHL,MI23,CAL,1087.40391476958,4.270173708893009,4643.403607796395,46.434036077963945,92868.07215592789,928.6807215592789,20,OS,NA,Spring,D,93.1,NA,NA
24GM00I94,LEOMINU,MI23,CAL,1378.67282051143,4.157952561259906,5732.456185184919,57.3245618518492,114649.1237036984,1146.4912370369839,20,OS,NA,Spring,D,93.1,NA,NA
24GM00I94,LEOSICI,MI23,CAL,84.1443505476457,9.208221437975181,774.8198125973298,7.748198125973298,15496.396251946597,154.96396251946595,20,OS,NA,Spring,D,93.1,NA,NA
24GM00I94,LIMCOPE,MI23,CAL,38.8358540989134,1.6560039541123768,64.31232794913194,0.6431232794913194,1286.2465589826388,12.862465589826389,20,OS,NA,Spring,D,93.1,NA,NA
24GM00I94,SKIOREG,MI23,CAL,116.50756229674,8.37129734450104,975.3194468689891,9.753194468689891,19506.388937379783,195.06388937379782,20,OS,NA,Spring,D,93.1,NA,NA
24GM00I94,COPNAUP,MI23,NAU,3132.05095205534,0.15849064018905926,496.4007604960034,4.964007604960034,9928.015209920068,99.28015209920068,20,OS,NA,Spring,D,93.1,NA,NA
24GM00I94,GASSTYL,MI23,ROT,9.40555841458059,0.02249728,0.21159948120917563,0.002115994812091756,4.231989624183512,0.042319896241835124,20,OS,NA,Spring,D,93.1,NA,NA
24GM00I94,KELLONG,MI23,ROT,9.40555841458059,0.01392873132,0.1310074960712582,0.001310074960712582,2.620149921425164,0.02620149921425164,20,OS,NA,Spring,D,93.1,NA,NA
24GM00I94,POLSP,MI23,ROT,9.40555841458059,0.03565485,0.33535377443810876,0.0033535377443810878,6.707075488762175,0.06707075488762175,20,OS,NA,Spring,D,93.1,NA,NA
24GM00I94,SYNSP,MI23,ROT,122.272259389548,0.024702076923076924,3.0203787569990292,0.030203787569990294,60.40757513998059,0.6040757513998058,20,OS,NA,Spring,D,93.1,NA,NA
24GM01I14,CYCCOPE,MI27M,CYC,136.293253116073,1.496606288273538,203.97733966277184,2.0397733966277185,4079.5467932554366,40.795467932554374,20,OS,NA,Spring,N,106.7,NA,NA
24GM01I14,DIACOPE,MI27M,CAL,1467.15678354361,1.891784733932917,2775.544805393922,27.755448053939222,55510.89610787844,555.1089610787844,20,OS,NA,Spring,N,106.7,NA,NA
24GM01I14,DIYTHOM,MI27M,CYC,360.776258248429,5.335775078248294,1925.020967585638,19.25020967585638,38500.41935171276,385.0041935171276,20,OS,NA,Spring,N,106.7,NA,NA
24GM01I14,LEOASHL,MI27M,CAL,1202.58752749476,4.789275966502662,5759.523543046514,57.59523543046514,115190.47086093028,1151.9047086093028,20,OS,NA,Spring,N,106.7,NA,NA
24GM01I14,LEOMINU,MI27M,CAL,865.863019796228,4.496590587399703,3893.431504793202,38.93431504793202,77868.63009586403,778.6863009586403,20,OS,NA,Spring,N,106.7,NA,NA
24GM01I14,LEOSICI,MI27M,CAL,160.345003665968,10.437318497575673,1673.5718727566468,16.735718727566468,33471.43745513294,334.71437455132934,20,OS,NA,Spring,N,106.7,NA,NA
24GM01I14,LIMCOPE,MI27M,CAL,216.465754949057,3.1332951366721753,678.2510972379512,6.782510972379511,13565.021944759024,135.65021944759022,20,OS,NA,Spring,N,106.7,NA,NA
24GM01I14,LIMMACR,MI27M,CAL,3.43596436427075,46.0281242833326,158.15099479175598,1.5815099479175598,3163.0198958351193,31.630198958351198,20,OS,NA,Spring,N,106.7,NA,NA
24GM01I14,SKIOREG,MI27M,CAL,120.258752749476,8.46971358851945,1018.5571923006378,10.185571923006378,20371.143846012754,203.71143846012757,20,OS,NA,Spring,N,106.7,NA,NA
24GM01I14,TROPRASM,MI27M,CYC,8.01725018329841,0.568557234098085,4.558265589288509,0.04558265589288509,91.16531178577019,0.9116531178577019,20,OS,NA,Spring,N,106.7,NA,NA
24GM01I14,COPNAUP,MI27M,NAU,4916.70394444187,0.11378361245805983,559.4403361853879,5.594403361853879,11188.806723707758,111.88806723707758,20,OS,NA,Spring,N,106.7,NA,NA
24GM01I14,DREPOLYV,MI27M,DVEL,334.469656084481,0.10720883100108573,35.85810083415239,0.3585810083415239,717.1620166830478,7.171620166830478,20,OS,NA,Spring,N,106.7,NA,NA
24GM01I14,COLSP,MI27M,ROT,16.723482804224,0.0299475,0.5008265012794981,0.005008265012794982,10.016530025589962,0.10016530025589963,20,OS,NA,Spring,N,106.7,NA,NA
24GM01I14,GASSTYL,MI27M,ROT,16.723482804224,0.02662,0.44517911224844287,0.004451791122484429,8.903582244968858,0.08903582244968858,20,OS,NA,Spring,N,106.7,NA,NA
24GM01I14,KELLONG,MI27M,ROT,150.511345238016,0.00546483105,0.8225190728339794,0.008225190728339793,16.450381456679587,0.16450381456679586,20,OS,NA,Spring,N,106.7,NA,NA
24GM01I14,KERCOCH,MI27M,ROT,16.723482804224,0.002590058,0.0433147904249428,4.3314790424942804e-4,0.866295808498856,0.008662958084988561,20,OS,NA,Spring,N,106.7,NA,NA
24GM01I14,POLSP,MI27M,ROT,133.787862433792,0.0613266269,8.204758323225688,0.08204758323225687,164.09516646451377,1.6409516646451374,20,OS,NA,Spring,N,106.7,NA,NA
24GM01I14,SYNSP,MI27M,ROT,786.003691798529,0.014296238499999999,11.236896239832264,0.11236896239832264,224.73792479664527,2.2473792479664527,20,OS,NA,Spring,N,106.7,NA,NA
24GM01I34,BOSLONG,MI32,NDAP,7.92716872056472,2.15822702161038,17.10862973758736,0.1710862973758736,342.1725947517472,3.421725947517472,20,OS,NA,Spring,D,167,NA,NA
24GM01I34,CYCCOPE,MI32,CYC,1165.29380192301,2.24032115666545,2610.632358179238,26.10632358179238,52212.64716358476,522.1264716358476,20,OS,NA,Spring,D,167,NA,NA
24GM01I34,DAPGALEM,MI32,DAP,15.8543374411294,16.399230350178755,259.99893174654466,2.5999893174654467,5199.978634930893,51.999786349308934,20,OS,NA,Spring,D,167,NA,NA
24GM01I34,DIACOPE,MI32,CAL,879.915727982684,1.5518260964897992,1365.4761893953485,13.654761893953484,27309.52378790697,273.0952378790697,20,OS,NA,Spring,D,167,NA,NA
24GM01I34,DIYTHOM,MI32,CYC,594.537654042354,4.275466209775332,2541.9256502971807,25.419256502971805,50838.51300594361,508.3851300594361,20,OS,NA,Spring,D,167,NA,NA
24GM01I34,LEOASHL,MI32,CAL,2568.40266546297,4.424951386749038,11365.056936270295,113.65056936270295,227301.1387254059,2273.011387254059,20,OS,NA,Spring,D,167,NA,NA
24GM01I34,LEOMINU,MI32,CAL,1617.1424189952,4.232807626006136,6845.0527634608925,68.45052763460893,136901.05526921785,1369.0105526921786,20,OS,NA,Spring,D,167,NA,NA
24GM01I34,LEOSICI,MI32,CAL,166.470543131859,11.532894602751139,1919.8872284024671,19.19887228402467,38397.74456804934,383.9774456804934,20,OS,NA,Spring,D,167,NA,NA
24GM01I34,LIMCOPE,MI32,CAL,317.086748822589,2.755511000571387,873.7360245160604,8.737360245160604,17474.720490321208,174.74720490321207,20,OS,NA,Spring,D,167,NA,NA
24GM01I34,LIMMACR,MI32,CAL,3.39735802309917,55.3271564056983,187.96615871016172,1.8796615871016171,3759.3231742032344,37.593231742032344,20,OS,NA,Spring,D,167,NA,NA
24GM01I34,SKIOREG,MI32,CAL,340.868254984283,7.210706609684394,2457.9009792467546,24.579009792467545,49158.01958493509,491.5801958493509,20,OS,NA,Spring,D,167,NA,NA
24GM01I34,TROPRASM,MI32,CYC,23.7815061616942,0.5169909638590964,12.294823792555324,0.12294823792555323,245.89647585110646,2.4589647585110646,20,OS,NA,Spring,D,167,NA,NA
24GM01I34,COPNAUP,MI32,NAU,7349.60016206482,0.12028125771914981,884.0191512260238,8.840191512260239,17680.383024520477,176.80383024520478,20,OS,NA,Spring,D,167,NA,NA
24GM01I34,DREPOLYV,MI32,DVEL,148.262827476812,0.251023274499838,37.2174204398339,0.37217420439833904,744.3484087966781,7.44348408796678,20,OS,NA,Spring,D,167,NA,NA
24GM01I34,COLSP,MI32,ROT,42.3608078505177,0.02486862,1.0534548333275415,0.010534548333275415,21.06909666655083,0.2106909666655083,20,OS,NA,Spring,D,167,NA,NA
24GM01I34,KELLONG,MI32,ROT,169.443231402071,0.006164518381874999,1.0445359146623658,0.010445359146623659,20.890718293247318,0.20890718293247318,20,OS,NA,Spring,D,167,NA,NA
24GM01I34,KERCOCH,MI32,ROT,42.3608078505177,0.0020054,0.08495036406342821,8.495036406342821e-4,1.6990072812685642,0.016990072812685643,20,OS,NA,Spring,D,167,NA,NA
24GM01I34,POLSP,MI32,ROT,42.3608078505177,0.035810082,1.5169440027132826,0.015169440027132825,30.33888005426565,0.3033888005426565,20,OS,NA,Spring,D,167,NA,NA
24GM01I34,SYNSP,MI32,ROT,254.164847103106,0.014293285833333334,3.632850808430158,0.036328508084301575,72.65701616860315,0.7265701616860315,20,OS,NA,Spring,D,167,NA,NA
24GM01I54,CYCCOPE,MI34,CYC,604.729728111652,1.7970889663575105,1086.753122017827,10.867531220178272,21735.06244035654,217.35062440356543,20,OS,NA,Spring,N,163.7,NA,NA
24GM01I54,DAPGALEM,MI34,DAP,25.1970720046521,12.227525489426354,308.09784019579473,3.0809784019579474,6161.956803915895,61.61956803915895,20,OS,NA,Spring,N,163.7,NA,NA
24GM01I54,DIACOPE,MI34,CAL,1486.62724827448,1.5886679274951239,2361.757029473997,23.61757029473997,47235.14058947994,472.3514058947994,20,OS,NA,Spring,N,163.7,NA,NA
24GM01I54,DIYTHOM,MI34,CYC,730.715088134912,5.32846597012932,3893.5904809869257,38.93590480986926,77871.80961973852,778.7180961973852,20,OS,NA,Spring,N,163.7,NA,NA
24GM01I54,LEOASHL,MI34,CAL,1965.37161636287,4.303883457068956,8458.730386657031,84.58730386657031,169174.6077331406,1691.7460773314062,20,OS,NA,Spring,N,163.7,NA,NA
24GM01I54,LEOMINU,MI34,CAL,2040.96283237682,4.088932077578122,8345.358394450279,83.45358394450278,166907.16788900556,1669.0716788900556,20,OS,NA,Spring,N,163.7,NA,NA
24GM01I54,LEOSICI,MI34,CAL,251.970720046522,10.551063363804609,2658.5590330343257,26.58559033034326,53171.180660686514,531.7118066068651,20,OS,NA,Spring,N,163.7,NA,NA
24GM01I54,LIMCOPE,MI34,CAL,142.783408026362,1.7759300430651628,253.57334396524777,2.5357334396524775,5071.466879304955,50.714668793049555,20,OS,NA,Spring,N,163.7,NA,NA
24GM01I54,LIMMACR,MI34,CAL,7.19916342990061,57.23989802373845,412.07938058373804,4.120793805837381,8241.58761167476,82.41587611674761,20,OS,NA,Spring,N,163.7,NA,NA
24GM01I54,SKIOREG,MI34,CAL,277.167792051174,7.990193855406055,2214.6243889637535,22.146243889637535,44292.48777927507,442.9248777927507,20,OS,NA,Spring,N,163.7,NA,NA
24GM01I54,TROPRASM,MI34,CYC,16.7980480031014,0.5458117124591331,9.168571346543496,0.09168571346543496,183.37142693086992,1.8337142693086992,20,OS,NA,Spring,N,163.7,NA,NA
24GM01I54,COPNAUP,MI34,NAU,6878.80065727004,0.11628973925929012,799.9339348505664,7.999339348505664,15998.678697011328,159.9867869701133,20,OS,NA,Spring,N,163.7,NA,NA
24GM01I54,DREPOLYV,MI34,DVEL,752.36882188891,0.11084233264107105,83.3943152245813,0.8339431522458131,1667.886304491626,16.678863044916262,20,OS,NA,Spring,N,163.7,NA,NA
24GM01I54,COLSP,MI34,ROT,17.9135433783074,0.00987696,0.17693135140580704,0.0017693135140580704,3.538627028116141,0.03538627028116141,20,OS,NA,Spring,N,163.7,NA,NA
24GM01I54,COOUNIC,MI34,ROT,17.9135433783074,0.024564384,0.44003515834540025,0.004400351583454002,8.800703166908004,0.08800703166908005,20,OS,NA,Spring,N,163.7,NA,NA
24GM01I54,KELLONG,MI34,ROT,107.481260269844,0.0058946038725,0.6335594530078028,0.006335594530078028,12.671189060156056,0.12671189060156057,20,OS,NA,Spring,N,163.7,NA,NA
24GM01I54,KERCOCH,MI34,ROT,53.7406301349222,0.002480046666666667,0.13327927063068,0.0013327927063068001,2.6655854126136003,0.026655854126136004,20,OS,NA,Spring,N,163.7,NA,NA
24GM01I54,POLSP,MI34,ROT,89.5677168915369,0.08117210024,7.270399693787775,0.07270399693787775,145.4079938757555,1.4540799387575551,20,OS,NA,Spring,N,163.7,NA,NA
24GM01I54,SYNSP,MI34,ROT,483.665671214299,0.0133405625,6.4523721159388066,0.06452372115938806,129.04744231877612,1.2904744231877614,20,OS,NA,Spring,N,163.7,NA,NA
24GM01I74,CYCCOPE,MI40,CYC,1084.73394980028,1.6584520365854722,1798.979228199678,17.989792281996777,35979.58456399356,359.7958456399356,20,OS,NA,Spring,D,173,NA,NA
24GM01I74,DAPGALEM,MI40,DAP,17.6379504032565,1.25568935649623,22.147786591777574,0.22147786591777574,442.9557318355515,4.429557318355515,20,OS,NA,Spring,D,173,NA,NA
24GM01I74,DIACOPE,MI40,CAL,925.992396170966,1.7512245601167382,1621.6206266559443,16.216206266559443,32432.412533118884,324.32412533118884,20,OS,NA,Spring,D,173,NA,NA
24GM01I74,DIYTHOM,MI40,CYC,476.224660887926,4.7006666182636465,2238.573366229799,22.38573366229799,44771.46732459598,447.71467324595983,20,OS,NA,Spring,D,173,NA,NA
24GM01I74,LEOASHL,MI40,CAL,2195.92482520543,4.073560485767395,8945.232597672513,89.45232597672513,178904.65195345026,1789.0465195345027,20,OS,NA,Spring,D,173,NA,NA
24GM01I74,LEOMINU,MI40,CAL,2116.55404839078,3.7702554100377577,7979.949351582655,79.79949351582655,159598.98703165312,1595.989870316531,20,OS,NA,Spring,D,173,NA,NA
24GM01I74,LEOSICI,MI40,CAL,52.9138512097695,9.84369713481558,520.8679255456659,5.208679255456659,10417.358510913318,104.17358510913319,20,OS,NA,Spring,D,173,NA,NA
24GM01I74,LIMCOPE,MI40,CAL,423.310809678156,2.795671724351274,1183.4380612294642,11.834380612294643,23668.761224589285,236.68761224589286,20,OS,NA,Spring,D,173,NA,NA
24GM01I74,SKIOREG,MI40,CAL,255.750280847219,8.082243069828627,2067.0359349841606,20.670359349841604,41340.71869968321,413.4071869968321,20,OS,NA,Spring,D,173,NA,NA
24GM01I74,TROPRASM,MI40,CYC,35.275900806513,0.4540281354164715,16.016251468317503,0.16016251468317502,320.32502936635007,3.2032502936635003,20,OS,NA,Spring,D,173,NA,NA
24GM01I74,COPNAUP,MI40,NAU,8372.3767855583,0.10784653152796335,902.9317969677015,9.029317969677015,18058.63593935403,180.5863593935403,20,OS,NA,Spring,D,173,NA,NA
24GM01I74,DREPOLYV,MI40,DVEL,213.308962689383,0.262528388256231,55.99965817545223,0.5599965817545223,1119.9931635090447,11.199931635090445,20,OS,NA,Spring,D,173,NA,NA
24GM01I74,COLSP,MI40,ROT,186.64534235321,0.01635222857142857,3.0520672999522276,0.030520672999522276,61.04134599904455,0.6104134599904455,20,OS,NA,Spring,D,173,NA,NA
24GM01I74,KELLONG,MI40,ROT,426.617925378767,0.005065386998437501,2.1609848925139863,0.02160984892513986,43.21969785027973,0.43219697850279726,20,OS,NA,Spring,D,173,NA,NA
24GM01I74,KERCOCH,MI40,ROT,79.9908610085188,0.0014974206666666667,0.1197799684186169,0.0011977996841861691,2.3955993683723382,0.023955993683723382,20,OS,NA,Spring,D,173,NA,NA
24GM01I74,POLSP,MI40,ROT,213.308962689383,0.05467739585,11.663178591320275,0.11663178591320275,233.2635718264055,2.332635718264055,20,OS,NA,Spring,D,173,NA,NA
24GM01I74,SYNSP,MI40,ROT,319.963444034075,0.01896562333333333,6.068306159986346,0.060683061599863454,121.36612319972691,1.213661231997269,20,OS,NA,Spring,D,173,NA,NA
24GM01I94,CYCCOPE,MI41M,CYC,313.56356272456,2.163680129053522,678.451249862358,6.784512498623581,13569.024997247161,135.69024997247163,20,OS,NA,Spring,D,270,NA,NA
24GM01I94,DIACOPE,MI41M,CAL,1011.24248978671,1.2352954951599122,1249.1832921478165,12.491832921478165,24983.66584295633,249.8366584295633,20,OS,NA,Spring,D,270,NA,NA
24GM01I94,DIYTHOM,MI41M,CYC,117.58633602171,4.602454643509632,541.185778236403,5.411857782364031,10823.715564728062,108.23715564728062,20,OS,NA,Spring,D,270,NA,NA
24GM01I94,EUBCORE,MI41M,NDAP,7.839089068114,1.69764600525865,13.307998241350486,0.13307998241350485,266.15996482700973,2.661599648270097,20,OS,NA,Spring,D,270,NA,NA
24GM01I94,LEOASHL,MI41M,CAL,964.207955378022,4.182478385037016,4032.778932049313,40.32778932049313,80655.57864098626,806.5557864098627,20,OS,NA,Spring,D,270,NA,NA
24GM01I94,LEOMINU,MI41M,CAL,1152.34609301276,4.3248356419228164,4983.70745489209,49.8370745489209,99674.1490978418,996.741490978418,20,OS,NA,Spring,D,270,NA,NA
24GM01I94,LEOSICI,MI41M,CAL,109.747246953596,10.593496436685752,1162.6070695389906,11.626070695389906,23252.141390779812,232.52141390779812,20,OS,NA,Spring,D,270,NA,NA
24GM01I94,LIMCOPE,MI41M,CAL,470.34534408684,1.6657739864833556,783.489038843421,7.83489038843421,15669.78077686842,156.69780776868419,20,OS,NA,Spring,D,270,NA,NA
24GM01I94,LIMMACR,MI41M,CAL,3.35960960062029,61.4372269784731,206.4050975923661,2.064050975923661,4128.101951847322,41.281019518473215,20,OS,NA,Spring,D,270,NA,NA
24GM01I94,SKIOREG,MI41M,CAL,94.069068817368,7.97017842824341,749.7472630531313,7.497472630531313,14994.945261062625,149.94945261062625,20,OS,NA,Spring,D,270,NA,NA
24GM01I94,TROPRASM,MI41M,CYC,7.839089068114,0.351889567785916,2.7584936640139346,0.027584936640139345,55.16987328027869,0.5516987328027869,20,OS,NA,Spring,D,270,NA,NA
24GM01I94,COPNAUP,MI41M,NAU,3943.73547297813,0.1019507761733824,402.0668924926217,4.020668924926217,8041.337849852434,80.41337849852434,20,OS,NA,Spring,D,270,NA,NA
24GM01I94,DREPOLYV,MI41M,DVEL,155.801895228766,0.10539205644542143,16.420282136253743,0.16420282136253742,328.40564272507487,3.284056427250748,20,OS,NA,Spring,D,270,NA,NA
24GM01I94,COLSP,MI41M,ROT,19.4752369035957,0.02059407,0.40107439205923306,0.0040107439205923304,8.021487841184662,0.0802148784118466,20,OS,NA,Spring,D,270,NA,NA
24GM01I94,KELLONG,MI41M,ROT,185.014750584159,0.005595685437631579,1.0352843455908172,0.010352843455908171,20.705686911816343,0.20705686911816343,20,OS,NA,Spring,D,270,NA,NA
24GM01I94,KERCOCH,MI41M,ROT,48.6880922589893,0.0022267684,0.108417105298602,0.00108417105298602,2.16834210597204,0.0216834210597204,20,OS,NA,Spring,D,270,NA,NA
24GM01I94,POLSP,MI41M,ROT,214.227605939553,0.055704736779999986,11.933492399872362,0.11933492399872363,238.66984799744725,2.3866984799744726,20,OS,NA,Spring,D,270,NA,NA
24GM01I94,POLVULG,MI41M,ROT,9.73761845179786,0.0809446176,0.7882078019154819,0.007882078019154819,15.764156038309638,0.15764156038309637,20,OS,NA,Spring,D,270,NA,NA
24GM01I94,SYNSP,MI41M,ROT,204.489987487755,0.014040051500000003,2.8710499555624365,0.028710499555624366,57.42099911124873,0.5742099911124874,20,OS,NA,Spring,D,270,NA,NA
24GM02I14,BYTLONG,MI47,PRED,0.39370425007269,24.8051688716841,9.765900408552822,0.09765900408552822,195.31800817105645,1.9531800817105642,20,OS,NA,Spring,N,197,NA,NA
24GM02I14,CYCCOPE,MI47,CYC,831.503376153521,1.644087201956219,1367.0640591173917,13.670640591173917,27341.281182347833,273.41281182347836,20,OS,NA,Spring,N,197,NA,NA
24GM02I14,DIACOPE,MI47,CAL,440.948760081413,1.4620394892538562,644.6844999765502,6.446844999765502,12893.689999531005,128.93689999531003,20,OS,NA,Spring,N,197,NA,NA
24GM02I14,DIYTHOM,MI47,CYC,781.109232144217,4.5842212103301865,3580.777509580245,35.80777509580245,71615.5501916049,716.1555019160489,20,OS,NA,Spring,N,197,NA,NA
24GM02I14,LEOASHL,MI47,CAL,692.919480127934,4.1925893025981615,2905.1267999462552,29.051267999462553,58102.5359989251,581.025359989251,20,OS,NA,Spring,N,197,NA,NA
24GM02I14,LEOMINU,MI47,CAL,718.116552132586,4.174290845183118,2997.627349341519,29.976273493415192,59952.546986830384,599.5254698683038,20,OS,NA,Spring,N,197,NA,NA
24GM02I14,LEOSICI,MI47,CAL,67.1921920124057,10.136803019437618,681.1140148739863,6.811140148739863,13622.280297479727,136.22280297479728,20,OS,NA,Spring,N,197,NA,NA
24GM02I14,LIMCOPE,MI47,CAL,121.785848022485,2.713983681351425,330.524804152569,3.30524804152569,6610.49608305138,66.1049608305138,20,OS,NA,Spring,N,197,NA,NA
24GM02I14,LIMMACR,MI47,CAL,3.59958171495031,48.88468502584945,175.9644183601529,1.759644183601529,3519.288367203058,35.19288367203058,20,OS,NA,Spring,N,197,NA,NA
24GM02I14,SKIOREG,MI47,CAL,113.386824020935,7.993785170244554,906.3899123596792,9.063899123596793,18127.798247193583,181.27798247193584,20,OS,NA,Spring,N,197,NA,NA
24GM02I14,TROPRASM,MI47,CYC,29.3965840054275,0.4929036334380346,14.489683066941627,0.14489683066941628,289.7936613388325,2.8979366133883255,20,OS,NA,Spring,N,197,NA,NA
24GM02I14,COPNAUP,MI47,NAU,2781.52052676355,0.12469728919991226,346.8480695413267,3.468480695413267,6936.961390826535,69.36961390826534,20,OS,NA,Spring,N,197,NA,NA
24GM02I14,DREPOLYV,MI47,DVEL,106.300147519626,0.12655463942545372,13.452776840218807,0.13452776840218805,269.0555368043761,2.690555368043761,20,OS,NA,Spring,N,197,NA,NA
24GM02I14,COOUNIC,MI47,ROT,5.90556375109035,0.0099944,0.059022566353897396,5.90225663538974e-4,1.180451327077948,0.01180451327077948,20,OS,NA,Spring,N,197,NA,NA
24GM02I14,KELLONG,MI47,ROT,35.4333825065421,0.005064505407499999,0.17945255731039836,0.0017945255731039835,3.589051146207967,0.035890511462079666,20,OS,NA,Spring,N,197,NA,NA
24GM02I14,KERCOCH,MI47,ROT,17.716691253271,0.0019983473333333333,0.0354041027214641,3.5404102721464095e-4,0.708082054429282,0.007080820544292819,20,OS,NA,Spring,N,197,NA,NA
24GM02I14,POLSP,MI47,ROT,17.716691253271,0.07066541533333333,1.2519573457448292,0.012519573457448292,25.039146914896584,0.2503914691489658,20,OS,NA,Spring,N,197,NA,NA
24GM02I14,PROSP,MI47,ROT,5.90556375109035,0.0465921855,0.27515312177287743,0.0027515312177287744,5.503062435457549,0.05503062435457549,20,OS,NA,Spring,N,197,NA,NA
24GM02I14,SYNSP,MI47,ROT,289.372623803427,0.012809148499999997,3.706616910132731,0.03706616910132731,74.13233820265462,0.7413233820265462,20,OS,NA,Spring,N,197,NA,NA
24GM10I14,BOSLONG,MI11,NDAP,114.063727852487,0.965477146358577,110.12592247004049,1.101259224700405,2202.51844940081,22.025184494008098,20,OS,NA,Summer,N,127,NA,NA
24GM10I14,BYTLONG,MI11,PRED,1.52763921231009,143.40437729940388,219.07014997948028,2.1907014997948027,4381.402999589605,43.81402999589605,20,OS,NA,Summer,N,127,NA,NA
24GM10I14,CYCCOPE,MI11,CYC,2199.80046572654,1.2516525367510825,2753.3858332728364,27.533858332728364,55067.716665456726,550.6771666545673,20,OS,NA,Summer,N,127,NA,NA
24GM10I14,DAPGALEM,MI11,DAP,2199.80046572654,9.018780504958862,19839.517555093946,198.39517555093946,396790.3511018789,3967.9035110187892,20,OS,NA,Summer,N,127,NA,NA
24GM10I14,DIACOPE,MI11,CAL,2004.26264655084,2.3646173064105502,4739.314140626328,47.393141406263275,94786.28281252655,947.8628281252655,20,OS,NA,Summer,N,127,NA,NA
24GM10I14,DIYTHOM,MI11,CYC,1173.22691505415,4.0544613185693885,4756.803144991544,47.568031449915445,95136.06289983088,951.3606289983089,20,OS,NA,Summer,N,127,NA,NA
24GM10I14,EPICOPE,MI11,CAL,521.434184468512,2.2257392827264812,1160.5765477280136,11.605765477280135,23211.530954560272,232.1153095456027,20,OS,NA,Summer,N,127,NA,NA
24GM10I14,EPILACU,MI11,CAL,167.603845007736,16.198401032814267,2714.914296076953,27.14914296076953,54298.28592153906,542.9828592153906,20,OS,NA,Summer,N,127,NA,NA
24GM10I14,LEOASHL,MI11,CAL,162.94818264641,3.832854070215112,624.5566050904481,6.245566050904481,12491.132101808962,124.91132101808961,20,OS,NA,Summer,N,127,NA,NA
24GM10I14,LEOMINU,MI11,CAL,2590.87610407792,3.6438326522214384,9440.718945899394,94.40718945899394,188814.3789179879,1888.1437891798787,20,OS,NA,Summer,N,127,NA,NA
24GM10I14,SKIOREG,MI11,CAL,488.84454793923,8.374901770533855,4094.025070052079,40.94025070052079,81880.50140104158,818.8050140104158,20,OS,NA,Summer,N,127,NA,NA
24GM10I14,COPNAUP,MI11,NAU,14656.170602903,0.13860411768123393,2031.4055950010086,20.314055950010086,40628.11190002017,406.2811190002017,20,OS,NA,Summer,N,127,NA,NA
24GM10I14,DREPOLYV,MI11,DVEL,1072.40272704169,0.19952422355379532,213.9703214499659,2.139703214499659,4279.4064289993175,42.79406428999317,20,OS,NA,Summer,N,127,NA,NA
24GM10I14,ASCOVAL,MI11,ROT,2144.80545408337,0.013984517,29.994068334321607,0.29994068334321605,599.8813666864321,5.998813666864321,20,OS,NA,Summer,N,127,NA,NA
24GM10I14,ASPPRIO,MI11,ROT,536.201363520843,0.81664692538,437.8871949038601,4.378871949038601,8757.743898077202,87.57743898077202,20,OS,NA,Summer,N,127,NA,NA
24GM10I14,COLSP,MI11,ROT,4825.81227168759,0.016133561999999997,77.85754148563255,0.7785754148563255,1557.150829712651,15.57150829712651,20,OS,NA,Summer,N,127,NA,NA
24GM10I14,COOUNIC,MI11,ROT,45755.8496871119,0.015573413700000005,712.5747763724094,7.125747763724093,14251.495527448187,142.51495527448188,20,OS,NA,Summer,N,127,NA,NA
24GM10I14,GASSTYL,MI11,ROT,178.733787840281,0.03203226,5.7252471628847195,0.057252471628847196,114.50494325769439,1.1450494325769438,20,OS,NA,Summer,N,127,NA,NA
24GM10I14,KERCOCH,MI11,ROT,178.733787840281,0.00122825,0.21952977491482512,0.002195297749148251,4.390595498296502,0.04390595498296502,20,OS,NA,Summer,N,127,NA,NA
24GM10I14,KERCRAS,MI11,ROT,178.733787840281,0.002963088,0.5296039419440826,0.005296039419440826,10.592078838881651,0.10592078838881651,20,OS,NA,Summer,N,127,NA,NA
24GM10I14,PLOTRUN,MI11,ROT,536.201363520843,0.022047996666666667,11.822165875569667,0.11822165875569667,236.44331751139333,2.364433175113933,20,OS,NA,Summer,N,127,NA,NA
24GM10I14,POLSP,MI11,ROT,357.467575680562,0.0324924138,11.614984389095637,0.11614984389095637,232.29968778191275,2.3229968778191274,20,OS,NA,Summer,N,127,NA,NA
24GM10I14,POLVULG,MI11,ROT,357.467575680562,0.0450363914,16.09904965115891,0.16099049651158912,321.9809930231782,3.2198099302317824,20,OS,NA,Summer,N,127,NA,NA
24GM10I14,SYNSP,MI11,ROT,178.733787840281,0.00421875,0.7540331674511855,0.007540331674511855,15.08066334902371,0.1508066334902371,20,OS,NA,Summer,N,127,NA,NA
24GM10I34,BOSLONG,MI17,NDAP,65.3522133467501,1.1416182088955469,74.6072767482765,0.7460727674827651,1492.14553496553,14.921455349655302,20,OS,NA,Summer,D,102,NA,NA
24GM10I34,BYTLONG,MI17,PRED,9.02892421237994,147.96754963222426,1335.98779152092,13.3598779152092,26719.7558304184,267.197558304184,20,OS,NA,Summer,D,102,NA,NA
24GM10I34,CYCCOPE,MI17,CYC,51.5938526421711,0.09838100105764112,5.075854871357215,0.05075854871357215,101.51709742714431,1.015170974271443,20,OS,NA,Summer,D,102,NA,NA
24GM10I34,DAPGALEM,MI17,DAP,3.43959017614474,2.47104829328311,8.499393434355811,0.08499393434355812,169.98786868711622,1.6998786868711624,20,OS,NA,Summer,D,102,NA,NA
24GM10I34,DIACOPE,MI17,CAL,2362.99845101144,1.420484862078144,3356.6035287758536,33.56603528775854,67132.07057551708,671.3207057551708,20,OS,NA,Summer,D,102,NA,NA
24GM10I34,EPICOPE,MI17,CAL,361.156968495198,3.8561869677334015,1392.6887952172851,13.926887952172851,27853.775904345704,278.537759043457,20,OS,NA,Summer,D,102,NA,NA
24GM10I34,EPILACU,MI17,CAL,68.7918035228948,15.532357958641825,1068.4989169381597,10.684989169381597,21369.978338763194,213.69978338763192,20,OS,NA,Summer,D,102,NA,NA
24GM10I34,LEOASHL,MI17,CAL,6.87918035228948,2.59049976105895,17.82051505888732,0.1782051505888732,356.4103011777464,3.564103011777464,20,OS,NA,Summer,D,102,NA,NA
24GM10I34,LEOMINU,MI17,CAL,670.720084348225,3.7460793516221376,2512.570658695144,25.12570658695144,50251.41317390288,502.5141317390288,20,OS,NA,Summer,D,102,NA,NA
24GM10I34,LETKIND,MI17,PRED,2.94822015098121,18.28378973469616,53.904637332134605,0.5390463733213461,1078.0927466426922,10.780927466426922,20,OS,NA,Summer,D,102,NA,NA
24GM10I34,SKIOREG,MI17,CAL,30.9563115853027,7.337031716211355,227.1274399182869,2.271274399182869,4542.548798365739,45.425487983657376,20,OS,NA,Summer,D,102,NA,NA
24GM10I34,TROPRASM,MI17,CYC,6.87918035228948,0.5736906553880445,3.9465214848375108,0.039465214848375105,78.93042969675021,0.7893042969675022,20,OS,NA,Summer,D,102,NA,NA
24GM10I34,COPNAUP,MI17,NAU,7335.35599940068,0.14273348627206658,1047.0009348411782,10.470009348411782,20940.018696823565,209.40018696823563,20,OS,NA,Summer,D,102,NA,NA
24GM10I34,DREPOLYV,MI17,DVEL,1092.49982969797,0.2650726750533144,289.5918523533313,2.895918523533313,5791.837047066627,57.91837047066626,20,OS,NA,Summer,D,102,NA,NA
24GM10I34,ASCECAU,MI17,ROT,156.071404242568,0.035090484,5.4766211134313645,0.054766211134313646,109.53242226862729,1.095324222686273,20,OS,NA,Summer,D,102,NA,NA
24GM10I34,ASCOVAL,MI17,ROT,4682.14212727703,0.0112313916,52.58697175830537,0.5258697175830537,1051.7394351661073,10.517394351661073,20,OS,NA,Summer,D,102,NA,NA
24GM10I34,ASPPRIO,MI17,ROT,156.071404242568,1.35060184896,210.79032713979595,2.1079032713979595,4215.806542795919,42.15806542795919,20,OS,NA,Summer,D,102,NA,NA
24GM10I34,COLSP,MI17,ROT,1248.57123394054,0.017808052499999998,22.234622084002915,0.22234622084002914,444.6924416800583,4.446924416800583,20,OS,NA,Summer,D,102,NA,NA
24GM10I34,COOUNIC,MI17,ROT,39798.2080818547,0.019147347699999998,762.0301279802219,7.620301279802219,15240.602559604438,152.40602559604437,20,OS,NA,Summer,D,102,NA,NA
24GM10I34,GASSTYL,MI17,ROT,936.428425455406,0.025805993333333332,24.165465704446035,0.24165465704446035,483.3093140889207,4.833093140889207,20,OS,NA,Summer,D,102,NA,NA
24GM10I34,KELLONG,MI17,ROT,936.428425455406,0.0059625195525,5.583472796294647,0.055834727962946466,111.66945592589293,1.1166945592589292,20,OS,NA,Summer,D,102,NA,NA
24GM10I34,KERCRAS,MI17,ROT,156.071404242568,0.002590058,0.4042339891296972,0.004042339891296972,8.084679782593945,0.08084679782593944,20,OS,NA,Summer,D,102,NA,NA
24GM10I34,PLOTRUN,MI17,ROT,936.428425455406,0.02648728666666667,24.803448147852638,0.2480344814785264,496.06896295705275,4.960689629570528,20,OS,NA,Summer,D,102,NA,NA
24GM10I34,POLREMA,MI17,ROT,156.071404242568,0.0176110396,2.748579680543473,0.02748579680543473,54.97159361086946,0.5497159361086946,20,OS,NA,Summer,D,102,NA,NA
24GM10I34,POLSP,MI17,ROT,2184.99965939595,0.0467386062,102.12383862764143,1.0212383862764143,2042.4767725528286,20.424767725528284,20,OS,NA,Summer,D,102,NA,NA
24GM10I34,POLVULG,MI17,ROT,624.28561697027,0.0620507118,38.737366899507414,0.38737366899507414,774.7473379901483,7.747473379901483,20,OS,NA,Summer,D,102,NA,NA
24GM10I34,SYNSP,MI17,ROT,156.071404242568,0.00857375,1.3381172021247174,0.013381172021247174,26.762344042494348,0.26762344042494346,20,OS,NA,Summer,D,102,NA,NA
24GM10I54,BOSLONG,MI18M,NDAP,2.14468563924319,0.590527284775686,1.2664953872396874,0.012664953872396873,25.329907744793747,0.25329907744793745,20,OS,NA,Summer,N,161,NA,NA
24GM10I54,BYTLONG,MI18M,PRED,1.80957850811144,156.13465185938608,282.5379103762069,2.825379103762069,5650.758207524139,56.50758207524138,20,OS,NA,Summer,N,161,NA,NA
24GM10I54,CYCCOPE,MI18M,CYC,8.57874255697276,0.922838402319366,7.916793075185894,0.07916793075185895,158.3358615037179,1.583358615037179,20,OS,NA,Summer,N,161,NA,NA
24GM10I54,DIACOPE,MI18M,CAL,1151.69618827359,0.9964757227620531,1147.6372916122273,11.476372916122273,22952.745832244545,229.52745832244545,20,OS,NA,Summer,N,161,NA,NA
24GM10I54,EPICOPE,MI18M,CAL,218.757935202805,2.8069564236049374,614.04399143206615,6.140439914320662,12280.879828641322,122.80879828641324,20,OS,NA,Summer,N,161,NA,NA
24GM10I54,EPILACU,MI18M,CAL,1.83830197649416,14.5556942064153,26.75776142889784,0.2675776142889784,535.1552285779568,5.351552285779569,20,OS,NA,Summer,N,161,NA,NA
24GM10I54,HOLGIBB,MI18M,NDAP,1.83830197649416,1.69876864348209,3.1228497549194287,0.031228497549194288,62.456995098388575,0.6245699509838858,20,OS,NA,Summer,N,161,NA,NA
24GM10I54,LEOMINU,MI18M,CAL,225.191992120535,3.645395668908759,820.9139127491337,8.209139127491337,16418.278254982673,164.18278254982675,20,OS,NA,Summer,N,161,NA,NA
24GM10I54,SKIOREG,MI18M,CAL,6.43405691772957,6.17887174932111,39.7552125224833,0.39755212522483296,795.104250449666,7.951042504496659,20,OS,NA,Summer,N,161,NA,NA
24GM10I54,TROCOPE,MI18M,CYC,8.57874255697276,0.19427694155047848,1.666651866317599,0.01666651866317599,33.333037326351985,0.33333037326351983,20,OS,NA,Summer,N,161,NA,NA
24GM10I54,TROPRASM,MI18M,CYC,6.43405691772957,0.536216560221749,3.450047868695899,0.03450047868695899,69.00095737391797,0.6900095737391798,20,OS,NA,Summer,N,161,NA,NA
24GM10I54,COPNAUP,MI18M,NAU,6458.18463117106,0.17587541403601442,1135.8358959282352,11.358358959282352,22716.717918564704,227.16717918564706,20,OS,NA,Summer,N,161,NA,NA
24GM10I54,DREPOLYV,MI18M,DVEL,1526.48000373134,0.2528113265976428,385.91143476809486,3.859114347680949,7718.228695361897,77.18228695361898,20,OS,NA,Summer,N,161,NA,NA
24GM10I54,ASCOVAL,MI18M,ROT,5401.39078243398,0.014892581999999996,80.44065514144219,0.804406551414422,1608.813102828844,16.08813102828844,20,OS,NA,Summer,N,161,NA,NA
24GM10I54,ASPPRIO,MI18M,ROT,1409.05846498278,1.115556805285,1571.884759655976,15.71884759655976,31437.69519311952,314.3769519311952,20,OS,NA,Summer,N,161,NA,NA
24GM10I54,COLSP,MI18M,ROT,469.686154994259,0.02041497,9.588628763623149,0.09588628763623148,191.77257527246297,1.9177257527246296,20,OS,NA,Summer,N,161,NA,NA
24GM10I54,COOUNIC,MI18M,ROT,27946.3262221584,0.0165997338,463.90157597578906,4.639015759757891,9278.031519515782,92.78031519515781,20,OS,NA,Summer,N,161,NA,NA
24GM10I54,GASSTYL,MI18M,ROT,1174.21538748565,0.020779124,24.399167139272368,0.24399167139272368,487.98334278544735,4.879833427854473,20,OS,NA,Summer,N,161,NA,NA
24GM10I54,KELLONG,MI18M,ROT,587.107693742824,0.0075507029429999995,4.433075791001884,0.04433075791001884,88.66151582003768,0.8866151582003768,20,OS,NA,Summer,N,161,NA,NA
24GM10I54,KERCOCH,MI18M,ROT,117.421538748565,0.001661168,0.19505690267987622,0.001950569026798762,3.901138053597524,0.03901138053597524,20,OS,NA,Summer,N,161,NA,NA
24GM10I54,KERCRAS,MI18M,ROT,117.421538748565,0.00304175,0.3571669654884476,0.003571669654884476,7.143339309768953,0.07143339309768952,20,OS,NA,Summer,N,161,NA,NA
24GM10I54,PLOLENT,MI18M,ROT,117.421538748565,0.02628072,3.085922581820187,0.03085922581820187,61.71845163640374,0.6171845163640375,20,OS,NA,Summer,N,161,NA,NA
24GM10I54,PLOTRUN,MI18M,ROT,939.372309988518,0.026827347499999998,25.200867391939692,0.2520086739193969,504.01734783879385,5.040173478387938,20,OS,NA,Summer,N,161,NA,NA
24GM10I54,POLMAJO,MI18M,ROT,234.843077497129,0.058087829800000004,13.64152471536144,0.1364152471536144,272.8304943072288,2.728304943072288,20,OS,NA,Summer,N,161,NA,NA
24GM10I54,POLSP,MI18M,ROT,1761.32308122847,0.04624758189333334,81.45693343973188,0.8145693343973188,1629.1386687946376,16.29138668794638,20,OS,NA,Summer,N,161,NA,NA
24GM10I54,POLVULG,MI18M,ROT,939.372309988518,0.06800367035,63.880764904377195,0.638807649043772,1277.6152980875438,12.77615298087544,20,OS,NA,Summer,N,161,NA,NA
24GM10I54,SYNSP,MI18M,ROT,352.264616245694,0.06220538666666666,21.912756662548343,0.21912756662548344,438.2551332509669,4.382551332509669,20,OS,NA,Summer,N,161,NA,NA
24GM10I74,BYTLONG,MI19,PRED,7.55160023410847,170.1005265188356,1284.531175881613,12.84531175881613,25690.623517632263,256.90623517632264,20,OS,NA,Summer,D,86,NA,NA
24GM10I74,CYCCOPE,MI19,CYC,84.7898973654285,0.6526088866128996,55.33464051567432,0.5533464051567433,1106.6928103134865,11.066928103134865,20,OS,NA,Summer,D,86,NA,NA
24GM10I74,DAPGALEM,MI19,DAP,50.8739384192571,10.502106048742059,534.283496396211,5.34283496396211,10685.66992792422,106.8566992792422,20,OS,NA,Summer,D,86,NA,NA
24GM10I74,DIACOPE,MI19,CAL,2467.38601333397,1.6483138476457455,4067.0265332658128,40.670265332658126,81340.53066531626,813.4053066531625,20,OS,NA,Summer,D,86,NA,NA
24GM10I74,DIYTHOM,MI19,CYC,8.47898973654285,5.57954812315272,47.30893127075883,0.47308931270758836,946.1786254151766,9.461786254151768,20,OS,NA,Summer,D,86,NA,NA
24GM10I74,EPICOPE,MI19,CAL,440.907466300228,3.673340909377013,1619.6034332103943,16.19603433210394,32392.068664207887,323.92068664207886,20,OS,NA,Summer,D,86,NA,NA
24GM10I74,EPILACU,MI19,CAL,21.8031164653959,12.900342180573261,281.2676630064981,2.812676630064981,5625.353260129961,56.25353260129962,20,OS,NA,Summer,D,86,NA,NA
24GM10I74,LEOASHL,MI19,CAL,25.4369692096285,3.515341831105405,89.41964191914727,0.8941964191914726,1788.3928383829452,17.883928383829453,20,OS,NA,Summer,D,86,NA,NA
24GM10I74,LEOMINU,MI19,CAL,2034.95753677028,3.605598331211843,7337.239498665885,73.37239498665885,146744.7899733177,1467.4478997331769,20,OS,NA,Summer,D,86,NA,NA
24GM10I74,SKIOREG,MI19,CAL,33.9159589461714,6.875567557320165,233.1914670056987,2.331914670056987,4663.8293401139745,46.63829340113974,20,OS,NA,Summer,D,86,NA,NA
24GM10I74,TROPRASM,MI19,CYC,8.47898973654285,0.122628323408401,1.0397642955892894,0.010397642955892895,20.79528591178579,0.20795285911785788,20,OS,NA,Summer,D,86,NA,NA
24GM10I74,COPNAUP,MI19,NAU,14492.7132071859,0.09900547552769393,1434.8579627639301,14.348579627639301,28697.159255278602,286.97159255278603,20,OS,NA,Summer,D,86,NA,NA
24GM10I74,DREPOLYV,MI19,DVEL,1367.23709501753,0.22285927478179507,304.701467450375,3.04701467450375,6094.0293490075,60.940293490075,20,OS,NA,Summer,D,86,NA,NA
24GM10I74,ASCOVAL,MI19,ROT,4101.7112850526,0.0153072728,62.78601358713871,0.6278601358713871,1255.7202717427742,12.557202717427742,20,OS,NA,Summer,D,86,NA,NA
24GM10I74,ASPPRIO,MI19,ROT,820.342257010521,0.44962309184,368.84482196407436,3.6884482196407435,7376.896439281487,73.76896439281487,20,OS,NA,Summer,D,86,NA,NA
24GM10I74,COLSP,MI19,ROT,5195.50096106663,0.010629710526315788,55.226671255333756,0.5522667125533376,1104.5334251066752,11.045334251066752,20,OS,NA,Summer,D,86,NA,NA
24GM10I74,COOUNIC,MI19,ROT,89690.7534331503,0.0128410191,1151.7206779284736,11.517206779284736,23034.41355856947,230.34413558569472,20,OS,NA,Summer,D,86,NA,NA
24GM10I74,GASSTYL,MI19,ROT,546.894838007014,0.022213169999999997,12.148268008772261,0.12148268008772262,242.96536017544523,2.4296536017544526,20,OS,NA,Summer,D,86,NA,NA
24GM10I74,KELLONG,MI19,ROT,1367.23709501753,0.012858123935999999,17.580104017632006,0.17580104017632006,351.60208035264014,3.516020803526401,20,OS,NA,Summer,D,86,NA,NA
24GM10I74,KERCOCH,MI19,ROT,546.894838007014,0.00239148,1.307888067197014,0.013078880671970139,26.15776134394028,0.2615776134394028,20,OS,NA,Summer,D,86,NA,NA
24GM10I74,PLOTRUN,MI19,ROT,1914.13193302455,0.02547966428571428,48.77143905203087,0.48771439052030874,975.4287810406174,9.754287810406176,20,OS,NA,Summer,D,86,NA,NA
24GM10I74,POLREMA,MI19,ROT,1093.78967601403,0.0337467361,36.91183154534997,0.3691183154534997,738.2366309069994,7.382366309069994,20,OS,NA,Summer,D,86,NA,NA
24GM10I74,POLSP,MI19,ROT,2187.57935202805,0.02393864935,52.3676950334997,0.523676950334997,1047.353900669994,10.473539006699939,20,OS,NA,Summer,D,86,NA,NA
24GM10I74,POLVULG,MI19,ROT,273.447419003507,0.0791976724,21.65639910886528,0.2165639910886528,433.1279821773056,4.331279821773056,20,OS,NA,Summer,D,86,NA,NA
24GM10I74,SYNSP,MI19,ROT,1640.68451402104,0.027111305000000002,44.4810982684012,0.444810982684012,889.6219653680239,8.89621965368024,20,OS,NA,Summer,D,86,NA,NA
24GM10I74,TRIMULT,MI19,ROT,273.447419003507,0.189588731904,51.84254941129664,0.5184254941129663,1036.8509882259327,10.368509882259326,20,OS,NA,Summer,D,86,NA,NA
24GM10I94,BYTLONG,MI23,PRED,4.82307564193302,211.33678107625283,1019.2932810534062,10.192932810534062,20385.865621068122,203.85865621068123,20,OS,NA,Summer,D,91,NA,NA
24GM10I94,CYCCOPE,MI23,CYC,5.59197175876292,0.1769107134590142,0.9892797134854067,0.009892797134854067,19.785594269708135,0.19785594269708134,20,OS,NA,Summer,D,91,NA,NA
24GM10I94,DAPGALEM,MI23,DAP,8.94715481402067,4.7710281607540885,42.68712757631913,0.4268712757631913,853.7425515263826,8.537425515263825,20,OS,NA,Summer,D,91,NA,NA
24GM10I94,DIACOPE,MI23,CAL,298.61129191794,1.3224535517418863,394.89956358711294,3.9489956358711296,7897.9912717422585,78.9799127174226,20,OS,NA,Summer,D,91,NA,NA
24GM10I94,EPICOPE,MI23,CAL,161.048786652372,3.337397290548335,537.4837842197231,5.374837842197231,10749.675684394462,107.49675684394462,20,OS,NA,Summer,D,91,NA,NA
24GM10I94,EPILACU,MI23,CAL,8.62761357066279,17.4208105086336,150.3000211562322,1.503000211562322,3006.000423124644,30.060004231246438,20,OS,NA,Summer,D,91,NA,NA
24GM10I94,LEOMINU,MI23,CAL,211.376532481238,3.8019078763754353,803.6341037213468,8.036341037213468,16072.682074426937,160.72682074426936,20,OS,NA,Summer,D,91,NA,NA
24GM10I94,SKIOREG,MI23,CAL,14.5391265727836,5.841437047387649,84.92939259891634,0.8492939259891634,1698.5878519783269,16.98587851978327,20,OS,NA,Summer,D,91,NA,NA
24GM10I94,TROPRASM,MI23,CYC,2.23678870350517,0.42854266704014055,0.9585593966053637,0.009585593966053636,19.171187932107273,0.19171187932107273,20,OS,NA,Summer,D,91,NA,NA
24GM10I94,COPNAUP,MI23,NAU,7589.42407099304,0.14523854577600767,1102.2769153484571,11.022769153484571,22045.53830696914,220.45538306969144,20,OS,NA,Summer,D,91,NA,NA
24GM10I94,DREPOLYV,MI23,DVEL,1046.81711324042,0.11599276181001328,121.42320807474174,1.2142320807474174,2428.4641614948346,24.28464161494835,20,OS,NA,Summer,D,91,NA,NA
24GM10I94,ASCOVAL,MI23,ROT,2747.8949222561,0.0133245666,36.61450890140323,0.36614508901403225,732.2901780280645,7.322901780280645,20,OS,NA,Summer,D,91,NA,NA
24GM10I94,COLSP,MI23,ROT,3402.15561803136,0.021267966315789474,72.35693108536489,0.723569310853649,1447.1386217072977,14.471386217072979,20,OS,NA,Summer,D,91,NA,NA
24GM10I94,COOUNIC,MI23,ROT,34283.2604586237,0.010821419700000001,370.9935501071816,3.709935501071816,7419.871002143632,74.19871002143631,20,OS,NA,Summer,D,91,NA,NA
24GM10I94,GASSTYL,MI23,ROT,261.704278310105,0.03589586,9.394100135620565,0.09394100135620566,187.8820027124113,1.8788200271241131,20,OS,NA,Summer,D,91,NA,NA
24GM10I94,KELLONG,MI23,ROT,392.556417465157,0.005512790815000001,2.1640814125712233,0.021640814125712234,43.281628251424465,0.43281628251424464,20,OS,NA,Summer,D,91,NA,NA
24GM10I94,KERCOCH,MI23,ROT,392.556417465157,0.0012703126666666665,0.49866938948727674,0.004986693894872767,9.973387789745535,0.09973387789745534,20,OS,NA,Summer,D,91,NA,NA
24GM10I94,KEREARL,MI23,ROT,130.852139155052,0.001661168,0.2173673862959194,0.002173673862959194,4.347347725918388,0.04347347725918388,20,OS,NA,Summer,D,91,NA,NA
24GM10I94,PLOTRUN,MI23,ROT,130.852139155052,0.01442897,1.8880615903040703,0.0188806159030407,37.761231806081405,0.377612318060814,20,OS,NA,Summer,D,91,NA,NA
24GM10I94,POLSP,MI23,ROT,785.112834930314,0.043362267666666655,34.044272896783745,0.34044272896783745,680.8854579356749,6.808854579356749,20,OS,NA,Summer,D,91,NA,NA
24GM10I94,SYNSP,MI23,ROT,785.112834930314,0.023125225000000003,18.15591095815137,0.1815591095815137,363.1182191630274,3.631182191630274,20,OS,NA,Summer,D,91,NA,NA
24GM10I94,TRIMULT,MI23,ROT,130.852139155052,0.176332661856,23.073506006762038,0.23073506006762037,461.4701201352408,4.614701201352408,20,OS,NA,Summer,D,91,NA,NA
24GM11I14,BOSLONG,MI27,NDAP,3.1982154269416,2.82364685606658,9.030630935307284,0.09030630935307285,180.6126187061457,1.806126187061457,20,OS,NA,Summer,N,105,NA,NA
24GM11I14,BYTLONG,MI27,PRED,23.0871176132347,186.74637335673646,4311.435485532013,43.11435485532014,86228.70971064027,862.2870971064027,20,OS,NA,Summer,N,105,NA,NA
24GM11I14,CYCCOPE,MI27,CYC,6.3964308538832,0.06328805148373305,0.4048176451926985,0.004048176451926985,8.09635290385397,0.0809635290385397,20,OS,NA,Summer,N,105,NA,NA
24GM11I14,DAPGALEM,MI27,DAP,3.1982154269416,1.43626443187515,4.593483063190618,0.04593483063190618,91.86966126381236,0.9186966126381236,20,OS,NA,Summer,N,105,NA,NA
24GM11I14,DIACOPE,MI27,CAL,853.923518993407,1.233487200244584,1053.3037306661804,10.533037306661804,21066.07461332361,210.66074613323607,20,OS,NA,Summer,N,105,NA,NA
24GM11I14,EPICOPE,MI27,CAL,297.434034705569,2.5651768234806527,762.9708923410657,7.629708923410657,15259.417846821314,152.59417846821316,20,OS,NA,Summer,N,105,NA,NA
24GM11I14,EPILACU,MI27,CAL,39.7492488777028,15.29784385390918,608.0778026412721,6.080778026412721,12161.556052825443,121.61556052825443,20,OS,NA,Summer,N,105,NA,NA
24GM11I14,LEOASHL,MI27,CAL,28.7839388424744,4.365003029364102,125.64198024443179,1.2564198024443178,2512.8396048886357,25.12839604888636,20,OS,NA,Summer,N,105,NA,NA
24GM11I14,LEOMINU,MI27,CAL,901.896750397531,3.9298202008878294,3544.2920688273057,35.442920688273055,70885.84137654612,708.8584137654611,20,OS,NA,Summer,N,105,NA,NA
24GM11I14,LEOSICI,MI27,CAL,3.1982154269416,5.30723317981345,16.973675030055702,0.16973675030055702,339.47350060111404,3.3947350060111403,20,OS,NA,Summer,N,105,NA,NA
24GM11I14,SKIOREG,MI27,CAL,54.3696622580072,6.69266691108384,363.8780395609687,3.6387803956096874,7277.560791219375,72.77560791219375,20,OS,NA,Summer,N,105,NA,NA
24GM11I14,TROCOPE,MI27,CYC,3.1982154269416,0.116473727024584,0.3725080706034093,0.0037250807060340927,7.450161412068185,0.07450161412068185,20,OS,NA,Summer,N,105,NA,NA
24GM11I14,COPNAUP,MI27,NAU,8865.45316348212,0.1618959004552233,1435.2805228455459,14.352805228455459,28705.610456910916,287.05610456910915,20,OS,NA,Summer,N,105,NA,NA
24GM11I14,DREPOLYV,MI27,DVEL,2744.06883631589,0.17588954796768871,482.65302721182354,4.8265302721182355,9653.06054423647,96.5306054423647,20,OS,NA,Summer,N,105,NA,NA
24GM11I14,ASCOVAL,MI27,ROT,2321.9043999596,0.014893772727272726,34.58191642745284,0.3458191642745284,691.6383285490567,6.916383285490568,20,OS,NA,Summer,N,105,NA,NA
24GM11I14,ASPPRIO,MI27,ROT,844.328872712583,1.2491711139375,1054.711238455971,10.547112384559709,21094.22476911942,210.94224769119418,20,OS,NA,Summer,N,105,NA,NA
24GM11I14,COLSP,MI27,ROT,2532.98661813775,0.018349800000000003,46.479797845504095,0.46479797845504095,929.5959569100819,9.29595956910082,20,OS,NA,Summer,N,105,NA,NA
24GM11I14,COOUNIC,MI27,ROT,82955.3117440112,0.019427174,1611.5872754751488,16.11587275475149,32231.745509502976,322.3174550950298,20,OS,NA,Summer,N,105,NA,NA
24GM11I14,GASSTYL,MI27,ROT,211.082218178146,0.01608714,3.3957091953423797,0.0339570919534238,67.9141839068476,0.679141839068476,20,OS,NA,Summer,N,105,NA,NA
24GM11I14,KELLONG,MI27,ROT,2955.15105449404,0.010277681924999999,30.372102578418083,0.3037210257841808,607.4420515683616,6.074420515683617,20,OS,NA,Summer,N,105,NA,NA
24GM11I14,KERCOCH,MI27,ROT,633.246654534437,0.0017298773333333333,1.0954390340882865,0.010954390340882865,21.90878068176573,0.2190878068176573,20,OS,NA,Summer,N,105,NA,NA
24GM11I14,KERCRAS,MI27,ROT,211.082218178146,0.007023616,1.482560444911517,0.014825604449115171,29.65120889823034,0.2965120889823034,20,OS,NA,Summer,N,105,NA,NA
24GM11I14,PLOLENT,MI27,ROT,211.082218178146,0.08120601,17.141144720196706,0.17141144720196708,342.82289440393413,3.4282289440393416,20,OS,NA,Summer,N,105,NA,NA
24GM11I14,POLREMA,MI27,ROT,633.246654534437,0.04248543786666666,26.90376139549735,0.2690376139549735,538.075227909947,5.38075227909947,20,OS,NA,Summer,N,105,NA,NA
24GM11I14,POLSP,MI27,ROT,1477.57552724702,0.0648821536,95.86828231444215,0.9586828231444215,1917.365646288843,19.17365646288843,20,OS,NA,Summer,N,105,NA,NA
24GM11I14,SYNSP,MI27,ROT,422.164436356291,0.010151505,4.28560438649307,0.0428560438649307,85.7120877298614,0.857120877298614,20,OS,NA,Summer,N,105,NA,NA
24GM11I34,BOSLONG,MI32,NDAP,53.7929348859358,2.587020414919378,139.1634207283447,1.3916342072834471,2783.268414566894,27.832684145668942,20,OS,NA,Summer,D,165,NA,NA
24GM11I34,BYTLONG,MI32,PRED,31.9395550885244,128.60533021223227,4107.597028991464,41.075970289914636,82151.94057982927,821.5194057982927,20,OS,NA,Summer,D,165,NA,NA
24GM11I34,CYCCOPE,MI32,CYC,29.8849638255199,0.9140424517792219,27.316125606411564,0.2731612560641156,546.3225121282313,5.463225121282313,20,OS,NA,Summer,D,165,NA,NA
24GM11I34,DAPGALEM,MI32,DAP,83.6778987114557,5.2037815859884,435.4415084688756,4.354415084688756,8708.830169377512,87.08830169377512,20,OS,NA,Summer,D,165,NA,NA
24GM11I34,DIACOPE,MI32,CAL,2582.06087452492,0.8022726256203567,2071.5167573167023,20.715167573167022,41430.335146334044,414.30335146334045,20,OS,NA,Summer,D,165,NA,NA
24GM11I34,EPICOPE,MI32,CAL,788.963044993725,3.176615310460139,2506.2320881143182,25.062320881143183,50124.64176228637,501.24641762286365,20,OS,NA,Summer,D,165,NA,NA
24GM11I34,EPILACU,MI32,CAL,125.516848067183,12.695228697446295,1593.4650915955083,15.934650915955082,31869.301831910165,318.6930183191016,20,OS,NA,Summer,D,165,NA,NA
24GM11I34,LEOMINU,MI32,CAL,1488.27119851089,3.8547404292557523,5736.899158596841,57.36899158596841,114737.98317193681,1147.3798317193682,20,OS,NA,Summer,D,165,NA,NA
24GM11I34,LEOSICI,MI32,CAL,5.97699276510397,5.66086037760445,33.83492152120552,0.33834921521205524,676.6984304241105,6.766984304241105,20,OS,NA,Summer,D,165,NA,NA
24GM11I34,SKIOREG,MI32,CAL,41.8389493557278,8.054356659803192,336.9858203824747,3.3698582038247467,6739.716407649494,67.39716407649493,20,OS,NA,Summer,D,165,NA,NA
24GM11I34,TROPRASM,MI32,CYC,11.9539855302079,0.425947381578103,5.0917688360145865,0.05091768836014587,101.83537672029173,1.0183537672029173,20,OS,NA,Summer,D,165,NA,NA
24GM11I34,COPNAUP,MI32,NAU,10694.0354553241,0.13790253444617517,1474.7345927464503,14.747345927464503,29494.691854929006,294.94691854929005,20,OS,NA,Summer,D,165,NA,NA
24GM11I34,DREPOLYV,MI32,DVEL,4010.26329574652,0.1994903237203951,800.0087230724918,8.000087230724917,16000.174461449835,160.00174461449834,20,OS,NA,Summer,D,165,NA,NA
24GM11I34,ASCOVAL,MI32,ROT,6015.39494361978,0.011474533333333333,69.02384979372995,0.6902384979372995,1380.476995874599,13.80476995874599,20,OS,NA,Summer,D,165,NA,NA
24GM11I34,ASPPRIO,MI32,ROT,668.377215957753,0.56978515503,380.8314156130081,3.808314156130081,7616.628312260163,76.16628312260163,20,OS,NA,Summer,D,165,NA,NA
24GM11I34,COLSP,MI32,ROT,4678.64051170427,0.02660729142857143,124.48595158443607,1.2448595158443607,2489.7190316887213,24.897190316887215,20,OS,NA,Summer,D,165,NA,NA
24GM11I34,COOUNIC,MI32,ROT,217890.972402228,0.01273557422222222,2774.966651380748,27.74966651380748,55499.33302761496,554.9933302761495,20,OS,NA,Summer,D,165,NA,NA
24GM11I34,GASSTYL,MI32,ROT,2673.50886383101,0.021433425,57.30245171975716,0.5730245171975716,1146.0490343951433,11.460490343951433,20,OS,NA,Summer,D,165,NA,NA
24GM11I34,KELLONG,MI32,ROT,3341.88607978877,0.009834848184,32.86694224294546,0.3286694224294546,657.3388448589093,6.5733884485890925,20,OS,NA,Summer,D,165,NA,NA
24GM11I34,KERCOCH,MI32,ROT,8688.90380745079,0.0019141284615384615,16.63167807741146,0.1663167807741146,332.63356154822924,3.326335615482292,20,OS,NA,Summer,D,165,NA,NA
24GM11I34,MONSP,MI32,ROT,2673.50886383101,0.0330850245,88.45310626081611,0.8845310626081612,1769.0621252163223,17.690621252163222,20,OS,NA,Summer,D,165,NA,NA
24GM11I34,PLOTRUN,MI32,ROT,8020.52659149304,0.017053835,136.7807371044347,1.367807371044347,2735.614742088694,27.35614742088694,20,OS,NA,Summer,D,165,NA,NA
24GM11I34,POLSP,MI32,ROT,1336.75443191551,0.029198169000000003,39.03078181456806,0.3903078181456806,780.6156362913612,7.806156362913612,20,OS,NA,Summer,D,165,NA,NA
24GM11I34,POLVULG,MI32,ROT,668.377215957753,0.0151856012,10.149709852700713,0.10149709852700713,202.99419705401425,2.0299419705401425,20,OS,NA,Summer,D,165,NA,NA
24GM11I34,SYNSP,MI32,ROT,6015.39494361978,0.03799126888888888,228.53248677592163,2.285324867759216,4570.649735518433,45.706497355184325,20,OS,NA,Summer,D,165,NA,NA
24GM11I54,BOSLONG,MI34,NDAP,46.2979757042975,1.351223825659365,62.5589278514452,0.625589278514452,1251.178557028904,12.51178557028904,20,OS,NA,Summer,N,157,NA,NA
24GM11I54,BYTLONG,MI34,PRED,30.9256009587299,132.0759130998131,4084.526984784707,40.84526984784707,81690.53969569414,816.9053969569414,20,OS,NA,Summer,N,157,NA,NA
24GM11I54,CYCCOPE,MI34,CYC,2361.19676091917,0.5438853330085928,1284.2202866113334,12.842202866113334,25684.405732226667,256.8440573222667,20,OS,NA,Summer,N,157,NA,NA
24GM11I54,DAPGALEM,MI34,DAP,3333.45425070942,11.892695104730326,39643.75504925442,396.4375504925442,792875.1009850884,7928.751009850884,20,OS,NA,Summer,N,157,NA,NA
24GM11I54,DIACOPE,MI34,CAL,7639.16599120908,1.6378371009897723,12511.70948102154,125.1170948102154,250234.1896204308,2502.341896204308,20,OS,NA,Summer,N,157,NA,NA
24GM11I54,DIYTHOM,MI34,CYC,416.681781338677,2.976593179825531,1240.2921484902593,12.402921484902592,24805.842969805184,248.05842969805184,20,OS,NA,Summer,N,157,NA,NA
24GM11I54,EPICOPE,MI34,CAL,787.065586973057,5.361089836349865,4219.529318861996,42.195293188619964,84390.58637723993,843.9058637723992,20,OS,NA,Summer,N,157,NA,NA
24GM11I54,EPILACU,MI34,CAL,396.839791751121,14.85035093219264,5893.210171362393,58.932101713623936,117864.20342724786,1178.6420342724787,20,OS,NA,Summer,N,157,NA,NA
24GM11I54,LEOASHL,MI34,CAL,2569.53765158851,3.911338198575378,10050.330769335811,100.50330769335811,201006.6153867162,2010.0661538671623,20,OS,NA,Summer,N,157,NA,NA
24GM11I54,LEOMINU,MI34,CAL,1666.72712535471,3.7932301693476767,6322.279615965614,63.222796159656134,126445.59231931227,1264.4559231931228,20,OS,NA,Summer,N,157,NA,NA
24GM11I54,LEOSICI,MI34,CAL,23.1489878521487,10.7297479311827,248.38280451556597,2.4838280451556596,4967.6560903113195,49.67656090311319,20,OS,NA,Summer,N,157,NA,NA
24GM11I54,SKIOREG,MI34,CAL,138.893927112892,6.938304932443639,963.6884195738457,9.636884195738457,19273.768391476915,192.73768391476915,20,OS,NA,Summer,N,157,NA,NA
24GM11I54,COPNAUP,MI34,NAU,12213.98471549,0.1388633114000055,1696.0743629819954,16.960743629819955,33921.48725963991,339.2148725963991,20,OS,NA,Summer,N,157,NA,NA
24GM11I54,DREPOLYV,MI34,DVEL,18030.1679133423,0.1900547171144515,3426.7184622963305,34.267184622963306,68534.36924592662,685.3436924592661,20,OS,NA,Summer,N,157,NA,NA
24GM11I54,ASCOVAL,MI34,ROT,1163.23663957047,0.018039246000000002,20.983911897425045,0.20983911897425045,419.6782379485009,4.196782379485009,20,OS,NA,Summer,N,157,NA,NA
24GM11I54,ASPPRIO,MI34,ROT,1163.23663957047,1.499157432045,1743.8748534391211,17.438748534391213,34877.497068782424,348.77497068782424,20,OS,NA,Summer,N,157,NA,NA
24GM11I54,COLSP,MI34,ROT,1744.85495935571,0.01189392,20.75316529818007,0.20753165298180068,415.06330596360135,4.1506330596360135,20,OS,NA,Summer,N,157,NA,NA
24GM11I54,COOUNIC,MI34,ROT,189025.953930202,0.021400356900000004,4045.2228774692812,40.45222877469281,80904.45754938562,809.0445754938562,20,OS,NA,Summer,N,157,NA,NA
24GM11I54,GASSTYL,MI34,ROT,1163.23663957047,0.01971493,22.933128922567047,0.22933128922567048,458.66257845134095,4.5866257845134095,20,OS,NA,Summer,N,157,NA,NA
24GM11I54,KELLONG,MI34,ROT,5234.56487806713,0.012995182363333335,68.02412518318208,0.6802412518318208,1360.4825036636416,13.604825036636417,20,OS,NA,Summer,N,157,NA,NA
24GM11I54,KERCOCH,MI34,ROT,1744.85495935571,0.001854354,3.235578773301098,0.03235578773301098,64.71157546602197,0.6471157546602196,20,OS,NA,Summer,N,157,NA,NA
24GM11I54,PLOTRUN,MI34,ROT,2908.09159892618,0.019882914,57.82133516557173,0.5782133516557173,1156.4267033114347,11.564267033114346,20,OS,NA,Summer,N,157,NA,NA
24GM11I54,SYNSP,MI34,ROT,1163.23663957047,0.02381764,27.705551516099213,0.27705551516099214,554.1110303219842,5.541110303219843,20,OS,NA,Summer,N,157,NA,NA
24GM11I74,BOSLONG,MI40,NDAP,12.1532186223781,1.296001959705235,15.750595151328174,0.15750595151328173,315.01190302656346,3.1501190302656346,20,OS,NA,Summer,N,170,NA,NA
24GM11I74,BYTLONG,MI40,PRED,20.508556425263,138.41079513025775,2838.6056017944084,28.386056017944085,56772.11203588817,567.7211203588818,20,OS,NA,Summer,N,170,NA,NA
24GM11I74,DAPGALEM,MI40,DAP,6.07660931118904,2.53438589928401,15.400472953735424,0.15400472953735422,308.0094590747085,3.0800945907470845,20,OS,NA,Summer,N,170,NA,NA
24GM11I74,DIACOPE,MI40,CAL,1494.8458905525,1.48153869335419,2214.672027455031,22.14672027455031,44293.440549100626,442.93440549100626,20,OS,NA,Summer,N,170,NA,NA
24GM11I74,EPICOPE,MI40,CAL,911.491396678356,3.48353334566407,3175.2106746149693,31.752106746149693,63504.21349229939,635.0421349229939,20,OS,NA,Summer,N,170,NA,NA
24GM11I74,EPILACU,MI40,CAL,127.60879553497,15.393142063415265,1964.3003182111047,19.64300318211105,39286.00636422209,392.86006364222095,20,OS,NA,Summer,N,170,NA,NA
24GM11I74,LEOASHL,MI40,CAL,30.3830465559452,4.136026786663832,125.66509441584363,1.2566509441584364,2513.3018883168725,25.133018883168727,20,OS,NA,Summer,N,170,NA,NA
24GM11I74,LEOMINU,MI40,CAL,984.410708412625,4.139793514401498,4075.2570661939694,40.75257066193969,81505.14132387939,815.0514132387939,20,OS,NA,Summer,N,170,NA,NA
24GM11I74,SKIOREG,MI40,CAL,121.532186223781,7.748008847253587,941.6324540879257,9.416324540879257,18832.649081758515,188.32649081758515,20,OS,NA,Summer,N,170,NA,NA
24GM11I74,COPNAUP,MI40,NAU,17500.6348162244,0.12966812528309646,2269.2745078839052,22.692745078839053,45385.490157678105,453.85490157678106,20,OS,NA,Summer,N,170,NA,NA
24GM11I74,DREPOLYV,MI40,DVEL,3500.12696324489,0.27957782674116627,978.5578897021643,9.785578897021644,19571.157794043287,195.71157794043287,20,OS,NA,Summer,N,170,NA,NA
24GM11I74,ASCOVAL,MI40,ROT,1750.06348162244,0.017056704,29.850314787243395,0.2985031478724339,597.0062957448679,5.970062957448679,20,OS,NA,Summer,N,170,NA,NA
24GM11I74,ASPPRIO,MI40,ROT,4375.15870405611,1.238684838144,5419.442751188056,54.194427511880555,108388.85502376112,1083.888550237611,20,OS,NA,Summer,N,170,NA,NA
24GM11I74,COLSP,MI40,ROT,10500.3808897347,0.017605785000000002,184.86744836277788,1.8486744836277789,3697.3489672555575,36.97348967255558,20,OS,NA,Summer,N,170,NA,NA
24GM11I74,COOUNIC,MI40,ROT,282635.252282025,0.026169599368421056,7396.4513196132075,73.96451319613207,147929.02639226415,1479.2902639226415,20,OS,NA,Summer,N,170,NA,NA
24GM11I74,GASSTYL,MI40,ROT,5250.19044486733,0.02417901,126.94440726835164,1.2694440726835163,2538.888145367033,25.388881453670326,20,OS,NA,Summer,N,170,NA,NA
24GM11I74,KELLONG,MI40,ROT,8750.31740811222,0.0124865763855,109.26150671376361,1.092615067137636,2185.230134275272,21.85230134275272,20,OS,NA,Summer,N,170,NA,NA
24GM11I74,KERCOCH,MI40,ROT,18375.6665570357,0.0014267724,26.21789387518156,0.2621789387518156,524.3578775036312,5.243578775036312,20,OS,NA,Summer,N,170,NA,NA
24GM11I74,PLOTRUN,MI40,ROT,10500.3808897347,0.020644750833333333,216.77774712366787,2.1677774712366786,4335.554942473357,43.355549424733574,20,OS,NA,Summer,N,170,NA,NA
24GM11I74,POLSP,MI40,ROT,28876.0474467703,0.06220854153684211,1796.3367970122338,17.963367970122338,35926.735940244675,359.26735940244674,20,OS,NA,Summer,N,170,NA,NA
24GM11I74,POLVULG,MI40,ROT,875.031740811222,0.0157696,13.798900539896648,0.13798900539896647,275.97801079793294,2.7597801079793296,20,OS,NA,Summer,N,170,NA,NA
24GM11I74,SYNSP,MI40,ROT,9625.34914892344,0.05863611272727272,564.3930577356333,5.643930577356333,11287.861154712666,112.87861154712665,20,OS,NA,Summer,N,170,NA,NA
24GM11I94,BYTLONG,MI41M,PRED,15.1915232779726,206.67126614585518,3139.6513505428297,31.3965135054283,62793.0270108566,627.930270108566,20,OS,NA,Summer,D,265,NA,NA
24GM11I94,DIACOPE,MI41M,CAL,2430.64372447562,1.074274687999866,2611.1790287498784,26.111790287498785,52223.58057499757,522.2358057499757,20,OS,NA,Summer,D,265,NA,NA
24GM11I94,EPICOPE,MI41M,CAL,410.17112850526,3.6189238655562477,1484.378085909824,14.84378085909824,29687.56171819648,296.8756171819648,20,OS,NA,Summer,D,265,NA,NA
24GM11I94,EPILACU,MI41M,CAL,93.319357278974607,14.956047703455852,1395.6887591201844,13.956887591201843,27913.77518240369,279.13775182403685,20,OS,NA,Summer,D,265,NA,NA
24GM11I94,LEOMINU,MI41M,CAL,1184.93881568186,3.8183436201485215,4524.503567125174,45.24503567125174,90490.07134250349,904.9007134250348,20,OS,NA,Summer,D,265,NA,NA
24GM11I94,SKIOREG,MI41M,CAL,15.1915232779726,7.450864686036307,113.18998431894457,1.1318998431894456,2263.7996863788912,22.637996863788914,20,OS,NA,Summer,D,265,NA,NA
24GM11I94,COPNAUP,MI41M,NAU,8021.12429076954,0.17213063769404463,1380.6812391933522,13.806812391933523,27613.624783867046,276.13624783867044,20,OS,NA,Summer,D,265,NA,NA
24GM11I94,DREPOLYV,MI41M,DVEL,3007.92160903858,0.1393039240530069,419.01528338290865,4.190152833829086,8380.305667658173,83.80305667658172,20,OS,NA,Summer,D,265,NA,NA
24GM11I94,ASCOVAL,MI41M,ROT,4010.56214538477,0.015833175,63.49993229625251,0.6349993229625251,1269.9986459250501,12.699986459250503,20,OS,NA,Summer,D,265,NA,NA
24GM11I94,COLSP,MI41M,ROT,1002.64053634619,0.01120392,11.233504357979804,0.11233504357979804,224.67008715959608,2.246700871595961,20,OS,NA,Summer,D,265,NA,NA
24GM11I94,COOUNIC,MI41M,ROT,199024.146464719,0.016265237300000002,3237.1749706786113,32.37174970678611,64743.49941357222,647.4349941357223,20,OS,NA,Summer,D,265,NA,NA
24GM11I94,GASSTYL,MI41M,ROT,3509.24187721167,0.029403082857142857,103.18252968141027,1.0318252968141026,2063.6505936282056,20.636505936282052,20,OS,NA,Summer,D,265,NA,NA
24GM11I94,KELLONG,MI41M,ROT,3007.92160903858,0.01333103436,40.098706322279796,0.400987063222798,801.9741264455959,8.01974126445596,20,OS,NA,Summer,D,265,NA,NA
24GM11I94,KERCOCH,MI41M,ROT,2005.28107269238,0.001719595,3.448271306196453,0.03448271306196453,68.96542612392906,0.6896542612392906,20,OS,NA,Summer,D,265,NA,NA
24GM11I94,KERCRAS,MI41M,ROT,501.320268173096,0.002885794,1.4467070219723115,0.014467070219723115,28.93414043944623,0.2893414043944623,20,OS,NA,Summer,D,265,NA,NA
24GM11I94,PLOHUDS,MI41M,ROT,501.320268173096,0.27,135.35647240673592,1.3535647240673592,2707.1294481347186,27.071294481347184,20,OS,NA,Summer,D,265,NA,NA
24GM11I94,PLOTRUN,MI41M,ROT,4010.56214538477,0.021949241249999998,88.02879607716788,0.8802879607716788,1760.5759215433577,17.605759215433576,20,OS,NA,Summer,D,265,NA,NA
24GM11I94,SYNSP,MI41M,ROT,5514.52294990406,0.04334055727272727,239.00249774208586,2.390024977420859,4780.049954841717,47.80049954841718,20,OS,NA,Summer,D,265,NA,NA
24GM12I14,BYTLONG,MI47,PRED,22.91248977914,175.71846924903446,4026.147630674628,40.26147630674628,80522.95261349255,805.2295261349257,20,OS,NA,Summer,D,194,NA,NA
24GM12I14,DIACOPE,MI47,CAL,1670.7336809445,1.793143569320467,2995.865356032743,29.95865356032743,59917.30712065486,599.1730712065486,20,OS,NA,Summer,D,194,NA,NA
24GM12I14,EPICOPE,MI47,CAL,300.491669234623,2.268547138228605,681.6795163037405,6.816795163037405,13633.59032607481,136.3359032607481,20,OS,NA,Summer,D,194,NA,NA
24GM12I14,EPILACU,MI47,CAL,42.9273813192318,14.658773254443158,629.262749165638,6.292627491656379,12585.25498331276,125.85254983312758,20,OS,NA,Summer,D,194,NA,NA
24GM12I14,LEOMINU,MI47,CAL,312.511336004008,3.8222027699697514,1194.4816941214672,11.944816941214672,23889.63388242934,238.89633882429342,20,OS,NA,Summer,D,194,NA,NA
24GM12I14,SKIOREG,MI47,CAL,276.452335695853,8.085912946134899,2235.3695201923288,22.353695201923287,44707.39040384658,447.07390403846574,20,OS,NA,Summer,D,194,NA,NA
24GM12I14,COPNAUP,MI47,NAU,10096.5200862833,0.08909688220424505,899.5684608003774,8.995684608003774,17991.369216007548,179.91369216007547,20,OS,NA,Summer,D,194,NA,NA
24GM12I14,DREPOLYV,MI47,DVEL,13462.0267817111,0.22949210823331373,3089.4289072282118,30.894289072282117,61788.578144564235,617.8857814456424,20,OS,NA,Summer,D,194,NA,NA
24GM12I14,ASCOVAL,MI47,ROT,6731.01339085555,0.013782180000000002,92.76803813518156,0.9276803813518155,1855.360762703631,18.55360762703631,20,OS,NA,Summer,D,194,NA,NA
24GM12I14,COLSP,MI47,ROT,5048.26004314167,0.00945168,47.71453848456127,0.47714538484561264,954.2907696912254,9.542907696912252,20,OS,NA,Summer,D,194,NA,NA
24GM12I14,COOUNIC,MI47,ROT,578867.151613578,0.022665354399999997,13120.229141840275,131.20229141840275,262404.5828368055,2624.045828368055,20,OS,NA,Summer,D,194,NA,NA
24GM12I14,GASSTYL,MI47,ROT,13462.0267817111,0.01963332,264.30427965390413,2.6430427965390413,5286.085593078083,52.86085593078083,20,OS,NA,Summer,D,194,NA,NA
24GM12I14,KELLONG,MI47,ROT,16827.5334771389,0.0157132526565,264.4152851119955,2.644152851119955,5288.30570223991,52.8830570223991,20,OS,NA,Summer,D,194,NA,NA
24GM12I14,KERCOCH,MI47,ROT,23558.5468679944,0.0018615447142857143,43.85528839836724,0.4385528839836724,877.1057679673448,8.771057679673449,20,OS,NA,Summer,D,194,NA,NA
24GM12I14,PLOTRUN,MI47,ROT,1682.75334771389,0.03581577,60.269106868450706,0.6026910686845071,1205.3821373690141,12.053821373690141,20,OS,NA,Summer,D,194,NA,NA
24GM12I14,POLSP,MI47,ROT,10096.5200862833,0.06353659106666666,641.498467918568,6.414984679185681,12829.969358371362,128.2996935837136,20,OS,NA,Summer,D,194,NA,NA
24GM12I14,SYNSP,MI47,ROT,1682.75334771389,0.04330747,72.87579012351885,0.7287579012351886,1457.5158024703771,14.575158024703772,20,OS,NA,Summer,D,194,NA,NA
24GO00I14,BOSLONG,ON49,NDAP,7.34914600135688,1.2544835996586132,9.219383130198883,0.09219383130198883,184.38766260397767,1.8438766260397765,20,OS,NA,Spring,D,49.4,NA,NA
24GO00I14,CYCCOPE,ON49,CYC,44.0948760081413,1.8970604715641393,83.65064627356678,0.8365064627356678,1673.0129254713356,16.730129254713354,20,OS,NA,Spring,D,49.4,NA,NA
24GO00I14,DAPGALEM,ON49,DAP,4.40948760081413,0.8020272110398962,3.53652904259596,0.0353652904259596,70.7305808519192,0.707305808519192,20,OS,NA,Spring,D,49.4,NA,NA
24GO00I14,DIACOPE,ON49,CAL,7.34914600135688,2.96698231441884,21.8047862121078,0.218047862121078,436.095724242156,4.36095724242156,20,OS,NA,Spring,D,49.4,NA,NA
24GO00I14,DIYTHOM,ON49,CYC,216.064892439892,3.590233987434923,775.7235203291713,7.757235203291713,15514.470406583425,155.14470406583425,20,OS,NA,Spring,D,49.4,NA,NA
24GO00I14,LEOMINU,ON49,CAL,145.513090826866,4.347523998153927,632.621654415352,6.326216544153521,12652.433088307042,126.52433088307042,20,OS,NA,Spring,D,49.4,NA,NA
24GO00I14,LEOSICI,ON49,CAL,61.7328264113978,9.760593196049488,602.5490054439936,6.025490054439936,12050.98010887987,120.50980108879871,20,OS,NA,Spring,D,49.4,NA,NA
24GO00I14,LIMMACR,ON49,CAL,5.66934120104673,47.5264842243422,269.44385515396067,2.6944385515396068,5388.877103079213,53.888771030792135,20,OS,NA,Spring,D,49.4,NA,NA
24GO00I14,SKIOREG,ON49,CAL,24.2521818044777,7.935394791078705,192.4506371635461,1.9245063716354611,3849.0127432709223,38.49012743270922,20,OS,NA,Spring,D,49.4,NA,NA
24GO00I14,COPNAUP,ON49,NAU,1300.59214750888,0.12066637164956809,156.9377354358164,1.569377354358164,3138.754708716328,31.387547087163277,20,OS,NA,Spring,D,49.4,NA,NA
24GO00I14,DREPOLYV,ON49,DVEL,124.430228235474,0.10422317814441781,12.968513843936375,0.12968513843936375,259.3702768787275,2.593702768787275,20,OS,NA,Spring,D,49.4,NA,NA
24GO00I14,KERCOCH,ON49,ROT,5.92524896359398,0.003995669,0.023675333601114595,2.3675333601114596e-4,0.4735066720222919,0.004735066720222919,20,OS,NA,Spring,D,49.4,NA,NA
24GO00I34,BOSLONG,ON55M,NDAP,56.8966142040532,0.8602596868355931,48.945863517184364,0.4894586351718436,978.9172703436873,9.789172703436872,20,OS,NA,Spring,D,199.4,NA,NA
24GO00I34,CYCCOPE,ON55M,CYC,762.414630334313,1.338100035412225,1020.1870438491426,10.201870438491426,20403.74087698285,204.03740876982852,20,OS,NA,Spring,D,199.4,NA,NA
24GO00I34,DAPGALEM,ON55M,DAP,3.79310761360355,0.805593960540932,3.0557045852008473,0.030557045852008472,61.11409170401694,0.6111409170401695,20,OS,NA,Spring,D,199.4,NA,NA
24GO00I34,DIACOPE,ON55M,CAL,91.0345827264852,1.1126311096454793,101.2879087950824,1.012879087950824,2025.758175901648,20.25758175901648,20,OS,NA,Spring,D,199.4,NA,NA
24GO00I34,DIYTHOM,ON55M,CYC,238.965779657024,3.0002484490639305,716.9567097953392,7.169567097953392,14339.134195906783,143.39134195906783,20,OS,NA,Spring,D,199.4,NA,NA
24GO00I34,LEOMINU,ON55M,CAL,990.001087150526,4.30981137958968,4266.717951207492,42.66717951207492,85334.35902414983,853.3435902414983,20,OS,NA,Spring,D,199.4,NA,NA
24GO00I34,LEOSICI,ON55M,CAL,53.1035065904497,9.16671885974517,486.7849153812772,4.867849153812772,9735.698307625544,97.35698307625543,20,OS,NA,Spring,D,199.4,NA,NA
24GO00I34,LIMCOPE,ON55M,CAL,3.79310761360355,1.98306997571728,7.521997823201822,0.07521997823201822,150.43995646403644,1.5043995646403643,20,OS,NA,Spring,D,199.4,NA,NA
24GO00I34,SKIOREG,ON55M,CAL,386.896976587562,7.509672912032255,2905.469744826792,29.05469744826792,58109.39489653584,581.0939489653584,20,OS,NA,Spring,D,199.4,NA,NA
24GO00I34,COPNAUP,ON55M,NAU,2391.79141960289,0.2077943776489281,497.0008095024288,4.970008095024288,9940.016190048576,99.40016190048576,20,OS,NA,Spring,D,199.4,NA,NA
24GO00I34,DREPOLYV,ON55M,DVEL,60.8082564305819,0.4613864871338442,28.056107823240175,0.28056107823240173,561.1221564648035,5.611221564648035,20,OS,NA,Spring,D,199.4,NA,NA
24GO00I34,ASPPRIO,ON55M,ROT,6.75647293673132,0.01511587623,0.10213000866297525,0.0010213000866297526,2.042600173259505,0.020426001732595053,20,OS,NA,Spring,D,199.4,NA,NA
24GO00I34,COLSP,ON55M,ROT,6.75647293673132,0.03696822,0.24977477794912953,0.002497747779491295,4.995495558982591,0.049954955589825906,20,OS,NA,Spring,D,199.4,NA,NA
24GO00I34,KELLONG,ON55M,ROT,6.75647293673132,0.004393621365,0.02968538384686702,2.968538384686702e-4,0.5937076769373404,0.005937076769373405,20,OS,NA,Spring,D,199.4,NA,NA
24GO00I34,KERCOCH,ON55M,ROT,13.5129458734626,0.0022175909999999997,0.029966187152477796,2.9966187152477797e-4,0.5993237430495559,0.0059932374304955596,20,OS,NA,Spring,D,199.4,NA,NA
24GO00I34,POLSP,ON55M,ROT,33.7823646836566,0.06577069576,2.221889629662147,0.02221889629662147,44.43779259324294,0.44437792593242936,20,OS,NA,Spring,D,199.4,NA,NA
24GO00I34,SYNSP,ON55M,ROT,668.890820736401,0.039257604999999994,26.259051628595437,0.26259051628595437,525.1810325719088,5.251810325719087,20,OS,NA,Spring,D,199.4,NA,NA
24GO00I54,BOSLONG,ON41,NDAP,57.5150556627929,0.9856686511975808,56.69078733869887,0.5669078733869887,1133.8157467739775,11.338157467739773,20,OS,NA,Spring,D,155.5,NA,NA
24GO00I54,CYCCOPE,ON41,CYC,713.186690218633,1.4667334253121629,1046.05475703142,10.4605475703142,20921.0951406284,209.21095140628398,20,OS,NA,Spring,D,155.5,NA,NA
24GO00I54,DAPGALEM,ON41,DAP,7.66867408837239,0.8268507729841499,6.340849097734231,0.0634084909773423,126.81698195468462,1.268169819546846,20,OS,NA,Spring,D,155.5,NA,NA
24GO00I54,DIACOPE,ON41,CAL,207.054200386055,0.9812479013886147,203.17149960251416,2.0317149960251415,4063.429992050283,40.634299920502826,20,OS,NA,Spring,D,155.5,NA,NA
24GO00I54,DIYTHOM,ON41,CYC,402.605389639551,4.707190225599009,1895.1401548847748,18.95140154884775,37902.8030976955,379.02803097695494,20,OS,NA,Spring,D,155.5,NA,NA
24GO00I54,LEOMINU,ON41,CAL,759.198734748867,4.18003434593162,3173.476786638094,31.73476786638094,63469.53573276188,634.6953573276188,20,OS,NA,Spring,D,155.5,NA,NA
24GO00I54,LEOSICI,ON41,CAL,42.1777074860482,8.677422294528814,365.9937792715495,3.659937792715495,7319.87558543099,73.1987558543099,20,OS,NA,Spring,D,155.5,NA,NA
24GO00I54,LIMCOPE,ON41,CAL,26.8403593093034,1.86369160773043,50.022152393218065,0.5002215239321807,1000.4430478643612,10.004430478643613,20,OS,NA,Spring,D,155.5,NA,NA
24GO00I54,LIMMACR,ON41,CAL,1.64328730465123,37.437362981115,61.520343306486204,0.615203433064862,1230.406866129724,12.30406866129724,20,OS,NA,Spring,D,155.5,NA,NA
24GO00I54,SKIOREG,ON41,CAL,161.04215585582,7.7971357965347465,1255.667558174542,12.556675581745418,25113.35116349084,251.13351163490836,20,OS,NA,Spring,D,155.5,NA,NA
24GO00I54,COPNAUP,ON41,NAU,2530.66244916289,0.16168973420448066,409.1821387664077,4.091821387664077,8183.642775328154,81.83642775328154,20,OS,NA,Spring,D,155.5,NA,NA
24GO00I54,DREPOLYV,ON41,DVEL,31.6332806145361,0.220452212602368,6.973626703346079,0.06973626703346078,139.47253406692158,1.3947253406692157,20,OS,NA,Spring,D,155.5,NA,NA
24GO00I54,KERCOCH,ON41,ROT,39.5416007681702,0.0019085063999999998,0.07546539813229773,7.546539813229773e-4,1.5093079626459547,0.015093079626459546,20,OS,NA,Spring,D,155.5,NA,NA
24GO00I54,KERCRAS,ON41,ROT,7.90832015363403,0.005256144,0.041567269525602586,4.156726952560259e-4,0.8313453905120517,0.008313453905120519,20,OS,NA,Spring,D,155.5,NA,NA
24GO00I54,POLSP,ON41,ROT,7.90832015363403,0.0432717824,0.3422071088375863,0.003422071088375863,6.844142176751726,0.06844142176751726,20,OS,NA,Spring,D,155.5,NA,NA
24GO00I54,SYNSP,ON41,ROT,379.599367374433,0.034760929499999996,13.195226847547262,0.13195226847547262,263.90453695094527,2.6390453695094522,20,OS,NA,Spring,D,155.5,NA,NA
24GO00I74,BOSLONG,ON63,NDAP,49.1549437467804,1.3229579180118491,65.02992203923016,0.6502992203923016,1300.598440784603,13.005984407846032,20,OS,NA,Spring,D,89.2,NA,NA
24GO00I74,CYCCOPE,ON63,CYC,416.371288208022,1.7021129067824714,708.7109436725185,7.087109436725185,14174.21887345037,141.74218873450369,20,OS,NA,Spring,D,89.2,NA,NA
24GO00I74,DAPGALEM,ON63,DAP,2.89146727922238,0.514396012798305,1.4873592395687556,0.014873592395687555,29.747184791375112,0.2974718479137511,20,OS,NA,Spring,D,89.2,NA,NA
24GO00I74,DIACOPE,ON63,CAL,216.860045941678,1.29698046535401,281.2632433021295,2.812632433021295,5625.26486604259,56.252648660425905,20,OS,NA,Spring,D,89.2,NA,NA
24GO00I74,DIYTHOM,ON63,CYC,676.603343338036,4.181117819920443,2828.958295848412,28.28958295848412,56579.16591696824,565.7916591696825,20,OS,NA,Spring,D,89.2,NA,NA
24GO00I74,LEOMINU,ON63,CAL,312.278466156017,4.386022403035577,1369.6603485458777,13.696603485458777,27393.206970917556,273.93206970917555,20,OS,NA,Spring,D,89.2,NA,NA
24GO00I74,LEOSICI,ON63,CAL,31.8061400714462,10.09385334780278,321.04651344085136,3.2104651344085138,6420.930268817027,64.20930268817028,20,OS,NA,Spring,D,89.2,NA,NA
24GO00I74,LIMCOPE,ON63,CAL,28.9146727922238,1.705871886267467,49.32472741687742,0.49324727416877423,986.4945483375484,9.864945483375484,20,OS,NA,Spring,D,89.2,NA,NA
24GO00I74,LIMMACR,ON63,CAL,1.23920026252388,41.3611266706192,51.25471902851477,0.5125471902851477,1025.0943805702955,10.250943805702954,20,OS,NA,Spring,D,89.2,NA,NA
24GO00I74,SKIOREG,ON63,CAL,46.263476467558,7.768687670693562,359.40649923693957,3.5940649923693955,7188.129984738791,71.88129984738791,20,OS,NA,Spring,D,89.2,NA,NA
24GO00I74,COPNAUP,ON63,NAU,1458.92595907264,0.15650437673070836,228.32829792091442,2.2832829792091442,4566.565958418289,45.66565958418288,20,OS,NA,Spring,D,89.2,NA,NA
24GO00I74,DREPOLYV,ON63,DVEL,21.1438544793136,0.9469500621620502,20.02217431353136,0.2002217431353136,400.4434862706272,4.0044348627062725,20,OS,NA,Spring,D,89.2,NA,NA
24GO00I74,COOUNIC,ON63,ROT,5.28596361982841,0.01005836,0.053168125035137286,5.316812503513729e-4,1.0633625007027456,0.010633625007027457,20,OS,NA,Spring,D,89.2,NA,NA
24GO00I74,KELLONG,ON63,ROT,10.5719272396568,0.0043666441875,0.04616384463172028,4.616384463172028e-4,0.9232768926344057,0.009232768926344056,20,OS,NA,Spring,D,89.2,NA,NA
24GO00I74,KERCOCH,ON63,ROT,10.5719272396568,0.0020006,0.021150197635657394,2.1150197635657394e-4,0.4230039527131479,0.004230039527131479,20,OS,NA,Spring,D,89.2,NA,NA
24GO00I74,KERQUAD,ON63,ROT,5.28596361982841,0.0519309021,0.2745048592454708,0.002745048592454708,5.490097184909416,0.05490097184909416,20,OS,NA,Spring,D,89.2,NA,NA
24GO00I74,SYNSP,ON63,ROT,681.889306957865,0.03896232850000001,26.567995178329678,0.2656799517832968,531.3599035665935,5.313599035665936,20,OS,NA,Spring,D,89.2,NA,NA
24GO00I94,BOSLONG,ON12,NDAP,137.576013145401,0.9081742262694321,124.94298929155777,1.2494298929155776,2498.8597858311555,24.98859785831155,20,OS,NA,Spring,N,107.3,NA,NA
24GO00I94,CYCCOPE,ON12,CYC,322.774492379594,1.7088464109471506,551.5720328481576,5.515720328481576,11031.440656963152,110.31440656963153,20,OS,NA,Spring,N,107.3,NA,NA
24GO00I94,DAPGALEM,ON12,DAP,37.0396958468387,0.7987811914532383,29.586612379603377,0.2958661237960338,591.7322475920676,5.917322475920676,20,OS,NA,Spring,N,107.3,NA,NA
24GO00I94,DAPLONG,ON12,DAP,8.81897520162825,5.107320117823458,45.04132946586215,0.45041329465862145,900.8265893172429,9.008265893172428,20,OS,NA,Spring,N,107.3,NA,NA
24GO00I94,DIACOPE,ON12,CAL,380.979728710341,1.15574038119882,440.31365688871256,4.403136568887126,8806.273137774251,88.06273137774252,20,OS,NA,Spring,N,107.3,NA,NA
24GO00I94,DIYTHOM,ON12,CYC,359.814188226433,4.754175932579574,1710.6199538667643,17.106199538667642,34212.399077335285,342.12399077335283,20,OS,NA,Spring,N,107.3,NA,NA
24GO00I94,LEOMINU,ON12,CAL,169.324323871262,4.289521033159055,726.3202486712142,7.263202486712142,14526.404973424285,145.26404973424286,20,OS,NA,Spring,N,107.3,NA,NA
24GO00I94,LEOSICI,ON12,CAL,8.81897520162825,9.029002357016832,79.62654788197446,0.7962654788197446,1592.5309576394893,15.925309576394893,20,OS,NA,Spring,N,107.3,NA,NA
24GO00I94,LIMCOPE,ON12,CAL,52.9138512097695,2.2826123038604678,120.78180781606196,1.2078180781606196,2415.636156321239,24.156361563212393,20,OS,NA,Spring,N,107.3,NA,NA
24GO00I94,LIMMACR,ON12,CAL,0.755912160139564,51.0585687640123,38.595793008039,0.38595793008039003,771.9158601607801,7.7191586016078,20,OS,NA,Spring,N,107.3,NA,NA
24GO00I94,SKIOREG,ON12,CAL,56.4414412904208,7.386292657280161,416.89300336974446,4.168930033697444,8337.86006739489,83.37860067394888,20,OS,NA,Spring,N,107.3,NA,NA
24GO00I94,COPNAUP,ON12,NAU,1320.77933293136,0.09484439884245029,125.26852183540734,1.2526852183540733,2505.370436708147,25.053704367081465,20,OS,NA,Spring,N,107.3,NA,NA
24GO00I94,DREPOLYV,ON12,DVEL,3094.22012738379,0.09615204078402687,297.515579882963,2.97515579882963,5950.31159765926,59.503115976592596,20,OS,NA,Spring,N,107.3,NA,NA
24GO00I94,COLSP,ON12,ROT,12.4016838772897,0.01917279,0.23777488062566118,0.0023777488062566117,4.755497612513223,0.04755497612513224,20,OS,NA,Spring,N,107.3,NA,NA
24GO00I94,KELLONG,ON12,ROT,12.4016838772897,0.0050172541125,0.062222399435256696,6.22223994352567e-4,1.2444479887051338,0.01244447988705134,20,OS,NA,Spring,N,107.3,NA,NA
24GO00I94,KERCOCH,ON12,ROT,6.20084193864486,0.003813248,0.023645348120853636,2.3645348120853636e-4,0.47290696241707275,0.004729069624170727,20,OS,NA,Spring,N,107.3,NA,NA
24GO00I94,KERQUAD,ON12,ROT,12.4016838772897,0.0545763372,0.6768384811347661,0.006768384811347661,13.53676962269532,0.13536769622695322,20,OS,NA,Spring,N,107.3,NA,NA
24GO00I94,NOTLAUR,ON12,ROT,130.217680711542,0.03790972167499999,4.936516032938571,0.04936516032938571,98.73032065877142,0.9873032065877142,20,OS,NA,Spring,N,107.3,NA,NA
24GO00I94,POLSP,ON12,ROT,99.2134710183178,0.05986223705000001,5.9391403206518465,0.059391403206518464,118.78280641303692,1.1878280641303693,20,OS,NA,Spring,N,107.3,NA,NA
24GO00I94,SYNSP,ON12,ROT,1289.77512323813,0.052006330499999996,67.07647132980041,0.6707647132980041,1341.5294265960083,13.415294265960082,20,OS,NA,Spring,N,107.3,NA,NA
24GO01I14,BOSLONG,ON25,NDAP,64.8752198740469,1.2592982759619384,81.69725254003896,0.8169725254003896,1633.9450508007792,16.33945050800779,20,OS,NA,Spring,N,140.6,NA,NA
24GO01I14,CYCCOPE,ON25,CYC,291.938489433211,1.8620718235281888,543.610435376964,5.43610435376964,10872.208707539281,108.72208707539279,20,OS,NA,Spring,N,140.6,NA,NA
24GO01I14,DAPGALEM,ON25,DAP,10.1367531053198,1.1026990992520787,11.177788518576854,0.11177788518576853,223.55577037153708,2.2355577037153704,20,OS,NA,Spring,N,140.6,NA,NA
24GO01I14,DAPSP,ON25,DAP,32.4376099370235,0.7147483555478014,23.18472836038857,0.23184728360388568,463.69456720777134,4.636945672077713,20,OS,NA,Spring,N,140.6,NA,NA
24GO01I14,DIACOPE,ON25,CAL,510.892356508119,1.201673848594531,613.9259842626406,6.139259842626405,12278.519685252812,122.7851968525281,20,OS,NA,Spring,N,140.6,NA,NA
24GO01I14,DIYTHOM,ON25,CYC,212.871815211716,4.214922901016388,897.2382889167906,8.972382889167905,17944.76577833581,179.4476577833581,20,OS,NA,Spring,N,140.6,NA,NA
24GO01I14,LEOMINU,ON25,CAL,89.2034273268145,4.975994875983664,443.87579729841013,4.438757972984101,8877.515945968204,88.77515945968202,20,OS,NA,Spring,N,140.6,NA,NA
24GO01I14,LEOSICI,ON25,CAL,10.1367531053198,9.587522175006333,97.18634517981789,0.9718634517981789,1943.7269035963577,19.437269035963578,20,OS,NA,Spring,N,140.6,NA,NA
24GO01I14,LIMCOPE,ON25,CAL,10.1367531053198,2.212993638162266,22.432570133694313,0.22432570133694313,448.65140267388625,4.486514026738862,20,OS,NA,Spring,N,140.6,NA,NA
24GO01I14,LIMMACR,ON25,CAL,0.868864551884557,53.1720206646005,46.19928390754452,0.4619928390754452,923.9856781508904,9.239856781508903,20,OS,NA,Spring,N,140.6,NA,NA
24GO01I14,SKIOREG,ON25,CAL,26.3555580738316,7.453547634430662,196.44240753530744,1.9644240753530744,3928.8481507061488,39.28848150706149,20,OS,NA,Spring,N,140.6,NA,NA
24GO01I14,COPNAUP,ON25,NAU,2163.88001445124,0.30352539240255566,656.7925304983605,6.567925304983605,13135.85060996721,131.3585060996721,20,OS,NA,Spring,N,140.6,NA,NA
24GO01I14,DREPOLYV,ON25,DVEL,125.442319678333,0.2114505939772093,26.524853005862486,0.26524853005862487,530.4970601172497,5.3049706011724975,20,OS,NA,Spring,N,140.6,NA,NA
24GO01I14,KELLONG,ON25,ROT,20.9070532797221,0.0060192052725,0.12584384533374168,0.0012584384533374168,2.5168769066748338,0.025168769066748337,20,OS,NA,Spring,N,140.6,NA,NA
24GO01I14,MONSP,ON25,ROT,10.4535266398611,0.0096228,0.1005921961500554,0.001005921961500554,2.011843923001108,0.02011843923001108,20,OS,NA,Spring,N,140.6,NA,NA
24GO01I14,NOTLAUR,ON25,ROT,20.9070532797221,0.03505527725,0.73290254920118,0.0073290254920118005,14.6580509840236,0.14658050984023602,20,OS,NA,Spring,N,140.6,NA,NA
24GO01I14,POLMAJO,ON25,ROT,10.4535266398611,0.0845152,0.8834818946731887,0.008834818946731887,17.669637893463776,0.17669637893463774,20,OS,NA,Spring,N,140.6,NA,NA
24GO01I14,POLSP,ON25,ROT,73.1746864790275,0.0636346348,4.656444450697413,0.04656444450697413,93.12888901394827,0.9312888901394827,20,OS,NA,Spring,N,140.6,NA,NA
24GO01I14,POLVULG,ON25,ROT,10.4535266398611,0.0432717824,0.45234273007267267,0.0045234273007267265,9.046854601453454,0.09046854601453452,20,OS,NA,Spring,N,140.6,NA,NA
24GO01I14,SYNSP,ON25,ROT,1275.33025006305,0.05729655250000002,73.0720266275757,0.7307202662757569,1461.440532551514,14.614405325515138,20,OS,NA,Spring,N,140.6,NA,NA
24GO01I34,BOSLONG,ON33M,NDAP,20.4142944482135,1.2014366717341063,24.52648197766167,0.2452648197766167,490.52963955323344,4.905296395532334,20,OS,NA,Spring,N,142.6,NA,NA
24GO01I34,CYCCOPE,ON33M,CYC,120.036051355496,1.0611288767771963,127.37372034762731,1.273737203476273,2547.4744069525464,25.47474406952546,20,OS,NA,Spring,N,142.6,NA,NA
24GO01I34,DAPGALEM,ON33M,DAP,26.1302968937133,0.7110504460026383,18.579959260456196,0.18579959260456197,371.5991852091239,3.715991852091239,20,OS,NA,Spring,N,142.6,NA,NA
24GO01I34,DIACOPE,ON33M,CAL,377.256161402986,0.9759321755661382,368.1764263437463,3.681764263437463,7363.528526874926,73.63528526874927,20,OS,NA,Spring,N,142.6,NA,NA
24GO01I34,DIYTHOM,ON33M,CYC,68.5920293459975,2.692773309955682,184.70278589859896,1.8470278589859896,3694.055717971979,36.94055717971979,20,OS,NA,Spring,N,142.6,NA,NA
24GO01I34,LEOMINU,ON33M,CAL,93.0891826838538,4.398198940874108,409.4247446869622,4.0942474468696215,8188.494893739244,81.88494893739244,20,OS,NA,Spring,N,142.6,NA,NA
24GO01I34,LEOSICI,ON33M,CAL,13.0651484468567,9.196466610776557,120.15320145635684,1.2015320145635684,2403.0640291271366,24.030640291271368,20,OS,NA,Spring,N,142.6,NA,NA
24GO01I34,LIMCOPE,ON33M,CAL,3.26628711171417,1.790640376051965,5.848745582013548,0.058487455820135474,116.97491164027096,1.1697491164027094,20,OS,NA,Spring,N,142.6,NA,NA
24GO01I34,LIMMACR,ON33M,CAL,0.349959333397946,58.5423619913575,20.48744597803672,0.20487445978036722,409.7489195607344,4.097489195607345,20,OS,NA,Spring,N,142.6,NA,NA
24GO01I34,SKIOREG,ON33M,CAL,12.2485766689281,7.385288720407274,90.45927511407841,0.9045927511407841,1809.1855022815682,18.091855022815682,20,OS,NA,Spring,N,142.6,NA,NA
24GO01I34,COPNAUP,ON33M,NAU,2905.05617145303,0.3212749764913067,933.3218531894977,9.333218531894977,18666.437063789956,186.66437063789954,20,OS,NA,Spring,N,142.6,NA,NA
24GO01I34,DREPOLYV,ON33M,DVEL,73.032138388484,0.10631645942309785,7.764518377561326,0.07764518377561326,155.29036755122652,1.5529036755122652,20,OS,NA,Spring,N,142.6,NA,NA
24GO01I34,KELLONG,ON33M,ROT,8.11468204316489,0.00638582784,0.05181896250399044,5.181896250399044e-4,1.0363792500798088,0.010363792500798089,20,OS,NA,Spring,N,142.6,NA,NA
24GO01I34,SYNSP,ON33M,ROT,762.780112057499,0.05813293300000001,44.34264514797109,0.4434264514797109,886.8529029594218,8.868529029594217,20,OS,NA,Spring,N,142.6,NA,NA
24GO01I54,BOSLONG,ON41,NDAP,22.3008568317036,1.950615648658211,43.500400314407415,0.43500400314407417,870.0080062881483,8.700080062881483,20,OS,NA,Spring,N,133,NA,NA
24GO01I54,CYCCOPE,ON41,CYC,711.600067993452,1.691641860227105,1203.7724627581774,12.037724627581774,24075.44925516355,240.75449255163548,20,OS,NA,Spring,N,133,NA,NA
24GO01I54,DAPGALEM,ON41,DAP,8.10940248425586,0.6272330137757826,5.086484960120621,0.050864849601206207,101.72969920241242,1.0172969920241242,20,OS,NA,Spring,N,133,NA,NA
24GO01I54,DAPLONG,ON41,DAP,6.0820518631919,0.7101887410514601,4.319404755729943,0.04319404755729943,86.38809511459885,0.8638809511459886,20,OS,NA,Spring,N,133,NA,NA
24GO01I54,DIACOPE,ON41,CAL,24.3282074527676,1.3102903087256663,31.877014454028917,0.3187701445402892,637.5402890805783,6.375402890805784,20,OS,NA,Spring,N,133,NA,NA
24GO01I54,DIYTHOM,ON41,CYC,778.502638488563,3.8490519521617443,2996.497100437472,29.96497100437472,59929.942008749436,599.2994200874945,20,OS,NA,Spring,N,133,NA,NA
24GO01I54,LEOMINU,ON41,CAL,334.512852475554,4.420434221581777,1478.6920606418753,14.786920606418754,29573.841212837506,295.7384121283751,20,OS,NA,Spring,N,133,NA,NA
24GO01I54,LEOSICI,ON41,CAL,77.0393236004307,10.328639233388296,795.7113802531055,7.9571138025310555,15914.227605062111,159.14227605062112,20,OS,NA,Spring,N,133,NA,NA
24GO01I54,LIMMACR,ON41,CAL,11.2952391744992,47.59377894408468,537.5831163916805,5.375831163916805,10751.66232783361,107.51662327833611,20,OS,NA,Spring,N,133,NA,NA
24GO01I54,SKIOREG,ON41,CAL,38.5196618002154,7.858581395767118,302.7098975944141,3.0270989759441407,6054.197951888282,60.54197951888281,20,OS,NA,Spring,N,133,NA,NA
24GO01I54,COPNAUP,ON41,NAU,1759.23350142826,0.13680336932819792,240.66907043042906,2.4066907043042907,4813.381408608581,48.13381408608581,20,OS,NA,Spring,N,133,NA,NA
24GO01I54,DREPOLYV,ON41,DVEL,232.258355525641,0.101068537179233,23.474012240630767,0.23474012240630768,469.48024481261535,4.694802448126153,20,OS,NA,Spring,N,133,NA,NA
24GO01I54,SYNSP,ON41,ROT,182.841684137206,0.043397785,7.934924097224376,0.07934924097224376,158.69848194448753,1.5869848194448752,20,OS,NA,Spring,N,133,NA,NA
24GO10I14,BOSLONG,ON49,NDAP,11529.8299965714,1.7943655235733058,20688.729438509046,206.88729438509046,413774.58877018094,4137.745887701809,20,OS,NA,Summer,D,49,NA,NA
24GO10I14,BYTLONG,ON49,PRED,3.61915701622288,180.9427224209561,654.8601233842722,6.548601233842723,13097.202467685445,130.97202467685446,20,OS,NA,Summer,D,49,NA,NA
24GO10I14,CECPENG,ON49,PRED,10.8574710486687,4.4119691793847275,47.90282763278828,0.4790282763278828,958.0565526557656,9.580565526557656,20,OS,NA,Summer,D,49,NA,NA
24GO10I14,CERSP,ON49,NDAP,549.039523646257,1.458427511585469,800.7343462334818,8.007343462334818,16014.686924669637,160.14686924669635,20,OS,NA,Summer,D,49,NA,NA
24GO10I14,CHYSPHA,ON49,NDAP,137.259880911564,0.425890805895232,58.45772129850957,0.5845772129850957,1169.1544259701914,11.691544259701914,20,OS,NA,Summer,D,49,NA,NA
24GO10I14,CYCCOPE,ON49,CYC,3980.53654643536,0.8974235389796302,3572.227194539776,35.72227194539776,71444.54389079552,714.4454389079551,20,OS,NA,Summer,D,49,NA,NA
24GO10I14,DAPGALEM,ON49,DAP,4941.35571281631,2.0330496225409695,10046.021366781863,100.46021366781862,200920.42733563724,2009.2042733563724,20,OS,NA,Summer,D,49,NA,NA
24GO10I14,DIACOPE,ON49,CAL,15235.8467811836,1.4047595936239012,21402.701932851498,214.02701932851497,428054.03865703,4280.540386570299,20,OS,NA,Summer,D,49,NA,NA
24GO10I14,DIYTHOM,ON49,CYC,411.779642734693,5.232844791849115,2154.778958873728,21.547789588737277,43095.57917747456,430.95579177474553,20,OS,NA,Summer,D,49,NA,NA
24GO10I14,EPICOPE,ON49,CAL,2264.78803504081,2.441289239770571,5529.002660306265,55.29002660306265,110580.0532061253,1105.800532061253,20,OS,NA,Summer,D,49,NA,NA
24GO10I14,EPILACU,ON49,CAL,323.541147862973,15.165531020563298,4906.673314344574,49.06673314344574,98133.46628689147,981.3346628689147,20,OS,NA,Summer,D,49,NA,NA
24GO10I14,EUBCORE,ON49,NDAP,549.039523646257,2.237072845303073,1228.2414093471757,12.282414093471758,24564.828186943516,245.64828186943515,20,OS,NA,Summer,D,49,NA,NA
24GO10I14,HOLGIBB,ON49,NDAP,29.4128316239066,1.39071160683399,40.90476632922074,0.40904766329220743,818.0953265844148,8.180953265844149,20,OS,NA,Summer,D,49,NA,NA
24GO10I14,LEOASHL,ON49,CAL,68.6299404557821,7.44605604493819,511.0223829945244,5.110223829945244,10220.447659890488,102.20447659890488,20,OS,NA,Summer,D,49,NA,NA
24GO10I14,LEOMINU,ON49,CAL,1921.6383327619,3.8490070644511207,7396.3995181206265,73.96399518120626,147927.99036241253,1479.2799036241252,20,OS,NA,Summer,D,49,NA,NA
24GO10I14,LETKIND,ON49,PRED,117.651326495626,8.205382912550457,965.3741840661044,9.653741840661043,19307.483681322086,193.07483681322086,20,OS,NA,Summer,D,49,NA,NA
24GO10I14,SKIOREG,ON49,CAL,2402.04791595237,6.445155190371798,15481.57159302218,154.81571593022178,309631.4318604436,3096.314318604436,20,OS,NA,Summer,D,49,NA,NA
24GO10I14,COPNAUP,ON49,NAU,24771.1191332589,0.15624861488139657,3870.4530536337643,38.70453053633764,77409.06107267528,774.0906107267529,20,OS,NA,Summer,D,49,NA,NA
24GO10I14,DREPOLYV,ON49,DVEL,46164.3583847097,0.1504814501868093,6946.879596674706,69.46879596674705,138937.5919334941,1389.375919334941,20,OS,NA,Summer,D,49,NA,NA
24GO10I14,ASCECAU,ON49,ROT,2251.91992120535,0.016803942,37.841131744579265,0.37841131744579265,756.8226348915853,7.568226348915853,20,OS,NA,Summer,D,49,NA,NA
24GO10I14,ASCOVAL,ON49,ROT,1125.95996060268,0.012734496,14.338532614454985,0.14338532614454985,286.7706522890997,2.8677065228909973,20,OS,NA,Summer,D,49,NA,NA
24GO10I14,COLSP,ON49,ROT,12385.5595666294,0.010129876363636365,125.46418710440942,1.254641871044094,2509.2837420881883,25.09283742088188,20,OS,NA,Summer,D,49,NA,NA
24GO10I14,COOUNIC,ON49,ROT,422234.985226003,0.0306224971,12929.88961060182,129.2988961060182,258597.7922120364,2585.977922120364,20,OS,NA,Summer,D,49,NA,NA
24GO10I14,GASSTYL,ON49,ROT,4503.8398424107,0.017663900000000003,79.55537659235837,0.7955537659235837,1591.1075318471674,15.911075318471674,20,OS,NA,Summer,D,49,NA,NA
24GO10I14,KELLONG,ON49,ROT,78817.1972421873,0.010068425718749998,793.5650957930301,7.935650957930301,15871.301915860602,158.71301915860602,20,OS,NA,Summer,D,49,NA,NA
24GO10I14,KERCOCH,ON49,ROT,95706.5966512274,0.0025483901,243.89774341068104,2.4389774341068104,4877.954868213621,48.77954868213621,20,OS,NA,Summer,D,49,NA,NA
24GO10I14,KERCRAS,ON49,ROT,13511.5195272321,0.0043661365,58.99313857831082,0.5899313857831082,1179.8627715662165,11.798627715662164,20,OS,NA,Summer,D,49,NA,NA
24GO10I14,KEREARL,ON49,ROT,20267.2792908482,0.0023447041111111107,47.520773074288854,0.4752077307428885,950.4154614857771,9.50415461485777,20,OS,NA,Summer,D,49,NA,NA
24GO10I14,KERQUAD,ON49,ROT,1125.95996060268,0.1000402557,112.64132236665402,1.1264132236665403,2252.8264473330805,22.528264473330808,20,OS,NA,Summer,D,49,NA,NA
24GO10I14,PLOHUDS,ON49,ROT,1125.95996060268,0.27270901,307.0594261555958,3.070594261555958,6141.188523111916,61.41188523111916,20,OS,NA,Summer,D,49,NA,NA
24GO10I14,PLOTRUN,ON49,ROT,5629.79980301338,0.046473104,261.6342717446203,2.6163427174462033,5232.685434892406,52.326854348924066,20,OS,NA,Summer,D,49,NA,NA
24GO10I14,POLMAJO,ON49,ROT,1125.95996060268,0.0336559916,37.895298975980126,0.37895298975980124,757.9059795196025,7.579059795196025,20,OS,NA,Summer,D,49,NA,NA
24GO10I14,POLREMA,ON49,ROT,15763.4394484375,0.0319284284,503.30184776717226,5.033018477671723,10066.036955343445,100.66036955343446,20,OS,NA,Summer,D,49,NA,NA
24GO10I14,POLSP,ON49,ROT,20267.2792908482,0.03771698871111111,764.4207442178575,7.644207442178575,15288.414884357151,152.8841488435715,20,OS,NA,Summer,D,49,NA,NA
24GO10I14,SYNSP,ON49,ROT,4503.8398424107,0.038692665,174.26556623605,1.7426556623605,3485.3113247210003,34.853113247210004,20,OS,NA,Summer,D,49,NA,NA
24GO10I14,TRIMULT,ON49,ROT,1125.95996060268,0.140928737248,158.68011543954353,1.5868011543954352,3173.6023087908707,31.736023087908706,20,OS,NA,Summer,D,49,NA,NA
24GO10I34,BOSLONG,ON55M,NDAP,627.262896638869,1.7299119729794312,1085.109595101339,10.85109595101339,21702.19190202678,217.0219190202678,20,OS,NA,Summer,N,183,NA,NA
24GO10I34,BYTLONG,ON55M,PRED,20.2145269424635,137.45682802037857,2778.6247534435142,27.78624753443514,55572.49506887028,555.7249506887028,20,OS,NA,Summer,N,183,NA,NA
24GO10I34,CYCCOPE,ON55M,CYC,2822.68303487491,0.9264811822887443,2615.1627153772874,26.151627153772875,52303.25430754575,523.0325430754575,20,OS,NA,Summer,N,183,NA,NA
24GO10I34,DAPGALEM,ON55M,DAP,6586.26041470812,10.522241882559745,69302.2251850871,693.0222518508709,1386044.5037017418,13860.445037017418,20,OS,NA,Summer,N,183,NA,NA
24GO10I34,DIACOPE,ON55M,CAL,9691.21175307052,1.4901183391834085,14441.052362160171,144.41052362160173,288821.04724320344,2888.2104724320343,20,OS,NA,Summer,N,183,NA,NA
24GO10I34,DIYTHOM,ON55M,CYC,470.447172479152,3.412589964365474,1605.4432995664672,16.054432995664673,32108.865991329345,321.08865991329344,20,OS,NA,Summer,N,183,NA,NA
24GO10I34,EPICOPE,ON55M,CAL,1630.88353126106,1.0128999640706795,1651.9218702177905,16.519218702177906,33038.437404355805,330.3843740435581,20,OS,NA,Summer,N,183,NA,NA
24GO10I34,EPILACU,ON55M,CAL,67.2067389255931,19.41604138069904,1304.8888240411525,13.048888240411525,26097.77648082305,260.9777648082305,20,OS,NA,Summer,N,183,NA,NA
24GO10I34,LEOASHL,ON55M,CAL,31.3631448319434,3.90694684902301,122.53413987661358,1.225341398766136,2450.6827975322717,24.506827975322718,20,OS,NA,Summer,N,183,NA,NA
24GO10I34,LEOMINU,ON55M,CAL,282.268303487491,3.9072264221674775,1102.886173526713,11.02886173526713,22057.72347053426,220.5772347053426,20,OS,NA,Summer,N,183,NA,NA
24GO10I34,LETKIND,ON55M,PRED,443.564476908914,0.4580304621683221,203.1660423600399,2.0316604236003992,4063.320847200798,40.633208472007986,20,OS,NA,Summer,N,183,NA,NA
24GO10I34,SKIOREG,ON55M,CAL,344.994593151378,6.491400072549751,2239.497927012127,22.394979270121272,44789.958540242544,447.89958540242543,20,OS,NA,Summer,N,183,NA,NA
24GO10I34,COPNAUP,ON55M,NAU,11796.4628499147,0.45172938246017375,5328.808878406348,53.28808878406348,106576.17756812696,1065.7617756812697,20,OS,NA,Summer,N,183,NA,NA
24GO10I34,DREPOLYV,ON55M,DVEL,6245.18621466074,0.37648030514058395,2351.1896117552437,23.51189611755244,47023.79223510488,470.2379223510488,20,OS,NA,Summer,N,183,NA,NA
24GO10I34,ASCECAU,ON55M,ROT,693.909579406749,0.012734496,8.836588763316927,0.08836588763316927,176.73177526633853,1.7673177526633854,20,OS,NA,Summer,N,183,NA,NA
24GO10I34,ASCOVAL,ON55M,ROT,2775.63831762699,0.018204672,50.52958516303118,0.5052958516303118,1010.5917032606236,10.105917032606236,20,OS,NA,Summer,N,183,NA,NA
24GO10I34,ASPPRIO,ON55M,ROT,19429.468223389,1.7832099053730002,34646.82019207722,346.4682019207722,692936.4038415444,6929.364038415443,20,OS,NA,Summer,N,183,NA,NA
24GO10I34,COLSP,ON55M,ROT,13878.191588135,0.006096942000000001,84.614529177747,0.84614529177747,1692.29058355494,16.9229058355494,20,OS,NA,Summer,N,183,NA,NA
24GO10I34,COOUNIC,ON55M,ROT,126291.543452028,0.019452289999999997,2456.6597277764495,24.566597277764494,49133.194555528986,491.33194555528985,20,OS,NA,Summer,N,183,NA,NA
24GO10I34,GASSTYL,ON55M,ROT,2775.63831762699,0.034421095,95.5405102166788,0.955405102166788,1910.810204333576,19.10810204333576,20,OS,NA,Summer,N,183,NA,NA
24GO10I34,KELLONG,ON55M,ROT,11796.4628499147,0.014325543719117649,168.99074428740022,1.6899074428740022,3379.8148857480046,33.798148857480044,20,OS,NA,Summer,N,183,NA,NA
24GO10I34,KERCOCH,ON55M,ROT,24980.744858643,0.002087555,52.14867883338449,0.5214867883338449,1042.9735766676897,10.429735766676897,20,OS,NA,Summer,N,183,NA,NA
24GO10I34,KERCRAS,ON55M,ROT,22899.0161204227,0.0044261875000000004,101.35533891451347,1.0135533891451347,2027.1067782902694,20.271067782902694,20,OS,NA,Summer,N,183,NA,NA
24GO10I34,PLOHUDS,ON55M,ROT,1387.8191588135,0.11852352,164.48921182601504,1.6448921182601504,3289.7842365203005,32.897842365203005,20,OS,NA,Summer,N,183,NA,NA
24GO10I34,PLOTRUN,ON55M,ROT,2775.63831762699,0.034561685,95.93073720775398,0.9593073720775398,1918.6147441550795,19.186147441550794,20,OS,NA,Summer,N,183,NA,NA
24GO10I34,POLREMA,ON55M,ROT,693.909579406749,0.0146162016,10.14232230478025,0.1014232230478025,202.84644609560502,2.0284644609560503,20,OS,NA,Summer,N,183,NA,NA
24GO10I34,POLSP,ON55M,ROT,24286.8352792362,0.052756613140000005,1281.2911732215682,12.812911732215682,25625.823464431363,256.25823464431363,20,OS,NA,Summer,N,183,NA,NA
24GO10I34,TRIMULT,ON55M,ROT,1387.8191588135,0.075776129104,105.16356375125646,1.0516356375125646,2103.2712750251294,21.032712750251292,20,OS,NA,Summer,N,183,NA,NA
24GO10I54,BOSLONG,ON60,NDAP,41.2750821137369,2.0158964689549372,83.2062922889073,0.832062922889073,1664.1258457781462,16.64125845778146,20,OS,NA,Summer,D,154,NA,NA
24GO10I54,BYTLONG,ON60,PRED,8.38400105435281,110.50355217894715,926.4618979780236,9.264618979780236,18529.237959560473,185.29237959560473,20,OS,NA,Summer,D,154,NA,NA
24GO10I54,CECPENG,ON60,PRED,0.322461579013569,4.72973816119336,1.5251588357791452,0.015251588357791453,30.503176715582903,0.305031767155829,20,OS,NA,Summer,D,154,NA,NA
24GO10I54,CERSP,ON60,NDAP,20.6375410568684,1.2199612658073067,25.177000710887434,0.2517700071088743,503.54001421774865,5.035400142177487,20,OS,NA,Summer,D,154,NA,NA
24GO10I54,CHYSPHA,ON60,NDAP,3.43959017614474,0.263526946229716,0.9064246954011543,0.009064246954011543,18.12849390802309,0.18128493908023086,20,OS,NA,Summer,D,154,NA,NA
24GO10I54,CYCCOPE,ON60,CYC,20.6375410568684,1.0315389363448817,21.288427150575856,0.21288427150575856,425.7685430115171,4.257685430115171,20,OS,NA,Summer,D,154,NA,NA
24GO10I54,DAPGALEM,ON60,DAP,55.0334428183159,3.2382648643835683,178.2128642446146,1.782128642446146,3564.257284892292,35.64257284892292,20,OS,NA,Summer,D,154,NA,NA
24GO10I54,DIACOPE,ON60,CAL,2889.25574796158,1.4367197640190643,4151.050836402086,41.510508364020865,83021.01672804172,830.2101672804173,20,OS,NA,Summer,D,154,NA,NA
24GO10I54,EPICOPE,ON60,CAL,141.023197221934,2.166537566286141,305.5320544990994,3.0553205449909937,6110.6410899819875,61.10641089981988,20,OS,NA,Summer,D,154,NA,NA
24GO10I54,EPILACU,ON60,CAL,4.42233022647181,16.016021808850567,70.82813735311157,0.7082813735311158,1416.5627470622314,14.165627470622315,20,OS,NA,Summer,D,154,NA,NA
24GO10I54,EUBCORE,ON60,NDAP,6.87918035228948,1.1959316793005406,8.227029710924842,0.08227029710924842,164.54059421849684,1.6454059421849685,20,OS,NA,Summer,D,154,NA,NA
24GO10I54,EURCOPE,ON60,CAL,3.43959017614474,0.40557608264861,1.3950155095574261,0.01395015509557426,27.900310191148524,0.2790031019114852,20,OS,NA,Summer,D,154,NA,NA
24GO10I54,HOLGIBB,ON60,NDAP,22.111651132359,1.4586467710853297,32.25308852758073,0.3225308852758073,645.0617705516146,6.450617705516146,20,OS,NA,Summer,D,154,NA,NA
24GO10I54,LEOMINU,ON60,CAL,206.375410568684,3.1666857008953073,653.5260616642499,6.5352606166425,13070.521233284999,130.70521233285,20,OS,NA,Summer,D,154,NA,NA
24GO10I54,LETKIND,ON60,PRED,28.0080914343215,4.5162482072798245,126.49149272958388,1.2649149272958389,2529.8298545916778,25.29829854591678,20,OS,NA,Summer,D,154,NA,NA
24GO10I54,SKIOREG,ON60,CAL,68.7918035228948,6.556986291764138,451.06691268535315,4.510669126853531,9021.338253707063,90.21338253707063,20,OS,NA,Summer,D,154,NA,NA
24GO10I54,COPNAUP,ON60,NAU,2063.75410568684,0.2260084752101425,466.425918634954,4.66425918634954,9328.51837269908,93.2851837269908,20,OS,NA,Summer,D,154,NA,NA
24GO10I54,DREPOLYV,ON60,DVEL,206.375410568684,0.2041542478141913,42.13241671199459,0.42132416711994586,842.6483342398917,8.426483342398917,20,OS,NA,Summer,D,154,NA,NA
24GO10I54,ASCECAU,ON60,ROT,206.375410568684,0.012734496,2.628086840385264,0.02628086840385264,52.56173680770529,0.5256173680770528,20,OS,NA,Summer,D,154,NA,NA
24GO10I54,ASCOVAL,ON60,ROT,825.501642274738,0.011221041000000001,9.262987773532169,0.09262987773532169,185.25975547064337,1.852597554706434,20,OS,NA,Summer,D,154,NA,NA
24GO10I54,COLSP,ON60,ROT,412.750821137369,0.00621855,2.5667116187837857,0.025667116187837857,51.33423237567571,0.5133423237567571,20,OS,NA,Summer,D,154,NA,NA
24GO10I54,COOUNIC,ON60,ROT,68103.8854876659,0.037421753200000005,2548.566794680495,25.485667946804952,50971.3358936099,509.71335893609904,20,OS,NA,Summer,D,154,NA,NA
24GO10I54,KELLONG,ON60,ROT,6191.26231706053,0.014285216473500001,88.44352244343287,0.8844352244343286,1768.8704488686574,17.68870448868657,20,OS,NA,Summer,D,154,NA,NA
24GO10I54,KERCOCH,ON60,ROT,14652.6541503766,0.0018493473000000004,27.097846390832764,0.27097846390832764,541.9569278166553,5.419569278166553,20,OS,NA,Summer,D,154,NA,NA
24GO10I54,KERCRAS,ON60,ROT,1857.37869511816,0.004144146,7.697248489859142,0.07697248489859142,153.94496979718284,1.5394496979718284,20,OS,NA,Summer,D,154,NA,NA
24GO10I54,PLOHUDS,ON60,ROT,206.375410568684,0.89915392,185.56325940444165,1.8556325940444165,3711.265188088833,37.11265188088833,20,OS,NA,Summer,D,154,NA,NA
24GO10I54,PLOTRUN,ON60,ROT,412.750821137369,0.08637265,35.65038221131057,0.3565038221131057,713.0076442262114,7.130076442262114,20,OS,NA,Summer,D,154,NA,NA
24GO10I54,POLREMA,ON60,ROT,206.375410568684,0.0532224,10.983794651450728,0.10983794651450728,219.67589302901456,2.1967589302901454,20,OS,NA,Summer,D,154,NA,NA
24GO10I54,POLSP,ON60,ROT,15271.7803820826,0.052150486080000016,796.4307702326159,7.96430770232616,15928.615404652319,159.2861540465232,20,OS,NA,Summer,D,154,NA,NA
24GO10I54,SYNSP,ON60,ROT,2063.75410568684,0.04261007,87.93670690610365,0.8793670690610366,1758.734138122073,17.58734138122073,20,OS,NA,Summer,D,154,NA,NA
24GO10I74,BOSLONG,ON63,NDAP,40.8893336827674,0.97949574582278,40.05092839179878,0.4005092839179878,801.0185678359755,8.010185678359756,20,OS,NA,Summer,D,87.7,NA,NA
24GO10I74,BYTLONG,ON63,PRED,14.3751563728479,90.31975094173133,1298.3605433440644,12.983605433440644,25967.210866881287,259.6721086688129,20,OS,NA,Summer,D,87.7,NA,NA
24GO10I74,CYCCOPE,ON63,CYC,6.8148889471279,1.374278923899765,9.365558248755333,0.09365558248755333,187.31116497510666,1.8731116497510667,20,OS,NA,Summer,D,87.7,NA,NA
24GO10I74,DAPGALEM,ON63,DAP,153.335001310378,1.4368813137308778,220.32419812378183,2.2032419812378183,4406.483962475637,44.06483962475637,20,OS,NA,Summer,D,87.7,NA,NA
24GO10I74,DIACOPE,ON63,CAL,1410.68201205547,1.189768855669031,1678.3855231961227,16.783855231961226,33567.710463922456,335.6771046392245,20,OS,NA,Summer,D,87.7,NA,NA
24GO10I74,EPICOPE,ON63,CAL,531.561337875976,0.9992056502002811,531.1390922336959,5.311390922336959,10622.781844673918,106.22781844673918,20,OS,NA,Summer,D,87.7,NA,NA
24GO10I74,EPILACU,ON63,CAL,1.46033334581312,14.8029553214056,21.617249272430367,0.21617249272430367,432.34498544860736,4.323449854486073,20,OS,NA,Summer,D,87.7,NA,NA
24GO10I74,HOLGIBB,ON63,NDAP,1.46033334581312,0.191512930566356,0.2796727186604424,0.002796727186604424,5.593454373208848,0.055934543732088476,20,OS,NA,Summer,D,87.7,NA,NA
24GO10I74,LEOMINU,ON63,CAL,23.8521113149476,3.3050342017969885,78.83204368097076,0.7883204368097075,1576.640873619415,15.766408736194151,20,OS,NA,Summer,D,87.7,NA,NA
24GO10I74,LETKIND,ON63,PRED,27.7463335704493,3.1069200785502655,86.2056408761822,0.862056408761822,1724.112817523644,17.24112817523644,20,OS,NA,Summer,D,87.7,NA,NA
24GO10I74,SKIOREG,ON63,CAL,27.2595557885116,6.23053100269383,169.84150745998357,1.6984150745998357,3396.8301491996717,33.96830149199671,20,OS,NA,Summer,D,87.7,NA,NA
24GO10I74,COPNAUP,ON63,NAU,4957.83170903554,0.10079326711795741,499.71605577469853,4.9971605577469855,9994.32111549397,99.94321115493972,20,OS,NA,Summer,D,87.7,NA,NA
24GO10I74,ASCOVAL,ON63,ROT,991.566341807109,0.012622134,12.515683236179132,0.12515683236179131,250.31366472358263,2.5031366472358263,20,OS,NA,Summer,D,87.7,NA,NA
24GO10I74,COLSP,ON63,ROT,2974.69902542133,0.00953961,28.377468569899577,0.2837746856989958,567.5493713979915,5.6754937139799155,20,OS,NA,Summer,D,87.7,NA,NA
24GO10I74,COOUNIC,ON63,ROT,121962.660042274,0.0232758461,2838.784105090589,28.38784105090589,56775.68210181178,567.7568210181178,20,OS,NA,Summer,D,87.7,NA,NA
24GO10I74,KELLONG,ON63,ROT,7436.74756355332,0.010146566864000001,75.45745640428287,0.7545745640428286,1509.1491280856574,15.091491280856573,20,OS,NA,Summer,D,87.7,NA,NA
24GO10I74,KERCOCH,ON63,ROT,12890.3624434924,0.0014067510588235293,18.133531016001992,0.1813353101600199,362.67062032003986,3.6267062032003983,20,OS,NA,Summer,D,87.7,NA,NA
24GO10I74,KERCRAS,ON63,ROT,16856.6278107209,0.003928132799999999,66.21507260068495,0.6621507260068494,1324.301452013699,13.243014520136988,20,OS,NA,Summer,D,87.7,NA,NA
24GO10I74,POLSP,ON63,ROT,21318.6763488528,0.05456114202000001,1163.171327948173,11.63171327948173,23263.42655896346,232.6342655896346,20,OS,NA,Summer,D,87.7,NA,NA
24GO10I74,SYNSP,ON63,ROT,2478.91585451777,0.011324164,28.071649678759368,0.2807164967875937,561.4329935751873,5.614329935751874,20,OS,NA,Summer,D,87.7,NA,NA
24GO10I74,TRICYLI,ON63,ROT,1983.13268361422,0.078428334426,155.5337933216269,1.555337933216269,3110.675866432538,31.106758664325376,20,OS,NA,Summer,D,87.7,NA,NA
24GO10I94,BOSLONG,ON12,NDAP,818.119107262525,1.4437689305782562,1181.1749485780533,11.811749485780533,23623.498971561065,236.23498971561065,20,OS,NA,Summer,D,103,NA,NA
24GO10I94,CECPENG,ON12,PRED,295.956810201966,4.32166689603371,1279.0267493055683,12.790267493055683,25580.534986111365,255.80534986111365,20,OS,NA,Summer,D,103,NA,NA
24GO10I94,CYCCOPE,ON12,CYC,2240.93494597996,0.9807355556222914,2197.764579359066,21.97764579359066,43955.29158718132,439.5529158718132,20,OS,NA,Summer,D,103,NA,NA
24GO10I94,DAPGALEM,ON12,DAP,4268.4475161523,3.4169926340194783,14585.253721391146,145.85253721391146,291705.0744278229,2917.050744278229,20,OS,NA,Summer,D,103,NA,NA
24GO10I94,DAPRETR,ON12,DAP,746.978315326653,5.687757360211361,4248.631410917454,42.486314109174536,84972.62821834907,849.7262821834908,20,OS,NA,Summer,D,103,NA,NA
24GO10I94,DIACOPE,ON12,CAL,4481.86989195992,2.516166547919226,11277.131094275906,112.77131094275906,225542.62188551814,2255.426218855181,20,OS,NA,Summer,D,103,NA,NA
24GO10I94,DIPBIRG,ON12,NDAP,35.5703959679359,3.9586611268982,140.81114378664432,1.4081114378664432,2816.2228757328867,28.162228757328865,20,OS,NA,Summer,D,103,NA,NA
24GO10I94,DIYTHOM,ON12,CYC,1458.38623468537,3.213911361850202,4687.124089621247,46.87124089621247,93742.48179242494,937.4248179242494,20,OS,NA,Summer,D,103,NA,NA
24GO10I94,EPICOPE,ON12,CAL,142.281583871743,6.605989713546208,939.9106794837963,9.399106794837964,18798.21358967593,187.98213589675927,20,OS,NA,Summer,D,103,NA,NA
24GO10I94,EPILACU,ON12,CAL,182.933464977956,15.370819452548341,2811.8372620052364,28.118372620052366,56236.74524010473,562.3674524010473,20,OS,NA,Summer,D,103,NA,NA
24GO10I94,EUBCORE,ON12,NDAP,1280.53425484569,1.6530997475600562,2116.8508534274147,21.168508534274146,42337.017068548295,423.3701706854829,20,OS,NA,Summer,D,103,NA,NA
24GO10I94,HOLGIBB,ON12,NDAP,35.5703959679359,1.60834840265938,57.20958953699136,0.5720958953699136,1144.1917907398272,11.44191790739827,20,OS,NA,Summer,D,103,NA,NA
24GO10I94,LEOMINU,ON12,CAL,2561.06850969138,4.03439968025293,10332.373976604751,103.32373976604751,206647.47953209502,2066.4747953209503,20,OS,NA,Summer,D,103,NA,NA
24GO10I94,LETKIND,ON12,PRED,182.933464977956,7.2993164246248545,1335.2892455271299,13.352892455271299,26705.7849105426,267.057849105426,20,OS,NA,Summer,D,103,NA,NA
24GO10I94,SKIOREG,ON12,CAL,818.119107262525,7.459129040145754,6102.455991280019,61.024559912800186,122049.11982560037,1220.4911982560038,20,OS,NA,Summer,D,103,NA,NA
24GO10I94,COPNAUP,ON12,NAU,8803.67300206412,0.13554680195493024,1193.3097208867516,11.933097208867515,23866.19441773503,238.6619441773503,20,OS,NA,Summer,D,103,NA,NA
24GO10I94,DREPOLYV,ON12,DVEL,16807.0120948497,0.2604973280518587,4378.181743243619,43.78181743243619,87563.63486487238,875.6363486487238,20,OS,NA,Summer,D,103,NA,NA
24GO10I94,ASCOVAL,ON12,ROT,4001.66954639278,0.0129871488,51.97027784743154,0.5197027784743153,1039.4055569486309,10.394055569486307,20,OS,NA,Summer,D,103,NA,NA
24GO10I94,ASPPRIO,ON12,ROT,2401.00172783567,4.18699859721,10052.990866346736,100.52990866346735,201059.81732693472,2010.5981732693472,20,OS,NA,Summer,D,103,NA,NA
24GO10I94,COLSP,ON12,ROT,4001.66954639278,0.02391804,95.71209227740437,0.9571209227740437,1914.2418455480874,19.142418455480875,20,OS,NA,Summer,D,103,NA,NA
24GO10I94,COOUNIC,ON12,ROT,132055.095030962,0.018729552947368423,2473.3328943521715,24.733328943521716,49466.65788704343,494.6665788704343,20,OS,NA,Summer,D,103,NA,NA
24GO10I94,GASSTYL,ON12,ROT,800.333909278557,0.0084375,6.752817359537826,0.06752817359537826,135.05634719075653,1.3505634719075652,20,OS,NA,Summer,D,103,NA,NA
24GO10I94,KELLONG,ON12,ROT,67228.0483793988,0.01332979276125,896.1359526406749,8.96135952640675,17922.719052813496,179.227190528135,20,OS,NA,Summer,D,103,NA,NA
24GO10I94,KERCOCH,ON12,ROT,88036.7300206412,0.0017228450000000002,151.6736401324116,1.516736401324116,3033.472802648232,30.33472802648232,20,OS,NA,Summer,D,103,NA,NA
24GO10I94,KERCOCHH,ON12,ROT,800.333909278557,0.002,1.6006678185571142,0.01600667818557114,32.01335637114228,0.3201335637114228,20,OS,NA,Summer,D,103,NA,NA
24GO10I94,KERCRAS,ON12,ROT,13605.6764577355,0.00447362505882353,60.8666951435709,0.608666951435709,1217.333902871418,12.173339028714182,20,OS,NA,Summer,D,103,NA,NA
24GO10I94,POLSP,ON12,ROT,8003.33909278557,0.03643089912,291.5688391124234,2.915688391124234,5831.376782248468,58.313767822484685,20,OS,NA,Summer,D,103,NA,NA
24GO10I94,SYNSP,ON12,ROT,1600.66781855711,0.01455101,23.291333434502693,0.23291333434502692,465.82666869005385,4.6582666869005385,20,OS,NA,Summer,D,103,NA,NA
24GO11I14,BOSLONG,ON25,NDAP,265.161133579158,3.574060171812677,947.7018466379697,9.477018466379697,18954.036932759394,189.54036932759394,20,OS,NA,Summer,D,139,NA,NA
24GO11I14,BYTLONG,ON25,PRED,3.4957766633971,136.08803374486865,475.7333725329089,4.757333725329089,9514.667450658178,95.14667450658179,20,OS,NA,Summer,D,139,NA,NA
24GO11I14,CECPENG,ON25,PRED,90.113353989792,6.457917507054743,581.9446063500992,5.819446063500992,11638.892127001984,116.38892127001984,20,OS,NA,Summer,D,139,NA,NA
24GO11I14,CYCCOPE,ON25,CYC,1193.22510110621,1.8098993272465635,2159.6173077458425,21.596173077458424,43192.34615491685,431.92346154916845,20,OS,NA,Summer,D,139,NA,NA
24GO11I14,DAPGALEM,ON25,DAP,10540.1550597715,2.5014468058657946,26365.63720759561,263.6563720759561,527312.7441519122,5273.127441519122,20,OS,NA,Summer,D,139,NA,NA
24GO11I14,DIACOPE,ON25,CAL,11534.5093106934,3.017260413372927,34802.61833083664,348.0261833083664,696052.3666167328,6960.523666167328,20,OS,NA,Summer,D,139,NA,NA
24GO11I14,DIYTHOM,ON25,CYC,1590.96680147495,5.898518718630576,9384.347459219807,93.84347459219808,187686.94918439613,1876.8694918439614,20,OS,NA,Summer,D,139,NA,NA
24GO11I14,EPICOPE,ON25,CAL,729.193117342685,5.0425794621001865,3677.0142374170346,36.77014237417035,73540.2847483407,735.402847483407,20,OS,NA,Summer,D,139,NA,NA
24GO11I14,EPILACU,ON25,CAL,767.073279282565,18.331290126699294,14061.442830967333,140.61442830967334,281228.85661934665,2812.288566193467,20,OS,NA,Summer,D,139,NA,NA
24GO11I14,EUBCORE,ON25,NDAP,331.451416973948,1.512122585898576,501.1951737343935,5.011951737343935,10023.90347468787,100.2390347468787,20,OS,NA,Summer,D,139,NA,NA
24GO11I14,LEOASHL,ON25,CAL,66.2902833947895,5.97109207287294,395.8253856871283,3.958253856871283,7916.507713742566,79.165077137425655,20,OS,NA,Summer,D,139,NA,NA
24GO11I14,LEOMINU,ON25,CAL,2784.19190258116,4.19412852321398,11677.25867271704,116.7725867271704,233545.1734543408,2335.4517345434083,20,OS,NA,Summer,D,139,NA,NA
24GO11I14,LETKIND,ON25,PRED,1392.09595129058,8.6243376919158,12005.90558347873,120.0590558347873,240118.1116695746,2401.181116695746,20,OS,NA,Summer,D,139,NA,NA
24GO11I14,SKIOREG,ON25,CAL,3977.41700368737,7.82818461598983,31135.95459964184,311.3595459964184,622719.0919928368,6227.190919928367,20,OS,NA,Summer,D,139,NA,NA
24GO11I14,COPNAUP,ON25,NAU,16966.169406354,0.11981641815849689,2032.8256481396081,20.32825648139608,40656.51296279216,406.56512962792164,20,OS,NA,Summer,D,139,NA,NA
24GO11I14,DREPOLYV,ON25,DVEL,24237.3848662199,0.2138430870836109,5182.997202626056,51.829972026260556,103659.94405252111,1036.599440525211,20,OS,NA,Summer,D,139,NA,NA
24GO11I14,ASCOVAL,ON25,ROT,969.495394648797,0.014076720000000001,13.647315211760613,0.13647315211760613,272.94630423521227,2.7294630423521227,20,OS,NA,Summer,D,139,NA,NA
24GO11I14,ASPPRIO,ON25,ROT,969.495394648797,2.76870420372,2684.2459746513046,26.842459746513047,53684.91949302609,536.849194930261,20,OS,NA,Summer,D,139,NA,NA
24GO11I14,COLSP,ON25,ROT,5816.97236789278,0.01113765,64.78740229326102,0.6478740229326102,1295.7480458652205,12.957480458652205,20,OS,NA,Summer,D,139,NA,NA
24GO11I14,COOUNIC,ON25,ROT,95980.0440702309,0.016885707799999997,1620.6909788010414,16.206909788010414,32413.81957602083,324.1381957602083,20,OS,NA,Summer,D,139,NA,NA
24GO11I14,GASSTYL,ON25,ROT,484.747697324399,0.01882384,9.124813094802915,0.09124813094802915,182.49626189605831,1.824962618960583,20,OS,NA,Summer,D,139,NA,NA
24GO11I14,KELLONG,ON25,ROT,57684.9759816034,0.0126420486045,729.2562701088452,7.292562701088452,14585.125402176905,145.85125402176905,20,OS,NA,Summer,D,139,NA,NA
24GO11I14,KERCOCH,ON25,ROT,35871.3296020055,0.0015504553000000002,55.61689309947632,0.5561689309947632,1112.3378619895263,11.123378619895263,20,OS,NA,Summer,D,139,NA,NA
24GO11I14,KERCOCHH,ON25,ROT,484.747697324399,0.002809856,1.3620712258131464,0.013620712258131464,27.241424516262928,0.2724142451626293,20,OS,NA,Summer,D,139,NA,NA
24GO11I14,KERCRAS,ON25,ROT,15027.1786170564,0.0046034117,69.17628986374724,0.6917628986374724,1383.5257972749448,13.83525797274945,20,OS,NA,Summer,D,139,NA,NA
24GO11I14,KEREARL,ON25,ROT,7271.21545986598,0.0023165543999999995,16.844166166900557,0.16844166166900557,336.8833233380111,3.368833233380111,20,OS,NA,Summer,D,139,NA,NA
24GO11I14,PLOHUDS,ON25,ROT,484.747697324399,0.04173281,20.229883550376652,0.2022988355037665,404.59767100753305,4.0459767100753306,20,OS,NA,Summer,D,139,NA,NA
24GO11I14,PLOTRUN,ON25,ROT,484.747697324399,0.00343,1.6626846018226884,0.016626846018226882,33.25369203645377,0.33253692036453764,20,OS,NA,Summer,D,139,NA,NA
24GO11I14,POLREMA,ON25,ROT,484.747697324399,0.03565485,17.283606435946847,0.17283606435946847,345.67212871893696,3.456721287189369,20,OS,NA,Summer,D,139,NA,NA
24GO11I14,POLSP,ON25,ROT,5332.22467056838,0.056314977599999996,300.28411288122567,3.0028411288122565,6005.682257624513,60.05682257624513,20,OS,NA,Summer,D,139,NA,NA
24GO11I14,POLVULG,ON25,ROT,969.495394648797,0.078224454,75.83824790191666,0.7583824790191666,1516.7649580383331,15.167649580383332,20,OS,NA,Summer,D,139,NA,NA
24GO11I14,SYNSP,ON25,ROT,1938.99078929759,0.008720075,16.908145106984183,0.16908145106984182,338.16290213968364,3.3816290213968365,20,OS,NA,Summer,D,139,NA,NA
24GO11I34,BOSLONG,ON33M,NDAP,1126.93481771142,2.183669049148649,2460.8526818444025,24.608526818444023,49217.05363688805,492.17053636888045,20,OS,NA,Summer,N,140,NA,NA
24GO11I34,BYTLONG,ON33M,PRED,6.21471406826152,156.19806354704122,970.726302961004,9.70726302961004,19414.52605922008,194.1452605922008,20,OS,NA,Summer,N,140,NA,NA
24GO11I34,CECPENG,ON33M,PRED,1.16525888779903,15.409964394226463,17.95659797103898,0.17956597971038982,359.1319594207796,3.5913195942077962,20,OS,NA,Summer,N,140,NA,NA
24GO11I34,CYCCOPE,ON33M,CYC,2287.01477712024,0.8629005158539513,1973.4662309426647,19.734662309426646,39469.324618853294,394.69324618853295,20,OS,NA,Summer,N,140,NA,NA
24GO11I34,DAPGALEM,ON33M,DAP,6662.17348117635,8.90904476447859,59353.60177252226,593.5360177252227,1187072.0354504453,11870.720354504454,20,OS,NA,Summer,N,140,NA,NA
24GO11I34,DIACOPE,ON33M,CAL,10937.8967601403,1.5302963037120036,16738.222982426203,167.38222982426203,334764.45964852406,3347.6445964852405,20,OS,NA,Summer,N,140,NA,NA
24GO11I34,DIYTHOM,ON33M,CYC,861.773684132264,4.519297998374633,3894.6120857508736,38.94612085750874,77892.24171501747,778.9224171501747,20,OS,NA,Summer,N,140,NA,NA
24GO11I34,EPICOPE,ON33M,CAL,198.870850184369,3.6101445601371096,717.9525179629419,7.179525179629419,14359.050359258837,143.5905035925884,20,OS,NA,Summer,N,140,NA,NA
24GO11I34,EPILACU,ON33M,CAL,156.255668002004,16.550448262360916,2586.101348967811,25.86101348967811,51722.026979356226,517.2202697935622,20,OS,NA,Summer,N,140,NA,NA
24GO11I34,LEOMINU,ON33M,CAL,828.628542434869,4.002704710020123,3316.75536966116,33.1675536966116,66335.1073932232,663.351073932232,20,OS,NA,Summer,N,140,NA,NA
24GO11I34,LETKIND,ON33M,PRED,28.4101214549098,7.696369578658086,218.65479449154918,2.1865479449154916,4373.095889830984,43.73095889830984,20,OS,NA,Summer,N,140,NA,NA
24GO11I34,SKIOREG,ON33M,CAL,1491.53137638276,7.8871408954801066,11763.918115560198,117.63918115560199,235278.36231120396,2352.78362311204,20,OS,NA,Summer,N,140,NA,NA
24GO11I34,COPNAUP,ON33M,NAU,30626.1109283928,0.24666514668555783,7554.394144560176,75.54394144560176,151087.8828912035,1510.8788289120353,20,OS,NA,Summer,N,140,NA,NA
24GO11I34,DREPOLYV,ON33M,DVEL,5742.39579907364,0.23607381745144054,1355.6292976044294,13.556292976044295,27112.58595208859,271.1258595208859,20,OS,NA,Summer,N,140,NA,NA
24GO11I34,ASCOVAL,ON33M,ROT,6699.46176558592,0.015577570285714286,104.3613365298702,1.043613365298702,2087.226730597404,20.87226730597404,20,OS,NA,Summer,N,140,NA,NA
24GO11I34,ASPPRIO,ON33M,ROT,5742.39579907364,3.5121956108849997,20168.417321470897,201.68417321470898,403368.34642941796,4033.6834642941794,20,OS,NA,Summer,N,140,NA,NA
24GO11I34,COLSP,ON33M,ROT,17227.1873972209,0.013150750000000001,226.55043466400275,2.2655043466400273,4531.008693280055,45.310086932800544,20,OS,NA,Summer,N,140,NA,NA
24GO11I34,COOUNIC,ON33M,ROT,214382.776498749,0.0166262876,3564.389698554722,35.64389698554722,71287.79397109445,712.8779397109445,20,OS,NA,Summer,N,140,NA,NA
24GO11I34,GASSTYL,ON33M,ROT,5742.39579907364,0.026287140000000004,150.95116230566066,1.5095116230566066,3019.023246113213,30.190232461132133,20,OS,NA,Summer,N,140,NA,NA
24GO11I34,KELLONG,ON33M,ROT,33497.3088279296,0.015015311099249997,502.97251303901623,5.029725130390163,10059.450260780324,100.59450260780325,20,OS,NA,Summer,N,140,NA,NA
24GO11I34,KERCOCH,ON33M,ROT,36368.5067274664,0.0016809842000000002,61.134885186464736,0.6113488518646474,1222.6977037292947,12.226977037292947,20,OS,NA,Summer,N,140,NA,NA
24GO11I34,KERCRAS,ON33M,ROT,11484.7915981473,0.0046771385,53.71596094817126,0.5371596094817126,1074.319218963425,10.743192189634252,20,OS,NA,Summer,N,140,NA,NA
24GO11I34,KERQUAD,ON33M,ROT,957.065966512274,0.1134903,108.61770365926793,1.0861770365926793,2172.3540731853586,21.723540731853586,20,OS,NA,Summer,N,140,NA,NA
24GO11I34,PLOTRUN,ON33M,ROT,1914.13193302455,0.011506495,22.02494951668732,0.22024949516687323,440.4989903337464,4.404989903337465,20,OS,NA,Summer,N,140,NA,NA
24GO11I34,POLSP,ON33M,ROT,9570.65966512274,0.04774355124,456.93728012238876,4.569372801223888,9138.745602447776,91.38745602447776,20,OS,NA,Summer,N,140,NA,NA
24GO11I34,SYNSP,ON33M,ROT,6699.46176558592,0.01745874,116.96416110530554,1.1696416110530554,2339.2832221061108,23.39283222106111,20,OS,NA,Summer,N,140,NA,NA
24GO11I34,TRISIMI,ON33M,ROT,957.065966512274,0.0216845062512,20.75350293364618,0.20753502933646178,415.07005867292355,4.1507005867292355,20,OS,NA,Summer,N,140,NA,NA
24GO11I34,TRISP,ON33M,ROT,957.065966512274,0.023575422884,22.563234888411042,0.22563234888411043,451.26469776822086,4.512646977682209,20,OS,NA,Summer,N,140,NA,NA
24GO11I54,BOSLONG,ON41,NDAP,2101.33070374021,2.524952539454371,5305.760296642284,53.057602966422834,106115.20593284568,1061.1520593284567,20,OS,NA,Summer,N,124,NA,NA
24GO11I54,BYTLONG,ON41,PRED,5.14551594899072,161.62783231548613,831.6585889801316,8.316585889801317,16633.17177960263,166.33171779602634,20,OS,NA,Summer,N,124,NA,NA
24GO11I54,CECPENG,ON41,PRED,319.389525690924,6.534635918038309,2087.0942664251315,20.870942664251317,41741.88532850263,417.41885328502633,20,OS,NA,Summer,N,124,NA,NA
24GO11I54,CERSP,ON41,NDAP,219.542013823604,3.299766101071615,724.4372949761245,7.244372949761245,14488.74589952249,144.8874589952249,20,OS,NA,Summer,N,124,NA,NA
24GO11I54,CHYSPHA,ON41,NDAP,31.3631448319434,1.87165487949874,58.700983061132554,0.5870098306113255,1174.0196612226512,11.74019661222651,20,OS,NA,Summer,N,124,NA,NA
24GO11I54,CYCCOPE,ON41,CYC,12137.5370499621,1.163940198367071,14127.36728162056,141.2736728162056,282547.3456324112,2825.473456324112,20,OS,NA,Summer,N,124,NA,NA
24GO11I54,DAPGALEM,ON41,DAP,2634.50416588325,4.659648596804112,12275.863639832472,122.75863639832473,245517.27279664946,2455.1727279664947,20,OS,NA,Summer,N,124,NA,NA
24GO11I54,DIACOPE,ON41,CAL,2728.59360037908,4.797822151041297,13091.306817088274,130.91306817088275,261826.1363417655,2618.261363417655,20,OS,NA,Summer,N,124,NA,NA
24GO11I54,DIPSP,ON41,NDAP,13.4413477851186,5.50653466542486,74.01524752878724,0.7401524752878724,1480.304950575745,14.803049505757448,20,OS,NA,Summer,N,124,NA,NA
24GO11I54,DIYTHOM,ON41,CYC,2822.68303487491,4.77264241184958,13471.656767452281,134.71656767452282,269433.1353490456,2694.3313534904564,20,OS,NA,Summer,N,124,NA,NA
24GO11I54,EPICOPE,ON41,CAL,376.357737983321,4.671286397678024,1758.0747821023572,17.58074782102357,35161.49564204714,351.61495642047146,20,OS,NA,Summer,N,124,NA,NA
24GO11I54,EPILACU,ON41,CAL,336.033694627965,17.929877607170404,6025.043016564688,60.250430165646875,120500.86033129375,1205.0086033129376,20,OS,NA,Summer,N,124,NA,NA
24GO11I54,EUBCORE,ON41,NDAP,752.715475966643,2.3854164897525028,1795.5399084627338,17.955399084627338,35910.798169254675,359.1079816925468,20,OS,NA,Summer,N,124,NA,NA
24GO11I54,HOLGIBB,ON41,NDAP,53.7653911404745,5.0355720747437775,270.73950221464986,2.7073950221464984,5414.790044292997,54.147900442929966,20,OS,NA,Summer,N,124,NA,NA
24GO11I54,LEOMINU,ON41,CAL,1223.16264844579,3.9154004881665565,4789.171630831745,47.89171630831745,95783.43261663489,957.834326166349,20,OS,NA,Summer,N,124,NA,NA
24GO11I54,LEOSICI,ON41,CAL,31.3631448319434,14.6035785422582,458.0141488855048,4.580141488855048,9160.282977710096,91.60282977710096,20,OS,NA,Summer,N,124,NA,NA
24GO11I54,LETKIND,ON41,PRED,255.385607917254,8.165781067663396,2085.42296208442,20.854229620844198,41708.4592416884,417.08459241688394,20,OS,NA,Summer,N,124,NA,NA
24GO11I54,LIMMACR,ON41,CAL,13.4413477851186,66.9796792456557,900.2971632765485,9.002971632765485,18005.943265530972,180.0594326553097,20,OS,NA,Summer,N,124,NA,NA
24GO11I54,SKIOREG,ON41,CAL,1505.43095193329,7.25733744924464,10925.420424717475,109.25420424717475,218508.4084943495,2185.0840849434953,20,OS,NA,Summer,N,124,NA,NA
24GO11I54,COPNAUP,ON41,NAU,12607.9842224413,0.09522106877413138,1200.5457327482463,12.005457327482464,24010.914654964927,240.10914654964927,20,OS,NA,Summer,N,124,NA,NA
24GO11I54,DREPOLYV,ON41,DVEL,9455.98816683095,0.2239445727316829,2117.617229776806,21.176172297768062,42352.344595536124,423.52344595536124,20,OS,NA,Summer,N,124,NA,NA
24GO11I54,ASCOVAL,ON41,ROT,1575.99802780516,0.017314764,27.288033915911786,0.27288033915911786,545.7606783182357,5.457606783182357,20,OS,NA,Summer,N,124,NA,NA
24GO11I54,ASPPRIO,ON41,ROT,3939.9950695129,2.676619154274,10545.866270803348,105.45866270803349,210917.32541606697,2109.17325416067,20,OS,NA,Summer,N,124,NA,NA
24GO11I54,COLSP,ON41,ROT,7879.99013902579,0.01193769,94.0688794827468,0.9406887948274679,1881.377589654936,18.81377589654936,20,OS,NA,Summer,N,124,NA,NA
24GO11I54,COOUNIC,ON41,ROT,84315.8944875759,0.021333508300000005,1798.7538348726252,17.987538348726254,35975.0766974525,359.75076697452505,20,OS,NA,Summer,N,124,NA,NA
24GO11I54,KELLONG,ON41,ROT,52795.9339314728,0.012471511400250001,658.4450919132089,6.584450919132089,13168.901838264177,131.6890183826418,20,OS,NA,Summer,N,124,NA,NA
24GO11I54,KERCOCH,ON41,ROT,87467.8905431863,0.0016137095,141.1477659144999,1.411477659144999,2822.955318289998,28.229553182899977,20,OS,NA,Summer,N,124,NA,NA
24GO11I54,KERCOCHH,ON41,ROT,5515.99309731805,0.0026732011428571424,14.745359051742719,0.14745359051742718,294.9071810348544,2.949071810348544,20,OS,NA,Summer,N,124,NA,NA
24GO11I54,KERCRAS,ON41,ROT,23639.9704170774,0.005175704099999999,122.35349181154619,1.223534918115462,2447.069836230924,24.47069836230924,20,OS,NA,Summer,N,124,NA,NA
24GO11I54,KEREARL,ON41,ROT,1575.99802780516,0.002299284,3.62366704936396,0.0362366704936396,72.4733409872792,0.724733409872792,20,OS,NA,Summer,N,124,NA,NA
24GO11I54,KERQUAD,ON41,ROT,787.999013902579,0.0675491817,53.228688569526135,0.5322868856952614,1064.5737713905228,10.645737713905227,20,OS,NA,Summer,N,124,NA,NA
24GO11I54,PLOHUDS,ON41,ROT,787.999013902579,0.06229504,49.08843009102172,0.49088430091021723,981.7686018204345,9.817686018204345,20,OS,NA,Summer,N,124,NA,NA
24GO11I54,POLREMA,ON41,ROT,787.999013902579,0.0110236588,8.686632263998488,0.08686632263998488,173.73264527996977,1.7373264527996977,20,OS,NA,Summer,N,124,NA,NA
24GO11I54,POLSP,ON41,ROT,3939.9950695129,0.054374215280000006,214.23414011183303,2.14234140111833,4284.682802236661,42.8468280223666,20,OS,NA,Summer,N,124,NA,NA
24GO11I54,SYNSP,ON41,ROT,1575.99802780516,0.007089985,11.173802377168167,0.11173802377168167,223.47604754336334,2.2347604754336334,20,OS,NA,Summer,N,124,NA,NA
24GS00I14,CYCCOPE,SU01M,CYC,153.234682236437,1.6035530982751536,245.7199494634472,2.4571994946344717,4914.398989268944,49.14398989268943,20,OS,NA,Spring,N,96.2,NA,NA
24GS00I14,DIACOPE,SU01M,CAL,39.9048651657387,4.339750439674971,173.17715614818493,1.7317715614818494,3463.543122963699,34.635431229636986,20,OS,NA,Spring,N,96.2,NA,NA
24GS00I14,DIYTHOM,SU01M,CYC,363.932370311537,4.340048124167294,1579.484001094343,15.79484001094343,31589.68002188686,315.8968002188686,20,OS,NA,Spring,N,96.2,NA,NA
24GS00I14,LEOSICI,SU01M,CAL,627.304480405412,9.198476263755758,5770.245373156822,57.70245373156822,115404.90746313645,1154.0490746313644,20,OS,NA,Spring,N,96.2,NA,NA
24GS00I14,LIMCOPE,SU01M,CAL,52.6744220187751,2.894663721867462,152.4747384880849,1.524747384880849,3049.494769761698,30.49494769761698,20,OS,NA,Spring,N,96.2,NA,NA
24GS00I14,LIMMACR,SU01M,CAL,4.78858381988864,47.251951325168115,226.2699295738656,2.262699295738656,4525.398591477312,45.25398591477312,20,OS,NA,Spring,N,96.2,NA,NA
24GS00I14,COPNAUP,SU01M,NAU,5173.61588765657,0.08484665216033865,438.9639876311987,4.389639876311986,8779.279752623974,87.79279752623972,20,OS,NA,Spring,N,96.2,NA,NA
24GS00I14,COLSP,SU01M,ROT,83.9872709035157,0.021444552,1.801069398228529,0.01801069398228529,36.02138796457058,0.3602138796457058,20,OS,NA,Spring,N,96.2,NA,NA
24GS00I14,KELLONG,SU01M,ROT,604.708350505313,0.005370918682500001,3.247839377192744,0.03247839377192744,64.95678754385489,0.6495678754385488,20,OS,NA,Spring,N,96.2,NA,NA
24GS00I14,KERCOCH,SU01M,ROT,134.379633445625,0.002144478,0.288174167572207,0.00288174167572207,5.7634833514441395,0.0576348335144414,20,OS,NA,Spring,N,96.2,NA,NA
24GS00I14,NOTSQUA,SU01M,ROT,201.569450168438,0.003947823833333333,0.7957606794468552,0.007957606794468552,15.915213588937105,0.15915213588937105,20,OS,NA,Spring,N,96.2,NA,NA
24GS00I14,POLSP,SU01M,ROT,16.7974541807031,0.0506053856,0.8500416459128124,0.008500416459128125,17.000832918256247,0.17000832918256248,20,OS,NA,Spring,N,96.2,NA,NA
24GS00I14,SYNSP,SU01M,ROT,251.961812710547,0.053316486,13.433718459916502,0.13433718459916502,268.67436919833006,2.6867436919833003,20,OS,NA,Spring,N,96.2,NA,NA
24GS00I34,CYCCOPE,SU02,CYC,268.598229491216,1.7652028546026934,474.1303614391238,4.741303614391239,9482.607228782475,94.82607228782477,20,OS,NA,Spring,N,156.4,NA,NA
24GS00I34,DIACOPE,SU02,CAL,41.1850618553198,3.7121466508263437,152.8849894303012,1.528849894303012,3057.699788606024,30.57699788606024,20,OS,NA,Spring,N,156.4,NA,NA
24GS00I34,DIYTHOM,SU02,CYC,386.781450467351,3.237851481627131,1252.3408924616033,12.523408924616033,25046.817849232066,250.46817849232067,20,OS,NA,Spring,N,156.4,NA,NA
24GS00I34,LEOSICI,SU02,CAL,752.075042575404,9.769309077921678,7347.253540710227,73.47253540710227,146945.07081420455,1469.4507081420454,20,OS,NA,Spring,N,156.4,NA,NA
24GS00I34,LIMCOPE,SU02,CAL,64.4635750778918,2.043880355570845,131.75583475156935,1.3175583475156936,2635.1166950313873,26.35116695031387,20,OS,NA,Spring,N,156.4,NA,NA
24GS00I34,LIMMACR,SU02,CAL,6.13938810265636,47.76454832836545,293.2450997359216,2.932450997359216,5864.9019947184315,58.649019947184314,20,OS,NA,Spring,N,156.4,NA,NA
24GS00I34,SENCOPE,SU02,CAL,3.58130972654954,3.642951830514125,13.046538823971687,0.13046538823971687,260.93077647943375,2.6093077647943375,20,OS,NA,Spring,N,156.4,NA,NA
24GS00I34,COPNAUP,SU02,NAU,4976.49566537186,0.09656283220917505,480.54451592498987,4.805445159249898,9610.890318499798,96.10890318499797,20,OS,NA,Spring,N,156.4,NA,NA
24GS00I34,COLSP,SU02,ROT,95.0166236825176,0.024328845,2.3116447099953,0.023116447099953003,46.232894199906,0.46232894199906005,20,OS,NA,Spring,N,156.4,NA,NA
24GS00I34,GASSTYL,SU02,ROT,11.8770779603147,0.02809856,0.33372878769258024,0.0033372878769258024,6.674575753851605,0.06674575753851605,20,OS,NA,Spring,N,156.4,NA,NA
24GS00I34,KELLONG,SU02,ROT,463.206040452273,0.0051889488735,2.4035524618032174,0.024035524618032173,48.07104923606435,0.48071049236064345,20,OS,NA,Spring,N,156.4,NA,NA
24GS00I34,KERCOCH,SU02,ROT,142.524935523776,0.0020155353333333333,0.28726404342922573,0.002872640434292257,5.745280868584515,0.057452808685845146,20,OS,NA,Spring,N,156.4,NA,NA
24GS00I34,NOTSQUA,SU02,ROT,166.279091444406,0.00388144075,0.6454024414052938,0.006454024414052938,12.908048828105876,0.12908048828105875,20,OS,NA,Spring,N,156.4,NA,NA
24GS00I34,POLSP,SU02,ROT,47.5083118412588,0.047600175700000004,2.2614039908543098,0.022614039908543097,45.2280798170862,0.452280798170862,20,OS,NA,Spring,N,156.4,NA,NA
24GS00I34,SYNSP,SU02,ROT,35.6312338809441,0.03899712,1.389515503403243,0.013895155034032429,27.79031006806486,0.2779031006806486,20,OS,NA,Spring,N,156.4,NA,NA
24GS00I54,CYCCOPE,SU03,CYC,198.426942036636,1.5345160671197575,304.48933070465876,3.0448933070465873,6089.786614093175,60.89786614093175,20,OS,NA,Spring,N,163,NA,NA
24GS00I54,DAPGALEM,SU03,DAP,2.20474380040706,1.15895408362553,2.5551968308298325,0.025551968308298326,51.10393661659665,0.5110393661659665,20,OS,NA,Spring,N,163,NA,NA
24GS00I54,DIACOPE,SU03,CAL,59.5280826109907,3.163627921908007,188.32470428577668,1.8832470428577668,3766.4940857155334,37.66494085715534,20,OS,NA,Spring,N,163,NA,NA
24GS00I54,DIYTHOM,SU03,CYC,529.138512097695,3.4444707395563747,1822.6021220929072,18.22602122092907,36452.042441858146,364.5204244185814,20,OS,NA,Spring,N,163,NA,NA
24GS00I54,LEOSICI,SU03,CAL,952.449321775851,10.101554249519404,9621.218493836723,96.21218493836723,192424.36987673445,1924.2436987673445,20,OS,NA,Spring,N,163,NA,NA
24GS00I54,LIMCOPE,SU03,CAL,52.9138512097695,2.3749187947822,125.66609974239044,1.2566609974239045,2513.321994847809,25.13321994847809,20,OS,NA,Spring,N,163,NA,NA
24GS00I54,LIMMACR,SU03,CAL,3.77956080069782,44.182817647121425,166.99164564344002,1.6699164564344002,3339.8329128688006,33.398329128688005,20,OS,NA,Spring,N,163,NA,NA
24GS00I54,MYSDILU,SU03,MAL,0.413389462576324,2997.545191349255,1239.1535957001129,12.391535957001128,24783.071914002256,247.83071914002255,20,OS,NA,Spring,N,163,NA,NA
24GS00I54,SENCOPE,SU03,CAL,13.2284628024424,8.29758425963495,109.7642847287125,1.097642847287125,2195.28569457425,21.952856945742496,20,OS,NA,Spring,N,163,NA,NA
24GS00I54,COPNAUP,SU03,NAU,7107.71507217168,0.10939504541742431,777.5488131343322,7.775488131343322,15550.976262686645,155.50976262686643,20,OS,NA,Spring,N,163,NA,NA
24GS00I54,COLSP,SU03,ROT,235.115256840284,0.030846669230769223,7.252522558859591,0.07252522558859592,145.05045117719183,1.4505045117719184,20,OS,NA,Spring,N,163,NA,NA
24GS00I54,KELLONG,SU03,ROT,705.345770520853,0.005243727966750001,3.6986413431090255,0.036986413431090256,73.97282686218051,0.7397282686218052,20,OS,NA,Spring,N,163,NA,NA
24GS00I54,KERCOCH,SU03,ROT,434.058935705141,0.0019568594000000006,0.849392308488601,0.00849392308488601,16.98784616977202,0.1698784616977202,20,OS,NA,Spring,N,163,NA,NA
24GS00I54,NOTSQUA,SU03,ROT,217.02946785257,0.004345015208333334,0.942996338475907,0.00942996338475907,18.85992676951814,0.1885992676951814,20,OS,NA,Spring,N,163,NA,NA
24GS00I54,POLSP,SU03,ROT,90.428944938571,0.04925316704,4.453911930310399,0.04453911930310399,89.07823860620798,0.8907823860620798,20,OS,NA,Spring,N,163,NA,NA
24GS00I54,SYNSP,SU03,ROT,397.887357729712,0.036025595,14.334128805190725,0.14334128805190724,286.6825761038145,2.866825761038145,20,OS,NA,Spring,N,163,NA,NA
24GS00I74,CYCCOPE,SU04,CYC,224.797407100328,1.471685014807375,330.8309753971057,3.308309753971057,6616.619507942114,66.16619507942114,20,OS,NA,Spring,N,148.6,NA,NA
24GS00I74,DAPGALEM,SU04,DAP,1.15280721589912,1.04724697751024,1.2072738725023482,0.012072738725023482,24.145477450046965,0.24145477450046965,20,OS,NA,Spring,N,148.6,NA,NA
24GS00I74,DIACOPE,SU04,CAL,33.4314092610744,3.663696983883688,122.48255327677948,1.2248255327677948,2449.6510655355896,24.496510655355898,20,OS,NA,Spring,N,148.6,NA,NA
24GS00I74,DIYTHOM,SU04,CYC,242.089515338815,3.307801111082785,800.7839678192253,8.007839678192253,16015.679356384506,160.15679356384507,20,OS,NA,Spring,N,148.6,NA,NA
24GS00I74,LEOSICI,SU04,CAL,708.976437777957,11.718865454529137,8308.399484751226,83.08399484751226,166167.9896950245,1661.6798969502452,20,OS,NA,Spring,N,148.6,NA,NA
24GS00I74,LIMCOPE,SU04,CAL,107.211071078618,2.1010838893916524,225.25945420770762,2.2525945420770763,4505.189084154153,45.05189084154153,20,OS,NA,Spring,N,148.6,NA,NA
24GS00I74,LIMMACR,SU04,CAL,10.3752649430921,48.49900544477786,503.1900309660366,5.031900309660366,10063.800619320733,100.63800619320732,20,OS,NA,Spring,N,148.6,NA,NA
24GS00I74,SENCOPE,SU04,CAL,2.30561443179824,5.391765640902665,12.431332674539071,0.12431332674539071,248.62665349078142,2.486266534907814,20,OS,NA,Spring,N,148.6,NA,NA
24GS00I74,COPNAUP,SU04,NAU,4998.50003768758,0.09781594850240295,488.9330222757075,4.889330222757075,9778.66044551415,97.7866044551415,20,OS,NA,Spring,N,148.6,NA,NA
24GS00I74,COLSP,SU04,ROT,67.5472978065889,0.023399568,1.5805775882415278,0.015805775882415277,31.61155176483056,0.31611551764830553,20,OS,NA,Spring,N,148.6,NA,NA
24GS00I74,COOUNIC,SU04,ROT,54.0378382452711,0.0134861935,0.7287647428974264,0.0072876474289742645,14.575294857948528,0.1457529485794853,20,OS,NA,Spring,N,148.6,NA,NA
24GS00I74,KELLONG,SU04,ROT,405.283786839534,0.004874041215749999,1.975369881131126,0.01975369881131126,39.50739762262252,0.3950739762262252,20,OS,NA,Spring,N,148.6,NA,NA
24GS00I74,KERCOCH,SU04,ROT,67.5472978065889,0.0020644348,0.1394469922378858,0.001394469922378858,2.788939844757716,0.02788939844757716,20,OS,NA,Spring,N,148.6,NA,NA
24GS00I74,NOTSQUA,SU04,ROT,135.094595613178,0.0045529344,0.6150768316213272,0.006150768316213272,12.301536632426544,0.12301536632426543,20,OS,NA,Spring,N,148.6,NA,NA
24GS00I74,POLSP,SU04,ROT,27.0189191226356,0.043151708600000005,1.1659125246669393,0.011659125246669393,23.318250493338788,0.23318250493338785,20,OS,NA,Spring,N,148.6,NA,NA
24GS00I74,SYNSP,SU04,ROT,54.0378382452711,0.06147162,3.3217934582347715,0.033217934582347716,66.43586916469543,0.6643586916469544,20,OS,NA,Spring,N,148.6,NA,NA
24GS00I94,CYCCOPE,SU05,CYC,134.605410972221,1.6375913446106722,220.42865594587153,2.204286559458715,4408.57311891743,44.085731189174304,20,OS,NA,Spring,N,163.3,NA,NA
24GS00I94,DIACOPE,SU05,CAL,16.2454806345784,3.366508307379917,54.69054551368775,0.5469054551368775,1093.810910273755,10.938109102737549,20,OS,NA,Spring,N,163.3,NA,NA
24GS00I94,DIYTHOM,SU05,CYC,257.606907205457,3.772233879689998,971.7535030025823,9.717535030025823,19435.070060051647,194.35070060051646,20,OS,NA,Spring,N,163.3,NA,NA
24GS00I94,HARSP,SU05,CYC,2.32078294779691,0.888114033983225,2.061119905767394,0.020611199057673942,41.222398115347886,0.41222398115347886,20,OS,NA,Spring,N,163.3,NA,NA
24GS00I94,LEOSICI,SU05,CAL,703.197233182463,10.214951595621754,7183.125699134003,71.83125699134003,143662.51398268007,1436.6251398268005,20,OS,NA,Spring,N,163.3,NA,NA
24GS00I94,LIMCOPE,SU05,CAL,208.870465301722,2.8772850918857666,600.979875947888,6.00979875947888,12019.59751895776,120.1959751895776,20,OS,NA,Spring,N,163.3,NA,NA
24GS00I94,LIMMACR,SU05,CAL,4.97310631670766,51.39116206911426,255.5737127088592,2.5557371270885922,5111.474254177184,51.11474254177185,20,OS,NA,Spring,N,163.3,NA,NA
24GS00I94,COPNAUP,SU05,NAU,5559.00040464478,0.11132609797720043,618.8618237027816,6.188618237027816,12377.236474055633,123.77236474055633,20,OS,NA,Spring,N,163.3,NA,NA
24GS00I94,COLSP,SU05,ROT,63.5314331959404,0.03020004,1.918651823774728,0.01918651823774728,38.37303647549456,0.3837303647549456,20,OS,NA,Spring,N,163.3,NA,NA
24GS00I94,KELLONG,SU05,ROT,460.602890670568,0.00500898434925,2.307152670588184,0.02307152670588184,46.14305341176368,0.4614305341176368,20,OS,NA,Spring,N,163.3,NA,NA
24GS00I94,KERCOCH,SU05,ROT,47.6485748969553,0.0018791953333333333,0.08954097958634222,8.954097958634222e-4,1.7908195917268444,0.017908195917268444,20,OS,NA,Spring,N,163.3,NA,NA
24GS00I94,NOTLAUR,SU05,ROT,47.6485748969553,0.02489168966666667,1.1860535393939353,0.011860535393939354,23.721070787878705,0.23721070787878706,20,OS,NA,Spring,N,163.3,NA,NA
24GS00I94,NOTSQUA,SU05,ROT,254.125732783761,0.004812672375,1.2230238939450386,0.012230238939450386,24.46047787890077,0.24460477878900772,20,OS,NA,Spring,N,163.3,NA,NA
24GS00I94,POLSP,SU05,ROT,31.7657165979702,0.041007443399999996,1.3026308254517034,0.013026308254517035,26.052616509034067,0.2605261650903407,20,OS,NA,Spring,N,163.3,NA,NA
24GS00I94,SYNSP,SU05,ROT,174.711441288836,0.04613151454545454,8.059703395073265,0.08059703395073266,161.1940679014653,1.611940679014653,20,OS,NA,Spring,N,163.3,NA,NA
24GS01I14,CYCCOPE,SU06,CYC,299.939477445752,1.7702102520631786,530.9559379729427,5.309559379729427,10619.118759458854,106.19118759458854,20,OS,NA,Spring,D,171.8,NA,NA
24GS01I14,DIACOPE,SU06,CAL,64.1380014663873,3.5965641752470865,230.67643834595364,2.3067643834595364,4613.528766919073,46.13528766919073,20,OS,NA,Spring,D,171.8,NA,NA
24GS01I14,DIYTHOM,SU06,CYC,775.315253020152,4.037957418452029,3130.6899775717347,31.306899775717348,62613.7995514347,626.1379955143469,20,OS,NA,Spring,D,171.8,NA,NA
24GS01I14,LEOSICI,SU06,CAL,679.108250820571,8.877967834622925,6029.101207012068,60.29101207012068,120582.02414024135,1205.8202414024136,20,OS,NA,Spring,D,171.8,NA,NA
24GS01I14,LIMCOPE,SU06,CAL,94.320590391746,4.288264029328856,404.47159500198524,4.044715950019852,8089.4319000397045,80.89431900039705,20,OS,NA,Spring,D,171.8,NA,NA
24GS01I14,LIMMACR,SU06,CAL,3.23384881343129,49.342189428972354,159.5651807369842,1.5956518073698418,3191.303614739684,31.913036147396838,20,OS,NA,Spring,D,171.8,NA,NA
24GS01I14,COPNAUP,SU06,NAU,6048.66156108468,0.11381319138758106,688.4174758904355,6.884174758904355,13768.34951780871,137.6834951780871,20,OS,NA,Spring,D,171.8,NA,NA
24GS01I14,COLSP,SU06,ROT,86.6570424224166,0.018927432,1.6401952777714055,0.016401952777714054,32.80390555542811,0.3280390555542811,20,OS,NA,Spring,D,171.8,NA,NA
24GS01I14,GASSTYL,SU06,ROT,17.3314084844833,0.02249728,0.3899095494697965,0.003899095494697965,7.7981909893959305,0.0779819098939593,20,OS,NA,Spring,D,171.8,NA,NA
24GS01I14,KELLONG,SU06,ROT,433.285212112083,0.005476490964,2.372882548966646,0.023728825489666462,47.457650979332925,0.4745765097933292,20,OS,NA,Spring,D,171.8,NA,NA
24GS01I14,KERCOCH,SU06,ROT,658.593522410367,0.0020939391,1.3790547275817937,0.013790547275817936,27.581094551635875,0.2758109455163587,20,OS,NA,Spring,D,171.8,NA,NA
24GS01I14,KEREARL,SU06,ROT,103.9884509069,0.0034668573333333334,0.3605131236085596,0.0036051312360855957,7.210262472171191,0.07210262472171192,20,OS,NA,Spring,D,171.8,NA,NA
24GS01I14,NOTLAUR,SU06,ROT,138.651267875867,0.0056361086250000005,0.7814536067423595,0.007814536067423595,15.62907213484719,0.15629072134847188,20,OS,NA,Spring,D,171.8,NA,NA
24GS01I14,POLSP,SU06,ROT,138.651267875867,0.0664350071,9.211297965757227,0.09211297965757227,184.22595931514454,1.8422595931514454,20,OS,NA,Spring,D,171.8,NA,NA
24GS01I14,SYNSP,SU06,ROT,86.6570424224166,0.047174832,4.088031417894376,0.04088031417894376,81.76062835788753,0.8176062835788751,20,OS,NA,Spring,D,171.8,NA,NA
24GS01I34,CYCCOPE,SU07,CYC,383.43370441862,1.6796544518418801,644.0361286129586,6.440361286129586,12880.722572259172,128.8072257225917,20,OS,NA,Spring,D,205,NA,NA
24GS01I34,DIACOPE,SU07,CAL,48.5682692263585,4.122955142811689,200.24479538427747,2.0024479538427746,4004.8959076855494,40.048959076855496,20,OS,NA,Spring,D,205,NA,NA
24GS01I34,DIYTHOM,SU07,CYC,337.421659888385,3.499208049055101,1180.7085882069696,11.807085882069696,23614.17176413939,236.14171764139394,20,OS,NA,Spring,D,205,NA,NA
24GS01I34,LEOSICI,SU07,CAL,575.15055662793,10.70989966079268,6159.804751334188,61.59804751334188,123196.09502668376,1231.9609502668377,20,OS,NA,Spring,D,205,NA,NA
24GS01I34,LIMCOPE,SU07,CAL,143.148582982951,2.1746983099455788,311.304981484128,3.11304981484128,6226.09962968256,62.260996296825596,20,OS,NA,Spring,D,205,NA,NA
24GS01I34,LIMMACR,SU07,CAL,1.09552486976748,46.8358913315657,51.309883751457356,0.5130988375145735,1026.1976750291471,10.26197675029147,20,OS,NA,Spring,D,205,NA,NA
24GS01I34,COPNAUP,SU07,NAU,5450.27046224542,0.10278134429532612,560.1861248826928,5.6018612488269275,11203.722497653855,112.03722497653855,20,OS,NA,Spring,D,205,NA,NA
24GS01I34,COLSP,SU07,ROT,143.42817005909,0.02263154,3.246000367819098,0.03246000367819098,64.92000735638196,0.6492000735638195,20,OS,NA,Spring,D,205,NA,NA
24GS01I34,GASSTYL,SU07,ROT,15.9364633398989,0.02662,0.4242286541081087,0.0042422865410810875,8.484573082162175,0.08484573082162175,20,OS,NA,Spring,D,205,NA,NA
24GS01I34,KELLONG,SU07,ROT,780.886703655045,0.005909415665999999,4.614584119950222,0.04614584119950222,92.29168239900444,0.9229168239900444,20,OS,NA,Spring,D,205,NA,NA
24GS01I34,KERCOCH,SU07,ROT,270.919876778281,0.0020393276470588233,0.552494394851718,0.005524943948517181,11.04988789703436,0.1104988789703436,20,OS,NA,Spring,D,205,NA,NA
24GS01I34,NOTSQUA,SU07,ROT,63.7458533595955,0.004461540125000001,0.28440468256620144,0.0028440468256620143,5.688093651324029,0.056880936513240284,20,OS,NA,Spring,D,205,NA,NA
24GS01I34,POLSP,SU07,ROT,63.7458533595955,0.0782232913,4.986410456514722,0.04986410456514722,99.72820913029445,0.9972820913029444,20,OS,NA,Spring,D,205,NA,NA
24GS01I34,SYNSP,SU07,ROT,15.9364633398989,0.06751269,1.075913509162959,0.01075913509162959,21.51827018325918,0.2151827018325918,20,OS,NA,Spring,D,205,NA,NA
24GS01I54,CYCCOPE,SU08M,CYC,132.284628024424,1.5201771161314201,201.09606433868652,2.010960643386865,4021.9212867737306,40.2192128677373,20,OS,NA,Spring,D,306,NA,NA
24GS01I54,DIACOPE,SU08M,CAL,25.7220110047491,4.073564542854203,104.78027199985154,1.0478027199985154,2095.6054399970308,20.956054399970306,20,OS,NA,Spring,D,306,NA,NA
24GS01I54,DIYTHOM,SU08M,CYC,110.237190020353,2.8690914425838114,316.28057854188035,3.1628057854188034,6325.611570837607,63.25611570837607,20,OS,NA,Spring,D,306,NA,NA
24GS01I54,LEOSICI,SU08M,CAL,394.097954322763,10.598616101294434,4176.892924172434,41.76892924172434,83537.85848344867,835.3785848344867,20,OS,NA,Spring,D,306,NA,NA
24GS01I54,LIMCOPE,SU08M,CAL,173.623574282056,2.058344597105614,357.3771460536352,3.573771460536352,7147.542921072704,71.47542921072704,20,OS,NA,Spring,D,306,NA,NA
24GS01I54,LIMMACR,SU08M,CAL,5.51185950101766,46.751131906793304,257.6856705837885,2.5768567058378853,5153.713411675771,51.537134116757706,20,OS,NA,Spring,D,306,NA,NA
24GS01I54,SENCOPE,SU08M,CAL,5.51185950101766,7.892299874476133,43.50124804801175,0.43501248048011754,870.024960960235,8.70024960960235,20,OS,NA,Spring,D,306,NA,NA
24GS01I54,COPNAUP,SU08M,NAU,2687.03150674611,0.10207682065733532,274.2836332147322,2.742836332147322,5485.672664294644,54.85672664294644,20,OS,NA,Spring,D,306,NA,NA
24GS01I54,COLSP,SU08M,ROT,55.1185950101766,0.03168432,1.7463952022528386,0.017463952022528387,34.92790404505677,0.34927904045056773,20,OS,NA,Spring,D,306,NA,NA
24GS01I54,GASSTYL,SU08M,ROT,6.88982437627207,0.08661494,0.5967617249613428,0.005967617249613429,11.935234499226857,0.11935234499226857,20,OS,NA,Spring,D,306,NA,NA
24GS01I54,KELLONG,SU08M,ROT,68.8982437627207,0.009030541275,0.6221884340742605,0.006221884340742605,12.44376868148521,0.1244376868148521,20,OS,NA,Spring,D,306,NA,NA
24GS01I54,KERCOCH,SU08M,ROT,34.4491218813604,0.0021455284,0.07391156935152017,7.391156935152017e-4,1.4782313870304034,0.014782313870304034,20,OS,NA,Spring,D,306,NA,NA
24GS01I54,NOTSP,SU08M,ROT,13.7796487525441,0.00881014225,0.12140066566494857,0.0012140066566494858,2.4280133132989716,0.024280133132989715,20,OS,NA,Spring,D,306,NA,NA
24GS01I54,POLSP,SU08M,ROT,6.88982437627207,0.0317332708,0.2186366626966827,0.002186366626966827,4.372733253933654,0.04372733253933654,20,OS,NA,Spring,D,306,NA,NA
24GS01I54,SYNSP,SU08M,ROT,55.1185950101766,0.049303005,2.7175123653797115,0.027175123653797116,54.35024730759423,0.5435024730759423,20,OS,NA,Spring,D,306,NA,NA
24GS01I74,CYCCOPE,SU09,CYC,225.765765161683,1.6762204911069776,378.4332017544588,3.784332017544588,7568.664035089177,75.68664035089176,20,OS,NA,Spring,D,241.3,NA,NA
24GS01I74,DIACOPE,SU09,CAL,32.9241740860788,3.777984172168729,124.38700857893353,1.2438700857893352,2487.7401715786705,24.877401715786704,20,OS,NA,Spring,D,241.3,NA,NA
24GS01I74,DIYTHOM,SU09,CYC,331.593467581222,3.5909416214082794,1190.7327841245071,11.90732784124507,23814.65568249014,238.1465568249014,20,OS,NA,Spring,D,241.3,NA,NA
24GS01I74,LEOSICI,SU09,CAL,705.51801613026,10.626248981189907,7497.010100115299,74.97010100115298,149940.20200230597,1499.4020200230598,20,OS,NA,Spring,D,241.3,NA,NA
24GS01I74,LIMCOPE,SU09,CAL,261.041665968196,2.596137008334184,677.6999297372438,6.776999297372438,13553.998594744877,135.53998594744877,20,OS,NA,Spring,D,241.3,NA,NA
24GS01I74,LIMMACR,SU09,CAL,6.04729728111651,50.017323002428505,302.46962140131217,3.0246962140131215,6049.392428026244,60.49392428026243,20,OS,NA,Spring,D,241.3,NA,NA
24GS01I74,SENCOPE,SU09,CAL,2.3517267204342,3.60510408163437,8.478219598725945,0.08478219598725945,169.56439197451888,1.695643919745189,20,OS,NA,Spring,D,241.3,NA,NA
24GS01I74,COPNAUP,SU09,NAU,4690.04124941593,0.169376304262194,794.381853663313,7.94381853663313,15887.63707326626,158.8763707326626,20,OS,NA,Spring,D,241.3,NA,NA
24GS01I74,COLSP,SU09,ROT,28.0002462651697,0.03792411,1.0618844193873849,0.010618844193873848,21.237688387747696,0.21237688387747697,20,OS,NA,Spring,D,241.3,NA,NA
24GS01I74,KELLONG,SU09,ROT,364.003201447206,0.005575171649250001,2.0293803289446997,0.020293803289446997,40.587606578894,0.4058760657889399,20,OS,NA,Spring,D,241.3,NA,NA
24GS01I74,KERCOCH,SU09,ROT,154.001354458433,0.0021447503636363636,0.33029446097521675,0.0033029446097521675,6.605889219504335,0.06605889219504335,20,OS,NA,Spring,D,241.3,NA,NA
24GS01I74,POLSP,SU09,ROT,56.0004925303394,0.060471118399999996,3.386412414260469,0.03386412414260469,67.72824828520938,0.6772824828520938,20,OS,NA,Spring,D,241.3,NA,NA
24GS01I74,SYNSP,SU09,ROT,84.0007387955091,0.042183780000000004,3.543468685187221,0.03543468685187221,70.86937370374442,0.7086937370374442,20,OS,NA,Spring,D,241.3,NA,NA
24GS01I94,CYCCOPE,SU10,CYC,46.4876212178854,1.480340388460538,68.81750325229082,0.6881750325229082,1376.3500650458163,13.763500650458164,20,OS,NA,Spring,D,163.3,NA,NA
24GS01I94,DIACOPE,SU10,CAL,24.6110935859393,4.825045962939675,118.74965775036695,1.1874965775036694,2374.993155007339,23.749931550073388,20,OS,NA,Spring,D,163.3,NA,NA
24GS01I94,DIYTHOM,SU10,CYC,254.314633721373,4.772128463558262,1213.622102281158,12.136221022811581,24272.44204562316,242.72442045623163,20,OS,NA,Spring,D,163.3,NA,NA
24GS01I94,LEOSICI,SU10,CAL,451.203382408887,9.18481964200061,4144.221689286258,41.44221689286258,82884.43378572515,828.8443378572516,20,OS,NA,Spring,D,163.3,NA,NA
24GS01I94,LIMCOPE,SU10,CAL,159.972108308605,5.0561523755775095,808.8433554506958,8.088433554506958,16176.867109013914,161.76867109013915,20,OS,NA,Spring,D,163.3,NA,NA
24GS01I94,LIMMACR,SU10,CAL,2.9298920935642,45.30740550569962,132.74580917105644,1.3274580917105643,2654.9161834211286,26.549161834211287,20,OS,NA,Spring,D,163.3,NA,NA
24GS01I94,COPNAUP,SU10,NAU,7939.38497148911,0.1483389848652848,1177.7203071253928,11.777203071253927,23554.406142507854,235.54406142507855,20,OS,NA,Spring,D,163.3,NA,NA
24GS01I94,COLSP,SU10,ROT,47.6839938227574,0.03993363,1.9041949662402795,0.019041949662402795,38.08389932480559,0.3808389932480559,20,OS,NA,Spring,D,163.3,NA,NA
24GS01I94,COOUNIC,SU10,ROT,23.8419969113787,0.04397328,1.0484108059431907,0.010484108059431906,20.968216118863815,0.20968216118863814,20,OS,NA,Spring,D,163.3,NA,NA
24GS01I94,KELLONG,SU10,ROT,309.945959847923,0.006092585205,1.8883721693189797,0.018883721693189796,37.7674433863796,0.37767443386379596,20,OS,NA,Spring,D,163.3,NA,NA
24GS01I94,KERCOCH,SU10,ROT,47.6839938227574,0.002,0.09536798764551481,9.536798764551481e-4,1.9073597529102961,0.01907359752910296,20,OS,NA,Spring,D,163.3,NA,NA
24GS01I94,NOTLAUR,SU10,ROT,166.893978379651,0.0054785785,0.9143417617302209,0.009143417617302209,18.286835234604418,0.18286835234604418,20,OS,NA,Spring,D,163.3,NA,NA
24GS01I94,POLSP,SU10,ROT,47.6839938227574,0.09091122039999999,4.3350100719729365,0.04335010071972936,86.70020143945874,0.8670020143945872,20,OS,NA,Spring,D,163.3,NA,NA
24GS01I94,SYNSP,SU10,ROT,452.997941316195,0.05322435263157895,24.11052216999247,0.2411052216999247,482.2104433998494,4.822104433998494,20,OS,NA,Spring,D,163.3,NA,NA
24GS02I14,BOSLONG,SU11,NDAP,1.65614557777056,3.27276310485274,5.420172143192513,0.05420172143192513,108.40344286385026,1.0840344286385026,20,OS,NA,Spring,N,234.1,NA,NA
24GS02I14,CYCCOPE,SU11,CYC,183.832159132533,1.5474077094385268,284.4633002844117,2.844633002844117,5689.266005688233,56.892660056882335,20,OS,NA,Spring,N,234.1,NA,NA
24GS02I14,DIACOPE,SU11,CAL,33.1229115554113,3.9881421820412393,132.098880766157,1.3209888076615701,2641.97761532314,26.419776153231403,20,OS,NA,Spring,N,234.1,NA,NA
24GS02I14,DIYTHOM,SU11,CYC,198.737469332468,3.683948932186447,732.1386879327823,7.321386879327823,14642.773758655647,146.42773758655647,20,OS,NA,Spring,N,234.1,NA,NA
24GS02I14,LEOSICI,SU11,CAL,452.127742731364,10.47212569833999,4734.738553589568,47.34738553589568,94694.77107179136,946.9477107179137,20,OS,NA,Spring,N,234.1,NA,NA
24GS02I14,LIMCOPE,SU11,CAL,193.769032599156,3.0819842508006494,597.1931067634764,5.971931067634764,11943.862135269528,119.43862135269528,20,OS,NA,Spring,N,234.1,NA,NA
24GS02I14,LIMMACR,SU11,CAL,6.38799008568646,49.72804263854161,317.66224335559735,3.1766224335559734,6353.244867111947,63.53244867111947,20,OS,NA,Spring,N,234.1,NA,NA
24GS02I14,SENCOPE,SU11,CAL,6.62458231108226,5.71912881768234,37.88683960041923,0.3788683960041923,757.7367920083846,7.577367920083846,20,OS,NA,Spring,N,234.1,NA,NA
24GS02I14,COPNAUP,SU11,NAU,3380.08961513111,0.13057218952557534,441.3457018403283,4.413457018403283,8826.914036806565,88.26914036806565,20,OS,NA,Spring,N,234.1,NA,NA
24GS02I14,COLSP,SU11,ROT,32.605366062358,0.017281019999999998,0.5634539830309298,0.005634539830309298,11.269079660618594,0.11269079660618596,20,OS,NA,Spring,N,234.1,NA,NA
24GS02I14,KELLONG,SU11,ROT,217.369107082386,0.005337151611749998,1.1601318802094143,0.011601318802094142,23.202637604188286,0.23202637604188284,20,OS,NA,Spring,N,234.1,NA,NA
24GS02I14,KERCOCH,SU11,ROT,65.2107321247159,0.002074542333333333,0.13528242438038307,0.0013528242438038307,2.7056484876076614,0.027056484876076613,20,OS,NA,Spring,N,234.1,NA,NA
24GS02I14,KEREARL,SU11,ROT,10.8684553541193,0.003121792,0.0339290569768468,3.39290569768468e-4,0.6785811395369359,0.00678581139536936,20,OS,NA,Spring,N,234.1,NA,NA
24GS02I14,POLSP,SU11,ROT,10.8684553541193,0.0708390144,0.7699106653362142,0.007699106653362142,15.398213306724283,0.15398213306724284,20,OS,NA,Spring,N,234.1,NA,NA
24GS02I14,SYNSP,SU11,ROT,21.7369107082386,0.0219856,0.4778990240670506,0.0047789902406705055,9.557980481341012,0.09557980481341011,20,OS,NA,Spring,N,234.1,NA,NA
24GS02I34,CYCCOPE,SU12,CYC,112.105616969851,1.4527082819581998,162.85675822613626,1.6285675822613626,3257.135164522725,32.57135164522725,20,OS,NA,Spring,D,243.2,NA,NA
24GS02I34,DAPGALEM,SU12,DAP,2.98948311919602,0.935989092077578,2.7981235905175286,0.027981235905175286,55.96247181035057,0.5596247181035057,20,OS,NA,Spring,D,243.2,NA,NA
24GS02I34,DIACOPE,SU12,CAL,23.9158649535681,4.139966836466264,99.01088777317771,0.9901088777317771,1980.2177554635543,19.80217755463554,20,OS,NA,Spring,D,243.2,NA,NA
24GS02I34,DIYTHOM,SU12,CYC,224.211233939701,3.5075964608437493,786.4425306483051,7.864425306483051,15728.850612966104,157.28850612966102,20,OS,NA,Spring,D,243.2,NA,NA
24GS02I34,LEOSICI,SU12,CAL,210.758559903319,10.193255715744254,2148.315895376534,21.48315895376534,42966.31790753068,429.6631790753068,20,OS,NA,Spring,D,243.2,NA,NA
24GS02I34,LIMCOPE,SU12,CAL,264.569256048848,3.070326711541175,812.3140538993546,8.123140538993546,16246.281077987092,162.46281077987092,20,OS,NA,Spring,D,243.2,NA,NA
24GS02I34,LIMMACR,SU12,CAL,3.84362115325202,46.30036412647678,177.96105895979713,1.7796105895979712,3559.2211791959426,35.59221179195943,20,OS,NA,Spring,D,243.2,NA,NA
24GS02I34,COPNAUP,SU12,NAU,6829.33405378209,0.10662697949668794,728.1912621286557,7.281912621286557,14563.825242573113,145.63825242573114,20,OS,NA,Spring,D,243.2,NA,NA
24GS02I34,COLSP,SU12,ROT,99.8440651137732,0.023693868,2.3656920993891473,0.023656920993891474,47.31384198778294,0.47313841987782945,20,OS,NA,Spring,D,243.2,NA,NA
24GS02I34,COOUNIC,SU12,ROT,19.9688130227546,0.0289289,0.5776757950539655,0.005776757950539655,11.55351590107931,0.1155351590107931,20,OS,NA,Spring,D,243.2,NA,NA
24GS02I34,KELLONG,SU12,ROT,199.688130227546,0.0056865259290000015,1.1355317302524692,0.011355317302524693,22.710634605049385,0.22710634605049385,20,OS,NA,Spring,D,243.2,NA,NA
24GS02I34,KERCOCH,SU12,ROT,39.9376260455093,0.002718521,0.10857127509486397,0.0010857127509486398,2.1714255018972795,0.021714255018972797,20,OS,NA,Spring,D,243.2,NA,NA
24GS02I34,POLSP,SU12,ROT,19.9688130227546,0.0708390144,1.4145710332698205,0.014145710332698205,28.29142066539641,0.2829142066539641,20,OS,NA,Spring,D,243.2,NA,NA
24GS02I34,SYNSP,SU12,ROT,79.8752520910186,0.07252607999999999,5.793038923173381,0.05793038923173381,115.86077846346762,1.1586077846346763,20,OS,NA,Spring,D,243.2,NA,NA
24GS02I54,CYCCOPE,SU13,CYC,122.931169477242,1.6144274053133603,198.46344897128074,1.9846344897128074,3969.268979425615,39.69268979425615,20,OS,NA,Spring,N,149,NA,NA
24GS02I54,DIACOPE,SU13,CAL,30.2873895813496,4.025515404584794,121.9223533243838,1.2192235332438381,2438.4470664876762,24.384470664876762,20,OS,NA,Spring,N,149,NA,NA
24GS02I54,DIYTHOM,SU13,CYC,251.207172410017,4.245760056047019,1066.565378410967,10.66565378410967,21331.30756821934,213.31307568219341,20,OS,NA,Spring,N,149,NA,NA
24GS02I54,LEOSICI,SU13,CAL,427.586676442582,9.130857121292442,3904.232849565517,39.04232849565517,78084.65699131034,780.8465699131034,20,OS,NA,Spring,N,149,NA,NA
24GS02I54,LIMCOPE,SU13,CAL,99.7702245032691,2.4818274167113596,247.61247854366076,2.4761247854366077,4952.249570873215,49.52249570873215,20,OS,NA,Spring,N,149,NA,NA
24GS02I54,LIMMACR,SU13,CAL,6.8719287285415,46.81692602541111,321.7225789360248,3.217225789360248,6434.4515787204955,64.34451578720495,20,OS,NA,Spring,N,149,NA,NA
24GS02I54,MYSDILU,SU13,MAL,0.167026045485384,3265.68655557183,545.4547111719475,5.454547111719474,10909.09422343895,109.09094223438949,20,OS,NA,Spring,N,149,NA,NA
24GS02I54,SENCOPE,SU13,CAL,1.78161115184409,9.84922164395007,17.547483117845626,0.17547483117845628,350.94966235691254,3.5094966235691256,20,OS,NA,Spring,N,149,NA,NA
24GS02I54,COPNAUP,SU13,NAU,4935.53613107034,0.16368879001642803,807.8919373772665,8.078919373772665,16157.83874754533,161.5783874754533,20,OS,NA,Spring,N,149,NA,NA
24GS02I54,COLSP,SU13,ROT,56.621829419545,0.031617240000000005,1.7902259699968153,0.017902259699968153,35.804519399936304,0.3580451939993631,20,OS,NA,Spring,N,149,NA,NA
24GS02I54,KELLONG,SU13,ROT,273.672175527801,0.0050658096825,1.386371156619574,0.01386371156619574,27.72742313239148,0.2772742313239148,20,OS,NA,Spring,N,149,NA,NA
24GS02I54,KERCOCH,SU13,ROT,66.0588009894692,0.002192991428571429,0.14486638435161178,0.0014486638435161178,2.8973276870322358,0.028973276870322355,20,OS,NA,Spring,N,149,NA,NA
24GS02I54,NOTSQUA,SU13,ROT,9.43697156992417,0.002907044,0.02743369158051864,2.743369158051864e-4,0.5486738316103728,0.005486738316103728,20,OS,NA,Spring,N,149,NA,NA
24GS02I54,POLSP,SU13,ROT,18.8739431398483,0.042287137200000005,0.798125023059764,0.00798125023059764,15.96250046119528,0.1596250046119528,20,OS,NA,Spring,N,149,NA,NA
24GS02I54,SYNSP,SU13,ROT,188.739431398483,0.04892759947368421,9.234567304355874,0.09234567304355874,184.6913460871175,1.8469134608711748,20,OS,NA,Spring,N,149,NA,NA
24GS02I74,CYCCOPE,SU14,CYC,61.2686698218384,1.4807198677520308,90.7217366759354,0.907217366759354,1814.434733518708,18.14434733518708,20,OS,NA,Spring,D,245.4,NA,NA
24GS02I74,DIACOPE,SU14,CAL,24.1361426570878,3.8316218468966183,92.48057150471101,0.9248057150471101,1849.6114300942202,18.496114300942203,20,OS,NA,Spring,D,245.4,NA,NA
24GS02I74,DIYTHOM,SU14,CYC,186.590949002871,3.8468021187760386,717.778457968676,7.17778457968676,14355.56915937352,143.5556915937352,20,OS,NA,Spring,D,245.4,NA,NA
24GS02I74,LEOSICI,SU14,CAL,353.687321244249,10.590903696873962,3745.8683581031655,37.45868358103166,74917.36716206331,749.1736716206332,20,OS,NA,Spring,D,245.4,NA,NA
24GS02I74,LIMCOPE,SU14,CAL,220.010223451147,2.778694798882163,611.3412636046046,6.113412636046046,12226.825272092092,122.26825272092093,20,OS,NA,Spring,D,245.4,NA,NA
24GS02I74,LIMMACR,SU14,CAL,4.37633355870274,49.838763642793566,218.1110538542115,2.181110538542115,4362.22107708423,43.622210770842294,20,OS,NA,Spring,D,245.4,NA,NA
24GS02I74,SENCOPE,SU14,CAL,0.928313179118763,9.21895028329385,8.558073045622335,0.08558073045622334,171.1614609124467,1.7116146091244668,20,OS,NA,Spring,D,245.4,NA,NA
24GS02I74,COPNAUP,SU14,NAU,4793.57717867451,0.10180025222345498,487.98736584166284,4.879873658416629,9759.747316833256,97.59747316833257,20,OS,NA,Spring,D,245.4,NA,NA
24GS02I74,COLSP,SU14,ROT,20.8870465301722,0.08538146999999999,1.7833667367045014,0.017833667367045013,35.667334734090026,0.3566733473409003,20,OS,NA,Spring,D,245.4,NA,NA
24GS02I74,KELLONG,SU14,ROT,219.313988566808,0.010075705857,2.2097432391246183,0.022097432391246185,44.19486478249237,0.4419486478249237,20,OS,NA,Spring,D,245.4,NA,NA
24GS02I74,KERCOCH,SU14,ROT,20.8870465301722,0.001895768,0.039596994426411486,3.9596994426411485e-4,0.7919398885282297,0.007919398885282296,20,OS,NA,Spring,D,245.4,NA,NA
24GS02I74,POLSP,SU14,ROT,10.4435232650861,0.0791976724,0.8271027342500673,0.008271027342500674,16.542054685001347,0.16542054685001348,20,OS,NA,Spring,D,245.4,NA,NA
24GS02I74,SYNSP,SU14,ROT,10.4435232650861,0.06229504,0.6505796995394693,0.006505796995394692,13.011593990789386,0.13011593990789386,20,OS,NA,Spring,D,245.4,NA,NA
24GS02I94,CYCCOPE,SU15,CYC,126.361435724823,1.6461553822307469,208.01055752482196,2.08010557524822,4160.21115049644,41.6021115049644,20,OS,NA,Spring,D,237.5,NA,NA
24GS02I94,DIACOPE,SU15,CAL,24.5702791687155,3.371755601065447,82.84497640685817,0.8284497640685816,1656.8995281371633,16.56899528137163,20,OS,NA,Spring,D,237.5,NA,NA
24GS02I94,DIYTHOM,SU15,CYC,426.469845571277,4.147395991474339,1768.7393280069944,17.687393280069944,35374.78656013989,353.74786560139887,20,OS,NA,Spring,D,237.5,NA,NA
24GS02I94,LEOASHL,SU15,CAL,1.75501994062254,3.31802164610263,5.82319415232734,0.0582319415232734,116.4638830465468,1.164638830465468,20,OS,NA,Spring,D,237.5,NA,NA
24GS02I94,LEOSICI,SU15,CAL,263.252991093381,9.709494006372287,2556.05333918076,25.5605333918076,51121.0667836152,511.21066783615197,20,OS,NA,Spring,D,237.5,NA,NA
24GS02I94,LIMCOPE,SU15,CAL,121.096375902955,3.4315320301509025,415.54609264618404,4.15546092646184,8310.92185292368,83.10921852923681,20,OS,NA,Spring,D,237.5,NA,NA
24GS02I94,LIMMACR,SU15,CAL,0.752151403123945,55.8458139570228,42.00450732637349,0.4200450732637349,840.0901465274699,8.400901465274698,20,OS,NA,Spring,D,237.5,NA,NA
24GS02I94,COPNAUP,SU15,NAU,4524.86645081677,0.10067583624599372,455.54471383742,4.5554471383742,9110.8942767484,91.108942767484,20,OS,NA,Spring,D,237.5,NA,NA
24GS02I94,ASPPRIO,SU15,ROT,18.468842656395,1.92784853703,35.60513129576836,0.3560513129576836,712.1026259153672,7.121026259153672,20,OS,NA,Spring,D,237.5,NA,NA
24GS02I94,COLSP,SU15,ROT,36.93768531279,0.05144643,1.900312041806479,0.01900312041806479,38.00624083612958,0.3800624083612958,20,OS,NA,Spring,D,237.5,NA,NA
24GS02I94,KELLONG,SU15,ROT,332.43916781511,0.005281093889166667,1.7556424576680296,0.017556424576680295,35.11284915336059,0.3511284915336059,20,OS,NA,Spring,D,237.5,NA,NA
24GS02I94,KERCOCH,SU15,ROT,295.50148250232,0.002101614125,0.621030089585316,0.00621030089585316,12.420601791706321,0.1242060179170632,20,OS,NA,Spring,D,237.5,NA,NA
24GS02I94,KEREARL,SU15,ROT,18.468842656395,0.003543122,0.06543736273041158,6.543736273041157e-4,1.3087472546082315,0.013087472546082314,20,OS,NA,Spring,D,237.5,NA,NA
24GS02I94,NOTLAUR,SU15,ROT,55.406527969185,0.018721186166666667,1.037275924959736,0.01037275924959736,20.745518499194723,0.2074551849919472,20,OS,NA,Spring,D,237.5,NA,NA
24GS02I94,NOTSQUA,SU15,ROT,110.81305593837,0.005202917416666667,0.5765511787358029,0.005765511787358029,11.531023574716057,0.11531023574716057,20,OS,NA,Spring,D,237.5,NA,NA
24GS02I94,POLSP,SU15,ROT,240.094954533135,0.06531453686153846,15.681690758123846,0.15681690758123845,313.63381516247694,3.136338151624769,20,OS,NA,Spring,D,237.5,NA,NA
24GS02I94,SYNSP,SU15,ROT,1606.78931110636,0.057166943000000005,91.85523296102656,0.9185523296102656,1837.1046592205312,18.37104659220531,20,OS,NA,Spring,D,237.5,NA,NA
24GS03I14,CYCCOPE,SU16,CYC,126.739763376693,1.430854064076673,181.34610550765706,1.8134610550765706,3626.922110153141,36.269221101531414,20,OS,NA,Spring,D,185.9,NA,NA
24GS03I14,DIACOPE,SU16,CAL,27.4602820649502,3.7872537070040497,103.99905504585946,1.0399905504585947,2079.9811009171895,20.799811009171894,20,OS,NA,Spring,D,185.9,NA,NA
24GS03I14,DIYTHOM,SU16,CYC,354.871337454742,3.876830947181234,1375.7761833121388,13.757761833121387,27515.523666242774,275.15523666242774,20,OS,NA,Spring,D,185.9,NA,NA
24GS03I14,LEOSICI,SU16,CAL,671.720745896475,9.908001416398346,6655.410101766428,66.55410101766428,133108.20203532855,1331.0820203532855,20,OS,NA,Spring,D,185.9,NA,NA
24GS03I14,LIMCOPE,SU16,CAL,133.076751545528,2.913785135703231,387.7570605610315,3.8775706056103147,7755.14121122063,77.5514121122063,20,OS,NA,Spring,D,185.9,NA,NA
24GS03I14,LIMMACR,SU16,CAL,8.14755621707315,46.5033936561985,378.88901409856015,3.7888901409856017,7577.780281971203,75.77780281971204,20,OS,NA,Spring,D,185.9,NA,NA
24GS03I14,SENCOPE,SU16,CAL,2.11232938961156,6.96629025225178,14.715099636395962,0.14715099636395962,294.30199272791924,2.9430199272791926,20,OS,NA,Spring,D,185.9,NA,NA
24GS03I14,COPNAUP,SU16,NAU,6564.12958851134,0.09584449805715876,629.1357055930135,6.291357055930136,12582.71411186027,125.82714111860271,20,OS,NA,Spring,D,185.9,NA,NA
24GS03I14,COLSP,SU16,ROT,75.4497653851878,0.02105676,1.5887276017722072,0.015887276017722073,31.774552035444145,0.3177455203544415,20,OS,NA,Spring,D,185.9,NA,NA
24GS03I14,KELLONG,SU16,ROT,245.21173750186,0.005923396572692308,1.4524863655024434,0.014524863655024433,29.049727310048866,0.2904972731004887,20,OS,NA,Spring,D,185.9,NA,NA
24GS03I14,KERCOCH,SU16,ROT,37.7248826925939,0.002262303,0.08534511529010326,8.534511529010326e-4,1.7069023058020651,0.017069023058020653,20,OS,NA,Spring,D,185.9,NA,NA
24GS03I14,NOOSP,SU16,ROT,18.862441346297,0.023256352,0.43867157552883695,0.004386715755288369,8.773431510576739,0.08773431510576739,20,OS,NA,Spring,D,185.9,NA,NA
24GS03I14,SYNSP,SU16,ROT,37.7248826925939,0.040635815,1.5329813539929475,0.015329813539929476,30.65962707985895,0.30659627079858953,20,OS,NA,Spring,D,185.9,NA,NA
24GS03I34,CYCCOPE,SU17M,CYC,40.463533278059,1.2968847357809137,52.47653866407776,0.5247653866407775,1049.5307732815552,10.49530773281555,20,OS,NA,Spring,N,206.5,NA,NA
24GS03I34,DAPGALEM,SU17M,DAP,1.03752649430921,0.836356091629099,0.8677416037420914,0.008677416037420914,17.354832074841827,0.17354832074841828,20,OS,NA,Spring,N,206.5,NA,NA
24GS03I34,DIACOPE,SU17M,CAL,17.6379504032565,4.579830210504066,80.7788181082065,0.807788181082065,1615.57636216413,16.1557636216413,20,OS,NA,Spring,N,206.5,NA,NA
24GS03I34,DIYTHOM,SU17M,CYC,211.655404839078,3.7367081733269556,790.8944811910084,7.908944811910084,15817.889623820167,158.17889623820167,20,OS,NA,Spring,N,206.5,NA,NA
24GS03I34,LEOSICI,SU17M,CAL,426.423389161084,9.050317355547303,3859.2669997358603,38.592669997358605,77185.3399947172,771.8533999471721,20,OS,NA,Spring,N,206.5,NA,NA
24GS03I34,LIMCOPE,SU17M,CAL,186.754768975657,3.186127780924582,595.0245576534929,5.950245576534929,11900.49115306986,119.00491153069858,20,OS,NA,Spring,N,206.5,NA,NA
24GS03I34,LIMMACR,SU17M,CAL,10.6717010843233,45.55504068022843,486.1497770235857,4.861497770235857,9722.995540471715,97.22995540471715,20,OS,NA,Spring,N,206.5,NA,NA
24GS03I34,MYSDILU,SU17M,MAL,0.778144870731905,1121.3340191274156,872.5603153611902,8.725603153611901,17451.206307223805,174.51206307223802,20,OS,NA,Spring,N,206.5,NA,NA
24GS03I34,SENCOPE,SU17M,CAL,2.07505298861841,10.5814344758806,21.95703723304592,0.2195703723304592,439.1407446609184,4.391407446609184,20,OS,NA,Spring,N,206.5,NA,NA
24GS03I34,COPNAUP,SU17M,NAU,4632.68548790239,0.10361809881973902,480.03006268624074,4.800300626862407,9600.601253724815,96.00601253724815,20,OS,NA,Spring,N,206.5,NA,NA
24GS03I34,COLSP,SU17M,ROT,94.5446017939264,0.026262599999999997,2.4829870590731713,0.024829870590731714,49.659741181463424,0.4965974118146343,20,OS,NA,Spring,N,206.5,NA,NA
24GS03I34,KELLONG,SU17M,ROT,409.693274440348,0.0055899395947500005,2.2901606564968797,0.0229016065649688,45.803213129937596,0.458032131299376,20,OS,NA,Spring,N,206.5,NA,NA
24GS03I34,KERCOCH,SU17M,ROT,31.5148672646421,0.001855035,0.05846118179626536,5.846118179626536e-4,1.1692236359253072,0.011692236359253073,20,OS,NA,Spring,N,206.5,NA,NA
24GS03I34,NOTLAUR,SU17M,ROT,31.5148672646421,0.03507337925,1.1053328915862024,0.011053328915862025,22.10665783172405,0.2210665783172405,20,OS,NA,Spring,N,206.5,NA,NA
24GS03I34,NOTSQUA,SU17M,ROT,31.5148672646421,0.00425046825,0.1339529427113256,0.0013395294271132561,2.679058854226512,0.026790588542265122,20,OS,NA,Spring,N,206.5,NA,NA
24GS03I34,POLSP,SU17M,ROT,31.5148672646421,0.053621568,1.6898765980419803,0.016898765980419804,33.797531960839606,0.3379753196083961,20,OS,NA,Spring,N,206.5,NA,NA
24GS03I34,SYNSP,SU17M,ROT,252.118938117137,0.05331255624999999,13.441105070060132,0.13441105070060133,268.82210140120264,2.6882210140120266,20,OS,NA,Spring,N,206.5,NA,NA
24GS03I54,CYCCOPE,SU18,CYC,53.2689777279559,1.7273787112438383,92.01569809699319,0.9201569809699319,1840.313961939864,18.403139619398637,20,OS,NA,Spring,D,158.4,NA,NA
24GS03I54,DAPGALEM,SU18,DAP,1.18375506062124,0.746289568903847,0.8834240538787724,0.008834240538787725,17.66848107757545,0.17668481077575449,20,OS,NA,Spring,D,158.4,NA,NA
24GS03I54,DIACOPE,SU18,CAL,30.7776315761523,4.658932473723076,143.39090721442068,1.4339090721442067,2867.8181442884134,28.678181442884135,20,OS,NA,Spring,D,158.4,NA,NA
24GS03I54,DIYTHOM,SU18,CYC,269.896153821643,4.1783304791091425,1127.7153257073005,11.277153257073005,22554.30651414601,225.5430651414601,20,OS,NA,Spring,D,158.4,NA,NA
24GS03I54,LEOSICI,SU18,CAL,198.870850184369,10.404203022672654,2069.0927006096927,20.690927006096928,41381.85401219386,413.81854012193855,20,OS,NA,Spring,D,158.4,NA,NA
24GS03I54,LIMCOPE,SU18,CAL,145.601872456413,4.3282158514419615,630.1963323654775,6.301963323654775,12603.926647309549,126.0392664730955,20,OS,NA,Spring,D,158.4,NA,NA
24GS03I54,LIMMACR,SU18,CAL,7.60985396113656,46.425972240924814,353.29486875721767,3.5329486875721767,7065.897375144354,70.65897375144354,20,OS,NA,Spring,D,158.4,NA,NA
24GS03I54,COPNAUP,SU18,NAU,6983.56298013502,0.098281475832645,686.3548762578943,6.863548762578943,13727.097525157886,137.27097525157885,20,OS,NA,Spring,D,158.4,NA,NA
24GS03I54,COLSP,SU18,ROT,31.9613866367735,0.02486862,0.7948355789429983,0.007948355789429982,15.896711578859966,0.15896711578859965,20,OS,NA,Spring,D,158.4,NA,NA
24GS03I54,KELLONG,SU18,ROT,335.594559686122,0.0059855842094999985,2.0087294972513567,0.02008729497251357,40.17458994502714,0.4017458994502714,20,OS,NA,Spring,D,158.4,NA,NA
24GS03I54,KERCOCH,SU18,ROT,31.9613866367735,0.002418271,0.07729129442349689,7.729129442349689e-4,1.5458258884699378,0.015458258884699379,20,OS,NA,Spring,D,158.4,NA,NA
24GS03I54,NOOSP,SU18,ROT,15.9806933183868,0.019739132,0.31544501486315507,0.0031544501486315507,6.308900297263102,0.06308900297263101,20,OS,NA,Spring,D,158.4,NA,NA
24GS03I54,POLSP,SU18,ROT,15.9806933183868,0.0616115808,0.9845957776258085,0.009845957776258085,19.69191555251617,0.1969191555251617,20,OS,NA,Spring,D,158.4,NA,NA
24GS03I54,SYNSP,SU18,ROT,399.517332959669,0.0551706265,22.041621556994038,0.22041621556994037,440.8324311398808,4.4083243113988075,20,OS,NA,Spring,D,158.4,NA,NA
24GS03I74,CYCCOPE,SU19,CYC,23.517267204342,1.11866939247779,26.30804701621912,0.2630804701621912,526.1609403243824,5.261609403243824,20,OS,NA,Spring,D,190.3,NA,NA
24GS03I74,DAPGALEM,SU19,DAP,2.13793338221291,1.0839291446012995,2.317368302196603,0.02317368302196603,46.347366043932055,0.4634736604393206,20,OS,NA,Spring,D,190.3,NA,NA
24GS03I74,DIACOPE,SU19,CAL,16.0345003665968,5.240546972802547,84.02955235657018,0.8402955235657018,1680.5910471314037,16.805910471314036,20,OS,NA,Spring,D,190.3,NA,NA
24GS03I74,DIYTHOM,SU19,CYC,285.414106525423,4.215578931461357,1203.1856942104405,12.031856942104405,24063.71388420881,240.6371388420881,20,OS,NA,Spring,D,190.3,NA,NA
24GS03I74,LEOSICI,SU19,CAL,259.758905938869,9.447964881240596,2454.193020899914,24.541930208999137,49083.86041799828,490.8386041799827,20,OS,NA,Spring,D,190.3,NA,NA
24GS03I74,LIMCOPE,SU19,CAL,288.621006598743,5.522383823273815,1593.8759778979033,15.938759778979033,31877.51955795807,318.77519557958067,20,OS,NA,Spring,D,190.3,NA,NA
24GS03I74,LIMMACR,SU19,CAL,4.58128581902766,47.537233265594814,217.78165263547947,2.177816526354795,4355.63305270959,43.556330527095895,20,OS,NA,Spring,D,190.3,NA,NA
24GS03I74,COPNAUP,SU19,NAU,5528.59551077529,0.1148796447838949,635.1230884317013,6.351230884317013,12702.461768634024,127.02461768634025,20,OS,NA,Spring,D,190.3,NA,NA
24GS03I74,COLSP,SU19,ROT,42.691857226064,0.01586781,0.6774262790103106,0.006774262790103106,13.548525580206212,0.1354852558020621,20,OS,NA,Spring,D,190.3,NA,NA
24GS03I74,KELLONG,SU19,ROT,298.843000582448,0.005530850565,1.652855978617728,0.016528559786177278,33.05711957235456,0.33057119572354554,20,OS,NA,Spring,D,190.3,NA,NA
24GS03I74,KERCOCH,SU19,ROT,85.3837144521281,0.0020000295,0.17076994772383255,0.0017076994772383255,3.415398954476651,0.03415398954476651,20,OS,NA,Spring,D,190.3,NA,NA
24GS03I74,NOTSQUA,SU19,ROT,21.345928613032,0.004917248,0.10496322478057438,0.0010496322478057438,2.0992644956114876,0.020992644956114876,20,OS,NA,Spring,D,190.3,NA,NA
24GS03I74,POLSP,SU19,ROT,21.345928613032,0.0409948,0.8750720743055243,0.008750720743055242,17.501441486110487,0.17501441486110486,20,OS,NA,Spring,D,190.3,NA,NA
24GS03I74,SYNSP,SU19,ROT,1515.56093152527,0.04702315250000001,71.26645280615485,0.7126645280615485,1425.329056123097,14.253290561230969,20,OS,NA,Spring,D,190.3,NA,NA
24GS10I14,BOSLONG,SU01M,NDAP,59.7699276510398,1.3368752747150732,79.90493844818388,0.7990493844818388,1598.0987689636777,15.980987689636777,20,OS,NA,Summer,D,95.5,NA,NA
24GS10I14,BYTLONG,SU01M,PRED,14.0085767932124,130.51823649076368,1828.37473879552,18.2837473879552,36567.494775910396,365.674947759104,20,OS,NA,Summer,D,95.5,NA,NA
24GS10I14,CYCCOPE,SU01M,CYC,71.7239131812477,0.5910814782516585,42.3946766291655,0.423946766291655,847.89353258331,8.4789353258331,20,OS,NA,Summer,D,95.5,NA,NA
24GS10I14,DAPGALEM,SU01M,DAP,11.9539855302079,3.3058809644932974,39.51845321414261,0.3951845321414261,790.3690642828522,7.903690642828522,20,OS,NA,Summer,D,95.5,NA,NA
24GS10I14,DIACOPE,SU01M,CAL,14.9424819127599,1.539797911655672,23.008402444220344,0.23008402444220344,460.16804888440686,4.601680488844069,20,OS,NA,Summer,D,95.5,NA,NA
24GS10I14,DIYTHOM,SU01M,CYC,5.97699276510397,3.61678895250458,21.61752140202784,0.2161752140202784,432.35042804055684,4.323504280405568,20,OS,NA,Summer,D,95.5,NA,NA
24GS10I14,EPICOPE,SU01M,CAL,188.275272100775,1.770763658674279,333.39100966306376,3.3339100966306376,6667.820193261276,66.67820193261275,20,OS,NA,Summer,D,95.5,NA,NA
24GS10I14,EPILACU,SU01M,CAL,11.5270574755577,19.02847991499369,219.34238165262755,2.1934238165262756,4386.847633052551,43.86847633052551,20,OS,NA,Summer,D,95.5,NA,NA
24GS10I14,HOLGIBB,SU01M,NDAP,1282.0649481148,5.537823524792275,7099.849429981727,70.99849429981727,141996.98859963453,1419.9698859963453,20,OS,NA,Summer,D,95.5,NA,NA
24GS10I14,SKIOREG,SU01M,CAL,2.98849638255199,5.88547482176347,17.58872021444095,0.1758872021444095,351.774404288819,3.5177440428881903,20,OS,NA,Summer,D,95.5,NA,NA
24GS10I14,COPNAUP,SU01M,NAU,2447.57853731008,0.1867232619969246,457.0198484801995,4.570198484801995,9140.396969603991,91.40396969603991,20,OS,NA,Summer,D,95.5,NA,NA
24GS10I14,ASCOVAL,SU01M,ROT,349.654076758583,0.01771875,6.195433172566142,0.06195433172566142,123.90866345132284,1.2390866345132285,20,OS,NA,Summer,D,95.5,NA,NA
24GS10I14,ASPPRIO,SU01M,ROT,174.827038379291,0.90188528625,157.67393355294658,1.5767393355294659,3153.4786710589315,31.534786710589316,20,OS,NA,Summer,D,95.5,NA,NA
24GS10I14,COLSP,SU01M,ROT,1923.0974221722,0.022071203999999997,42.44507551663674,0.42445075516636743,848.9015103327348,8.489015103327349,20,OS,NA,Summer,D,95.5,NA,NA
24GS10I14,COOUNIC,SU01M,ROT,42308.1432877885,0.0184339636,779.9067733506776,7.799067733506775,15598.135467013552,155.98135467013552,20,OS,NA,Summer,D,95.5,NA,NA
24GS10I14,GASSTYL,SU01M,ROT,2097.9244605515,0.02097122333333333,43.99604239868836,0.4399604239868836,879.9208479737672,8.799208479737672,20,OS,NA,Summer,D,95.5,NA,NA
24GS10I14,KELLONG,SU01M,ROT,4895.15707462016,0.00708213849525,34.668180358462806,0.3466818035846281,693.363607169256,6.933636071692561,20,OS,NA,Summer,D,95.5,NA,NA
24GS10I14,KERCOCH,SU01M,ROT,2622.40557568937,0.0016022356000000005,4.201711571008004,0.04201711571008004,84.03423142016008,0.8403423142016008,20,OS,NA,Summer,D,95.5,NA,NA
24GS10I14,KEREARL,SU01M,ROT,174.827038379291,0.002735262,0.47819775465141623,0.004781977546514163,9.563955093028325,0.09563955093028326,20,OS,NA,Summer,D,95.5,NA,NA
24GS10I14,PLOTRUN,SU01M,ROT,1748.27038379291,0.037189378999999995,65.01708989734998,0.6501708989734998,1300.3417979469996,13.003417979469996,20,OS,NA,Summer,D,95.5,NA,NA
24GS10I14,POLREMA,SU01M,ROT,174.827038379291,0.0317332708,5.547833752052034,0.05547833752052034,110.95667504104068,1.1095667504104068,20,OS,NA,Summer,D,95.5,NA,NA
24GS10I14,POLSP,SU01M,ROT,4021.0218827237,0.04440504222000001,178.55364646988983,1.7855364646988983,3571.0729293977965,35.71072929397796,20,OS,NA,Summer,D,95.5,NA,NA
24GS10I14,POLVULG,SU01M,ROT,349.654076758583,0.0739482128,25.85629407453123,0.25856294074531233,517.1258814906246,5.171258814906246,20,OS,NA,Summer,D,95.5,NA,NA
24GS10I14,SYNSP,SU01M,ROT,1223.78926865504,0.023195042857142856,28.385844534565162,0.28385844534565163,567.7168906913032,5.677168906913033,20,OS,NA,Summer,D,95.5,NA,NA
24GS10I34,BOSLONG,SU02,NDAP,101.747876838514,0.8784109425248601,89.37644839362247,0.8937644839362247,1787.5289678724494,17.875289678724492,20,OS,NA,Summer,N,143,NA,NA
24GS10I34,BYTLONG,SU02,PRED,21.0649901267236,122.07496215649572,2571.5078725467392,25.715078725467393,51430.157450934785,514.3015745093478,20,OS,NA,Summer,N,143,NA,NA
24GS10I34,CYCCOPE,SU02,CYC,12616.7367279758,0.6485786443958155,8182.946003729441,81.82946003729441,163658.92007458882,1636.5892007458883,20,OS,NA,Summer,N,143,NA,NA
24GS10I34,DAPGALEM,SU02,DAP,1220.97452206217,8.32167420124813,10160.552180626028,101.60552180626027,203211.04361252056,2032.1104361252055,20,OS,NA,Summer,N,143,NA,NA
24GS10I34,DIACOPE,SU02,CAL,644.403219977257,3.7659603582127463,2426.796981138998,24.267969811389982,48535.93962277996,485.3593962277996,20,OS,NA,Summer,N,143,NA,NA
24GS10I34,DIYTHOM,SU02,CYC,2306.28520833966,3.6143909942790473,8335.816487261844,83.35816487261843,166716.32974523687,1667.1632974523686,20,OS,NA,Summer,N,143,NA,NA
24GS10I34,HOLGIBB,SU02,NDAP,1967.12561887794,7.732182227508547,15210.17374956476,152.1017374956476,304203.4749912952,3042.034749912952,20,OS,NA,Summer,N,143,NA,NA
24GS10I34,MYSDILU,SU02,MAL,2.78216850730312,1269.42775659375,3531.7619266915817,35.31761926691582,70635.23853383164,706.3523853383164,20,OS,NA,Summer,N,143,NA,NA
24GS10I34,COPNAUP,SU02,NAU,763.109076288856,0.20480615495607363,156.28943572680166,1.5628943572680165,3125.7887145360332,31.25788714536033,20,OS,NA,Summer,N,143,NA,NA
24GS10I34,ASCOVAL,SU02,ROT,152.621815257771,0.016411572,2.504763909873607,0.02504763909873607,50.09527819747214,0.5009527819747215,20,OS,NA,Summer,N,143,NA,NA
24GS10I34,ASPPRIO,SU02,ROT,152.621815257771,0.03150091776,4.807727250816957,0.04807727250816957,96.15454501633914,0.9615454501633914,20,OS,NA,Summer,N,143,NA,NA
24GS10I34,COLSP,SU02,ROT,1373.59633731994,0.021953,30.154560393184642,0.30154560393184643,603.0912078636928,6.030912078636929,20,OS,NA,Summer,N,143,NA,NA
24GS10I34,COOUNIC,SU02,ROT,41055.2683043405,0.0175079307,718.7927923423,7.1879279234230005,14375.855846846,143.75855846846002,20,OS,NA,Summer,N,143,NA,NA
24GS10I34,GASSTYL,SU02,ROT,763.109076288856,0.019907015999999996,15.191224591427474,0.15191224591427474,303.82449182854947,3.038244918285495,20,OS,NA,Summer,N,143,NA,NA
24GS10I34,KELLONG,SU02,ROT,7783.71257814634,0.0074059768335,57.64599503237435,0.5764599503237435,1152.919900647487,11.52919900647487,20,OS,NA,Summer,N,143,NA,NA
24GS10I34,KERCOCH,SU02,ROT,7173.22531711525,0.0015070902999999999,10.810698295138815,0.10810698295138815,216.2139659027763,2.162139659027763,20,OS,NA,Summer,N,143,NA,NA
24GS10I34,POLREMA,SU02,ROT,305.243630515543,0.019347589800000002,5.9057285522774885,0.05905728552277489,118.11457104554977,1.1811457104554977,20,OS,NA,Summer,N,143,NA,NA
24GS10I34,POLSP,SU02,ROT,3052.43630515543,0.047114333419999994,143.8135018244058,1.438135018244058,2876.2700364881157,28.76270036488116,20,OS,NA,Summer,N,143,NA,NA
24GS10I34,SYNSP,SU02,ROT,915.730891546628,0.012490736666666667,11.438153423840824,0.11438153423840823,228.76306847681647,2.2876306847681644,20,OS,NA,Summer,N,143,NA,NA
24GS10I54,BOSLONG,SU03,NDAP,15.5147471775039,1.11675777038465,17.326214466030798,0.17326214466030798,346.52428932061594,3.4652428932061596,20,OS,NA,Summer,N,152,NA,NA
24GS10I54,BYTLONG,SU03,PRED,11.2724334961552,157.46693735471845,1775.035579174301,17.750355791743008,35500.711583486016,355.00711583486014,20,OS,NA,Summer,N,152,NA,NA
24GS10I54,CYCCOPE,SU03,CYC,2141.03511049554,0.9456988722520384,2024.7744894476505,20.247744894476504,40495.48978895301,404.9548978895301,20,OS,NA,Summer,N,152,NA,NA
24GS10I54,DAPGALEM,SU03,DAP,418.898173792606,12.086916767885374,5063.18736085041,50.6318736085041,101263.7472170082,1012.637472170082,20,OS,NA,Summer,N,152,NA,NA
24GS10I54,DIACOPE,SU03,CAL,100.845856653776,4.632596989592948,467.17821194720466,4.671782119472047,9343.564238944093,93.43564238944094,20,OS,NA,Summer,N,152,NA,NA
24GS10I54,DIYTHOM,SU03,CYC,465.442415325118,2.8711262171715832,1336.343921223611,13.36343921223611,26726.87842447222,267.26878424472216,20,OS,NA,Summer,N,152,NA,NA
24GS10I54,EPICOPE,SU03,CAL,93.0884830650236,3.8983993449267156,362.8960814009096,3.6289608140090963,7257.921628018193,72.57921628018192,20,OS,NA,Summer,N,152,NA,NA
24GS10I54,EPILACU,SU03,CAL,33.245886808937,15.761403256534129,524.0018286167447,5.240018286167446,10480.036572334893,104.80036572334893,20,OS,NA,Summer,N,152,NA,NA
24GS10I54,HOLGIBB,SU03,NDAP,1047.24543448152,6.627672520778428,6940.799788623836,69.40799788623836,138815.99577247672,1388.1599577247673,20,OS,NA,Summer,N,152,NA,NA
24GS10I54,COPNAUP,SU03,NAU,733.071804137061,0.15303155816448724,112.18312043354625,1.1218312043354626,2243.662408670925,22.43662408670925,20,OS,NA,Summer,N,152,NA,NA
24GS10I54,ASCOVAL,SU03,ROT,244.357268045687,0.014433666,3.5269711916439186,0.035269711916439184,70.53942383287837,0.7053942383287837,20,OS,NA,Summer,N,152,NA,NA
24GS10I54,ASPPRIO,SU03,ROT,244.357268045687,1.37786795796,336.6920499347951,3.366920499347951,6733.840998695901,67.33840998695902,20,OS,NA,Summer,N,152,NA,NA
24GS10I54,COLSP,SU03,ROT,1099.60770620559,0.022221,24.434382839594416,0.24434382839594415,488.68765679188834,4.886876567918883,20,OS,NA,Summer,N,152,NA,NA
24GS10I54,COOUNIC,SU03,ROT,36653.590206853,0.016729081200000002,613.1808868419687,6.131808868419687,12263.617736839373,122.63617736839373,20,OS,NA,Summer,N,152,NA,NA
24GS10I54,GASSTYL,SU03,ROT,733.071804137061,0.019654223333333335,14.407956957879389,0.1440795695787939,288.1591391575878,2.8815913915758777,20,OS,NA,Summer,N,152,NA,NA
24GS10I54,KELLONG,SU03,ROT,2687.92994850256,0.012410835968999999,33.359457687027884,0.3335945768702788,667.1891537405577,6.6718915374055765,20,OS,NA,Summer,N,152,NA,NA
24GS10I54,KERCOCH,SU03,ROT,1588.32224229697,0.0016187436923076923,2.57108661107023,0.0257108661107023,51.4217322214046,0.514217322214046,20,OS,NA,Summer,N,152,NA,NA
24GS10I54,KEREARL,SU03,ROT,122.178634022843,0.002590058,0.31644974847993673,0.0031644974847993674,6.328994969598734,0.06328994969598735,20,OS,NA,Summer,N,152,NA,NA
24GS10I54,PLOTRUN,SU03,ROT,733.071804137061,0.016855776666666666,12.35649461116471,0.12356494611164709,247.12989222329418,2.4712989222329416,20,OS,NA,Summer,N,152,NA,NA
24GS10I54,POLSP,SU03,ROT,366.53590206853,0.025925889733333332,9.502769380336574,0.09502769380336573,190.05538760673147,1.9005538760673146,20,OS,NA,Summer,N,152,NA,NA
24GS10I54,POLVULG,SU03,ROT,122.178634022843,0.0998471936,12.19919372506235,0.1219919372506235,243.98387450124702,2.43983874501247,20,OS,NA,Summer,N,152,NA,NA
24GS10I74,BOSLONG,SU04,NDAP,270.62837344677,1.1191933501259876,302.8854759170374,3.028854759170374,6057.709518340748,60.57709518340748,20,OS,NA,Summer,N,156,NA,NA
24GS10I74,BYTLONG,SU04,PRED,4.58094902969792,117.03385830372814,536.1261396382673,5.361261396382673,10722.522792765347,107.22522792765346,20,OS,NA,Summer,N,156,NA,NA
24GS10I74,CYCCOPE,SU04,CYC,5412.56746893539,1.7579731577841333,9515.148325084021,95.15148325084022,190302.96650168044,1903.0296650168043,20,OS,NA,Summer,N,156,NA,NA
24GS10I74,DAPGALEM,SU04,DAP,1127.61822269487,5.984503260339725,6748.234930135935,67.48234930135935,134964.6986027187,1349.646986027187,20,OS,NA,Summer,N,156,NA,NA
24GS10I74,DIACOPE,SU04,CAL,1488.45605395723,3.754399327120366,5588.25840742526,55.8825840742526,111765.1681485052,1117.651681485052,20,OS,NA,Summer,N,156,NA,NA
24GS10I74,DIYTHOM,SU04,CYC,3112.22629463785,2.744487546891044,8541.466308740437,85.41466308740436,170829.32617480872,1708.2932617480874,20,OS,NA,Summer,N,156,NA,NA
24GS10I74,EPICOPE,SU04,CAL,45.104728907795,2.60352185100701,117.43114729519183,1.1743114729519184,2348.622945903837,23.48622945903837,20,OS,NA,Summer,N,156,NA,NA
24GS10I74,HOLGIBB,SU04,NDAP,1082.51349378708,1.791014911981503,1938.7978097938565,19.387978097938564,38775.95619587713,387.7595619587713,20,OS,NA,Summer,N,156,NA,NA
24GS10I74,LIMMACR,SU04,CAL,38.6611962066814,49.60796456293133,1917.9032513815862,19.179032513815862,38358.065027631725,383.5806502763172,20,OS,NA,Summer,N,156,NA,NA
24GS10I74,COPNAUP,SU04,NAU,1860.57006744654,0.10627155585526094,197.72567584527158,1.9772567584527159,3954.5135169054315,39.54513516905432,20,OS,NA,Summer,N,156,NA,NA
24GS10I74,COLSP,SU04,ROT,1691.42733404231,0.035139833999999995,59.43647574130931,0.5943647574130931,1188.7295148261862,11.887295148261863,20,OS,NA,Summer,N,156,NA,NA
24GS10I74,COOUNIC,SU04,ROT,44315.3961519085,0.019929949000000002,883.2035852223328,8.832035852223328,17664.071704446655,176.64071704446656,20,OS,NA,Summer,N,156,NA,NA
24GS10I74,GASSTYL,SU04,ROT,1353.14186723385,0.027764747500000003,37.569642275426375,0.37569642275426374,751.3928455085274,7.513928455085274,20,OS,NA,Summer,N,156,NA,NA
24GS10I74,KELLONG,SU04,ROT,9133.70760382848,0.007118805471750001,65.02108766749876,0.6502108766749877,1300.4217533499752,13.004217533499753,20,OS,NA,Summer,N,156,NA,NA
24GS10I74,KERCOCH,SU04,ROT,7103.99480297771,0.0013368960999999998,9.497302946521167,0.09497302946521166,189.94605893042333,1.8994605893042333,20,OS,NA,Summer,N,156,NA,NA
24GS10I74,POLREMA,SU04,ROT,338.285466808462,0.01300068,4.397941102627436,0.04397941102627436,87.95882205254871,0.8795882205254872,20,OS,NA,Summer,N,156,NA,NA
24GS10I74,SYNSP,SU04,ROT,338.285466808462,0.00637088,2.1551761147806943,0.021551761147806943,43.103522295613885,0.43103522295613883,20,OS,NA,Summer,N,156,NA,NA
24GS10I94,BOSLONG,SU05,NDAP,109.378967601403,1.1109836328208411,121.5182427799998,1.2151824277999979,2430.3648555999957,24.303648555999956,20,OS,NA,Summer,N,151,NA,NA
24GS10I94,BYTLONG,SU05,PRED,21.363079609649,105.50797800526277,2253.975333579524,22.53975333579524,45079.50667159048,450.7950667159048,20,OS,NA,Summer,N,151,NA,NA
24GS10I94,CYCCOPE,SU05,CYC,3828.2638660491,1.2139426934404987,4647.292948752581,46.47292948752581,92945.85897505161,929.4585897505162,20,OS,NA,Summer,N,151,NA,NA
24GS10I94,DAPGALEM,SU05,DAP,601.584321807715,12.42982997549294,7477.590835992127,74.77590835992127,149551.81671984255,1495.5181671984255,20,OS,NA,Summer,N,151,NA,NA
24GS10I94,DIACOPE,SU05,CAL,574.239579907364,3.90904215342945,2244.726724025505,22.44726724025505,44894.534480510105,448.94534480510106,20,OS,NA,Summer,N,151,NA,NA
24GS10I94,DIYTHOM,SU05,CYC,957.065966512274,3.4558915877407843,3307.516222582771,33.07516222582771,66150.32445165543,661.5032445165542,20,OS,NA,Summer,N,151,NA,NA
24GS10I94,EPICOPE,SU05,CAL,54.6894838007014,3.0988432243230197,169.4741363175271,1.694741363175271,3389.482726350542,33.89482726350542,20,OS,NA,Summer,N,151,NA,NA
24GS10I94,EPILACU,SU05,CAL,46.8767004006012,19.606468666536177,919.0865575949913,9.190865575949912,18381.731151899825,183.81731151899825,20,OS,NA,Summer,N,151,NA,NA
24GS10I94,HOLGIBB,SU05,NDAP,1285.20286931648,12.322417200945567,15836.805943569992,158.36805943569993,316736.11887139984,3167.3611887139987,20,OS,NA,Summer,N,151,NA,NA
24GS10I94,COPNAUP,SU05,NAU,907.503621817889,0.19381356946839862,175.88651625002478,1.7588651625002478,3517.7303250004957,35.177303250004954,20,OS,NA,Summer,N,151,NA,NA
24GS10I94,DREPOLYV,SU05,DVEL,100.833735757543,0.1389168878090355,14.007508757596531,0.14007508757596532,280.1501751519306,2.8015017515193064,20,OS,NA,Summer,N,151,NA,NA
24GS10I94,ASCOVAL,SU05,ROT,403.334943030173,0.011030285999999999,4.448899775416514,0.04448899775416514,88.97799550833028,0.8897799550833029,20,OS,NA,Summer,N,151,NA,NA
24GS10I94,ASPPRIO,SU05,ROT,100.833735757543,0.97966170744,98.78294973978835,0.9878294973978835,1975.658994795767,19.75658994795767,20,OS,NA,Summer,N,151,NA,NA
24GS10I94,COLSP,SU05,ROT,1310.83856484806,0.01642729846153846,21.53353633965382,0.21533536339653822,430.6707267930764,4.306707267930764,20,OS,NA,Summer,N,151,NA,NA
24GS10I94,COOUNIC,SU05,ROT,19460.9110012058,0.013048067500000001,253.9272803552259,2.539272803552259,5078.545607104517,50.785456071045175,20,OS,NA,Summer,N,151,NA,NA
24GS10I94,GASSTYL,SU05,ROT,1714.17350787823,0.019121759999999998,32.778014416005625,0.32778014416005624,655.5602883201125,6.555602883201125,20,OS,NA,Summer,N,151,NA,NA
24GS10I94,KELLONG,SU05,ROT,4537.51810908944,0.00790003828425,35.846566777284245,0.35846566777284244,716.9313355456849,7.169313355456849,20,OS,NA,Summer,N,151,NA,NA
24GS10I94,KERCOCH,SU05,ROT,6554.19282424031,0.0013836569000000001,9.068754125190592,0.09068754125190592,181.37508250381185,1.8137508250381185,20,OS,NA,Summer,N,151,NA,NA
24GS10I94,KERCRAS,SU05,ROT,100.833735757543,0.003543122,0.35726622750473724,0.0035726622750473724,7.145324550094745,0.07145324550094745,20,OS,NA,Summer,N,151,NA,NA
24GS10I94,KEREARL,SU05,ROT,201.667471515086,0.00153576,0.30971283605400846,0.0030971283605400845,6.194256721080169,0.06194256721080169,20,OS,NA,Summer,N,151,NA,NA
24GS10I94,PLOTRUN,SU05,ROT,201.667471515086,0.019767504999999998,3.9864627515118194,0.03986462751511819,79.72925503023639,0.7972925503023638,20,OS,NA,Summer,N,151,NA,NA
24GS10I94,POLMAJO,SU05,ROT,100.833735757543,0.0958537888,9.665295611218536,0.09665295611218536,193.30591222437073,1.9330591222437072,20,OS,NA,Summer,N,151,NA,NA
24GS10I94,POLREMA,SU05,ROT,403.334943030173,0.016403933699999998,6.616279664360234,0.06616279664360233,132.32559328720467,1.3232559328720468,20,OS,NA,Summer,N,151,NA,NA
24GS10I94,POLSP,SU05,ROT,1512.50603636315,0.056737599893333344,85.8159623274239,0.858159623274239,1716.319246548478,17.16319246548478,20,OS,NA,Summer,N,151,NA,NA
24GS10I94,POLVULG,SU05,ROT,504.168678787716,0.08335827808,42.026632925612624,0.4202663292561262,840.5326585122525,8.405326585122525,20,OS,NA,Summer,N,151,NA,NA
24GS10I94,SYNSP,SU05,ROT,100.833735757543,0.02744,2.76687770918698,0.0276687770918698,55.3375541837396,0.553375541837396,20,OS,NA,Summer,N,151,NA,NA
24GS10I94,TRISIMI,SU05,ROT,100.833735757543,0.007877088648,0.7942762752711736,0.007942762752711736,15.885525505423473,0.1588552550542347,20,OS,NA,Summer,N,151,NA,NA
24GS11I14,BOSLONG,SU06,NDAP,2822.68303487491,2.753639334894054,7772.651034769677,77.72651034769677,155453.02069539353,1554.5302069539355,20,OS,NA,Summer,N,162,NA,NA
24GS11I14,BYTLONG,SU06,PRED,12.8637898724768,117.47881747968208,1511.222822525685,15.11222822525685,30224.4564505137,302.24456450513696,20,OS,NA,Summer,N,162,NA,NA
24GS11I14,CYCCOPE,SU06,CYC,3763.57737983321,0.8543197885268988,3215.2986312437283,32.152986312437285,64305.972624874565,643.0597262487457,20,OS,NA,Summer,N,162,NA,NA
24GS11I14,DAPGALEM,SU06,DAP,705.670758718727,6.051368813917993,4270.274022204353,42.70274022204353,85405.48044408706,854.0548044408706,20,OS,NA,Summer,N,162,NA,NA
24GS11I14,DIACOPE,SU06,CAL,133.29336553576,4.054490380704285,540.436668376439,5.4043666837643904,10808.733367528781,108.08733367528781,20,OS,NA,Summer,N,162,NA,NA
24GS11I14,DIYTHOM,SU06,CYC,1011.46142083018,3.7702246652209026,3813.436796733324,38.13436796733324,76268.73593466649,762.6873593466648,20,OS,NA,Summer,N,162,NA,NA
24GS11I14,EPICOPE,SU06,CAL,39.2039310399293,5.0413237069663195,197.63970695786836,1.9763970695786837,3952.7941391573672,39.52794139157368,20,OS,NA,Summer,N,162,NA,NA
24GS11I14,EPILACU,SU06,CAL,30.2430325165169,22.64829037578589,684.9529822784095,6.8495298227840955,13699.059645568192,136.9905964556819,20,OS,NA,Summer,N,162,NA,NA
24GS11I14,HOLGIBB,SU06,NDAP,164.656510367703,6.466960993382948,1064.8272298544903,10.648272298544903,21296.544597089807,212.96544597089806,20,OS,NA,Summer,N,162,NA,NA
24GS11I14,LEOSICI,SU06,CAL,7.84078620798586,7.62794531317579,59.809088406819114,0.5980908840681911,1196.1817681363823,11.961817681363822,20,OS,NA,Summer,N,162,NA,NA
24GS11I14,LIMMACR,SU06,CAL,15.6815724159717,63.172334817494004,990.6415431265426,9.906415431265426,19812.830862530853,198.12830862530853,20,OS,NA,Summer,N,162,NA,NA
24GS11I14,COPNAUP,SU06,NAU,538.07395352303,0.0589190201078817,31.70279008715081,0.3170279008715081,634.0558017430162,6.340558017430162,20,OS,NA,Summer,N,162,NA,NA
24GS11I14,ASCOVAL,SU06,ROT,717.431938030706,0.018565854,13.319736616415135,0.13319736616415134,266.39473232830267,2.663947323283027,20,OS,NA,Summer,N,162,NA,NA
24GS11I14,ASPPRIO,SU06,ROT,179.357984507677,0.15584459163,27.95197185117879,0.2795197185117879,559.0394370235758,5.590394370235758,20,OS,NA,Summer,N,162,NA,NA
24GS11I14,COLSP,SU06,ROT,2152.29581409212,0.017677275000000003,38.046724987055285,0.38046724987055286,760.9344997411057,7.609344997411057,20,OS,NA,Summer,N,162,NA,NA
24GS11I14,COOUNIC,SU06,ROT,52910.6054297646,0.019954658099999998,1055.813041214956,10.55813041214956,21116.26082429912,211.16260824299118,20,OS,NA,Summer,N,162,NA,NA
24GS11I14,GASSTYL,SU06,ROT,1076.14790704606,0.018373860000000002,19.772990983357325,0.19772990983357325,395.45981966714646,3.9545981966714647,20,OS,NA,Summer,N,162,NA,NA
24GS11I14,KELLONG,SU06,ROT,4663.30759719959,0.007273800995999999,33.91997144516474,0.3391997144516474,678.3994289032948,6.7839942890329485,20,OS,NA,Summer,N,162,NA,NA
24GS11I14,KERCOCH,SU06,ROT,4842.66558170727,0.0014455274,7.000205787394797,0.07000205787394796,140.00411574789592,1.4000411574789593,20,OS,NA,Summer,N,162,NA,NA
24GS11I14,KERCRAS,SU06,ROT,358.715969015353,0.003225419,1.1570093020655308,0.011570093020655307,23.140186041310614,0.23140186041310615,20,OS,NA,Summer,N,162,NA,NA
24GS11I14,KEREARL,SU06,ROT,179.357984507677,0.002450086,0.4394424868304764,0.004394424868304764,8.788849736609528,0.08788849736609528,20,OS,NA,Summer,N,162,NA,NA
24GS11I14,PLOTRUN,SU06,ROT,2690.36976761515,0.02338519933333333,62.91483329605395,0.6291483329605395,1258.296665921079,12.58296665921079,20,OS,NA,Summer,N,162,NA,NA
24GS11I14,POLMAJO,SU06,ROT,358.715969015353,0.10444896000000001,37.467509899045844,0.3746750989904584,749.3501979809168,7.493501979809168,20,OS,NA,Summer,N,162,NA,NA
24GS11I14,POLREMA,SU06,ROT,179.357984507677,0.0272498688,4.887481546066631,0.04887481546066631,97.74963092133262,0.9774963092133262,20,OS,NA,Summer,N,162,NA,NA
24GS11I14,POLSP,SU06,ROT,2690.36976761515,0.06320948890666668,170.05689798090125,1.7005689798090124,3401.137959618025,34.01137959618025,20,OS,NA,Summer,N,162,NA,NA
24GS11I14,POLVULG,SU06,ROT,717.431938030706,0.0572957,41.105765091825916,0.41105765091825913,822.1153018365183,8.221153018365182,20,OS,NA,Summer,N,162,NA,NA
24GS11I14,SYNSP,SU06,ROT,358.715969015353,0.04429688,15.889998233556808,0.15889998233556807,317.79996467113614,3.1779996467113616,20,OS,NA,Summer,N,162,NA,NA
24GS11I34,BOSLONG,SU07,NDAP,34.0744447356395,0.920978185886295,31.381820297712082,0.3138182029771208,627.6364059542416,6.276364059542416,20,OS,NA,Summer,D,202,NA,NA
24GS11I34,BYTLONG,SU07,PRED,7.66675006551888,81.10004768689824,621.7737959171113,6.217737959171114,12435.475918342227,124.35475918342227,20,OS,NA,Summer,D,202,NA,NA
24GS11I34,CYCCOPE,SU07,CYC,2637.3620225385,0.5884172528787579,1551.8693161488688,15.518693161488688,31037.386322977378,310.37386322977375,20,OS,NA,Summer,D,202,NA,NA
24GS11I34,DAPGALEM,SU07,DAP,47.7042226298953,6.450282654817672,307.7057197911743,3.0770571979117434,6154.114395823486,61.54114395823487,20,OS,NA,Summer,D,202,NA,NA
24GS11I34,DIACOPE,SU07,CAL,674.674005765662,2.4511339001939763,1653.7163271118802,16.537163271118803,33074.326542237606,330.74326542237606,20,OS,NA,Summer,D,202,NA,NA
24GS11I34,DIYTHOM,SU07,CYC,408.893336827674,3.65341145009861,1493.855598635252,14.938555986352519,29877.11197270504,298.7711197270504,20,OS,NA,Summer,D,202,NA,NA
24GS11I34,HOLGIBB,SU07,NDAP,429.338003669058,3.93282032292329,1688.5092262329854,16.885092262329852,33770.18452465971,337.70184524659703,20,OS,NA,Summer,D,202,NA,NA
24GS11I34,SKIOREG,SU07,CAL,6.8148889471279,7.51188587797765,51.19266804191605,0.5119266804191605,1023.853360838321,10.238533608383209,20,OS,NA,Summer,D,202,NA,NA
24GS11I34,COPNAUP,SU07,NAU,6210.0675530703,0.12772563011057128,793.1847912451176,7.931847912451176,15863.695824902352,158.63695824902354,20,OS,NA,Summer,D,202,NA,NA
24GS11I34,ASCOVAL,SU07,ROT,138.00150117934,0.012363612,1.7061970159989022,0.01706197015998902,34.12394031997805,0.3412394031997804,20,OS,NA,Summer,D,202,NA,NA
24GS11I34,COLSP,SU07,ROT,690.0075058967,0.027934992000000002,19.27535415716427,0.1927535415716427,385.5070831432854,3.855070831432854,20,OS,NA,Summer,D,202,NA,NA
24GS11I34,COOUNIC,SU07,ROT,26358.2867252539,0.018940061400000003,499.22756897511385,4.992275689751138,9984.551379502278,99.84551379502277,20,OS,NA,Summer,D,202,NA,NA
24GS11I34,GASSTYL,SU07,ROT,276.00300235868,0.028019540000000002,7.73347716470913,0.0773347716470913,154.6695432941826,1.5466954329418259,20,OS,NA,Summer,D,202,NA,NA
24GS11I34,KELLONG,SU07,ROT,13110.1426120373,0.011314199315999997,148.33076657377484,1.4833076657377484,2966.6153314754965,29.66615331475497,20,OS,NA,Summer,D,202,NA,NA
24GS11I34,KERCOCH,SU07,ROT,6900.075058967,0.0014655307,10.112271831220449,0.10112271831220448,202.24543662440897,2.02245436624409,20,OS,NA,Summer,D,202,NA,NA
24GS11I34,POLSP,SU07,ROT,138.00150117934,0.0532224,7.344771096367306,0.07344771096367306,146.89542192734612,1.4689542192734613,20,OS,NA,Summer,D,202,NA,NA
24GS11I34,SYNSP,SU07,ROT,552.00600471736,0.0137357075,7.582193019041277,0.07582193019041278,151.64386038082554,1.5164386038082556,20,OS,NA,Summer,D,202,NA,NA
24GS11I54,BOSLONG,SU08M,NDAP,25.144590253196,0.415776090070987,10.45451942191088,0.10454519421910881,209.09038843821762,2.0909038843821763,20,OS,NA,Summer,N,286.6,NA,NA
24GS11I54,BYTLONG,SU08M,PRED,0.589326334059282,81.0871545341036,47.78679552088177,0.4778679552088177,955.7359104176353,9.557359104176355,20,OS,NA,Summer,N,286.6,NA,NA
24GS11I54,CYCCOPE,SU08M,CYC,1081.21738088743,2.620958878174891,2833.826293673912,28.33826293673912,56676.52587347824,566.7652587347824,20,OS,NA,Summer,N,286.6,NA,NA
24GS11I54,DAPGALEM,SU08M,DAP,1005.78361012784,8.382082226780184,8430.560922439377,84.30560922439378,168611.21844878755,1686.1121844878755,20,OS,NA,Summer,N,286.6,NA,NA
24GS11I54,DIACOPE,SU08M,CAL,11993.9695507745,2.9546160695493304,35437.5751724037,354.37575172403706,708751.5034480741,7087.515034480741,20,OS,NA,Summer,N,286.6,NA,NA
24GS11I54,DIYTHOM,SU08M,CYC,1357.80787367259,5.176029802216278,7028.054019813241,70.28054019813241,140561.08039626482,1405.6108039626483,20,OS,NA,Summer,N,286.6,NA,NA
24GS11I54,HOLGIBB,SU08M,NDAP,75.4337707595881,5.500073689691738,414.89129786904846,4.148912978690484,8297.82595738097,82.97825957380968,20,OS,NA,Summer,N,286.6,NA,NA
24GS11I54,LEOSICI,SU08M,CAL,75.4337707595881,13.933412742899499,1051.0498627466045,10.510498627466045,21020.99725493209,210.20997254932092,20,OS,NA,Summer,N,286.6,NA,NA
24GS11I54,LIMMACR,SU08M,CAL,578.325575823509,44.853579360369174,25939.97211133096,259.3997211133096,518799.4422266192,5187.9944222661925,20,OS,NA,Summer,N,286.6,NA,NA
24GS11I54,COPNAUP,SU08M,NAU,7170.92283283334,0.17014718313594063,1220.1123204917924,12.201123204917923,24402.246409835847,244.02246409835845,20,OS,NA,Summer,N,286.6,NA,NA
24GS11I54,COLSP,SU08M,ROT,367.739632452992,0.0109116,4.012627773474068,0.04012627773474068,80.25255546948136,0.8025255546948136,20,OS,NA,Summer,N,286.6,NA,NA
24GS11I54,COOUNIC,SU08M,ROT,43393.2766294531,0.0337733786,1465.5375603010516,14.655375603010516,29310.751206021032,293.1075120602103,20,OS,NA,Summer,N,286.6,NA,NA
24GS11I54,KELLONG,SU08M,ROT,20041.8099686881,0.013942661281499999,279.4361678616083,2.7943616786160828,5588.723357232166,55.887233572321655,20,OS,NA,Summer,N,286.6,NA,NA
24GS11I54,KERCOCH,SU08M,ROT,551.609448679488,0.0014586420000000002,0.8046007094407458,0.008046007094407458,16.092014188814915,0.16092014188814918,20,OS,NA,Summer,N,286.6,NA,NA
24GS11I54,POLREMA,SU08M,ROT,367.739632452992,0.0136328192,5.013327921906092,0.050133279219060925,100.26655843812185,1.0026655843812184,20,OS,NA,Summer,N,286.6,NA,NA
24GS11I54,POLSP,SU08M,ROT,183.869816226496,0.0398868932,7.333995722529873,0.07333995722529874,146.67991445059747,1.4667991445059747,20,OS,NA,Summer,N,286.6,NA,NA
24GS11I54,SYNSP,SU08M,ROT,3309.65669207693,0.016264629444444446,53.83033968495704,0.5383033968495704,1076.6067936991408,10.766067936991409,20,OS,NA,Summer,N,286.6,NA,NA
24GS11I74,BYTLONG,SU09,PRED,17.4879163316196,98.12403461516757,1715.9849074709962,17.15984907470996,34319.69814941992,343.19698149419924,20,OS,NA,Summer,D,237,NA,NA
24GS11I74,CYCCOPE,SU09,CYC,394.273022749242,0.4572166235823213,180.26818023100418,1.8026818023100417,3605.3636046200836,36.053636046200836,20,OS,NA,Summer,D,237,NA,NA
24GS11I74,DIACOPE,SU09,CAL,546.894838007014,1.6936455251313525,926.2459951080151,9.262459951080151,18524.9199021603,185.24919902160303,20,OS,NA,Summer,D,237,NA,NA
24GS11I74,DIYTHOM,SU09,CYC,233.172217754928,4.517644515329415,1053.3891906677466,10.533891906677466,21067.78381335493,210.67783813354933,20,OS,NA,Summer,D,237,NA,NA
24GS11I74,HOLGIBB,SU09,NDAP,1907.77269072214,2.6646377745561054,5083.523176964756,50.835231769647564,101670.46353929513,1016.7046353929513,20,OS,NA,Summer,D,237,NA,NA
24GS11I74,LEOSICI,SU09,CAL,8.47898973654285,10.408559828277935,88.25407195616083,0.8825407195616083,1765.0814391232166,17.650814391232167,20,OS,NA,Summer,D,237,NA,NA
24GS11I74,COPNAUP,SU09,NAU,5341.76353402199,0.05925038980691978,316.50157164719235,3.1650157164719235,6330.031432943847,63.30031432943847,20,OS,NA,Summer,D,237,NA,NA
24GS11I74,COLSP,SU09,ROT,763.109076288856,0.01851072,14.125698440641655,0.14125698440641654,282.51396881283307,2.825139688128331,20,OS,NA,Summer,D,237,NA,NA
24GS11I74,COOUNIC,SU09,ROT,75039.0591684042,0.0175234384,1314.9423309314864,13.149423309314864,26298.846618629726,262.9884661862973,20,OS,NA,Summer,D,237,NA,NA
24GS11I74,KELLONG,SU09,ROT,14499.0724494883,0.011584026053249999,167.95763300283176,1.6795763300283175,3359.152660056635,33.591526600566354,20,OS,NA,Summer,D,237,NA,NA
24GS11I74,KERCOCH,SU09,ROT,7631.09076288856,0.0014295012999999998,10.908654165967187,0.10908654165967187,218.17308331934373,2.1817308331934373,20,OS,NA,Summer,D,237,NA,NA
24GS11I74,PLOTRUN,SU09,ROT,254.369692096285,0.04574296,11.635622650772682,0.11635622650772681,232.71245301545363,2.3271245301545362,20,OS,NA,Summer,D,237,NA,NA
24GS11I74,POLSP,SU09,ROT,763.109076288856,0.03281440213333334,25.04096810093907,0.2504096810093907,500.8193620187814,5.008193620187814,20,OS,NA,Summer,D,237,NA,NA
24GS11I74,SYNSP,SU09,ROT,1526.21815257771,0.015977226666666667,24.384733366515324,0.24384733366515324,487.69466733030646,4.876946673303065,20,OS,NA,Summer,D,237,NA,NA
24GS11I94,BOSLONG,SU10,NDAP,71.7239131812477,1.476226291574361,105.88072637275471,1.0588072637275472,2117.614527455094,21.176145274550944,20,OS,NA,Summer,N,155,NA,NA
24GS11I94,BYTLONG,SU10,PRED,12.3275475780269,109.44304863992085,1349.1643891929364,13.491643891929364,26983.287783858726,269.83287783858725,20,OS,NA,Summer,N,155,NA,NA
24GS11I94,CYCCOPE,SU10,CYC,382.527536966654,1.3401697737760614,512.6518426797146,5.126518426797146,10253.036853594293,102.53036853594293,20,OS,NA,Summer,N,155,NA,NA
24GS11I94,DAPGALEM,SU10,DAP,23.9079710604159,13.1282123888917,313.86892186861627,3.138689218686163,6277.378437372326,62.77378437372326,20,OS,NA,Summer,N,155,NA,NA
24GS11I94,DIACOPE,SU10,CAL,13699.2674176183,2.709905975682761,37123.72663747998,371.2372663747998,742474.5327495995,7424.745327495995,20,OS,NA,Summer,N,155,NA,NA
24GS11I94,DIYTHOM,SU10,CYC,215.171739543743,2.8791913249528625,619.5206058693616,6.195206058693616,12390.412117387232,123.90412117387231,20,OS,NA,Summer,N,155,NA,NA
24GS11I94,EPILACU,SU10,CAL,30.7388199348204,24.02909936201053,738.6261584847495,7.386261584847494,14772.523169694989,147.7252316969499,20,OS,NA,Summer,N,155,NA,NA
24GS11I94,HOLGIBB,SU10,NDAP,1936.54565589369,2.670400346519641,5171.352190549615,51.71352190549615,103427.04381099231,1034.270438109923,20,OS,NA,Summer,N,155,NA,NA
24GS11I94,LIMMACR,SU10,CAL,51.2313665580341,55.71670377782423,2854.4428746471162,28.544428746471162,57088.85749294233,570.8885749294233,20,OS,NA,Summer,N,155,NA,NA
24GS11I94,COPNAUP,SU10,NAU,3003.43886446475,0.04804867589069535,144.31126055618486,1.4431126055618486,2886.225211123697,28.862252111236973,20,OS,NA,Summer,N,155,NA,NA
24GS11I94,COLSP,SU10,ROT,3303.78275091122,0.020542886999999996,67.86923572451832,0.6786923572451832,1357.3847144903664,13.573847144903663,20,OS,NA,Summer,N,155,NA,NA
24GS11I94,COOUNIC,SU10,ROT,36942.2980329164,0.02997702370000001,1107.4201436651986,11.074201436651986,22148.40287330397,221.48402873303974,20,OS,NA,Summer,N,155,NA,NA
24GS11I94,GASSTYL,SU10,ROT,901.031659339424,0.01916712333333333,17.27018494179672,0.1727018494179672,345.4036988359344,3.454036988359344,20,OS,NA,Summer,N,155,NA,NA
24GS11I94,KELLONG,SU10,ROT,13365.3029468681,0.007802691309000001,104.28533314567983,1.0428533314567983,2085.7066629135966,20.857066629135964,20,OS,NA,Summer,N,155,NA,NA
24GS11I94,KERCOCH,SU10,ROT,3153.61080768799,0.0013991904,4.412501967453282,0.04412501967453282,88.25003934906563,0.8825003934906563,20,OS,NA,Summer,N,155,NA,NA
24GS11I94,KEREARL,SU10,ROT,150.171943223237,0.003203226,0.4810346730031966,0.0048103467300319655,9.620693460063931,0.09620693460063931,20,OS,NA,Summer,N,155,NA,NA
24GS11I94,POLMAJO,SU10,ROT,300.343886446475,0.10507266,31.557931063669074,0.31557931063669076,631.1586212733814,6.311586212733815,20,OS,NA,Summer,N,155,NA,NA
24GS11I94,POLSP,SU10,ROT,2552.92303479504,0.047384792658823525,120.96972867769749,1.2096972867769749,2419.3945735539496,24.193945735539497,20,OS,NA,Summer,N,155,NA,NA
24GS11I94,SYNSP,SU10,ROT,2703.09497801827,0.01042514611111111,28.18016009805114,0.2818016009805114,563.6032019610228,5.636032019610227,20,OS,NA,Summer,N,155,NA,NA
24GS12I14,BYTLONG,SU11,PRED,6.55524634597448,130.5332886303775,855.6778633223142,8.556778633223143,17113.557266446285,171.13557266446287,20,OS,NA,Summer,N,228,NA,NA
24GS12I14,CYCCOPE,SU11,CYC,5094.36287458588,0.637114950942908,3245.6947529271547,32.456947529271545,64913.895058543094,649.1389505854308,20,OS,NA,Summer,N,228,NA,NA
24GS12I14,DAPGALEM,SU11,DAP,1118.76204304631,4.573569303257996,5116.735737726804,51.16735737726803,102334.71475453608,1023.3471475453607,20,OS,NA,Summer,N,228,NA,NA
24GS12I14,DIACOPE,SU11,CAL,2577.14827773168,2.315421575288524,5967.184724977594,59.67184724977594,119343.69449955187,1193.4369449955188,20,OS,NA,Summer,N,228,NA,NA
24GS12I14,DIYTHOM,SU11,CYC,3356.28612913893,3.7172323799004223,12476.09547544588,124.7609547544588,249521.9095089176,2495.219095089176,20,OS,NA,Summer,N,228,NA,NA
24GS12I14,HOLGIBB,SU11,NDAP,2996.68404387405,0.9366365094445112,2806.8036827622527,28.068036827622528,56136.073655245054,561.3607365524506,20,OS,NA,Summer,N,228,NA,NA
24GS12I14,LEOMINU,SU11,CAL,19.977893625827,4.71550340963863,94.20582550998508,0.9420582550998507,1884.1165101997015,18.841165101997014,20,OS,NA,Summer,N,228,NA,NA
24GS12I14,LEOSICI,SU11,CAL,39.955787251654,8.712549091794084,348.1167579313157,3.481167579313157,6962.335158626314,69.62335158626314,20,OS,NA,Summer,N,228,NA,NA
24GS12I14,COPNAUP,SU11,NAU,5315.36832282159,0.13437862625522692,714.2718932613147,7.142718932613147,14285.437865226295,142.85437865226294,20,OS,NA,Summer,N,228,NA,NA
24GS12I14,ASCOVAL,SU11,ROT,322.14353471646,0.012738168,4.1035184653321,0.041035184653321004,82.07036930664201,0.8207036930664201,20,OS,NA,Summer,N,228,NA,NA
24GS12I14,ASPPRIO,SU11,ROT,161.07176735823,0.02678427648,4.314190750045071,0.043141907500450716,86.28381500090143,0.8628381500090143,20,OS,NA,Summer,N,228,NA,NA
24GS12I14,COLSP,SU11,ROT,322.14353471646,0.04084839,13.159044742076498,0.13159044742076498,263.18089484152995,2.6318089484152996,20,OS,NA,Summer,N,228,NA,NA
24GS12I14,COOUNIC,SU11,ROT,42200.8030478563,0.0204052108,861.1162821207903,8.611162821207904,17222.325642415806,172.22325642415808,20,OS,NA,Summer,N,228,NA,NA
24GS12I14,GASSTYL,SU11,ROT,644.28706943292,0.020625735,13.288894358050008,0.13288894358050007,265.7778871610002,2.6577788716100015,20,OS,NA,Summer,N,228,NA,NA
24GS12I14,KELLONG,SU11,ROT,14335.3872948825,0.01078932733725,154.66918603074208,1.546691860307421,3093.383720614842,30.933837206148418,20,OS,NA,Summer,N,228,NA,NA
24GS12I14,KERCOCH,SU11,ROT,4832.1530207469,0.0013888664000000002,6.711214970173874,0.06711214970173873,134.22429940347746,1.3422429940347747,20,OS,NA,Summer,N,228,NA,NA
24GS12I14,POLSP,SU11,ROT,161.07176735823,0.0157696,2.540037342532344,0.02540037342532344,50.80074685064688,0.5080074685064688,20,OS,NA,Summer,N,228,NA,NA
24GS12I34,BOSLONG,SU12,NDAP,9.3486297095216,1.50140739024613,14.036101734550261,0.1403610173455026,280.7220346910052,2.807220346910052,20,OS,NA,Summer,N,235,NA,NA
24GS12I34,BYTLONG,SU12,PRED,18.4051147406207,189.59263683115233,3489.474234854189,34.89474234854189,69789.48469708378,697.8948469708378,20,OS,NA,Summer,N,235,NA,NA
24GS12I34,CYCCOPE,SU12,CYC,1935.16634987097,1.3349081891386532,2583.269407788314,25.83269407788314,51665.388155766275,516.6538815576628,20,OS,NA,Summer,N,235,NA,NA
24GS12I34,DAPGALEM,SU12,DAP,186.972594190432,11.27835763440245,2108.74378511169,21.087437851116903,42174.8757022338,421.74875702233805,20,OS,NA,Summer,N,235,NA,NA
24GS12I34,DIACOPE,SU12,CAL,1402.29445642824,3.355911510218224,4705.9761070427385,47.059761070427385,94119.52214085477,941.1952214085477,20,OS,NA,Summer,N,235,NA,NA
24GS12I34,DIYTHOM,SU12,CYC,271.110261576126,3.186939617756926,864.0120333973991,8.640120333973991,17280.240667947983,172.80240667947982,20,OS,NA,Summer,N,235,NA,NA
24GS12I34,EPICOPE,SU12,CAL,9.3486297095216,11.9181184765814,111.41807647176718,1.1141807647176718,2228.3615294353435,22.283615294353435,20,OS,NA,Summer,N,235,NA,NA
24GS12I34,EPILACU,SU12,CAL,20.0327779489749,29.570006407079596,592.3693723027907,5.923693723027907,11847.387446055815,118.47387446055814,20,OS,NA,Summer,N,235,NA,NA
24GS12I34,HOLGIBB,SU12,NDAP,1458.38623468537,3.307550505124085,4823.686127199609,48.236861271996084,96473.72254399217,964.7372254399216,20,OS,NA,Summer,N,235,NA,NA
24GS12I34,LEOASHL,SU12,CAL,9.3486297095216,5.36072750918506,50.115456457017174,0.5011545645701717,1002.3091291403434,10.023091291403434,20,OS,NA,Summer,N,235,NA,NA
24GS12I34,LEOSICI,SU12,CAL,149.578075352346,13.460675215047095,2013.4218916097705,20.134218916097705,40268.43783219541,402.6843783219541,20,OS,NA,Summer,N,235,NA,NA
24GS12I34,LIMCOPE,SU12,CAL,24.0393335387698,31.763233048416733,763.5669535205657,7.635669535205657,15271.339070411314,152.71339070411312,20,OS,NA,Summer,N,235,NA,NA
24GS12I34,LIMMACR,SU12,CAL,172.281890361184,52.11370344974705,8978.247344044577,89.78247344044577,179564.94688089154,1795.6494688089153,20,OS,NA,Summer,N,235,NA,NA
24GS12I34,SENCOPE,SU12,CAL,18.6972594190432,41.27912689631955,771.8065441720902,7.718065441720902,15436.130883441803,154.36130883441803,20,OS,NA,Summer,N,235,NA,NA
24GS12I34,COPNAUP,SU12,NAU,4073.66539592404,0.296456728184521,1207.6655149941423,12.076655149941423,24153.310299882847,241.53310299882847,20,OS,NA,Summer,N,235,NA,NA
24GS12I34,ASCOVAL,SU12,ROT,290.97609970886,0.022330404,6.497613860843126,0.06497613860843127,129.9522772168625,1.2995227721686253,20,OS,NA,Summer,N,235,NA,NA
24GS12I34,COLSP,SU12,ROT,1163.90439883544,0.010378934999999999,12.080088101727105,0.12080088101727104,241.6017620345421,2.416017620345421,20,OS,NA,Summer,N,235,NA,NA
24GS12I34,COOUNIC,SU12,ROT,92530.3997074175,0.02712626020000001,2510.003698873412,25.100036988734118,50200.07397746824,502.00073977468236,20,OS,NA,Summer,N,235,NA,NA
24GS12I34,GASSTYL,SU12,ROT,1163.90439883544,0.02094579,24.37889711808337,0.2437889711808337,487.5779423616674,4.875779423616674,20,OS,NA,Summer,N,235,NA,NA
24GS12I34,KELLONG,SU12,ROT,9893.18739010124,0.013353538432500001,132.1090580336413,1.321090580336413,2642.181160672826,26.421811606728262,20,OS,NA,Summer,N,235,NA,NA
24GS12I34,KERCOCH,SU12,ROT,1745.85659825316,0.0017704803333333334,3.0910047720274543,0.030910047720274544,61.82009544054908,0.6182009544054909,20,OS,NA,Summer,N,235,NA,NA
24GS12I34,POLREMA,SU12,ROT,1163.90439883544,0.0356459103,41.48843179866351,0.4148843179866351,829.7686359732702,8.297686359732703,20,OS,NA,Summer,N,235,NA,NA
24GS12I34,POLSP,SU12,ROT,872.92829912658,0.04470748333333333,39.02642738439659,0.3902642738439659,780.5285476879318,7.805285476879318,20,OS,NA,Summer,N,235,NA,NA
24GS12I54,BOSLONG,SU13,NDAP,317.853410123734,1.2674825309807294,402.87364474448617,4.028736447444862,8057.472894889724,80.57472894889725,20,OS,NA,Summer,D,147,NA,NA
24GS12I54,BYTLONG,SU13,PRED,5.2586042116059,104.8931512636078,551.5915670034227,5.515915670034227,11031.831340068455,110.31831340068453,20,OS,NA,Summer,D,147,NA,NA
24GS12I54,CYCCOPE,SU13,CYC,12171.9158817971,0.5474735329483986,6663.801790558181,66.6380179055818,133276.03581116363,1332.7603581116362,20,OS,NA,Summer,D,147,NA,NA
24GS12I54,DAPGALEM,SU13,DAP,486.128744895123,5.463117377418625,2655.778393899252,26.55778393899252,53115.56787798504,531.1556787798504,20,OS,NA,Summer,D,147,NA,NA
24GS12I54,DAPRETR,SU13,DAP,37.3945188380864,5.514218585492695,206.2015507725327,2.062015507725327,4124.031015450654,41.24031015450654,20,OS,NA,Summer,D,147,NA,NA
24GS12I54,DIACOPE,SU13,CAL,878.771192695031,3.6600780615571757,3216.3711635115164,32.16371163511516,64327.42327023033,643.2742327023033,20,OS,NA,Summer,D,147,NA,NA
24GS12I54,DIYTHOM,SU13,CYC,1458.38623468537,2.9321711422427854,4276.238031588557,42.762380315885565,85524.76063177113,855.2476063177113,20,OS,NA,Summer,D,147,NA,NA
24GS12I54,EPICOPE,SU13,CAL,18.6972594190432,1.48190461083665,27.7075549430891,0.277075549430891,554.151098861782,5.54151098861782,20,OS,NA,Summer,D,147,NA,NA
24GS12I54,HOLGIBB,SU13,NDAP,1794.93690422815,2.192693155677986,3935.745864774897,39.35745864774897,78714.91729549794,787.1491729549793,20,OS,NA,Summer,D,147,NA,NA
24GS12I54,LEOMINU,SU13,CAL,18.6972594190432,4.0408942454081,75.55364799131405,0.7555364799131405,1511.072959826281,15.110729598262811,20,OS,NA,Summer,D,147,NA,NA
24GS12I54,LIMMACR,SU13,CAL,8.01311117958994,54.5025392678166,436.7349067229809,4.367349067229809,8734.698134459617,87.34698134459619,20,OS,NA,Summer,D,147,NA,NA
24GS12I54,SKIOREG,SU13,CAL,18.6972594190432,6.72978817725097,125.82859538527126,1.2582859538527125,2516.571907705425,25.16571907705425,20,OS,NA,Summer,D,147,NA,NA
24GS12I54,COPNAUP,SU13,NAU,7782.73423317673,0.16457081800507017,1280.8109390699572,12.808109390699572,25616.218781399144,256.16218781399147,20,OS,NA,Summer,D,147,NA,NA
24GS12I54,ASCOVAL,SU13,ROT,1682.75334771389,0.011484400499999999,19.32541338786207,0.1932541338786207,386.5082677572414,3.865082677572414,20,OS,NA,Summer,D,147,NA,NA
24GS12I54,COLSP,SU13,ROT,2103.44168464236,0.027255528,57.33041373213702,0.5733041373213702,1146.6082746427403,11.466082746427404,20,OS,NA,Summer,D,147,NA,NA
24GS12I54,COOUNIC,SU13,ROT,26713.709394958,0.014871966199999998,397.2853831984378,3.972853831984378,7945.707663968756,79.45707663968756,20,OS,NA,Summer,D,147,NA,NA
24GS12I54,GASSTYL,SU13,ROT,4206.88336928472,0.020461284000000003,86.07823537381155,0.8607823537381155,1721.564707476231,17.21564707476231,20,OS,NA,Summer,D,147,NA,NA
24GS12I54,KELLONG,SU13,ROT,17458.5659825316,0.0073372429619999995,128.0977403819426,1.280977403819426,2561.954807638852,25.61954807638852,20,OS,NA,Summer,D,147,NA,NA
24GS12I54,KERCOCH,SU13,ROT,18510.2868248528,0.0014016729999999998,25.945369264651895,0.25945369264651896,518.9073852930379,5.189073852930379,20,OS,NA,Summer,D,147,NA,NA
24GS12I54,POLMAJO,SU13,ROT,841.376673856944,0.1967580692,165.5476498180104,1.655476498180104,3310.952996360208,33.10952996360208,20,OS,NA,Summer,D,147,NA,NA
24GS12I54,POLSP,SU13,ROT,1893.09751617812,0.044740353777777776,84.69785260964147,0.8469785260964148,1693.9570521928295,16.939570521928296,20,OS,NA,Summer,D,147,NA,NA
24GS12I54,TRISP,SU13,ROT,210.344168464236,0.007738409536,1.6277293190856343,0.016277293190856343,32.55458638171269,0.32554586381712686,20,OS,NA,Summer,D,147,NA,NA
24GS12I74,BOSLONG,SU14,NDAP,251.44590253196,1.333717141316393,335.3577103206461,3.353577103206461,6707.154206412923,67.07154206412922,20,OS,NA,Summer,N,231,NA,NA
24GS12I74,BYTLONG,SU14,PRED,29.4663167029641,69.1523156075668,2037.6640324358907,20.376640324358906,40753.28064871782,407.5328064871781,20,OS,NA,Summer,N,231,NA,NA
24GS12I74,CYCCOPE,SU14,CYC,7543.37707595881,0.6953187756291508,5245.051712564683,52.450517125646826,104901.03425129366,1049.0103425129364,20,OS,NA,Summer,N,231,NA,NA
24GS12I74,DAPGALEM,SU14,DAP,2640.18197658558,13.32148873796164,35171.154467254106,351.71154467254104,703423.0893450822,7034.230893450821,20,OS,NA,Summer,N,231,NA,NA
24GS12I74,DIACOPE,SU14,CAL,4450.5924748157,3.8111033880375955,16961.668059544743,169.61668059544743,339233.36119089485,3392.3336119089486,20,OS,NA,Summer,N,231,NA,NA
24GS12I74,DIYTHOM,SU14,CYC,2564.748205826,3.1767755158082727,8147.629304481232,81.47629304481232,162952.58608962464,1629.5258608962465,20,OS,NA,Summer,N,231,NA,NA
24GS12I74,EPICOPE,SU14,CAL,25.144590253196,0.531380722296714,13.361350530598203,0.13361350530598204,267.2270106119641,2.6722701061196408,20,OS,NA,Summer,N,231,NA,NA
24GS12I74,EPILACU,SU14,CAL,10.7762529656554,21.9604324367878,236.6511751740096,2.366511751740096,4733.023503480192,47.330235034801916,20,OS,NA,Summer,N,231,NA,NA
24GS12I74,HOLGIBB,SU14,NDAP,2413.88066430682,10.553183713656413,25474.126113272858,254.74126113272857,509482.52226545714,5094.825222654571,20,OS,NA,Summer,N,231,NA,NA
24GS12I74,LEOSICI,SU14,CAL,150.867541519176,10.119397778458383,1526.6886644906276,15.266886644906275,30533.773289812554,305.3377328981255,20,OS,NA,Summer,N,231,NA,NA
24GS12I74,LIMMACR,SU14,CAL,64.6575177939327,47.674504289447505,3082.515109411873,30.825151094118727,61650.30218823746,616.5030218823746,20,OS,NA,Summer,N,231,NA,NA
24GS12I74,COPNAUP,SU14,NAU,5445.37532670777,0.2255827148472997,1228.3825495612402,12.283825495612403,24567.650991224804,245.67650991224806,20,OS,NA,Summer,N,231,NA,NA
24GS12I74,ASCOVAL,SU14,ROT,311.164304383301,0.043917017999999995,13.665408356558906,0.13665408356558906,273.30816713117815,2.733081671311781,20,OS,NA,Summer,N,231,NA,NA
24GS12I74,COLSP,SU14,ROT,3111.64304383301,0.024434504999999992,76.03145751275288,0.7603145751275288,1520.6291502550575,15.206291502550576,20,OS,NA,Summer,N,231,NA,NA
24GS12I74,COOUNIC,SU14,ROT,23181.7406765559,0.0195773279,453.8365385177027,4.538365385177027,9076.730770354054,90.76730770354054,20,OS,NA,Summer,N,231,NA,NA
24GS12I74,GASSTYL,SU14,ROT,3733.97165259961,0.020226605,75.52556969832955,0.7552556969832955,1510.511393966591,15.10511393966591,20,OS,NA,Summer,N,231,NA,NA
24GS12I74,KELLONG,SU14,ROT,22248.247763406,0.012947015707499999,288.0484132571692,2.8804841325716923,5760.968265143384,57.60968265143384,20,OS,NA,Summer,N,231,NA,NA
24GS12I74,KERCOCH,SU14,ROT,3889.55380479126,0.0016958491,6.596096319256834,0.06596096319256833,131.92192638513666,1.3192192638513667,20,OS,NA,Summer,N,231,NA,NA
24GS12I74,KERCRAS,SU14,ROT,155.58215219165,0.004000752,0.6224456065450481,0.006224456065450481,12.448912130900961,0.12448912130900962,20,OS,NA,Summer,N,231,NA,NA
24GS12I74,PLOTRUN,SU14,ROT,155.58215219165,0.02515456,3.9136005822339914,0.03913600582233991,78.27201164467982,0.7827201164467983,20,OS,NA,Summer,N,231,NA,NA
24GS12I74,POLSP,SU14,ROT,622.328608766602,0.0845987373,52.64821448732024,0.5264821448732024,1052.9642897464048,10.529642897464049,20,OS,NA,Summer,N,231,NA,NA
24GS12I94,BOSLONG,SU15,NDAP,615.465750417679,1.1758920072282084,723.7212566388602,7.237212566388601,14474.425132777204,144.74425132777202,20,OS,NA,Summer,D,229,NA,NA
24GS12I94,BYTLONG,SU15,PRED,5.01738383492673,96.86543533661616,486.0110694210784,4.860110694210784,9720.221388421567,97.20221388421567,20,OS,NA,Summer,D,229,NA,NA
24GS12I94,CYCCOPE,SU15,CYC,16216.1845544832,0.9760702258453486,15828.13492044427,158.2813492044427,316562.6984088854,3165.626984088854,20,OS,NA,Summer,D,229,NA,NA
24GS12I94,DAPGALEM,SU15,DAP,615.465750417679,3.599873908203776,2215.59909632166,22.1559909632166,44311.981926433204,443.11981926433197,20,OS,NA,Summer,D,229,NA,NA
24GS12I94,DIACOPE,SU15,CAL,990.097076758875,2.9878225738024677,2958.2343961960014,29.582343961960014,59164.68792392003,591.6468792392003,20,OS,NA,Summer,D,229,NA,NA
24GS12I94,DIYTHOM,SU15,CYC,2247.78795804718,2.717415227069612,6108.173224421117,61.08173224421117,122163.46448842234,1221.6346448842232,20,OS,NA,Summer,D,229,NA,NA
24GS12I94,EPICOPE,SU15,CAL,80.2781413588277,1.86015440830235,149.32973853894254,1.4932973853894254,2986.594770778851,29.865947707788507,20,OS,NA,Summer,D,229,NA,NA
24GS12I94,EPILACU,SU15,CAL,22.9366118168079,19.93484371147165,457.23777183875933,4.572377718387593,9144.755436775187,91.44755436775186,20,OS,NA,Summer,D,229,NA,NA
24GS12I94,HOLGIBB,SU15,NDAP,1685.84096853538,1.73708401816103,2928.4474036039205,29.284474036039207,58568.94807207841,585.6894807207841,20,OS,NA,Summer,D,229,NA,NA
24GS12I94,LEOMINU,SU15,CAL,26.7593804529426,4.37612929599262,117.10250874273439,1.1710250874273438,2342.0501748546876,23.420501748546876,20,OS,NA,Summer,D,229,NA,NA
24GS12I94,LEOSICI,SU15,CAL,53.5187609058851,11.6354037937108,622.7123936790368,6.227123936790369,12454.247873580736,124.54247873580738,20,OS,NA,Summer,D,229,NA,NA
24GS12I94,SKIOREG,SU15,CAL,26.7593804529426,8.7221779239942,233.4000774464179,2.334000774464179,4668.001548928358,46.68001548928358,20,OS,NA,Summer,D,229,NA,NA
24GS12I94,COPNAUP,SU15,NAU,6512.5642177349,0.14355626524227277,934.919396248486,9.34919396248486,18698.38792496972,186.9838792496972,20,OS,NA,Summer,D,229,NA,NA
24GS12I94,DREPOLYV,SU15,DVEL,220.764888736776,0.11054695899680674,24.404887103118977,0.24404887103118977,488.09774206237955,4.880977420623795,20,OS,NA,Summer,D,229,NA,NA
24GS12I94,ASCOVAL,SU15,ROT,1876.5015542626,0.02035998847058824,38.20555000982745,0.3820555000982745,764.111000196549,7.64111000196549,20,OS,NA,Summer,D,229,NA,NA
24GS12I94,COLSP,SU15,ROT,3090.70844231487,0.020885426999999998,64.55076555025092,0.6455076555025091,1291.0153110050182,12.910153110050182,20,OS,NA,Summer,D,229,NA,NA
24GS12I94,COOUNIC,SU15,ROT,12693.9811023646,0.017809414999999995,226.0723774541686,2.260723774541686,4521.447549083372,45.21447549083372,20,OS,NA,Summer,D,229,NA,NA
24GS12I94,GASSTYL,SU15,ROT,1986.88399863099,0.021542038888888886,42.80153236621984,0.4280153236621984,856.0306473243968,8.560306473243969,20,OS,NA,Summer,D,229,NA,NA
24GS12I94,KELLONG,SU15,ROT,7285.24132831361,0.012797571066000001,93.23339363205368,0.9323339363205367,1864.6678726410735,18.646678726410734,20,OS,NA,Summer,D,229,NA,NA
24GS12I94,KERCOCH,SU15,ROT,7506.00621705039,0.0025728613000000006,19.311912913408353,0.19311912913408352,386.23825826816704,3.8623825826816702,20,OS,NA,Summer,D,229,NA,NA
24GS12I94,KERCRAS,SU15,ROT,110.382444368388,0.003721734,0.4108140962089381,0.004108140962089381,8.216281924178762,0.08216281924178762,20,OS,NA,Summer,D,229,NA,NA
24GS12I94,PLOTRUN,SU15,ROT,220.764888736776,0.01598464,3.528847271097419,0.03528847271097419,70.57694542194838,0.7057694542194838,20,OS,NA,Summer,D,229,NA,NA
24GS12I94,POLMAJO,SU15,ROT,220.764888736776,0.1113480368,24.581736955210438,0.24581736955210437,491.63473910420873,4.916347391042088,20,OS,NA,Summer,D,229,NA,NA
24GS12I94,POLREMA,SU15,ROT,110.382444368388,0.0110236588,1.2168184042270909,0.01216818404227091,24.336368084541817,0.24336368084541818,20,OS,NA,Summer,D,229,NA,NA
24GS12I94,POLSP,SU15,ROT,1766.11910989421,0.06281953562499999,110.9467823419926,1.109467823419926,2218.935646839852,22.189356468398522,20,OS,NA,Summer,D,229,NA,NA
24GS12I94,SYNSP,SU15,ROT,331.147333105164,0.011617879999999999,3.8472299783358226,0.03847229978335823,76.94459956671645,0.7694459956671645,20,OS,NA,Summer,D,229,NA,NA
24GS13I14,BOSLONG,SU16,NDAP,539.403127897329,1.4655666203037305,790.5312191337493,7.905312191337494,15810.624382674987,158.10624382674987,20,OS,NA,Summer,D,180,NA,NA
24GS13I14,BYTLONG,SU16,PRED,6.08701446411916,94.49639328475183,575.200912731377,5.75200912731377,11504.01825462754,115.0401825462754,20,OS,NA,Summer,D,180,NA,NA
24GS13I14,CYCCOPE,SU16,CYC,8510.5826846023,0.9711843408696529,8265.344634962164,82.65344634962165,165306.8926992433,1653.0689269924328,20,OS,NA,Summer,D,180,NA,NA
24GS13I14,DAPGALEM,SU16,DAP,739.182064155599,4.37725052311062,3235.585076999084,32.35585076999084,64711.701539981674,647.1170153998168,20,OS,NA,Summer,D,180,NA,NA
24GS13I14,DIACOPE,SU16,CAL,1618.20938369199,3.2263917296697655,5220.977372417845,52.20977372417845,104419.5474483569,1044.195474483569,20,OS,NA,Summer,D,180,NA,NA
24GS13I14,DIYTHOM,SU16,CYC,3116.55140562901,3.2914032702221654,10257.82748830281,102.5782748830281,205156.54976605618,2051.565497660562,20,OS,NA,Summer,D,180,NA,NA
24GS13I14,EPICOPE,SU16,CAL,39.955787251654,1.498999004241348,59.89368530390849,0.598936853039085,1197.8737060781698,11.978737060781699,20,OS,NA,Summer,D,180,NA,NA
24GS13I14,HOLGIBB,SU16,NDAP,1977.81146895687,4.88701258760126,9665.589544694361,96.65589544694362,193311.79089388723,1933.1179089388725,20,OS,NA,Summer,D,180,NA,NA
24GS13I14,LIMMACR,SU16,CAL,17.1239088221374,70.6430071427032,1209.6844132332506,12.096844132332505,24193.688264665012,241.9368826466501,20,OS,NA,Summer,D,180,NA,NA
24GS13I14,COPNAUP,SU16,NAU,7366.22396534789,0.13304092374378024,980.0092408534551,9.800092408534551,19600.1848170691,196.00184817069103,20,OS,NA,Summer,D,180,NA,NA
24GS13I14,COLSP,SU16,ROT,2135.13738126026,0.019676780999999997,42.012630655971634,0.42012630655971633,840.2526131194327,8.402526131194326,20,OS,NA,Summer,D,180,NA,NA
24GS13I14,COOUNIC,SU16,ROT,11422.9849897424,0.0160887194,183.78120021037734,1.8378120021037734,3675.624004207547,36.75624004207547,20,OS,NA,Summer,D,180,NA,NA
24GS13I14,GASSTYL,SU16,ROT,1494.59616688218,0.019182184285714284,28.669619105856153,0.28669619105856153,573.392382117123,5.7339238211712305,20,OS,NA,Summer,D,180,NA,NA
24GS13I14,KELLONG,SU16,ROT,33521.6568857861,0.01642179264075,550.4856983527487,5.504856983527487,11009.713967054975,110.09713967054975,20,OS,NA,Summer,D,180,NA,NA
24GS13I14,KERCOCH,SU16,ROT,6298.65527471776,0.0017687719999999996,11.14088508757308,0.1114088508757308,222.8177017514616,2.228177017514616,20,OS,NA,Summer,D,180,NA,NA
24GS13I14,PLOHUDS,SU16,ROT,106.756869063013,0.50653,54.07555688648798,0.5407555688648799,1081.5111377297596,10.815111377297598,20,OS,NA,Summer,D,180,NA,NA
24GS13I14,POLREMA,SU16,ROT,533.784345315065,0.032466717359999994,17.330225470536853,0.17330225470536853,346.604509410737,3.4660450941073706,20,OS,NA,Summer,D,180,NA,NA
24GS13I14,POLSP,SU16,ROT,854.054952504104,0.0425030683,36.29995597823519,0.3629995597823519,725.9991195647037,7.2599911956470375,20,OS,NA,Summer,D,180,NA,NA
24GS13I14,SYNSP,SU16,ROT,106.756869063013,0.28372625,30.289726120989695,0.30289726120989696,605.7945224197939,6.0579452241979395,20,OS,NA,Summer,D,180,NA,NA
24GS13I34,BYTLONG,SU17M,PRED,3.10735703413076,132.67189385081903,412.258942588792,4.12258942588792,8245.17885177584,82.4517885177584,20,OS,NA,Summer,D,203,NA,NA
24GS13I34,CYCCOPE,SU17M,CYC,1136.40485819639,1.0574575470686,1201.699893825195,12.01699893825195,24033.997876503898,240.339978765039,20,OS,NA,Summer,D,203,NA,NA
24GS13I34,DAPGALEM,SU17M,DAP,359.861538428858,8.011910833324857,2883.1785582351167,28.831785582351166,57663.571164702334,576.6357116470233,20,OS,NA,Summer,D,203,NA,NA
24GS13I34,DIACOPE,SU17M,CAL,4886.54089024449,3.0256753045914433,14785.086096489038,147.8508609648904,295701.7219297808,2957.017219297808,20,OS,NA,Summer,D,203,NA,NA
24GS13I34,DIYTHOM,SU17M,CYC,492.442105218437,3.5148005946604934,1730.8358042576276,17.308358042576277,34616.716085152555,346.1671608515255,20,OS,NA,Summer,D,203,NA,NA
24GS13I34,EPICOPE,SU17M,CAL,132.580566789579,3.711378101411764,492.0566122556033,4.920566122556033,9841.132245112065,98.41132245112065,20,OS,NA,Summer,D,203,NA,NA
24GS13I34,EPILACU,SU17M,CAL,8.11717755854566,17.5202063475042,142.21462578505032,1.422146257850503,2844.2925157010063,28.442925157010063,20,OS,NA,Summer,D,203,NA,NA
24GS13I34,HOLGIBB,SU17M,NDAP,2443.27044512224,1.9322207851306703,4720.9379377606565,47.20937937760657,94418.75875521313,944.1875875521314,20,OS,NA,Summer,D,203,NA,NA
24GS13I34,LEOSICI,SU17M,CAL,208.340890669339,10.009584123868265,2085.4056715963898,20.854056715963896,41708.11343192779,417.0811343192779,20,OS,NA,Summer,D,203,NA,NA
24GS13I34,LIMMACR,SU17M,CAL,24.351532675637,51.5607334853936,1255.582886249373,12.55582886249373,25111.657724987457,251.11657724987458,20,OS,NA,Summer,D,203,NA,NA
24GS13I34,COPNAUP,SU17M,NAU,3877.98157859519,0.20440747691237574,792.6884299933147,7.926884299933147,15853.768599866293,158.53768599866294,20,OS,NA,Summer,D,203,NA,NA
24GS13I34,DREPOLYV,SU17M,DVEL,298.306275276553,0.12473192340292111,37.2083154784057,0.372083154784057,744.166309568114,7.4416630956811405,20,OS,NA,Summer,D,203,NA,NA
24GS13I34,ASCOVAL,SU17M,ROT,596.612550553106,0.015575664,9.292636625598192,0.09292636625598191,185.85273251196384,1.8585273251196384,20,OS,NA,Summer,D,203,NA,NA
24GS13I34,ASPPRIO,SU17M,ROT,298.306275276553,1.27586273256,380.59785951413846,3.8059785951413847,7611.957190282769,76.11957190282769,20,OS,NA,Summer,D,203,NA,NA
24GS13I34,COLSP,SU17M,ROT,2983.06275276553,0.03505273200000001,104.56449921187242,1.045644992118724,2091.289984237448,20.912899842374483,20,OS,NA,Summer,D,203,NA,NA
24GS13I34,COOUNIC,SU17M,ROT,70400.2809652665,0.014043720600000004,988.6818760377013,9.886818760377013,19773.637520754026,197.73637520754025,20,OS,NA,Summer,D,203,NA,NA
24GS13I34,KELLONG,SU17M,ROT,19688.2141682525,0.014363462468249998,282.7909252725626,2.827909252725626,5655.818505451252,56.55818505451252,20,OS,NA,Summer,D,203,NA,NA
24GS13I34,KERCOCH,SU17M,ROT,1789.83765165932,0.001561638,2.795078490661957,0.02795078490661957,55.90156981323914,0.5590156981323914,20,OS,NA,Summer,D,203,NA,NA
24GS13I34,POLSP,SU17M,ROT,596.612550553106,0.028729701,17.140500190238118,0.17140500190238117,342.81000380476235,3.4281000380476234,20,OS,NA,Summer,D,203,NA,NA
24GS13I34,SYNSP,SU17M,ROT,894.918825829659,0.015848163333333335,14.182819721823323,0.14182819721823323,283.6563944364665,2.8365639443646646,20,OS,NA,Summer,D,203,NA,NA
24GS13I54,BOSLONG,SU18,NDAP,191.263768483327,1.6629807113163166,318.0679577614424,3.1806795776144243,6361.359155228848,63.61359155228848,20,OS,NA,Summer,N,158.4,NA,NA
24GS13I54,CYCCOPE,SU18,CYC,5307.56957541233,0.6808810007784467,3613.823284207983,36.13823284207983,72276.46568415966,722.7646568415967,20,OS,NA,Summer,N,158.4,NA,NA
24GS13I54,DAPGALEM,SU18,DAP,286.895652724991,10.089008442955238,2894.4926625895882,28.94492662589588,57889.85325179176,578.8985325179176,20,OS,NA,Summer,N,158.4,NA,NA
24GS13I54,DIACOPE,SU18,CAL,16783.395684412,3.44435702724072,57808.006866566044,578.0800686656604,1156160.137331321,11561.601373313208,20,OS,NA,Summer,N,158.4,NA,NA
24GS13I54,DIYTHOM,SU18,CYC,1482.29420574579,4.150648657903813,6152.482455697361,61.524824556973606,123049.64911394722,1230.496491139472,20,OS,NA,Summer,N,158.4,NA,NA
24GS13I54,EPILACU,SU18,CAL,20.4925466232136,18.422197322687,377.5177375372041,3.775177375372041,7550.354750744082,75.50354750744081,20,OS,NA,Summer,N,158.4,NA,NA
24GS13I54,HOLGIBB,SU18,NDAP,122.955279739282,2.7486263658426417,337.9581237109481,3.379581237109481,6759.1624742189615,67.59162474218962,20,OS,NA,Summer,N,158.4,NA,NA
24GS13I54,LEOSICI,SU18,CAL,143.447826362495,10.725508154413001,1538.5508313837604,15.385508313837605,30771.016627675206,307.7101662767521,20,OS,NA,Summer,N,158.4,NA,NA
24GS13I54,LIMMACR,SU18,CAL,245.910559478564,60.01248511046322,14757.703789213003,147.57703789213002,295154.07578426006,2951.5407578426,20,OS,NA,Summer,N,158.4,NA,NA
24GS13I54,COPNAUP,SU18,NAU,17998.2194639193,0.18587333558564195,3345.389086361105,33.45389086361105,66907.7817272221,669.077817272221,20,OS,NA,Summer,N,158.4,NA,NA
24GS13I54,COLSP,SU18,ROT,5563.08601612053,0.02304297529411765,128.19005362851675,1.2819005362851674,2563.8010725703352,25.63801072570335,20,OS,NA,Summer,N,158.4,NA,NA
24GS13I54,COOUNIC,SU18,ROT,35996.4389278387,0.05039931129999999,1814.1957312155807,18.141957312155807,36283.91462431161,362.83914624311615,20,OS,NA,Summer,N,158.4,NA,NA
24GS13I54,GASSTYL,SU18,ROT,1308.96141555777,0.023812214999999998,31.16927065396596,0.3116927065396596,623.3854130793192,6.233854130793191,20,OS,NA,Summer,N,158.4,NA,NA
24GS13I54,KELLONG,SU18,ROT,50722.2548528636,0.007277005401750002,369.10612255322866,3.6910612255322865,7382.122451064573,73.82122451064573,20,OS,NA,Summer,N,158.4,NA,NA
24GS13I54,KERCOCH,SU18,ROT,4581.3649544522,0.0014673587142857143,6.722505789238611,0.06722505789238611,134.45011578477224,1.3445011578477222,20,OS,NA,Summer,N,158.4,NA,NA
24GS13I54,NOTSQUA,SU18,ROT,654.480707778885,0.003741003,2.448414291242932,0.02448414291242932,48.96828582485864,0.4896828582485864,20,OS,NA,Summer,N,158.4,NA,NA
24GS13I54,POLSP,SU18,ROT,327.240353889443,0.0978369084,32.01618452826502,0.32016184528265024,640.3236905653005,6.403236905653005,20,OS,NA,Summer,N,158.4,NA,NA
24GS13I74,BYTLONG,SU19,PRED,3.41809273754384,97.59339413647194,333.58327173012833,3.335832717301283,6671.665434602566,66.71665434602566,20,OS,NA,Summer,N,182,NA,NA
24GS13I74,CYCCOPE,SU19,CYC,1421.92657881824,0.3366929418879844,478.75264297103007,4.787526429710301,9575.0528594206,95.75052859420602,20,OS,NA,Summer,N,182,NA,NA
24GS13I74,DAPGALEM,SU19,DAP,279.524028314696,13.636878495443153,3811.835210684321,38.11835210684321,76236.70421368642,762.3670421368643,20,OS,NA,Summer,N,182,NA,NA
24GS13I74,DIACOPE,SU19,CAL,5031.43250966453,3.793695787903218,19087.72431903364,190.8772431903364,381754.48638067284,3817.5448638067282,20,OS,NA,Summer,N,182,NA,NA
24GS13I74,DIYTHOM,SU19,CYC,218.757935202805,2.9817763073661867,652.2872282360714,6.522872282360714,13045.744564721428,130.45744564721429,20,OS,NA,Summer,N,182,NA,NA
24GS13I74,EPICOPE,SU19,CAL,36.4596558671343,3.81499610366158,139.09344507395943,1.3909344507395942,2781.8689014791885,27.818689014791886,20,OS,NA,Summer,N,182,NA,NA
24GS13I74,EPILACU,SU19,CAL,10.4170445334669,14.252945745147251,148.47357056028648,1.4847357056028647,2969.4714112057295,29.694714112057294,20,OS,NA,Summer,N,182,NA,NA
24GS13I74,HOLGIBB,SU19,NDAP,36.4596558671343,3.6234061371441832,132.10814082713935,1.3210814082713935,2642.162816542787,26.42162816542787,20,OS,NA,Summer,N,182,NA,NA
24GS13I74,LEOSICI,SU19,CAL,303.830465559452,10.511739448615995,3193.7866905126552,31.93786690512655,63875.73381025311,638.757338102531,20,OS,NA,Summer,N,182,NA,NA
24GS13I74,LIMMACR,SU19,CAL,315.98368418183,51.1668838772531,16167.900475638311,161.6790047563831,323358.0095127662,3233.5800951276624,20,OS,NA,Summer,N,182,NA,NA
24GS13I74,MYSDILU,SU19,MAL,3.41809273754384,428.80533160758904,1465.696389787978,14.65696389787978,29313.92779575956,293.1392779575956,20,OS,NA,Summer,N,182,NA,NA
24GS13I74,SENCOPE,SU19,CAL,24.3064372447562,36.48341207214915,886.7817660062741,8.867817660062741,17735.635320125482,177.35635320125482,20,OS,NA,Summer,N,182,NA,NA
24GS13I74,COPNAUP,SU19,NAU,22705.2506912579,0.17301234666089682,3928.2887036184793,39.282887036184796,78565.77407236959,785.657740723696,20,OS,NA,Summer,N,182,NA,NA
24GS13I74,ASPPRIO,SU19,ROT,1071.00239109707,1.3724244529125,1469.8698706693756,14.698698706693756,29397.397413387513,293.9739741338751,20,OS,NA,Summer,N,182,NA,NA
24GS13I74,COLSP,SU19,ROT,3855.60860794945,0.048185069999999997,185.78277066664677,1.8578277066664677,3715.6554133329355,37.15655413332935,20,OS,NA,Summer,N,182,NA,NA
24GS13I74,COOUNIC,SU19,ROT,40483.8903834692,0.047918419899999995,1939.924058580649,19.39924058580649,38798.48117161298,387.9848117161298,20,OS,NA,Summer,N,182,NA,NA
24GS13I74,GASSTYL,SU19,ROT,1285.20286931648,0.02089098,26.8491474388332,0.268491474388332,536.982948776664,5.36982948776664,20,OS,NA,Summer,N,182,NA,NA
24GS13I74,KELLONG,SU19,ROT,16921.8377793337,0.011714839862250002,198.23661975986647,1.9823661975986646,3964.7323951973294,39.64732395197329,20,OS,NA,Summer,N,182,NA,NA
24GS13I74,KERCOCH,SU19,ROT,2784.60621685238,0.0013832335384615384,3.8517607105587155,0.03851760710558715,77.0352142111743,0.7703521421117431,20,OS,NA,Summer,N,182,NA,NA
24GS13I74,POLSP,SU19,ROT,214.200478219414,0.2319097088,49.675170528685044,0.4967517052868504,993.5034105737009,9.935034105737008,20,OS,NA,Summer,N,182,NA,NA
24GS13I74,SYNSP,SU19,ROT,214.200478219414,0.01030301,2.206909669099405,0.022069096690994047,44.138193381988096,0.44138193381988094,20,OS,NA,Summer,N,182,NA,NA
24GE04I14,BOSLONG,ER932n,NDAP,1170.17532255852,1.3647949977270628,1597.0494266915205,15.970494266915205,30343.93910713889,303.4393910713889,19,NS,NA,Spring,D,19.9,42.47.619,79.12.509
24GE04I14,CYCCOPE,ER932n,CYC,928.71057345914,1.5035465371135683,1396.3595667052462,13.963595667052461,26530.831767399675,265.3083176739968,19,NS,NA,Spring,D,19.9,42.47.619,79.12.509
24GE04I14,DAPLONG,ER932n,DAP,278.613172037742,1.7590280487650947,490.08838436980295,4.900883843698029,9311.679303026256,93.11679303026256,19,NS,NA,Spring,D,19.9,42.47.619,79.12.509
24GE04I14,DIYTHOM,ER932n,CYC,761.542670236494,4.617928677823599,3516.7497362714657,35.167497362714656,66818.24498915784,668.1824498915785,19,NS,NA,Spring,D,19.9,42.47.619,79.12.509
24GE04I14,HARSP,ER932n,CYC,18.5742114691828,1.39224214434552,25.859800005382212,0.2585980000538221,491.336200102262,4.91336200102262,19,NS,NA,Spring,D,19.9,42.47.619,79.12.509
24GE04I14,LEOMINU,ER932n,CAL,18.5742114691828,3.81918392659143,70.93832989221313,0.7093832989221314,1347.8282679520496,13.478282679520497,19,NS,NA,Spring,D,19.9,42.47.619,79.12.509
24GE04I14,MESCOPE,ER932n,CYC,37.1484229383656,1.2735920186549499,47.31193495992089,0.4731193495992089,898.926764238497,8.98926764238497,19,NS,NA,Spring,D,19.9,42.47.619,79.12.509
24GE04I14,SKIOREG,ER932n,CAL,594.374767013849,8.075189172246,4799.688682846473,47.99688682846473,91194.08497408299,911.9408497408299,19,NS,NA,Spring,D,19.9,42.47.619,79.12.509
24GE04I14,COPNAUP,ER932n,NAU,35242.7541445822,0.08371187148473634,2950.236905719424,29.50236905719424,56054.50120866906,560.5450120866906,19,NS,NA,Spring,D,19.9,42.47.619,79.12.509
24GE04I14,DREPOLYV,ER932n,DVEL,71.1256390405292,0.10323296185359067,7.342510381883209,0.07342510381883209,139.50769725578098,1.3950769725578098,19,NS,NA,Spring,D,19.9,42.47.619,79.12.509
24GE04I14,COOUNIC,ER932n,ROT,106.688458560794,0.015632751333333333,1.6678341428175305,0.016678341428175304,31.68884871353308,0.31688848713533074,19,NS,NA,Spring,D,19.9,42.47.619,79.12.509
24GE04I14,KERCOCH,ER932n,ROT,35.5628195202646,0.00231525,0.0823368178942926,8.23368178942926e-4,1.5643995399915596,0.015643995399915595,19,NS,NA,Spring,D,19.9,42.47.619,79.12.509
24GE04I14,KERCRAS,ER932n,ROT,35.5628195202646,0.004096766,0.1456925498747563,0.001456925498747563,2.7681584476203698,0.027681584476203697,19,NS,NA,Spring,D,19.9,42.47.619,79.12.509
24GE04I14,KERHIEM,ER932n,ROT,106.688458560794,0.0321712622,3.4323023740731387,0.03432302374073139,65.21374510738963,0.6521374510738963,19,NS,NA,Spring,D,19.9,42.47.619,79.12.509
24GE04I14,KERQUAD,ER932n,ROT,106.688458560794,0.06573848049999999,7.0135371526738135,0.07013537152673814,133.25720590080246,1.3325720590080248,19,NS,NA,Spring,D,19.9,42.47.619,79.12.509
24GE04I14,NOTLAUR,ER932n,ROT,6010.11649892472,0.03867163352500001,232.4210226889729,2.324210226889729,4415.999431090485,44.15999431090485,19,NS,NA,Spring,D,19.9,42.47.619,79.12.509
24GE04I14,SYNSP,ER932n,ROT,5049.92037187758,0.06871875600000002,347.0242458544848,3.4702424585448477,6593.460671235211,65.9346067123521,19,NS,NA,Spring,D,19.9,42.47.619,79.12.509
24GE04I34,BOSLONG,ER936n,NDAP,1136.38794740981,1.4248519459764952,1619.184578251103,16.19184578251103,16191.845782511029,161.9184578251103,10,NS,NA,Spring,N,10.9,42.28.617,79.24.439
24GE04I34,CYCCOPE,ER936n,CYC,2686.00787569592,0.40838819170967805,1096.9338992734106,10.969338992734105,10969.338992734105,109.69338992734106,10,NS,NA,Spring,N,10.9,42.28.617,79.24.439
24GE04I34,DAPGALEM,ER936n,DAP,206.615990438148,4.5297211480894655,935.9128214211298,9.359128214211298,9359.128214211298,93.59128214211297,10,NS,NA,Spring,N,10.9,42.28.617,79.24.439
24GE04I34,DIACOPE,ER936n,CAL,51.6539976095369,2.4595785859010952,127.04706639660333,1.2704706639660333,1270.4706639660333,12.704706639660333,10,NS,NA,Spring,N,10.9,42.28.617,79.24.439
24GE04I34,DIYTHOM,ER936n,CYC,258.269988047685,7.588249312819154,1959.8170593246566,19.598170593246564,19598.170593246567,195.98170593246564,10,NS,NA,Spring,N,10.9,42.28.617,79.24.439
24GE04I34,HARSP,ER936n,CYC,25.8269988047685,2.79601538245658,72.21268594082044,0.7221268594082043,722.1268594082044,7.221268594082043,10,NS,NA,Spring,N,10.9,42.28.617,79.24.439
24GE04I34,LEOMINU,ER936n,CAL,51.6539976095369,3.951278449998705,204.09932761084778,2.0409932761084777,2040.9932761084779,20.409932761084775,10,NS,NA,Spring,N,10.9,42.28.617,79.24.439
24GE04I34,MESCOPE,ER936n,CYC,25.8269988047685,1.90208733512896,49.12520733094095,0.4912520733094095,491.2520733094095,4.912520733094095,10,NS,NA,Spring,N,10.9,42.28.617,79.24.439
24GE04I34,SKIOREG,ER936n,CAL,748.982965338285,7.653030991433063,5731.9898457893305,57.3198984578933,57319.8984578933,573.198984578933,10,NS,NA,Spring,N,10.9,42.28.617,79.24.439
24GE04I34,COPNAUP,ER936n,NAU,36571.5027526522,0.10305933791435247,3769.034860221255,37.690348602212545,37690.34860221255,376.90348602212543,10,NS,NA,Spring,N,10.9,42.28.617,79.24.439
24GE04I34,DREPOLYV,ER936n,DVEL,172.914906631925,0.11150362398239634,19.280638730037335,0.19280638730037336,192.80638730037336,1.9280638730037336,10,NS,NA,Spring,N,10.9,42.28.617,79.24.439
24GE04I34,COOUNIC,ER936n,ROT,57.6383022106418,0.016237156,0.9358821045693356,0.009358821045693357,9.358821045693356,0.09358821045693357,10,NS,NA,Spring,N,10.9,42.28.617,79.24.439
24GE04I34,FILTERM,ER936n,ROT,28.8191511053209,0.0650743808,1.875388413360393,0.018753884133603932,18.753884133603933,0.18753884133603932,10,NS,NA,Spring,N,10.9,42.28.617,79.24.439
24GE04I34,KELLONG,ER936n,ROT,201.734057737246,0.005026013055,1.013918007825522,0.010139180078255221,10.13918007825522,0.10139180078255221,10,NS,NA,Spring,N,10.9,42.28.617,79.24.439
24GE04I34,KERCOCH,ER936n,ROT,345.829813263851,0.0023887298333333334,0.8260939921994566,0.008260939921994566,8.260939921994567,0.08260939921994566,10,NS,NA,Spring,N,10.9,42.28.617,79.24.439
24GE04I34,KERCRAS,ER936n,ROT,28.8191511053209,0.005142706,0.14820842130424042,0.001482084213042404,1.4820842130424041,0.01482084213042404,10,NS,NA,Spring,N,10.9,42.28.617,79.24.439
24GE04I34,KEREARL,ER936n,ROT,28.8191511053209,0.003456,0.09959898621998903,9.959898621998903e-4,0.9959898621998903,0.009959898621998904,10,NS,NA,Spring,N,10.9,42.28.617,79.24.439
24GE04I34,KERQUAD,ER936n,ROT,115.276604421284,0.06790745115,7.828140383476218,0.07828140383476218,78.28140383476219,0.7828140383476218,10,NS,NA,Spring,N,10.9,42.28.617,79.24.439
24GE04I34,NOTACUM,ER936n,ROT,28.8191511053209,0.033348448,0.9610739620399366,0.009610739620399366,9.610739620399366,0.09610739620399365,10,NS,NA,Spring,N,10.9,42.28.617,79.24.439
24GE04I34,NOTLAUR,ER936n,ROT,2161.43633289907,0.032597524225,70.4574732224726,0.704574732224726,704.574732224726,7.04574732224726,10,NS,NA,Spring,N,10.9,42.28.617,79.24.439
24GE04I34,POLVULG,ER936n,ROT,28.8191511053209,0.0676676,1.9501227893344122,0.01950122789334412,19.501227893344122,0.1950122789334412,10,NS,NA,Spring,N,10.9,42.28.617,79.24.439
24GE04I34,SYNSP,ER936n,ROT,2478.4469950576,0.071400304,176.96186889499913,1.7696186889499912,1769.6186889499913,17.696186889499913,10,NS,NA,Spring,N,10.9,42.28.617,79.24.439
24GE04I54,BOSLONG,ER937n,NDAP,114.942435935856,1.7680255294746765,203.22116115460088,2.0322116115460087,1219.3269669276053,12.193269669276052,6,NS,NA,Spring,N,6.6,42.42.888,80.14.610
24GE04I54,CYCCOPE,ER937n,CYC,211.73606619763,0.97386733288508,206.20283806346467,2.0620283806346467,1237.217028380788,12.372170283807879,6,NS,NA,Spring,N,6.6,42.42.888,80.14.610
24GE04I54,DAPLONG,ER937n,DAP,48.3968151308868,1.2676479907116232,61.350125457510536,0.6135012545751054,368.10075274506323,3.6810075274506326,6,NS,NA,Spring,N,6.6,42.42.888,80.14.610
24GE04I54,DIYTHOM,ER937n,CYC,520.265762657032,5.360371763634784,2788.8179037326704,27.888179037326704,16732.907422396023,167.32907422396022,6,NS,NA,Spring,N,6.6,42.42.888,80.14.610
24GE04I54,HARSP,ER937n,CYC,6.04960189136084,2.61963411299633,15.847743484655975,0.15847743484655974,95.08646090793584,0.9508646090793584,6,NS,NA,Spring,N,6.6,42.42.888,80.14.610
24GE04I54,LEOASHL,ER937n,CAL,12.0992037827217,4.203501458147405,50.85902074309326,0.5085902074309326,305.1541244585596,3.0515412445855956,6,NS,NA,Spring,N,6.6,42.42.888,80.14.610
24GE04I54,LEOMINU,ER937n,CAL,6.04960189136084,3.84100995129765,23.236581066106073,0.23236581066106074,139.41948639663644,1.3941948639663644,6,NS,NA,Spring,N,6.6,42.42.888,80.14.610
24GE04I54,MESCOPE,ER937n,CYC,42.3472132395259,2.3057145602137514,97.6405861508514,0.976405861508514,585.8435169051085,5.858435169051084,6,NS,NA,Spring,N,6.6,42.42.888,80.14.610
24GE04I54,MESEDAX,ER937n,CYC,12.0992037827217,12.426210026886999,150.34724736220548,1.5034724736220548,902.0834841732328,9.020834841732329,6,NS,NA,Spring,N,6.6,42.42.888,80.14.610
24GE04I54,SKIOREG,ER937n,CAL,217.78566808899,7.527054004698653,1639.2844851552038,16.392844851552038,9835.706910931223,98.35706910931222,6,NS,NA,Spring,N,6.6,42.42.888,80.14.610
24GE04I54,TROPRASM,ER937n,CYC,6.04960189136084,0.48293386103757,2.9215575991350766,0.029215575991350766,17.529345594810458,0.17529345594810458,6,NS,NA,Spring,N,6.6,42.42.888,80.14.610
24GE04I54,COPNAUP,ER937n,NAU,1246.21798962033,0.05728380371477787,71.38810670323606,0.71388106703236065,428.32864021941634,4.283286402194164,6,NS,NA,Spring,N,6.6,42.42.888,80.14.610
24GE04I54,DREPOLYV,ER937n,DVEL,21.778566808899,0.11030769607751809,2.4023435285599537,0.024023435285599536,14.414061171359723,0.1441406117135972,6,NS,NA,Spring,N,6.6,42.42.888,80.14.610
24GE04I54,ASPPRIO,ER937n,ROT,0.806613585514779,0.21204992991,0.17104235427286268,0.0017104235427286268,1.026254125637176,0.01026254125637176,6,NS,NA,Spring,N,6.6,42.42.888,80.14.610
24GE04I54,CEPSP,ER937n,ROT,0.806613585514779,0.019066404,0.015379220493313323,1.5379220493313324e-4,0.09227532295987995,9.227532295987995e-4,6,NS,NA,Spring,N,6.6,42.42.888,80.14.610
24GE04I54,COOUNIC,ER937n,ROT,8.06613585514779,0.0204854754,0.16523862763368802,0.00165238627633688,0.9914317658021281,0.00991431765802128,6,NS,NA,Spring,N,6.6,42.42.888,80.14.610
24GE04I54,ENCSP,ER937n,ROT,0.806613585514779,0.306790176,0.24746112386407013,0.002474611238640701,1.4847667431844207,0.014847667431844208,6,NS,NA,Spring,N,6.6,42.42.888,80.14.610
24GE04I54,EUCSP,ER937n,ROT,2.41984075654434,0.046663119999999995,0.1129173196035193,0.001129173196035193,0.6775039176211158,0.006775039176211159,6,NS,NA,Spring,N,6.6,42.42.888,80.14.610
24GE04I54,KELLONG,ER937n,ROT,0.806613585514779,0.006237326235,0.005031112078438747,5.031112078438747e-5,0.030186672470632482,3.018667247063248e-4,6,NS,NA,Spring,N,6.6,42.42.888,80.14.610
24GE04I54,KERCOCH,ER937n,ROT,1.61322717102956,0.002132208,0.003439735879886596,3.439735879886596e-5,0.020638415279319575,2.0638415279319576e-4,6,NS,NA,Spring,N,6.6,42.42.888,80.14.610
24GE04I54,KERSP,ER937n,ROT,1.61322717102956,0.004206592,0.006786188511835579,6.78618851183558e-5,0.040717131071013477,4.071713107101348e-4,6,NS,NA,Spring,N,6.6,42.42.888,80.14.610
24GE04I54,MYTSP,ER937n,ROT,0.806613585514779,0.1228193715,0.09906777361628666,9.906777361628665e-4,0.59440664169772,0.005944066416977199,6,NS,NA,Spring,N,6.6,42.42.888,80.14.610
24GE04I54,NOTLAUR,ER937n,ROT,41.1372928612537,0.03817440515,1.5703916844597015,0.015703916844597016,9.42235010675821,0.0942235010675821,6,NS,NA,Spring,N,6.6,42.42.888,80.14.610
24GE04I54,NOTSQUA,ER937n,ROT,0.806613585514779,0.010021508,0.008083484500145042,8.083484500145042e-5,0.04850090700087025,4.850090700087025e-4,6,NS,NA,Spring,N,6.6,42.42.888,80.14.610
24GE04I54,POLDOLI,ER937n,ROT,3.22645434205912,0.0526620248,0.16991161857758505,0.0016991161857758505,1.0194697114655102,0.010194697114655104,6,NS,NA,Spring,N,6.6,42.42.888,80.14.610
24GE04I54,POLSP,ER937n,ROT,0.806613585514779,0.0398868932,0.03217330993909706,3.217330993909706e-4,0.19303985963458237,0.0019303985963458237,6,NS,NA,Spring,N,6.6,42.42.888,80.14.610
24GE04I54,SYNSP,ER937n,ROT,43.5571336177981,0.03623646900000001,1.578356722070199,0.01578356722070199,9.470140332421195,0.09470140332421194,6,NS,NA,Spring,N,6.6,42.42.888,80.14.610
24GE04I54,TRCPOCI,ER937n,ROT,0.806613585514779,0.0972405,0.07843550836224987,7.843550836224987e-4,0.4706130501734992,0.004706130501734992,6,NS,NA,Spring,N,6.6,42.42.888,80.14.610
24GE04I74,BOSLONG,ER951n,NDAP,5598.04494048811,1.1934532517857495,6681.004937868297,66.81004937868298,113577.08394376106,1135.7708394376107,17,NS,NA,Spring,N,18.6,42.28.571,81.26.478
24GE04I74,CYCCOPE,ER951n,CYC,15762.9160166376,0.6478510016002833,10212.020929519818,102.12020929519818,173604.3558018369,1736.0435580183691,17,NS,NA,Spring,N,18.6,42.28.571,81.26.478
24GE04I74,DAPGALEM,ER951n,DAP,2651.70549812595,5.976685953215256,15848.411002713026,158.48411002713027,269422.98704612145,2694.2298704612144,17,NS,NA,Spring,N,18.6,42.28.571,81.26.478
24GE04I74,DIYTHOM,ER951n,CYC,2209.75458177162,6.586197254754479,14553.879560145377,145.53879560145376,247415.9525224714,2474.159525224714,17,NS,NA,Spring,N,18.6,42.28.571,81.26.478
24GE04I74,MESCOPE,ER951n,CYC,147.316972118108,3.38583889890457,498.79153466633005,4.987915346663301,8479.45608932761,84.79456089327611,17,NS,NA,Spring,N,18.6,42.28.571,81.26.478
24GE04I74,SKIOREG,ER951n,CAL,3977.55824718892,7.491905271379489,29799.489599333632,297.99489599333634,506591.3231886717,5065.913231886718,17,NS,NA,Spring,N,18.6,42.28.571,81.26.478
24GE04I74,COPNAUP,ER951n,NAU,62304.8572119761,0.09888675662200712,6161.125251489586,61.61125251489586,104739.12927532296,1047.3912927532297,17,NS,NA,Spring,N,18.6,42.28.571,81.26.478
24GE04I74,DREPOLYV,ER951n,DVEL,604.901526329865,0.10236885858488906,61.92307880664549,0.6192307880664549,1052.6923397129733,10.526923397129734,17,NS,NA,Spring,N,18.6,42.28.571,81.26.478
24GE04I74,COOUNIC,ER951n,ROT,302.450763164933,0.01263275,3.820784878371807,0.03820784878371807,64.95334293232072,0.6495334293232072,17,NS,NA,Spring,N,18.6,42.28.571,81.26.478
24GE04I74,KELLONG,ER951n,ROT,3024.50763164933,0.005451365755500001,16.487697330421568,0.1648769733042157,280.29085461716664,2.8029085461716665,17,NS,NA,Spring,N,18.6,42.28.571,81.26.478
24GE04I74,KERCOCH,ER951n,ROT,3024.50763164933,0.0026901294,8.136316900424234,0.08136316900424234,138.31738730721196,1.3831738730721197,17,NS,NA,Spring,N,18.6,42.28.571,81.26.478
24GE04I74,KEREARL,ER951n,ROT,604.901526329865,0.0033367229999999998,2.018388835639966,0.02018388835639966,34.31261020587942,0.34312610205879424,17,NS,NA,Spring,N,18.6,42.28.571,81.26.478
24GE04I74,KERQUAD,ER951n,ROT,907.352289494798,0.06234969510000001,56.5731385982876,0.565731385982876,961.7433561708892,9.617433561708891,17,NS,NA,Spring,N,18.6,42.28.571,81.26.478
24GE04I74,NOTLAUR,ER951n,ROT,49904.3759222139,0.03149787864999999,1571.8819769018749,15.718819769018749,26721.99360733187,267.2199360733187,17,NS,NA,Spring,N,18.6,42.28.571,81.26.478
24GE04I74,POLDOLI,ER951n,ROT,604.901526329865,0.0552460986,33.41844936691022,0.3341844936691022,568.1136392374736,5.6811363923747376,17,NS,NA,Spring,N,18.6,42.28.571,81.26.478
24GE04I74,POLSP,ER951n,ROT,1512.25381582466,0.051065494479999994,77.2239888843531,0.772239888843531,1312.8078110340027,13.128078110340027,17,NS,NA,Spring,N,18.6,42.28.571,81.26.478
24GE04I74,SYNSP,ER951n,ROT,16029.8904477414,0.079510411,1274.5431777848928,12.745431777848928,21667.23402234318,216.67234022343177,17,NS,NA,Spring,N,18.6,42.28.571,81.26.478
24GE04I94,ACAVERN,ER958n,CYC,41.5973146717426,9.182287031643703,381.9584830615444,3.8195848306154443,3055.6678644923554,30.556678644923554,8,NS,NA,Spring,D,11.9,41.31.507,81.42.468
24GE04I94,BOSLONG,ER958n,NDAP,277.315431144951,1.0930044861915968,303.1070103315883,3.031070103315883,2424.8560826527064,24.248560826527065,8,NS,NA,Spring,D,11.9,41.31.507,81.42.468
24GE04I94,CHYSPHA,ER958n,NDAP,13.8657715572475,0.475275636636755,6.590063404330615,0.06590063404330615,52.72050723464492,0.5272050723464492,8,NS,NA,Spring,D,11.9,41.31.507,81.42.468
24GE04I94,CYCCOPE,ER958n,CYC,845.8120649921,0.28193203273256745,238.4615147929532,2.384615147929532,1907.6921183436257,19.076921183436255,8,NS,NA,Spring,D,11.9,41.31.507,81.42.468
24GE04I94,DAPGALEM,ER958n,DAP,69.3288577862377,3.984265520076942,276.22457762402473,2.7622457762402473,2209.796620992198,22.097966209921978,8,NS,NA,Spring,D,11.9,41.31.507,81.42.468
24GE04I94,DAPRETR,ER958n,DAP,41.5973146717426,3.034965728084853,126.24642440910003,1.2624642440910003,1009.9713952728002,10.099713952728003,8,NS,NA,Spring,D,11.9,41.31.507,81.42.468
24GE04I94,DIACOPE,ER958n,CAL,138.657715572475,0.9470445578345856,131.31503493468833,1.3131503493468832,1050.5202794775066,10.505202794775066,8,NS,NA,Spring,D,11.9,41.31.507,81.42.468
24GE04I94,DIYTHOM,ER958n,CYC,110.92617245798,3.8872082815674385,431.19313622123775,4.311931362212378,3449.545089769902,34.49545089769902,8,NS,NA,Spring,D,11.9,41.31.507,81.42.468
24GE04I94,EUBCORE,ER958n,NDAP,13.8657715572475,2.72773781379031,37.82218939408216,0.37822189394082156,302.57751515265727,3.0257751515265725,8,NS,NA,Spring,D,11.9,41.31.507,81.42.468
24GE04I94,EURCOPE,ER958n,CAL,55.4630862289902,2.4331826281504485,134.95181791598932,1.3495181791598931,1079.6145433279146,10.796145433279145,8,NS,NA,Spring,D,11.9,41.31.507,81.42.468
24GE04I94,HARCOPE,ER958n,CYC,13.8657715572475,0.238109999331322,3.3015788562244657,0.03301578856224466,26.412630849795725,0.26412630849795726,8,NS,NA,Spring,D,11.9,41.31.507,81.42.468
24GE04I94,HARSP,ER958n,CYC,13.8657715572475,1.8198255434569,25.23328525961716,0.2523328525961716,201.86628207693727,2.018662820769373,8,NS,NA,Spring,D,11.9,41.31.507,81.42.468
24GE04I94,LEOASHL,ER958n,CAL,152.523487129723,3.447159494352123,525.7727867709185,5.257727867709185,4206.182294167348,42.06182294167348,8,NS,NA,Spring,D,11.9,41.31.507,81.42.468
24GE04I94,LEOMINU,ER958n,CAL,402.107375160179,3.833840573736949,1541.6155698879593,15.416155698879592,12332.924559103674,123.32924559103674,8,NS,NA,Spring,D,11.9,41.31.507,81.42.468
24GE04I94,LEOSICI,ER958n,CAL,13.8657715572475,9.25642182434873,128.34743045393964,1.2834743045393964,1026.779443631517,10.267794436315171,8,NS,NA,Spring,D,11.9,41.31.507,81.42.468
24GE04I94,MESCOPE,ER958n,CYC,55.4630862289902,2.1970103323571974,121.85297350950965,1.2185297350950965,974.8237880760772,9.748237880760772,8,NS,NA,Spring,D,11.9,41.31.507,81.42.468
24GE04I94,MESEDAX,ER958n,CYC,13.8657715572475,8.66448325123366,120.13974542320304,1.2013974542320305,961.1179633856243,9.611179633856244,8,NS,NA,Spring,D,11.9,41.31.507,81.42.468
24GE04I94,SKIOREG,ER958n,CAL,194.120801801466,7.818886112298509,1517.808441313734,15.17808441313734,12142.467530509872,121.42467530509872,8,NS,NA,Spring,D,11.9,41.31.507,81.42.468
24GE04I94,TROPRASM,ER958n,CYC,13.8657715572475,0.445581092706472,6.178325641696661,0.06178325641696661,49.42660513357329,0.49426605133573287,8,NS,NA,Spring,D,11.9,41.31.507,81.42.468
24GE04I94,COPNAUP,ER958n,NAU,23023.7261181884,0.07701786769281535,1773.2382919662512,17.732382919662513,14185.90633573001,141.8590633573001,8,NS,NA,Spring,D,11.9,41.31.507,81.42.468
24GE04I94,DREPOLYV,ER958n,DVEL,168949.517425193,0.10251935378386383,17320.595348526425,173.20595348526425,138564.7627882114,1385.647627882114,8,NS,NA,Spring,D,11.9,41.31.507,81.42.468
24GE04I94,BRAANGU,ER958n,ROT,108.859225145099,0.037276113599999994,4.057848842916687,0.040578488429166865,32.46279074333349,0.3246279074333349,8,NS,NA,Spring,D,11.9,41.31.507,81.42.468
24GE04I94,BRACALC,ER958n,ROT,108.859225145099,0.2885484624,31.411162033673733,0.31411162033673734,251.28929626938987,2.5128929626938987,8,NS,NA,Spring,D,11.9,41.31.507,81.42.468
24GE04I94,BRAVARI,ER958n,ROT,108.859225145099,0.1521667686,16.564756522629583,0.16564756522629584,132.51805218103667,1.3251805218103667,8,NS,NA,Spring,D,11.9,41.31.507,81.42.468
24GE04I94,CEPSP,ER958n,ROT,54.4296125725494,0.032677428,1.778619745907378,0.01778619745907378,14.228957967259024,0.14228957967259023,8,NS,NA,Spring,D,11.9,41.31.507,81.42.468
24GE04I94,COOUNIC,ER958n,ROT,108.859225145099,0.025091157,2.731403909014027,0.02731403909014027,21.851231272112216,0.21851231272112215,8,NS,NA,Spring,D,11.9,41.31.507,81.42.468
24GE04I94,FILTERM,ER958n,ROT,108.859225145099,0.03185676754,3.4679030300319416,0.034679030300319415,27.743224240255532,0.2774322424025553,8,NS,NA,Spring,D,11.9,41.31.507,81.42.468
24GE04I94,KELLONG,ER958n,ROT,326.577675435296,0.0052441553325,1.7126240581094618,0.017126240581094618,13.700992464875695,0.13700992464875694,8,NS,NA,Spring,D,11.9,41.31.507,81.42.468
24GE04I94,KERCOCH,ER958n,ROT,598.725738298043,0.002167646909090909,1.2978259960149254,0.012978259960149254,10.382607968119403,0.10382607968119403,8,NS,NA,Spring,D,11.9,41.31.507,81.42.468
24GE04I94,KERCOCHT,ER958n,ROT,108.859225145099,0.0021953420000000003,0.23898322904849198,0.0023898322904849197,1.9118658323879358,0.019118658323879358,8,NS,NA,Spring,D,11.9,41.31.507,81.42.468
24GE04I94,KERCRAS,ER958n,ROT,108.859225145099,0.003926979000000001,0.4274878911010758,0.004274878911010758,3.4199031288086066,0.03419903128808607,8,NS,NA,Spring,D,11.9,41.31.507,81.42.468
24GE04I94,KERQUAD,ER958n,ROT,326.577675435296,0.06610810360000001,21.589430801123726,0.21589430801123727,172.7154464089898,1.7271544640898981,8,NS,NA,Spring,D,11.9,41.31.507,81.42.468
24GE04I94,KERSP,ER958n,ROT,326.577675435296,0.0016227093333333333,0.5299406419871588,0.0052994064198715884,4.239525135897271,0.04239525135897271,8,NS,NA,Spring,D,11.9,41.31.507,81.42.468
24GE04I94,NOTACUM,ER958n,ROT,163.288837717648,0.0270747855,4.421010255749629,0.04421010255749629,35.368082045997035,0.35368082045997035,8,NS,NA,Spring,D,11.9,41.31.507,81.42.468
24GE04I94,NOTLAUR,ER958n,ROT,2340.47334061962,0.03173607272500001,74.27743214882798,0.7427743214882798,594.2194571906239,5.942194571906239,8,NS,NA,Spring,D,11.9,41.31.507,81.42.468
24GE04I94,NOTSQUA,ER958n,ROT,108.859225145099,0.00992530525,1.0804610388435831,0.010804610388435831,8.643688310748665,0.08643688310748665,8,NS,NA,Spring,D,11.9,41.31.507,81.42.468
24GE04I94,PLOTRUN,ER958n,ROT,54.4296125725494,0.01685159,0.9172255149314478,0.009172255149314478,7.337804119451582,0.07337804119451583,8,NS,NA,Spring,D,11.9,41.31.507,81.42.468
24GE04I94,POLSP,ER958n,ROT,435.436900580395,0.029095193050000002,12.66912068348025,0.1266912068348025,101.352965467842,1.01352965467842,8,NS,NA,Spring,D,11.9,41.31.507,81.42.468
24GE04I94,PROSP,ER958n,ROT,54.4296125725494,0.006355468,0.3459256609572354,0.0034592566095723544,2.7674052876578834,0.027674052876578835,8,NS,NA,Spring,D,11.9,41.31.507,81.42.468
24GE04I94,SYNSP,ER958n,ROT,5279.67241953729,0.027337740000000006,144.3343118904814,1.4433431189048138,1154.674495123851,11.54674495123851,8,NS,NA,Spring,D,11.9,41.31.507,81.42.468
24GE04I94,TRIPUSI,ER958n,ROT,54.4296125725494,0.008092509464,0.4404721548652094,0.004404721548652094,3.5237772389216753,0.03523777238921675,8,NS,NA,Spring,D,11.9,41.31.507,81.42.468
24GE05I14,ACAVERN,ER959n,CYC,99.722258049181,13.2154884080846,1317.8783452769726,13.178783452769727,17132.418488600644,171.32418488600644,13,NS,NA,Spring,N,14.8,42.10.497,82.10.673
24GE05I14,BOSLONG,ER959n,NDAP,2343.47306415575,1.2618231177979227,2957.0484882884593,29.570484882884593,38441.630347749975,384.4163034774997,13,NS,NA,Spring,N,14.8,42.10.497,82.10.673
24GE05I14,CYCCOPE,ER959n,CYC,5833.75209587709,1.1496984979096108,6707.056021806934,67.07056021806935,87191.72828349014,871.9172828349015,13,NS,NA,Spring,N,14.8,42.10.497,82.10.673
24GE05I14,DAPGALEM,ER959n,DAP,1346.25048366394,4.008413462069912,5396.328562036668,53.963285620366676,70152.27130647669,701.5227130647668,13,NS,NA,Spring,N,14.8,42.10.497,82.10.673
24GE05I14,DAPLONG,ER959n,DAP,49.8611290245905,8.45668995841457,421.6601091374677,4.216601091374677,5481.58141878708,54.81581418787081,13,NS,NA,Spring,N,14.8,42.10.497,82.10.673
24GE05I14,DIYTHOM,ER959n,CYC,1196.66709659017,6.6896002276116615,8005.224481724988,80.05224481724989,104067.91826242485,1040.6791826242486,13,NS,NA,Spring,N,14.8,42.10.497,82.10.673
24GE05I14,LEOMINU,ER959n,CAL,99.722258049181,4.60239662380436,458.96138376369777,4.5896138376369775,5966.497988928071,59.66497988928071,13,NS,NA,Spring,N,14.8,42.10.497,82.10.673
24GE05I14,MESCOPE,ER959n,CYC,149.583387073772,1.9693686605481133,294.58483464172434,2.9458483464172436,3829.6028503424163,38.29602850342417,13,NS,NA,Spring,N,14.8,42.10.497,82.10.673
24GE05I14,MESEDAX,ER959n,CYC,99.722258049181,15.97445319637435,1593.008543843407,15.930085438434071,20709.111069964292,207.09111069964294,13,NS,NA,Spring,N,14.8,42.10.497,82.10.673
24GE05I14,SKIOREG,ER959n,CAL,648.194677319677,8.64112730577541,5601.132725645341,56.01132725645341,72814.72543338944,728.1472543338944,13,NS,NA,Spring,N,14.8,42.10.497,82.10.673
24GE05I14,COPNAUP,ER959n,NAU,52371.4842348694,0.07010339691250402,3671.418946213996,36.71418946213996,47728.44630078195,477.2844630078195,13,NS,NA,Spring,N,14.8,42.10.497,82.10.673
24GE05I14,DREPOLYV,ER959n,DVEL,272.201061511795,0.10394572951416178,28.294137913372754,0.2829413791337275,367.82379287384583,3.678237928738458,13,NS,NA,Spring,N,14.8,42.10.497,82.10.673
24GE05I14,COOUNIC,ER959n,ROT,163.320636907077,0.012620746666666668,2.0612283838428693,0.020612283838428693,26.795968989957302,0.26795968989957303,13,NS,NA,Spring,N,14.8,42.10.497,82.10.673
24GE05I14,KELLONG,ER959n,ROT,381.081486116513,0.00480654381,1.8316848581989267,0.018316848581989266,23.811903156586048,0.23811903156586045,13,NS,NA,Spring,N,14.8,42.10.497,82.10.673
24GE05I14,KERCOCH,ER959n,ROT,2286.48891669908,0.0023352919,5.339619046607137,0.053396190466071365,69.41504760589278,0.6941504760589278,13,NS,NA,Spring,N,14.8,42.10.497,82.10.673
24GE05I14,KEREARL,ER959n,ROT,163.320636907077,0.003589282666666667,0.5862039311595317,0.005862039311595318,7.620651105073913,0.07620651105073913,13,NS,NA,Spring,N,14.8,42.10.497,82.10.673
24GE05I14,KERQUAD,ER959n,ROT,217.760849209436,0.06700357125,14.590754575464953,0.14590754575464954,189.67980948104437,1.896798094810444,13,NS,NA,Spring,N,14.8,42.10.497,82.10.673
24GE05I14,NOTLAUR,ER959n,ROT,4790.73868260759,0.031292313849999996,149.91329842949222,1.4991329842949221,1948.8728795833988,19.48872879583399,13,NS,NA,Spring,N,14.8,42.10.497,82.10.673
24GE05I14,POLSP,ER959n,ROT,217.760849209436,0.0324604126,7.068607013464677,0.07068607013464677,91.8918911750408,0.918918911750408,13,NS,NA,Spring,N,14.8,42.10.497,82.10.673
24GE05I14,SYNSP,ER959n,ROT,6315.06462707365,0.09767102850000002,616.7988571702524,6.167988571702524,8018.3851432132815,80.18385143213281,13,NS,NA,Spring,N,14.8,42.10.497,82.10.673
24GE05I34,ACAVERN,ER95b,CYC,23.2058627127591,8.24753922972461,191.39126308308425,1.9139126308308425,2679.47768316318,26.794776831631793,14,NS,NA,Spring,D,15.3,42.00.002,80.39.977
24GE05I34,BOSLONG,ER95b,NDAP,788.999332233809,1.3168482151506127,1038.9923624071166,10.389923624071166,14545.893073699634,145.4589307369963,14,NS,NA,Spring,D,15.3,42.00.002,80.39.977
24GE05I34,CHYSPHA,ER95b,NDAP,23.2058627127591,0.482710615802573,11.201716280305913,0.11201716280305912,156.82402792428277,1.5682402792428278,14,NS,NA,Spring,D,15.3,42.00.002,80.39.977
24GE05I34,CYCCOPE,ER95b,CYC,1392.35176276555,0.6967124043655686,970.068744359024,9.70068744359024,13580.962421026336,135.80962421026337,14,NS,NA,Spring,D,15.3,42.00.002,80.39.977
24GE05I34,DAPGALEM,ER95b,DAP,116.029313563795,5.384585838498955,624.7697986663653,6.2476979866636535,8746.777181329115,87.46777181329115,14,NS,NA,Spring,D,15.3,42.00.002,80.39.977
24GE05I34,DIACOPE,ER95b,CAL,440.911391542423,1.111402923640693,490.03020962673526,4.900302096267352,6860.422934774294,68.60422934774293,14,NS,NA,Spring,D,15.3,42.00.002,80.39.977
24GE05I34,DIYTHOM,ER95b,CYC,301.676215265868,4.65259226638057,1403.5764260969377,14.035764260969376,19650.06996535713,196.50069965357127,14,NS,NA,Spring,D,15.3,42.00.002,80.39.977
24GE05I34,EUBCORE,ER95b,NDAP,23.2058627127591,1.90864419763891,44.29173521791279,0.44291735217912787,620.084293050779,6.20084293050779,14,NS,NA,Spring,D,15.3,42.00.002,80.39.977
24GE05I34,EURCOPE,ER95b,CAL,139.235176276555,3.2816281712611115,456.9180768996497,4.569180768996497,6396.853076595095,63.96853076595096,14,NS,NA,Spring,D,15.3,42.00.002,80.39.977
24GE05I34,EUYAGIL,ER95b,CYC,23.2058627127591,3.09528619285217,71.82878644802625,0.7182878644802625,1005.6030102723676,10.056030102723675,14,NS,NA,Spring,D,15.3,42.00.002,80.39.977
24GE05I34,LEOASHL,ER95b,CAL,69.6175881382773,3.4454138394299103,239.86140163935218,2.398614016393522,3358.0596229509306,33.580596229509304,14,NS,NA,Spring,D,15.3,42.00.002,80.39.977
24GE05I34,LEOMINU,ER95b,CAL,371.293803404145,3.6576485589654957,1358.0622449739892,13.580622449739892,19012.87142963585,190.12871429635848,14,NS,NA,Spring,D,15.3,42.00.002,80.39.977
24GE05I34,LIMCOPE,ER95b,CAL,23.2058627127591,15.0039943933439,348.1806340349458,3.481806340349458,4874.528876489241,48.745288764892415,14,NS,NA,Spring,D,15.3,42.00.002,80.39.977
24GE05I34,MESCOPE,ER95b,CYC,974.646233935882,1.629603340262919,1588.2867583965879,15.88286758396588,22236.01461755223,222.36014617552232,14,NS,NA,Spring,D,15.3,42.00.002,80.39.977
24GE05I34,MESEDAX,ER95b,CYC,23.2058627127591,9.35128818767248,217.00470987057344,2.1700470987057345,3038.065938188028,30.380659381880285,14,NS,NA,Spring,D,15.3,42.00.002,80.39.977
24GE05I34,SKIOREG,ER95b,CAL,69.6175881382773,6.900371186516977,480.38719926417474,4.8038719926417475,6725.420789698446,67.25420789698447,14,NS,NA,Spring,D,15.3,42.00.002,80.39.977
24GE05I34,COPNAUP,ER95b,NAU,37611.4344933849,0.10850972243152726,4081.2063171287655,40.812063171287654,57136.888439802715,571.3688843980271,14,NS,NA,Spring,D,15.3,42.00.002,80.39.977
24GE05I34,DREPOLYV,ER95b,DVEL,119616.693306831,0.09366707640852809,11204.14595170641,112.0414595170641,156858.04332388975,1568.5804332388973,14,NS,NA,Spring,D,15.3,42.00.002,80.39.977
24GE05I34,COOUNIC,ER95b,ROT,924.871340001268,0.035748023999999996,33.06232285927749,0.3306232285927749,462.8725200298848,4.628725200298848,14,NS,NA,Spring,D,15.3,42.00.002,80.39.977
24GE05I34,KELLONG,ER95b,ROT,308.290446667089,0.00427800576,1.3188683065947795,0.013188683065947795,18.464156292326912,0.18464156292326914,14,NS,NA,Spring,D,15.3,42.00.002,80.39.977
24GE05I34,KERCOCH,ER95b,ROT,616.580893334179,0.001825928,1.125832317403891,0.011258323174038909,15.761652443654473,0.15761652443654472,14,NS,NA,Spring,D,15.3,42.00.002,80.39.977
24GE05I34,KERHIEM,ER95b,ROT,308.290446667089,0.0507507,15.645955971667433,0.15645955971667433,219.04338360334407,2.1904338360334408,14,NS,NA,Spring,D,15.3,42.00.002,80.39.977
24GE05I34,KERQUAD,ER95b,ROT,1233.16178666836,0.05922513135,73.03416879123431,0.7303416879123431,1022.4783630772803,10.224783630772803,14,NS,NA,Spring,D,15.3,42.00.002,80.39.977
24GE05I34,NOTLAUR,ER95b,ROT,42235.7911933912,0.033249631975,1404.3245133532032,14.043245133532032,19660.543186944844,196.60543186944847,14,NS,NA,Spring,D,15.3,42.00.002,80.39.977
24GE05I34,POLDOLI,ER95b,ROT,616.580893334179,0.045057366200000004,27.781511102881243,0.27781511102881246,388.9411554403374,3.8894115544033743,14,NS,NA,Spring,D,15.3,42.00.002,80.39.977
24GE05I34,POLSP,ER95b,ROT,1849.74268000254,0.030871353333333334,57.10405985010535,0.5710405985010535,799.456837901475,7.994568379014749,14,NS,NA,Spring,D,15.3,42.00.002,80.39.977
24GE05I34,SYNSP,ER95b,ROT,37303.1440467178,0.024001748999999996,895.3407003201648,8.953407003201649,12534.769804482308,125.34769804482309,14,NS,NA,Spring,D,15.3,42.00.002,80.39.977
24GE05I54,ACAVERN,ER964n,CYC,581.501177357363,10.770541747217527,6263.082706783621,62.63082706783621,43841.578947485345,438.41578947485345,7,NS,NA,Spring,N,7.5,41.29.064,82.10.851
24GE05I54,BOSLONG,ER964n,NDAP,342.059516092566,1.372950622331411,469.6308254936698,4.696308254936699,3287.4157784556887,32.87415778455689,7,NS,NA,Spring,N,7.5,41.29.064,82.10.851
24GE05I54,CHYSPHA,ER964n,NDAP,34.2059516092566,0.649839473058689,22.228377569230325,0.22228377569230326,155.59864298461227,1.5559864298461228,7,NS,NA,Spring,N,7.5,41.29.064,82.10.851
24GE05I54,CYCCOPE,ER964n,CYC,3796.86062862749,0.8633313946902765,3277.948981957571,32.77948981957571,22945.642873702996,229.45642873702997,7,NS,NA,Spring,N,7.5,41.29.064,82.10.851
24GE05I54,DAPGALEM,ER964n,DAP,205.23570965554,3.3984577936057723,697.4848970050814,6.974848970050814,4882.3942790355695,48.823942790355694,7,NS,NA,Spring,N,7.5,41.29.064,82.10.851
24GE05I54,DAPRETR,ER964n,DAP,34.2059516092566,0.754582249773848,25.811203920968225,0.25811203920968223,180.67842744677756,1.8067842744677756,7,NS,NA,Spring,N,7.5,41.29.064,82.10.851
24GE05I54,DIACOPE,ER964n,CAL,513.08927413885,1.2914382860164513,662.6231327673015,6.626231327673015,4638.361929371111,46.38361929371111,7,NS,NA,Spring,N,7.5,41.29.064,82.10.851
24GE05I54,DIYTHOM,ER964n,CYC,376.265467701823,4.039542967722611,1519.9405240517585,15.199405240517585,10639.58366836231,106.39583668362309,7,NS,NA,Spring,N,7.5,41.29.064,82.10.851
24GE05I54,EPICOPE,ER964n,CAL,34.2059516092566,0.888114033983225,30.378785669931865,0.3037878566993186,212.65149968952306,2.1265149968952306,7,NS,NA,Spring,N,7.5,41.29.064,82.10.851
24GE05I54,EUBCORE,ER964n,NDAP,68.4119032185133,1.4168377464272865,96.92856678492002,0.9692856678492002,678.4999674944402,6.784999674944402,7,NS,NA,Spring,N,7.5,41.29.064,82.10.851
24GE05I54,LEOASHL,ER964n,CAL,342.059516092566,3.746209995075735,1281.42677809674,12.8142677809674,8969.98744667718,89.6998744667718,7,NS,NA,Spring,N,7.5,41.29.064,82.10.851
24GE05I54,LEOMINU,ER964n,CAL,342.059516092566,4.099287991266949,1402.2004666168395,14.022004666168396,9815.403266317877,98.15403266317877,7,NS,NA,Spring,N,7.5,41.29.064,82.10.851
24GE05I54,LEOSICI,ER964n,CAL,34.2059516092566,10.9779637731201,375.51169759151816,3.7551169759151817,2628.5818831406273,26.28581883140627,7,NS,NA,Spring,N,7.5,41.29.064,82.10.851
24GE05I54,LIMCOPE,ER964n,CAL,34.2059516092566,17.3817749109034,594.5601514853521,5.945601514853521,4161.921060397464,41.61921060397464,7,NS,NA,Spring,N,7.5,41.29.064,82.10.851
24GE05I54,MESCOPE,ER964n,CYC,34.2059516092566,1.01045799399467,34.56367724576818,0.3456367724576818,241.94574072037727,2.419457407203773,7,NS,NA,Spring,N,7.5,41.29.064,82.10.851
24GE05I54,MESEDAX,ER964n,CYC,34.2059516092566,8.07352227026116,276.16251209280875,2.7616251209280875,1933.1375846496612,19.331375846496613,7,NS,NA,Spring,N,7.5,41.29.064,82.10.851
24GE05I54,SKIOREG,ER964n,CAL,205.23570965554,8.107070229961277,1663.8603118734045,16.638603118734046,11647.022183113831,116.47022183113833,7,NS,NA,Spring,N,7.5,41.29.064,82.10.851
24GE05I54,COPNAUP,ER964n,NAU,30076.2719348765,0.09909846640383706,2980.512423891026,29.805124238910263,20863.586967237185,208.63586967237185,7,NS,NA,Spring,N,7.5,41.29.064,82.10.851
24GE05I54,DREPOLYV,ER964n,DVEL,60152.5438697531,0.10637776138264284,6398.89295833555,63.9889295833555,44792.25070834885,447.9225070834885,7,NS,NA,Spring,N,7.5,41.29.064,82.10.851
24GE05I54,ASPPRIO,ER964n,ROT,455.701089922372,0.15049162752,68.57919868505563,0.6857919868505563,480.0543907953894,4.8005439079538945,7,NS,NA,Spring,N,7.5,41.29.064,82.10.851
24GE05I54,BRAANGU,ER964n,ROT,5468.41307906846,0.032720074200000004,178.92688170337053,1.7892688170337052,1252.4881719235937,12.524881719235937,7,NS,NA,Spring,N,7.5,41.29.064,82.10.851
24GE05I54,BRACALC,ER964n,ROT,3645.60871937897,0.28417531725,1035.992014398885,10.35992014398885,7251.944100792195,72.51944100792196,7,NS,NA,Spring,N,7.5,41.29.064,82.10.851
24GE05I54,COOUNIC,ER964n,ROT,455.701089922372,0.010518144,4.793129684760458,0.047931296847604575,33.5519077933232,0.33551907793323205,7,NS,NA,Spring,N,7.5,41.29.064,82.10.851
24GE05I54,FILTERM,ER964n,ROT,15038.1359674383,0.032621435106000005,490.5655765769931,4.905655765769931,3433.959036038952,34.33959036038952,7,NS,NA,Spring,N,7.5,41.29.064,82.10.851
24GE05I54,KERCOCH,ER964n,ROT,5924.11416899083,0.0017789416923076925,10.538653685208526,0.10538653685208527,73.77057579645968,0.7377057579645969,7,NS,NA,Spring,N,7.5,41.29.064,82.10.851
24GE05I54,KERCOCHT,ER964n,ROT,9569.7228883698,0.0015340598,14.680527180188,0.14680527180188,102.763690261316,1.02763690261316,7,NS,NA,Spring,N,7.5,41.29.064,82.10.851
24GE05I54,KERQUAD,ER964n,ROT,10936.8261581369,0.06566685972,718.1870291084024,7.1818702910840235,5027.309203758817,50.273092037588164,7,NS,NA,Spring,N,7.5,41.29.064,82.10.851
24GE05I54,NOTACUM,ER964n,ROT,2278.50544961186,0.0298931269,68.11165254758889,0.6811165254758889,476.7815678331222,4.767815678331222,7,NS,NA,Spring,N,7.5,41.29.064,82.10.851
24GE05I54,NOTLAUR,ER964n,ROT,1367.10326976711,0.03673816533333333,50.22486595244469,0.5022486595244469,351.5740616671128,3.515740616671128,7,NS,NA,Spring,N,7.5,41.29.064,82.10.851
24GE05I54,NOTSQUA,ER964n,ROT,455.701089922372,0.0093996665,4.283438268956808,0.04283438268956808,29.98406788269766,0.29984067882697657,7,NS,NA,Spring,N,7.5,41.29.064,82.10.851
24GE05I54,POLDOLI,ER964n,ROT,2734.20653953423,0.04567906933333333,124.8960100910375,1.248960100910375,874.2720706372625,8.742720706372625,7,NS,NA,Spring,N,7.5,41.29.064,82.10.851
24GE05I54,POLSP,ER964n,ROT,3645.60871937897,0.05341581630000001,194.73316565602534,1.9473316565602534,1363.1321595921772,13.631321595921774,7,NS,NA,Spring,N,7.5,41.29.064,82.10.851
24GE05I54,SYNSP,ER964n,ROT,20962.2501364291,0.034796610500000005,729.4152532008953,7.294152532008954,5105.906772406267,51.05906772406268,7,NS,NA,Spring,N,7.5,41.29.064,82.10.851
24GE05I74,ACAVERN,ER966n,CYC,43.4409265758171,12.56690386900055,545.9179482586047,5.459179482586047,4640.30256019814,46.403025601981405,8.5,NS,NA,Spring,D,8.5,41.59.002,82.37.467
24GE05I74,BOSLONG,ER966n,NDAP,716.775288500983,1.280245502515769,917.6483394178264,9.176483394178264,7800.010885051524,78.00010885051525,8.5,NS,NA,Spring,D,8.5,41.59.002,82.37.467
24GE05I74,CYCCOPE,ER966n,CYC,2541.2942046853,1.0003577631529013,2542.203386112418,25.422033861124177,21608.72878195555,216.0872878195555,8.5,NS,NA,Spring,D,8.5,41.59.002,82.37.467
24GE05I74,DAPGALEM,ER966n,DAP,412.688802470263,3.3838810324418027,1396.4898109802448,13.964898109802448,11870.16339333208,118.7016339333208,8.5,NS,NA,Spring,D,8.5,41.59.002,82.37.467
24GE05I74,DIACOPE,ER966n,CAL,21.7204632879086,0.557739150004038,12.114352731892055,0.12114352731892054,102.97199822108246,1.0297199822108247,8.5,NS,NA,Spring,D,8.5,41.59.002,82.37.467
24GE05I74,DIYTHOM,ER966n,CYC,325.80694931862803,5.314543968896993,1731.5153575260429,17.315153575260428,14717.880538971363,147.17880538971363,8.5,NS,NA,Spring,D,8.5,41.59.002,82.37.467
24GE05I74,EURCOPE,ER966n,CAL,21.7204632879086,2.92370487431205,63.50422438717432,0.6350422438717431,539.7859072909818,5.397859072909816,8.5,NS,NA,Spring,D,8.5,41.59.002,82.37.467
24GE05I74,HARCOPE,ER966n,CYC,21.7204632879086,0.299956737531493,6.5151993055136295,0.06515199305513629,55.37919409686585,0.5537919409686585,8.5,NS,NA,Spring,D,8.5,41.59.002,82.37.467
24GE05I74,HARSP,ER966n,CYC,43.4409265758171,1.3815219271180799,60.01459259881785,0.6001459259881785,510.12403708995174,5.101240370899517,8.5,NS,NA,Spring,D,8.5,41.59.002,82.37.467
24GE05I74,LEOASHL,ER966n,CAL,21.7204632879086,3.8959094997746,84.62095926286855,0.8462095926286856,719.2781537343827,7.192781537343827,8.5,NS,NA,Spring,D,8.5,41.59.002,82.37.467
24GE05I74,LEOMINU,ER966n,CAL,65.1613898637257,4.08103983660006,265.9262278420919,2.6592622784209192,2260.3729366577813,22.603729366577813,8.5,NS,NA,Spring,D,8.5,41.59.002,82.37.467
24GE05I74,LIMCOPE,ER966n,CAL,43.4409265758171,6.61146377486916,287.2081124027657,2.872081124027657,2441.2689554235085,24.412689554235087,8.5,NS,NA,Spring,D,8.5,41.59.002,82.37.467
24GE05I74,MESCOPE,ER966n,CYC,21.7204632879086,1.45113521121822,31.519329081056842,0.3151932908105684,267.91429718898314,2.6791429718898314,8.5,NS,NA,Spring,D,8.5,41.59.002,82.37.467
24GE05I74,MESEDAX,ER966n,CYC,21.7204632879086,10.5268523863066,228.64811079400556,2.2864811079400558,1943.5089417490472,19.435089417490474,8.5,NS,NA,Spring,D,8.5,41.59.002,82.37.467
24GE05I74,SKIOREG,ER966n,CAL,130.322779727451,7.298065158477119,951.1041380847984,9.511041380847983,8084.385173720786,80.84385173720786,8.5,NS,NA,Spring,D,8.5,41.59.002,82.37.467
24GE05I74,COPNAUP,ER966n,NAU,20986.171496756,0.11002274120355973,2308.956115441107,23.089561154411072,19626.12698124941,196.2612698124941,8.5,NS,NA,Spring,D,8.5,41.59.002,82.37.467
24GE05I74,DREPOLYV,ER966n,DVEL,47461.034000356,0.09529192910459985,4522.653487192927,45.22653487192927,38442.55464113988,384.4255464113988,8.5,NS,NA,Spring,D,8.5,41.59.002,82.37.467
24GE05I74,KELLONG,ER966n,ROT,726.444397964632,0.005253304373333334,3.8162335328111023,0.03816233532811102,32.43798502889437,0.32437985028894367,8.5,NS,NA,Spring,D,8.5,41.59.002,82.37.467
24GE05I74,KERCOCH,ER966n,ROT,1372.17275171097,0.002274155176470588,3.1205337663153934,0.031205337663153934,26.524537013680842,0.26524537013680843,8.5,NS,NA,Spring,D,8.5,41.59.002,82.37.467
24GE05I74,KERCOCHT,ER966n,ROT,80.7160442182925,0.002122416,0.17131302370561147,0.0017131302370561147,1.4561607014976974,0.014561607014976975,8.5,NS,NA,Spring,D,8.5,41.59.002,82.37.467
24GE05I74,KERCRAS,ER966n,ROT,80.7160442182925,0.004000752,0.3229248753384221,0.0032292487533842214,2.744861440376588,0.02744861440376588,8.5,NS,NA,Spring,D,8.5,41.59.002,82.37.467
24GE05I74,KEREARL,ER966n,ROT,161.432088436585,0.003322195,0.5363088770435804,0.005363088770435804,4.558625454870434,0.04558625454870433,8.5,NS,NA,Spring,D,8.5,41.59.002,82.37.467
24GE05I74,KERQUAD,ER966n,ROT,322.86417687317,0.07047881610000001,22.755084947122022,0.22755084947122023,193.4182220505372,1.934182220505372,8.5,NS,NA,Spring,D,8.5,41.59.002,82.37.467
24GE05I74,NOTLAUR,ER966n,ROT,5246.54287418901,0.03116817304999999,163.5251562169674,1.635251562169674,1389.9638278442228,13.899638278442229,8.5,NS,NA,Spring,D,8.5,41.59.002,82.37.467
24GE05I74,POLDOLI,ER966n,ROT,161.432088436585,0.0700644098,11.310643999090733,0.11310643999090733,96.14047399227123,0.9614047399227124,8.5,NS,NA,Spring,D,8.5,41.59.002,82.37.467
24GE05I74,POLVULG,ER966n,ROT,80.7160442182925,0.0616115808,4.973043080211701,0.04973043080211701,42.270866181799455,0.4227086618179946,8.5,NS,NA,Spring,D,8.5,41.59.002,82.37.467
24GE05I74,SYNSP,ER966n,ROT,7264.44397964632,0.046961645499999996,341.1502429267597,3.411502429267597,2899.777064877457,28.997770648774576,8.5,NS,NA,Spring,D,8.5,41.59.002,82.37.467
24GE05I94,ACAVERN,ERG09n,CYC,167.167903222645,13.742871335057366,2297.366985340132,22.97366985340132,25271.036838741453,252.71036838741452,11,NS,NA,Spring,N,11.5,41.59.679,82.27.006
24GE05I94,BOSLONG,ERG09n,NDAP,2117.46010748684,1.421752500538231,3010.504202609366,30.10504202609366,33115.546228703024,331.1554622870303,11,NS,NA,Spring,N,11.5,41.59.679,82.27.006
24GE05I94,CYCCOPE,ERG09n,CYC,6129.48978483032,0.7786879953693884,4772.960113186666,47.72960113186666,52502.56124505332,525.0256124505332,11,NS,NA,Spring,N,11.5,41.59.679,82.27.006
24GE05I94,DAPGALEM,ERG09n,DAP,1281.62059137361,3.748044943184635,4803.571576579161,48.03571576579161,52839.28734237077,528.3928734237077,11,NS,NA,Spring,N,11.5,41.59.679,82.27.006
24GE05I94,DAPLONG,ERG09n,DAP,111.445268815097,0.670364954329733,74.7090025394973,0.747090025394973,821.7990279344704,8.217990279344704,11,NS,NA,Spring,N,11.5,41.59.679,82.27.006
24GE05I94,DIYTHOM,ERG09n,CYC,891.562150520774,6.225440445299701,5550.367071350406,55.503670713504064,61054.03778485447,610.5403778485447,11,NS,NA,Spring,N,11.5,41.59.679,82.27.006
24GE05I94,EUBCORE,ERG09n,NDAP,55.7226344075484,2.11146530237654,117.65640910855159,1.176564091085516,1294.2205001940674,12.942205001940675,11,NS,NA,Spring,N,11.5,41.59.679,82.27.006
24GE05I94,LEOMINU,ERG09n,CAL,55.7226344075484,4.30542239093939,239.90947786038856,2.3990947786038856,2639.004256464274,26.39004256464274,11,NS,NA,Spring,N,11.5,41.59.679,82.27.006
24GE05I94,MESCOPE,ERG09n,CYC,55.7226344075484,2.97080995998251,165.5413572944089,1.6554135729440889,1820.9549302384978,18.20954930238498,11,NS,NA,Spring,N,11.5,41.59.679,82.27.006
24GE05I94,MESEDAX,ERG09n,CYC,55.7226344075484,11.2832507765195,628.7324579486826,6.287324579486826,6916.057037435508,69.16057037435509,11,NS,NA,Spring,N,11.5,41.59.679,82.27.006
24GE05I94,SKIOREG,ERG09n,CAL,334.33580644529,8.929230446414095,2985.3614622376936,29.853614622376934,32838.97608461463,328.38976084614626,11,NS,NA,Spring,N,11.5,41.59.679,82.27.006
24GE05I94,COPNAUP,ERG09n,NAU,64394.5260159166,0.12626790245075006,8130.961729340044,81.30961729340044,89440.57902274048,894.4057902274049,11,NS,NA,Spring,N,11.5,41.59.679,82.27.006
24GE05I94,DREPOLYV,ERG09n,DVEL,247.354133223751,0.11325465119765699,28.014006080554697,0.280140060805547,308.15406688610165,3.0815406688610167,11,NS,NA,Spring,N,11.5,41.59.679,82.27.006
24GE05I94,COOUNIC,ERG09n,ROT,82.4513777412504,0.02647125,2.182591033033075,0.02182591033033075,24.008501363363823,0.24008501363363824,11,NS,NA,Spring,N,11.5,41.59.679,82.27.006
24GE05I94,KELLONG,ERG09n,ROT,1401.67342160126,0.004890596531470589,6.855019173937635,0.06855019173937635,75.405210913314,0.7540521091331398,11,NS,NA,Spring,N,11.5,41.59.679,82.27.006
24GE05I94,KERCOCH,ERG09n,ROT,1813.93031030751,0.0024427687999999995,4.431012367393503,0.04431012367393503,48.74113604132853,0.48741136041328537,11,NS,NA,Spring,N,11.5,41.59.679,82.27.006
24GE05I94,KERCRAS,ERG09n,ROT,164.902755482501,0.004892608,0.8068045406957282,0.008068045406957281,8.87484994765301,0.0887484994765301,11,NS,NA,Spring,N,11.5,41.59.679,82.27.006
24GE05I94,KEREARL,ERG09n,ROT,659.611021930004,0.0033991049999999995,2.2420871226973857,0.02242087122697386,24.662958349671243,0.24662958349671243,11,NS,NA,Spring,N,11.5,41.59.679,82.27.006
24GE05I94,KERQUAD,ERG09n,ROT,164.902755482501,0.07954263240000001,13.116799261091662,0.13116799261091663,144.2847918720083,1.442847918720083,11,NS,NA,Spring,N,11.5,41.59.679,82.27.006
24GE05I94,NOTLAUR,ERG09n,ROT,7173.26986348879,0.034101752125,244.62107081042734,2.446210708104273,2690.831778914701,26.908317789147006,11,NS,NA,Spring,N,11.5,41.59.679,82.27.006
24GE05I94,POLDOLI,ERG09n,ROT,82.4513777412504,0.0409948,3.3800777402270117,0.03380077740227012,37.18085514249713,0.37180855142497127,11,NS,NA,Spring,N,11.5,41.59.679,82.27.006
24GE05I94,POLREMA,ERG09n,ROT,247.354133223751,0.0358915788,8.877930364105957,0.08877930364105957,97.65723400516552,0.9765723400516553,11,NS,NA,Spring,N,11.5,41.59.679,82.27.006
24GE05I94,SYNSP,ERG09n,ROT,7832.88088541879,0.16327840600000001,1278.9403053590488,12.789403053590489,14068.343358949536,140.68343358949537,11,NS,NA,Spring,N,11.5,41.59.679,82.27.006
24GE06I14,ACAVERN,ERI28n,CYC,119.056165221981,16.52189029739908,1967.0329010265896,19.670329010265895,21637.361911292486,216.37361911292484,11,NS,NA,Spring,D,11.6,42.10.571,80.09.234
24GE06I14,BOSLONG,ERI28n,NDAP,595.280826109907,0.9840403650951031,585.7803614593074,5.857803614593074,6443.583976052381,64.4358397605238,11,NS,NA,Spring,D,11.6,42.10.571,80.09.234
24GE06I14,CYCCOPE,ERI28n,CYC,1833.46494441851,0.7566238456114449,1387.2432970397072,13.872432970397071,15259.676267436778,152.59676267436777,11,NS,NA,Spring,D,11.6,42.10.571,80.09.234
24GE06I14,DAPGALEM,ERI28n,DAP,500.035893932322,5.337677329123954,2669.0302547907854,26.690302547907855,29359.33280269864,293.5933280269864,11,NS,NA,Spring,D,11.6,42.10.571,80.09.234
24GE06I14,DIACOPE,ERI28n,CAL,333.357262621548,1.1211697281098936,373.75007149685933,3.7375007149685935,4111.250786465453,41.11250786465453,11,NS,NA,Spring,D,11.6,42.10.571,80.09.234
24GE06I14,DIYTHOM,ERI28n,CYC,666.714525243096,6.180715739998549,4120.772960255663,41.207729602556626,45328.50256281229,453.28502562812287,11,NS,NA,Spring,D,11.6,42.10.571,80.09.234
24GE06I14,EURCOPE,ERI28n,CAL,47.6224660887926,2.615273890415335,124.54579215920899,1.2454579215920898,1370.0037137512988,13.700037137512988,11,NS,NA,Spring,D,11.6,42.10.571,80.09.234
24GE06I14,LEOASHL,ERI28n,CAL,142.867398266378,3.93604654170451,562.3327288686979,5.623327288686979,6185.660017555677,61.85660017555677,11,NS,NA,Spring,D,11.6,42.10.571,80.09.234
24GE06I14,LEOMINU,ERI28n,CAL,333.357262621548,3.876335626363293,1292.204633406851,12.92204633406851,14214.25096747536,142.1425096747536,11,NS,NA,Spring,D,11.6,42.10.571,80.09.234
24GE06I14,LIMCOPE,ERI28n,CAL,23.8112330443963,7.18628315549987,171.11426293862704,1.7111426293862704,1882.2568923248973,18.822568923248973,11,NS,NA,Spring,D,11.6,42.10.571,80.09.234
24GE06I14,MESCOPE,ERI28n,CYC,214.301097399567,1.9268551427225344,412.9271716154384,4.129271716154384,4542.198887769822,45.421988877698226,11,NS,NA,Spring,D,11.6,42.10.571,80.09.234
24GE06I14,SKIOREG,ERI28n,CAL,142.867398266378,8.035761425319896,1148.0483279247749,11.480483279247748,12628.531607172523,126.28531607172523,11,NS,NA,Spring,D,11.6,42.10.571,80.09.234
24GE06I14,TROPRASM,ERI28n,CYC,23.8112330443963,0.556790392346224,13.257865789036789,0.13257865789036788,145.83652367940468,1.4583652367940467,11,NS,NA,Spring,D,11.6,42.10.571,80.09.234
24GE06I14,COPNAUP,ERI28n,NAU,30007.4450210603,0.12283668007564541,3686.0149239395028,36.86014923939503,40546.16416333453,405.4616416333453,11,NS,NA,Spring,D,11.6,42.10.571,80.09.234
24GE06I14,DREPOLYV,ERI28n,DVEL,117926.454498653,0.10067030647643434,11871.692316058687,118.71692316058687,130588.61547664556,1305.8861547664555,11,NS,NA,Spring,D,11.6,42.10.571,80.09.234
24GE06I14,COOUNIC,ERI28n,ROT,701.108528529446,0.0224728764,15.755925304628112,0.15755925304628113,173.31517835090924,1.7331517835090924,11,NS,NA,Spring,D,11.6,42.10.571,80.09.234
24GE06I14,FILTERM,ERI28n,ROT,140.221705705889,0.029470285,4.132373630338675,0.041323736303386746,45.45610993372542,0.4545610993372542,11,NS,NA,Spring,D,11.6,42.10.571,80.09.234
24GE06I14,KERCOCH,ERI28n,ROT,841.330234235335,0.0019509569999999997,1.641399109793066,0.01641399109793066,18.055390207723725,0.18055390207723726,11,NS,NA,Spring,D,11.6,42.10.571,80.09.234
24GE06I14,KERQUAD,ERI28n,ROT,701.108528529446,0.06436138170000001,45.124313617809015,0.45124313617809014,496.3674497958992,4.9636744979589915,11,NS,NA,Spring,D,11.6,42.10.571,80.09.234
24GE06I14,KERSP,ERI28n,ROT,420.665117117668,0.0020064,0.8440224909848891,0.008440224909848892,9.284247400833781,0.09284247400833781,11,NS,NA,Spring,D,11.6,42.10.571,80.09.234
24GE06I14,KERTEST,ERI28n,ROT,140.221705705889,0.0409230591,5.738301149704903,0.057383011497049025,63.12131264675393,0.6312131264675392,11,NS,NA,Spring,D,11.6,42.10.571,80.09.234
24GE06I14,NOTLAUR,ERI28n,ROT,9815.51939941224,0.0325479763,319.47529278425986,3.1947529278425986,3514.2282206268583,35.14228220626858,11,NS,NA,Spring,D,11.6,42.10.571,80.09.234
24GE06I14,POLDOLI,ERI28n,ROT,1822.88217417656,0.045174509261538466,82.34780766003239,0.8234780766003239,905.8258842603562,9.058258842603562,11,NS,NA,Spring,D,11.6,42.10.571,80.09.234
24GE06I14,POLSP,ERI28n,ROT,2243.54729129423,0.03238008738461538,72.64625734362431,0.7264625734362431,799.1088307798675,7.991088307798674,11,NS,NA,Spring,D,11.6,42.10.571,80.09.234
24GE06I14,SYNSP,ERI28n,ROT,14583.0573934125,0.022084969,322.0663704587359,3.2206637045873587,3542.730075046095,35.427300750460944,11,NS,NA,Spring,D,11.6,42.10.571,80.09.234
24GE06I34,ACAVERN,ERN22n,CYC,34.4491218813604,2.48604666828106,85.64212467836417,0.8564212467836417,770.7791221052776,7.7077912210527755,9,NS,NA,Spring,D,9.8,42.38.016,80.52.503
24GE06I34,BOSLONG,ERN22n,NDAP,861.228047034009,1.189025318760288,1024.0219531499129,10.240219531499129,9216.197578349216,92.16197578349215,9,NS,NA,Spring,D,9.8,42.38.016,80.52.503
24GE06I34,CYCCOPE,ERN22n,CYC,3031.52272555971,0.9045175699124375,2742.065568857598,27.42065568857598,24678.59011971838,246.78590119718382,9,NS,NA,Spring,D,9.8,42.38.016,80.52.503
24GE06I34,DAPGALEM,ERN22n,DAP,757.880681389928,5.102202263925985,3866.8605283734587,38.668605283734585,34801.74475536113,348.01744755361125,9,NS,NA,Spring,D,9.8,42.38.016,80.52.503
24GE06I34,DAPLONG,ERN22n,DAP,68.8982437627207,1.7288528866219366,119.11492761236151,1.191149276123615,1072.0343485112537,10.720343485112537,9,NS,NA,Spring,D,9.8,42.38.016,80.52.503
24GE06I34,DIYTHOM,ERN22n,CYC,688.982437627207,5.7012046945410875,3928.0299078565945,39.280299078565946,35352.26917070935,353.5226917070935,9,NS,NA,Spring,D,9.8,42.38.016,80.52.503
24GE06I34,LEOMINU,ERN22n,CAL,137.796487525441,3.8661208762221477,532.7378770921922,5.327378770921922,4794.64089382973,47.9464089382973,9,NS,NA,Spring,D,9.8,42.38.016,80.52.503
24GE06I34,MESEDAX,ERN22n,CYC,34.4491218813604,11.0995840006616,382.37092207118934,3.8237092207118932,3441.338298640704,34.413382986407036,9,NS,NA,Spring,D,9.8,42.38.016,80.52.503
24GE06I34,SKIOREG,ERN22n,CAL,1584.65960654258,8.415432855446392,13335.59651759718,133.3559651759718,120020.36865837462,1200.203686583746,9,NS,NA,Spring,D,9.8,42.38.016,80.52.503
24GE06I34,COPNAUP,ERN22n,NAU,11244.8823645136,0.10262733436498028,1154.0323023178073,11.540323023178074,10386.290720860266,103.86290720860266,9,NS,NA,Spring,D,9.8,42.38.016,80.52.503
24GE06I34,DREPOLYV,ERN22n,DVEL,3907.56389500271,0.10077910672637014,393.8007988145887,3.9380079881458867,3544.207189331298,35.44207189331298,9,NS,NA,Spring,D,9.8,42.38.016,80.52.503
24GE06I34,CEPSP,ERN22n,ROT,26.1813326298339,0.035360201625000004,0.9257772006021183,0.009257772006021183,8.331994805419065,0.08331994805419064,9,NS,NA,Spring,D,9.8,42.38.016,80.52.503
24GE06I34,COOUNIC,ERN22n,ROT,26.1813326298339,0.013668239,0.35785271172306826,0.003578527117230683,3.2206744055076144,0.03220674405507615,9,NS,NA,Spring,D,9.8,42.38.016,80.52.503
24GE06I34,ENCSP,ERN22n,ROT,6.54533315745847,0.1072922865,0.7022637603679838,0.007022637603679838,6.320373843311854,0.06320373843311854,9,NS,NA,Spring,D,9.8,42.38.016,80.52.503
24GE06I34,KELLONG,ERN22n,ROT,19.6359994723754,0.005318031599999999,0.10442486569167568,0.001044248656916757,0.9398237912250811,0.009398237912250812,9,NS,NA,Spring,D,9.8,42.38.016,80.52.503
24GE06I34,KERCOCH,ERN22n,ROT,52.3626652596677,0.002261272,0.1184062287970593,0.001184062287970593,1.0656560591735336,0.010656560591735337,9,NS,NA,Spring,D,9.8,42.38.016,80.52.503
24GE06I34,KERCRAS,ERN22n,ROT,6.54533315745847,0.004599936,0.030108113622986883,3.0108113622986883e-4,0.27097302260688194,0.0027097302260688195,9,NS,NA,Spring,D,9.8,42.38.016,80.52.503
24GE06I34,KEREARL,ERN22n,ROT,13.0906663149169,0.003206034,0.04196912128827829,4.196912128827829e-4,0.3777220915945046,0.003777220915945046,9,NS,NA,Spring,D,9.8,42.38.016,80.52.503
24GE06I34,KERQUAD,ERN22n,ROT,6.54533315745847,0.0718903416,0.470546236575496,0.00470546236575496,4.234916129179464,0.04234916129179464,9,NS,NA,Spring,D,9.8,42.38.016,80.52.503
24GE06I34,NOOSP,ERN22n,ROT,6.54533315745847,0.0622285335,0.40730648365756517,0.004073064836575652,3.6657583529180866,0.036657583529180866,9,NS,NA,Spring,D,9.8,42.38.016,80.52.503
24GE06I34,NOTLAUR,ERN22n,ROT,680.714648375681,0.03559927209999999,24.232945989981683,0.24232945989981683,218.09651390983515,2.1809651390983515,9,NS,NA,Spring,D,9.8,42.38.016,80.52.503
24GE06I34,PROSP,ERN22n,ROT,65.4533315745847,0.019517976800000003,1.2775166071554518,0.012775166071554519,11.497649464399066,0.11497649464399066,9,NS,NA,Spring,D,9.8,42.38.016,80.52.503
24GE06I34,SYNSP,ERN22n,ROT,503.990653124302,0.0568926485,28.67336307548634,0.2867336307548634,258.06026767937703,2.5806026767937706,9,NS,NA,Spring,D,9.8,42.38.016,80.52.503
24GE14I34,BOSLONG,ER95b,NDAP,33.5916010413791,0.638200046505024,21.438161346786355,0.21438161346786355,300.13425885500897,3.0013425885500897,14,NS,NA,Summer,D,16.4,42.00.007,80.39.982
24GE14I34,BYTLONG,ER95b,PRED,21.2157480261342,125.34657968940971,2659.321450628267,26.59321450628267,37230.50030879574,372.3050030879574,14,NS,NA,Summer,D,16.4,42.00.007,80.39.982
24GE14I34,CYCCOPE,ER95b,CYC,83.9790026034477,0.17616013825372978,14.79375270903368,0.1479375270903368,207.1125379264715,2.071125379264715,14,NS,NA,Summer,D,16.4,42.00.007,80.39.982
24GE14I34,DAPGALEM,ER95b,DAP,16.7958005206895,0.986671807331704,16.571942855331486,0.16571942855331487,232.0071999746408,2.3200719997464083,14,NS,NA,Summer,D,16.4,42.00.007,80.39.982
24GE14I34,DIACOPE,ER95b,CAL,2452.18687602067,0.92030004943368,2256.7477032224438,22.56747703222444,31594.467845114214,315.9446784511421,14,NS,NA,Summer,D,16.4,42.00.007,80.39.982
24GE14I34,EPICOPE,ER95b,CAL,218.345406768964,1.5174842283947945,331.3357111143489,3.313357111143489,4638.699955600885,46.386999556008846,14,NS,NA,Summer,D,16.4,42.00.007,80.39.982
24GE14I34,EURCOPE,ER95b,CAL,16.7958005206895,1.26689284104008,21.278479439198776,0.21278479439198775,297.89871214878286,2.9789871214878283,14,NS,NA,Summer,D,16.4,42.00.007,80.39.982
24GE14I34,LEOMINU,ER95b,CAL,67.1832020827582,3.6197396378019073,243.18569957341552,2.4318569957341554,3404.599794027817,34.04599794027818,14,NS,NA,Summer,D,16.4,42.00.007,80.39.982
24GE14I34,LETKIND,ER95b,PRED,33.5916010413791,16.54634197009895,555.8181181537906,5.558181181537906,7781.453654153068,77.81453654153069,14,NS,NA,Summer,D,16.4,42.00.007,80.39.982
24GE14I34,MESCOPE,ER95b,CYC,587.853018224134,1.0551982841148893,620.3014961418648,6.203014961418648,8684.220945986108,86.84220945986108,14,NS,NA,Summer,D,16.4,42.00.007,80.39.982
24GE14I34,MESEDAX,ER95b,CYC,134.366404165516,2.85982318901084,384.2641584565454,3.842641584565454,5379.698218391635,53.796982183916356,14,NS,NA,Summer,D,16.4,42.00.007,80.39.982
24GE14I34,SKIOREG,ER95b,CAL,167.958005206895,6.670816169030023,1120.416976852184,11.20416976852184,15685.837675930576,156.85837675930577,14,NS,NA,Summer,D,16.4,42.00.007,80.39.982
24GE14I34,COPNAUP,ER95b,NAU,19801.3648243919,0.09624550076046907,1905.7922732643362,19.057922732643362,26681.091825700707,266.8109182570071,14,NS,NA,Summer,D,16.4,42.00.007,80.39.982
24GE14I34,DREPOLYV,ER95b,DVEL,62232.8608766602,0.13163830550168315,8192.228352325541,81.92228352325542,114691.19693255758,1146.911969325576,14,NS,NA,Summer,D,16.4,42.00.007,80.39.982
24GE14I34,ASPPRIO,ER95b,ROT,5657.53280696911,2.2759740666,12876.397949600398,128.76397949600397,180269.57129440556,1802.6957129440557,14,NS,NA,Summer,D,16.4,42.00.007,80.39.982
24GE14I34,COLSP,ER95b,ROT,19801.3648243919,0.015636317142857147,309.6204202556076,3.096204202556076,4334.685883578506,43.34685883578506,14,NS,NA,Summer,D,16.4,42.00.007,80.39.982
24GE14I34,COOUNIC,ER95b,ROT,585554.645521303,0.022445436000000006,13143.029320551099,131.430293205511,184002.4104877154,1840.0241048771538,14,NS,NA,Summer,D,16.4,42.00.007,80.39.982
24GE14I34,KELLONG,ER95b,ROT,2828.76640348455,0.006536668005,18.49070684327638,0.1849070684327638,258.86989580586936,2.588698958058693,14,NS,NA,Summer,D,16.4,42.00.007,80.39.982
24GE14I34,KERCOCH,ER95b,ROT,53746.5616662065,0.001619057368421053,87.01876669296814,0.8701876669296814,1218.262733701554,12.18262733701554,14,NS,NA,Summer,D,16.4,42.00.007,80.39.982
24GE14I34,KERCRAS,ER95b,ROT,22630.1312278764,0.0036222635000000003,81.97229834694689,0.8197229834694688,1147.6121768572564,11.476121768572563,14,NS,NA,Summer,D,16.4,42.00.007,80.39.982
24GE14I34,KEREARL,ER95b,ROT,31116.4304383301,0.0021478289090909085,66.83276884316167,0.6683276884316167,935.6587638042635,9.356587638042633,14,NS,NA,Summer,D,16.4,42.00.007,80.39.982
24GE14I34,POLREMA,ER95b,ROT,2828.76640348455,0.0217130452,61.42113277910148,0.6142113277910147,859.8958589074207,8.598958589074206,14,NS,NA,Summer,D,16.4,42.00.007,80.39.982
24GE14I34,POLSP,ER95b,ROT,8486.29921045366,0.04238754520000001,359.7133913638289,3.5971339136382894,5035.987479093605,50.359874790936054,14,NS,NA,Summer,D,16.4,42.00.007,80.39.982
24GE14I34,POLVULG,ER95b,ROT,14143.8320174228,0.05202100288,735.7763261125876,7.357763261125877,10300.868565576227,103.00868565576228,14,NS,NA,Summer,D,16.4,42.00.007,80.39.982
24GE15I54,BOSLONG,ER932n,NDAP,2970.83166656736,0.43308117634407955,1286.6112728772346,12.866112728772345,23159.002911790223,231.59002911790222,18,NS,NA,Summer,D,20.6,42.47.491,79.12.560
24GE15I54,BYTLONG,ER932n,PRED,4.36352264367298,129.09568944978534,563.3119641147134,5.633119641147134,10139.615354064841,101.39615354064841,18,NS,NA,Summer,D,20.6,42.47.491,79.12.560
24GE15I54,CECPENG,ER932n,PRED,190.54048877372,5.064186578377457,964.9325858853534,9.649325858853535,17368.78654593636,173.68786545936362,18,NS,NA,Summer,D,20.6,42.47.491,79.12.560
24GE15I54,CERLACU,ER932n,NDAP,117.269671048711,1.8255902738226213,214.08637088090504,2.1408637088090505,3853.5546758562905,38.53554675856291,18,NS,NA,Summer,D,20.6,42.47.491,79.12.560
24GE15I54,DIACOPE,ER932n,CAL,1759.04506573067,1.7069828372442415,3002.6597371414227,30.026597371414226,54047.87526854561,540.4787526854561,18,NS,NA,Summer,D,20.6,42.47.491,79.12.560
24GE15I54,EPICOPE,ER932n,CAL,508.168574544416,3.334640040737524,1694.5592761203209,16.94559276120321,30502.066970165775,305.02066970165777,18,NS,NA,Summer,D,20.6,42.47.491,79.12.560
24GE15I54,EUBCORE,ER932n,NDAP,39.0898903495705,2.29003155828766,89.51708251052071,0.8951708251052071,1611.3074851893728,16.113074851893728,18,NS,NA,Summer,D,20.6,42.47.491,79.12.560
24GE15I54,HOLGIBB,ER932n,NDAP,586.348355243557,0.9448390748970963,554.0048375357563,5.540048375357563,9972.087075643614,99.72087075643614,18,NS,NA,Summer,D,20.6,42.47.491,79.12.560
24GE15I54,LEOMINU,ER932n,CAL,390.898903495705,3.1125732712845458,1216.7014787951684,12.167014787951684,21900.626618313032,219.00626618313032,18,NS,NA,Summer,D,20.6,42.47.491,79.12.560
24GE15I54,LETKIND,ER932n,PRED,39.0898903495705,0.55327199157939,21.62734148432685,0.21627341484326848,389.29214671788327,3.892921467178833,18,NS,NA,Summer,D,20.6,42.47.491,79.12.560
24GE15I54,MESCOPE,ER932n,CYC,429.988793845275,0.7062705158499596,303.6884072388043,3.036884072388043,5466.391330298477,54.66391330298477,18,NS,NA,Summer,D,20.6,42.47.491,79.12.560
24GE15I54,SKIOREG,ER932n,CAL,938.157368389691,6.178509893541683,5796.414582294736,57.96414582294736,104335.46248130524,1043.3546248130524,18,NS,NA,Summer,D,20.6,42.47.491,79.12.560
24GE15I54,COPNAUP,ER932n,NAU,6689.28021275068,0.09075379795386279,607.0775848847476,6.070775848847476,10927.396527925457,109.27396527925457,18,NS,NA,Summer,D,20.6,42.47.491,79.12.560
24GE15I54,DREPOLYV,ER932n,DVEL,99224.3231558018,0.2447262995985017,24282.8014360853,242.82801436085302,437090.42584953544,4370.904258495354,18,NS,NA,Summer,D,20.6,42.47.491,79.12.560
24GE15I54,ASCECAU,ER932n,ROT,1114.88003545845,0.035831808,39.948167373580375,0.39948167373580373,719.0670127244467,7.190670127244467,18,NS,NA,Summer,D,20.6,42.47.491,79.12.560
24GE15I54,ASCOVAL,ER932n,ROT,2229.76007091689,0.013717506,30.586747151362868,0.3058674715136287,550.5614487245316,5.5056144872453165,18,NS,NA,Summer,D,20.6,42.47.491,79.12.560
24GE15I54,ASPPRIO,ER932n,ROT,1114.88003545845,1.63508983911,1822.929017804708,18.22929017804708,32812.72232048475,328.12722320484744,18,NS,NA,Summer,D,20.6,42.47.491,79.12.560
24GE15I54,COLSP,ER932n,ROT,15608.3204964183,0.014678138571428573,229.10109111369664,2.2910109111369663,4123.8196400465395,41.23819640046539,18,NS,NA,Summer,D,20.6,42.47.491,79.12.560
24GE15I54,COOUNIC,ER932n,ROT,144934.404609598,0.0246483328,3572.3914389872252,35.72391438987225,64303.045901770056,643.0304590177004,18,NS,NA,Summer,D,20.6,42.47.491,79.12.560
24GE15I54,GASSTYL,ER932n,ROT,2229.76007091689,0.01687959,37.63743579544803,0.37637435795448027,677.4738443180645,6.774738443180645,18,NS,NA,Summer,D,20.6,42.47.491,79.12.560
24GE15I54,KELLONG,ER932n,ROT,4459.52014183379,0.0059616760875,26.586214591295118,0.26586214591295115,478.5518626433121,4.785518626433121,18,NS,NA,Summer,D,20.6,42.47.491,79.12.560
24GE15I54,KERCOCH,ER932n,ROT,15608.3204964183,0.001676755,26.171329433971867,0.2617132943397187,471.0839298114936,4.710839298114936,18,NS,NA,Summer,D,20.6,42.47.491,79.12.560
24GE15I54,KERCRAS,ER932n,ROT,59088.6418792977,0.0035321958,208.71265267375944,2.0871265267375945,3756.82774812767,37.5682774812767,18,NS,NA,Summer,D,20.6,42.47.491,79.12.560
24GE15I54,KEREARL,ER932n,ROT,4459.52014183379,0.0023876590000000003,10.647813402330726,0.10647813402330726,191.66064124195307,1.9166064124195308,18,NS,NA,Summer,D,20.6,42.47.491,79.12.560
24GE15I54,POLREMA,ER932n,ROT,3344.64010637534,0.021509128666666665,71.94029439172087,0.7194029439172087,1294.9252990509756,12.949252990509757,18,NS,NA,Summer,D,20.6,42.47.491,79.12.560
24GE15I54,POLSP,ER932n,ROT,5574.40017729223,0.04016525128,223.897183856219,2.2389718385621897,4030.149309411942,40.301493094119415,18,NS,NA,Summer,D,20.6,42.47.491,79.12.560
24GE15I54,SYNSP,ER932n,ROT,14493.4404609598,0.010218206923076921,148.0969736573826,1.480969736573826,2665.7455258328864,26.657455258328866,18,NS,NA,Summer,D,20.6,42.47.491,79.12.560
24GE15I54,TRICYLI,ER932n,ROT,3344.64010637534,0.14997112800799997,501.59944953390675,5.015994495339068,9028.79009161032,90.28790091610321,18,NS,NA,Summer,D,20.6,42.47.491,79.12.560
24GE15I74,BOSLONG,ER936n,NDAP,5518.66609261623,0.4917932240845865,2714.042590334023,27.14042590334023,13570.212951670113,135.70212951670115,5,NS,NA,Summer,D,6.4,42.28.453,79.24.453
24GE15I74,BYTLONG,ER936n,PRED,6.21471406826152,180.537149113056,1121.9867604367369,11.21986760436737,5609.933802183685,56.09933802183684,5,NS,NA,Summer,D,6.4,42.28.453,79.24.453
24GE15I74,CYCCOPE,ER936n,CYC,114.972210262838,0.1418671062143793,16.31077476505999,0.16310774765059988,81.55387382529995,0.8155387382529994,5,NS,NA,Summer,D,6.4,42.28.453,79.24.453
24GE15I74,DIACOPE,ER936n,CAL,3564.13851814798,0.9269253569795973,3303.6903682590496,33.0369036825905,16518.45184129525,165.18451841295249,5,NS,NA,Summer,D,6.4,42.28.453,79.24.453
24GE15I74,EPICOPE,ER936n,CAL,1667.09704881115,0.9596119700373981,1599.7662832532,15.997662832532,7998.831416266001,79.98831416266,5,NS,NA,Summer,D,6.4,42.28.453,79.24.453
24GE15I74,LETKIND,ER936n,PRED,172.458315394257,5.935306314268186,1023.592928307588,10.23592928307588,5117.964641537939,51.179646415379395,5,NS,NA,Summer,D,6.4,42.28.453,79.24.453
24GE15I74,MESCOPE,ER936n,CYC,747.319366708448,0.41739846860765006,311.92995922494504,3.11929959224945,1559.649796124725,15.596497961247252,5,NS,NA,Summer,D,6.4,42.28.453,79.24.453
24GE15I74,SKIOREG,ER936n,CAL,172.458315394257,5.51194270200503,950.5803529374565,9.505803529374566,4752.901764687283,47.52901764687283,5,NS,NA,Summer,D,6.4,42.28.453,79.24.453
24GE15I74,COPNAUP,ER936n,NAU,18774.6512002181,0.19658257753315964,3690.7693252249032,36.90769325224903,18453.846626124516,184.53846626124516,5,NS,NA,Summer,D,6.4,42.28.453,79.24.453
24GE15I74,DREPOLYV,ER936n,DVEL,59453.0621340238,0.22149855258177598,13168.767209240665,131.68767209240664,65843.83604620333,658.4383604620332,5,NS,NA,Summer,D,6.4,42.28.453,79.24.453
24GE15I74,ASCOVAL,ER936n,ROT,6258.21706673935,0.013031382000000001,81.55321723559997,0.8155321723559997,407.76608617799985,4.077660861779998,5,NS,NA,Summer,D,6.4,42.28.453,79.24.453
24GE15I74,ASPPRIO,ER936n,ROT,25032.8682669574,1.3984567664437502,35007.384011421615,350.0738401142161,175036.92005710807,1750.3692005710807,5,NS,NA,Summer,D,6.4,42.28.453,79.24.453
24GE15I74,COLSP,ER936n,ROT,50065.7365339148,0.0220933575,1106.1202157445907,11.061202157445907,5530.601078722953,55.30601078722953,5,NS,NA,Summer,D,6.4,42.28.453,79.24.453
24GE15I74,CONNATA,ER936n,ROT,3129.10853336968,0.031164588,97.51737824975034,0.9751737824975034,487.58689124875167,4.875868912487517,5,NS,NA,Summer,D,6.4,42.28.453,79.24.453
24GE15I74,COOUNIC,ER936n,ROT,118906.124268048,0.01796998914285714,2136.741762116045,21.36741762116045,10683.708810580225,106.83708810580225,5,NS,NA,Summer,D,6.4,42.28.453,79.24.453
24GE15I74,KERCOCH,ER936n,ROT,12516.4341334787,0.0017390165,21.766285479282665,0.21766285479282665,108.83142739641332,1.0883142739641332,5,NS,NA,Summer,D,6.4,42.28.453,79.24.453
24GE15I74,KERCRAS,ER936n,ROT,312910.853336968,0.003855709899999999,1206.4934750287953,12.064934750287954,6032.467375143977,60.32467375143977,5,NS,NA,Summer,D,6.4,42.28.453,79.24.453
24GE15I74,KEREARL,ER936n,ROT,6258.21706673935,0.0022503519999999997,14.083191292571028,0.1408319129257103,70.41595646285514,0.7041595646285514,5,NS,NA,Summer,D,6.4,42.28.453,79.24.453
24GE15I74,KERSP,ER936n,ROT,9387.32560010903,0.0031089713333333335,29.184926187405107,0.2918492618740511,145.92463093702554,1.4592463093702555,5,NS,NA,Summer,D,6.4,42.28.453,79.24.453
24GE15I74,PLOHUDS,ER936n,ROT,3129.10853336968,0.43986977,1376.4002508783585,13.764002508783586,6882.001254391793,68.82001254391793,5,NS,NA,Summer,D,6.4,42.28.453,79.24.453
24GE15I74,PLOLENT,ER936n,ROT,6258.21706673935,0.053241695,333.19808431113114,3.3319808431113116,1665.9904215556558,16.65990421555656,5,NS,NA,Summer,D,6.4,42.28.453,79.24.453
24GE15I74,PLOTRUN,ER936n,ROT,3129.10853336968,0.00912673,28.55852872476106,0.2855852872476106,142.7926436238053,1.427926436238053,5,NS,NA,Summer,D,6.4,42.28.453,79.24.453
24GE15I74,POLREMA,ER936n,ROT,3129.10853336968,0.01891505,59.187244364114164,0.5918724436411417,295.93622182057084,2.959362218205708,5,NS,NA,Summer,D,6.4,42.28.453,79.24.453
24GE15I74,POLSP,ER936n,ROT,15645.5426668484,0.049954994319999994,781.5729950557294,7.815729950557294,3907.864975278647,39.078649752786475,5,NS,NA,Summer,D,6.4,42.28.453,79.24.453
24GE15I74,POLVULG,ER936n,ROT,28161.9768003271,0.043879089955555554,1235.7219133478213,12.357219133478214,6178.609566739106,61.786095667391066,5,NS,NA,Summer,D,6.4,42.28.453,79.24.453
24GE15I74,SYNSP,ER936n,ROT,43807.5194671755,0.030385372142857144,1331.1077816655866,13.311077816655866,6655.538908327933,66.55538908327932,5,NS,NA,Summer,D,6.4,42.28.453,79.24.453
24GE15I74,TRICAPU,ER936n,ROT,3129.10853336968,0.065898054144,206.20216355444762,2.0620216355444763,1031.0108177722382,10.31010817772238,5,NS,NA,Summer,D,6.4,42.28.453,79.24.453
24GE15I74,TRICYLI,ER936n,ROT,37549.3024004361,0.12782476869933332,4799.730894157065,47.99730894157065,23998.654470785328,239.98654470785326,5,NS,NA,Summer,D,6.4,42.28.453,79.24.453
24GE15I74,TRIMULT,ER936n,ROT,9387.32560010903,0.07816180042666666,733.7302700958609,7.337302700958609,3668.6513504793043,36.68651350479304,5,NS,NA,Summer,D,6.4,42.28.453,79.24.453
24GE15I94,BYTLONG,ER937n,PRED,9.32207110239228,101.51057339862147,946.2887828665598,9.462887828665599,5677.732697199359,56.77732697199359,6,NS,NA,Summer,N,8.3,42.42.979,80.14.657
24GE15I94,CECPENG,ER937n,PRED,83.8986399215305,3.9480149854061724,331.23308766539895,3.3123308766539896,1987.3985259923938,19.873985259923938,6,NS,NA,Summer,N,8.3,42.42.979,80.14.657
24GE15I94,CYCCOPE,ER937n,CYC,61.8881942631043,0.266791368354086,16.51123603241709,0.16511236032417093,99.06741619450256,0.9906741619450256,6,NS,NA,Summer,N,8.3,42.42.979,80.14.657
24GE15I94,DIACOPE,ER937n,CAL,3063.46561602366,1.5100579452532923,4626.0105934868,46.260105934867994,27756.063560920797,277.56063560920796,6,NS,NA,Summer,N,8.3,42.42.979,80.14.657
24GE15I94,EPICOPE,ER937n,CAL,92.8322913946565,1.9250764782127152,178.70926058244189,1.7870926058244188,1072.2555634946514,10.722555634946513,6,NS,NA,Summer,N,8.3,42.42.979,80.14.657
24GE15I94,LEOMINU,ER937n,CAL,30.9440971315522,3.08348957740598,95.4158009873795,0.954158009873795,572.494805924277,5.72494805924277,6,NS,NA,Summer,N,8.3,42.42.979,80.14.657
24GE15I94,LETKIND,ER937n,PRED,185.664582789313,6.330191699036791,1175.2924007780382,11.752924007780383,7051.754404668229,70.5175440466823,6,NS,NA,Summer,N,8.3,42.42.979,80.14.657
24GE15I94,MESCOPE,ER937n,CYC,2227.97499347176,0.6443340126241293,1435.5600675698774,14.355600675698774,8613.360405419266,86.13360405419265,6,NS,NA,Summer,N,8.3,42.42.979,80.14.657
24GE15I94,MESEDAX,ER937n,CYC,61.8881942631043,6.4529827434983655,399.3634496060866,3.993634496060866,2396.1806976365197,23.961806976365196,6,NS,NA,Summer,N,8.3,42.42.979,80.14.657
24GE15I94,SKIOREG,ER937n,CAL,649.826039762595,7.126681466681501,4631.103194143122,46.31103194143122,27786.619164858734,277.8661916485873,6,NS,NA,Summer,N,8.3,42.42.979,80.14.657
24GE15I94,COPNAUP,ER937n,NAU,39044.976919531,0.10593211134388811,4136.116842459299,41.36116842459299,24816.701054755795,248.16701054755794,6,NS,NA,Summer,N,8.3,42.42.979,80.14.657
24GE15I94,DREPOLYV,ER937n,DVEL,26449.823074521,0.24849333376389077,6572.604713252806,65.72604713252805,39435.62827951684,394.35628279516834,6,NS,NA,Summer,N,8.3,42.42.979,80.14.657
24GE15I94,ASPBRIG,ER937n,ROT,1259.515384501,2.18994140625,2758.2648923276292,27.58264892327629,16549.589353965777,165.49589353965774,6,NS,NA,Summer,N,8.3,42.42.979,80.14.657
24GE15I94,ASPPRIO,ER937n,ROT,1259.515384501,2.62601184768,3307.5023220348567,33.07502322034857,19845.01393220914,198.45013932209142,6,NS,NA,Summer,N,8.3,42.42.979,80.14.657
24GE15I94,COLSP,ER937n,ROT,1259.515384501,0.00839808,10.577510960270159,0.10577510960270159,63.46506576162095,0.6346506576162095,6,NS,NA,Summer,N,8.3,42.42.979,80.14.657
24GE15I94,COOUNIC,ER937n,ROT,162477.484600629,0.0264256941,4293.580306193682,42.935803061936824,25761.481837162093,257.6148183716209,6,NS,NA,Summer,N,8.3,42.42.979,80.14.657
24GE15I94,KELLONG,ER937n,ROT,3778.546153503,0.00536769149,20.282070032730285,0.20282070032730284,121.6924201963817,1.2169242019638171,6,NS,NA,Summer,N,8.3,42.42.979,80.14.657
24GE15I94,KERCOCH,ER937n,ROT,2519.030769002,0.001566208,3.945326142657084,0.03945326142657084,23.671956855942504,0.23671956855942503,6,NS,NA,Summer,N,8.3,42.42.979,80.14.657
24GE15I94,KERCRAS,ER937n,ROT,37785.46153503,0.003920199299999999,148.12653985980148,1.4812653985980149,888.7592391588089,8.88759239158809,6,NS,NA,Summer,N,8.3,42.42.979,80.14.657
24GE15I94,LEPSP,ER937n,ROT,1259.515384501,0.0422066295,53.159899183183754,0.5315989918318376,318.9593950991025,3.1895939509910254,6,NS,NA,Summer,N,8.3,42.42.979,80.14.657
24GE15I94,MONCOPE,ER937n,ROT,1259.515384501,0.0034603008,4.358302092601118,0.04358302092601118,26.149812555606708,0.26149812555606705,6,NS,NA,Summer,N,8.3,42.42.979,80.14.657
24GE15I94,PLOHUDS,ER937n,ROT,1259.515384501,0.79507,1001.4028967552101,10.0140289675521,6008.41738053126,60.0841738053126,6,NS,NA,Summer,N,8.3,42.42.979,80.14.657
24GE15I94,POLREMA,ER937n,ROT,1259.515384501,0.02640715,33.26021168582558,0.3326021168582558,199.5612701149535,1.9956127011495348,6,NS,NA,Summer,N,8.3,42.42.979,80.14.657
24GE15I94,POLSP,ER937n,ROT,2519.030769002,0.0387200044,97.53688245949283,0.9753688245949284,585.2212947569569,5.85221294756957,6,NS,NA,Summer,N,8.3,42.42.979,80.14.657
24GE15I94,POLVULG,ER937n,ROT,1259.515384501,0.03565485,44.90783210707548,0.4490783210707548,269.44699264245287,2.694469926424529,6,NS,NA,Summer,N,8.3,42.42.979,80.14.657
24GE15I94,ROTBDEL,ER937n,ROT,1259.515384501,0.10360232,130.48871590999565,1.3048871590999565,782.9322954599738,7.829322954599739,6,NS,NA,Summer,N,8.3,42.42.979,80.14.657
24GE15I94,SYNSP,ER937n,ROT,3778.546153503,0.0083304,31.47680087714139,0.3147680087714139,188.86080526284834,1.8886080526284834,6,NS,NA,Summer,N,8.3,42.42.979,80.14.657
24GE15I94,TRCPOCI,ER937n,ROT,1259.515384501,0.0247026885,31.11341620428593,0.3111341620428593,186.68049722571558,1.8668049722571558,6,NS,NA,Summer,N,8.3,42.42.979,80.14.657
24GE15I94,TRICYLI,ER937n,ROT,1259.515384501,0.133039041408,167.56471939264156,1.6756471939264157,1005.3883163558494,10.053883163558494,6,NS,NA,Summer,N,8.3,42.42.979,80.14.657
24GE15I94,TRIMULT,ER937n,ROT,1259.515384501,0.06481666048,81.63758104653796,0.8163758104653795,489.8254862792278,4.898254862792277,6,NS,NA,Summer,N,8.3,42.42.979,80.14.657
24GE16I14,BOSLONG,ER951n,NDAP,13.7348018677561,1.01227729204482,13.90342804146428,0.1390342804146428,236.35827670489277,2.3635827670489276,17,NS,NA,Summer,N,19.9,42.28.546,81.26.505
24GE16I14,BYTLONG,ER951n,PRED,111.907419763421,153.91526338235312,17224.25998732649,172.2425998732649,292812.4197845504,2928.1241978455037,17,NS,NA,Summer,N,19.9,42.28.546,81.26.505
24GE16I14,CYCCOPE,ER951n,CYC,13.7348018677561,0.172782637214144,2.37313528832465,0.0237313528832465,40.343299901519046,0.40343299901519053,17,NS,NA,Summer,N,19.9,42.28.546,81.26.505
24GE16I14,DAPGALEM,ER951n,DAP,13.7348018677561,3.83628675769894,52.6906385248914,0.526906385248914,895.7408549231537,8.957408549231538,17,NS,NA,Summer,N,19.9,42.28.546,81.26.505
24GE16I14,DIACOPE,ER951n,CAL,933.966527007412,2.2021228204904277,2056.7090026972114,20.567090026972114,34964.0530458526,349.6405304585259,17,NS,NA,Summer,N,19.9,42.28.546,81.26.505
24GE16I14,DIPFLUV,ER951n,NDAP,27.4696037355121,1.1016220954479952,30.261122428240913,0.3026112242824091,514.4390812800955,5.144390812800955,17,NS,NA,Summer,N,19.9,42.28.546,81.26.505
24GE16I14,EPILACU,ER951n,CAL,13.7348018677561,11.4421137363948,157.15516511771304,1.5715516511771304,2671.6378070011215,26.716378070011217,17,NS,NA,Summer,N,19.9,42.28.546,81.26.505
24GE16I14,MESCOPE,ER951n,CYC,686.740093387803,1.4654112552755973,1006.3566622995013,10.063566622995014,17108.063259091523,171.08063259091523,17,NS,NA,Summer,N,19.9,42.28.546,81.26.505
24GE16I14,MESEDAX,ER951n,CYC,370.839650429413,3.072369023233429,1139.3562545660418,11.393562545660417,19369.05632762271,193.6905632762271,17,NS,NA,Summer,N,19.9,42.28.546,81.26.505
24GE16I14,SKIOREG,ER951n,CAL,521.92247097473,6.703560071569095,3498.73863688088,34.9873863688088,59478.556826974964,594.7855682697495,17,NS,NA,Summer,N,19.9,42.28.546,81.26.505
24GE16I14,TROCOPE,ER951n,CYC,13.7348018677561,0.0861658946478187,1.1834714907457355,0.011834714907457355,20.119015342677503,0.20119015342677504,17,NS,NA,Summer,N,19.9,42.28.546,81.26.505
24GE16I14,COPNAUP,ER951n,NAU,58105.7036107178,0.11733886120180048,6818.057091010973,68.18057091010972,115906.97054718653,1159.0697054718653,17,NS,NA,Summer,N,19.9,42.28.546,81.26.505
24GE16I14,DREPOLYV,ER951n,DVEL,18158.0323783493,0.17085969322351197,3102.475841707359,31.02475841707359,52742.089309025105,527.420893090251,17,NS,NA,Summer,N,19.9,42.28.546,81.26.505
24GE16I14,ASCOVAL,ER951n,ROT,39947.6712323685,0.013665458181818184,545.903230686953,5.4590323068695294,9280.3549216782,92.803549216782,17,NS,NA,Summer,N,19.9,42.28.546,81.26.505
24GE16I14,ASPPRIO,ER951n,ROT,3631.60647566986,0.87881046357,3191.493770387244,31.91493770387244,54255.39409658314,542.5539409658314,17,NS,NA,Summer,N,19.9,42.28.546,81.26.505
24GE16I14,COLSP,ER951n,ROT,7263.21295133972,0.007793100000000001,56.60294485108558,0.5660294485108558,962.2500624684549,9.622500624684548,17,NS,NA,Summer,N,19.9,42.28.546,81.26.505
24GE16I14,COOUNIC,ER951n,ROT,435792.777080383,0.015084539599999997,6573.733403263008,65.73733403263007,111753.46785547113,1117.5346785547113,17,NS,NA,Summer,N,19.9,42.28.546,81.26.505
24GE16I14,KELLONG,ER951n,ROT,3631.60647566986,0.005394403245,19.59034975691651,0.19590349756916509,333.03594586758066,3.3303594586758063,17,NS,NA,Summer,N,19.9,42.28.546,81.26.505
24GE16I14,KERCOCH,ER951n,ROT,145264.259026794,0.0014806495,215.08545249589304,2.1508545249589304,3656.4526924301817,36.564526924301816,17,NS,NA,Summer,N,19.9,42.28.546,81.26.505
24GE16I14,KERCRAS,ER951n,ROT,101684.981318756,0.0036133653,367.4249830283412,3.6742498302834123,6246.224711481801,62.46224711481801,17,NS,NA,Summer,N,19.9,42.28.546,81.26.505
24GE16I14,KEREARL,ER951n,ROT,36316.0647566986,0.0022529703999999997,81.81901894132514,0.8181901894132514,1390.9233220025274,13.909233220025273,17,NS,NA,Summer,N,19.9,42.28.546,81.26.505
24GE16I14,POLMAJO,ER951n,ROT,14526.4259026794,0.09406534829999999,1366.4333120896795,13.664333120896794,23229.366305524552,232.2936630552455,17,NS,NA,Summer,N,19.9,42.28.546,81.26.505
24GE16I14,POLSP,ER951n,ROT,108948.194270096,0.02983829002,3250.827817786427,32.50827817786427,55264.07290236926,552.6407290236925,17,NS,NA,Summer,N,19.9,42.28.546,81.26.505
24GE16I14,POLVULG,ER951n,ROT,65368.9165620575,0.03733016466666667,2440.232419343201,24.40232419343201,41483.951128834415,414.83951128834417,17,NS,NA,Summer,N,19.9,42.28.546,81.26.505
24GE16I14,TRIMULT,ER951n,ROT,7263.21295133972,0.06487020181200001,471.16608995693986,4.711660899569399,8009.823529267977,80.09823529267977,17,NS,NA,Summer,N,19.9,42.28.546,81.26.505
24GE16I34,BOSLONG,ER958n,NDAP,650.384168891418,0.4869172986762148,316.6833026183843,3.166833026183843,2850.1497235654588,28.50149723565459,9,NS,NA,Summer,N,11.4,41.31.490,81.42.462
24GE16I34,BYTLONG,ER958n,PRED,16.3016730559783,120.8753547955655,1970.4705144026873,19.704705144026875,17734.234629624185,177.34234629624189,9,NS,NA,Summer,N,11.4,41.31.490,81.42.462
24GE16I34,CYCCOPE,ER958n,CYC,162.596042222854,0.1810039327783785,29.43052309653586,0.2943052309653586,264.8747078688227,2.6487470786882272,9,NS,NA,Summer,N,11.4,41.31.490,81.42.462
24GE16I34,DAPGALEM,ER958n,DAP,243.894063334282,4.058216196550073,989.7748380655926,9.897748380655926,8907.973542590333,89.07973542590334,9,NS,NA,Summer,N,11.4,41.31.490,81.42.462
24GE16I34,DAPRETR,ER958n,DAP,162.596042222854,0.7753907088931875,126.07546044240542,1.260754604424054,1134.6791439816488,11.346791439816487,9,NS,NA,Summer,N,11.4,41.31.490,81.42.462
24GE16I34,DIACOPE,ER958n,CAL,7560.71596336273,1.5612216156638432,11803.953191896571,118.03953191896571,106235.57872706914,1062.3557872706913,9,NS,NA,Summer,N,11.4,41.31.490,81.42.462
24GE16I34,DIPFLUV,ER958n,NDAP,487.788126668563,2.179236304111782,1063.005594350809,10.63005594350809,9567.05034915728,95.67050349157282,9,NS,NA,Summer,N,11.4,41.31.490,81.42.462
24GE16I34,DIPSP,ER958n,NDAP,406.490105557136,0.2011040062542436,81.74678873025043,0.8174678873025043,735.7210985722538,7.3572109857225385,9,NS,NA,Summer,N,11.4,41.31.490,81.42.462
24GE16I34,EPICOPE,ER958n,CAL,81.2980211114272,3.46999687403011,282.1038791214863,2.8210387912148627,2538.9349120933766,25.389349120933765,9,NS,NA,Summer,N,11.4,41.31.490,81.42.462
24GE16I34,LEOMINU,ER958n,CAL,162.596042222854,3.238999924058395,526.6485684120197,5.266485684120197,4739.837115708177,47.398371157081776,9,NS,NA,Summer,N,11.4,41.31.490,81.42.462
24GE16I34,MESCOPE,ER958n,CYC,5690.86147779991,0.49775632806893205,2832.6623127386197,28.326623127386195,25493.960814647577,254.93960814647576,9,NS,NA,Summer,N,11.4,41.31.490,81.42.462
24GE16I34,MESEDAX,ER958n,CYC,894.2782322257,5.402729626646896,4831.5434997112025,48.31543499711202,43483.89149740082,434.83891497400816,9,NS,NA,Summer,N,11.4,41.31.490,81.42.462
24GE16I34,SKIOREG,ER958n,CAL,325.192084445709,6.96843095539887,2266.0785877021617,22.660785877021617,20394.707289319456,203.94707289319456,9,NS,NA,Summer,N,11.4,41.31.490,81.42.462
24GE16I34,TROPRASM,ER958n,CYC,81.2980211114272,0.287769520511644,23.39509255378092,0.2339509255378092,210.55583298402829,2.105558329840283,9,NS,NA,Summer,N,11.4,41.31.490,81.42.462
24GE16I34,COPNAUP,ER958n,NAU,35729.0604553351,0.12151704335436941,4341.689788361841,43.41689788361841,39075.208095256574,390.7520809525657,9,NS,NA,Summer,N,11.4,41.31.490,81.42.462
24GE16I34,DREPOLYV,ER958n,DVEL,60175.2597142487,0.1686764480609591,10150.149069745195,101.50149069745196,91351.34162770676,913.5134162770676,9,NS,NA,Summer,N,11.4,41.31.490,81.42.462
24GE16I34,ASCOVAL,ER958n,ROT,3760.95373214054,0.01597596,60.084846386527985,0.6008484638652799,540.7636174787518,5.407636174787519,9,NS,NA,Summer,N,11.4,41.31.490,81.42.462
24GE16I34,ASPPRIO,ER958n,ROT,5641.43059821081,1.8745874368,10575.354924985093,105.75354924985093,95178.19432486584,951.7819432486584,9,NS,NA,Summer,N,11.4,41.31.490,81.42.462
24GE16I34,COLSP,ER958n,ROT,16924.2917946324,0.013120880000000001,222.06160172235641,2.220616017223564,1998.5544155012078,19.985544155012075,9,NS,NA,Summer,N,11.4,41.31.490,81.42.462
24GE16I34,COOUNIC,ER958n,ROT,152318.626151692,0.0170772121,2601.177485573051,26.011774855730508,23410.59737015746,234.10597370157456,9,NS,NA,Summer,N,11.4,41.31.490,81.42.462
24GE16I34,KELLONG,ER958n,ROT,1880.47686607027,0.004052895,7.621375288111867,0.07621375288111867,68.5923775930068,0.685923775930068,9,NS,NA,Summer,N,11.4,41.31.490,81.42.462
24GE16I34,KERCOCH,ER958n,ROT,77099.5515088811,0.001605912,123.81509496273024,1.2381509496273024,1114.3358546645723,11.143358546645722,9,NS,NA,Summer,N,11.4,41.31.490,81.42.462
24GE16I34,KERCRAS,ER958n,ROT,110948.135098146,0.0036620473,406.2973185762008,4.062973185762008,3656.675867185807,36.56675867185807,9,NS,NA,Summer,N,11.4,41.31.490,81.42.462
24GE16I34,KEREARL,ER958n,ROT,26326.6761249838,0.0021954292857142856,57.79835576030452,0.5779835576030452,520.1852018427406,5.201852018427407,9,NS,NA,Summer,N,11.4,41.31.490,81.42.462
24GE16I34,PLOLENT,ER958n,ROT,1880.47686607027,0.01520875,28.59970253684622,0.2859970253684622,257.39732283161595,2.57397322831616,9,NS,NA,Summer,N,11.4,41.31.490,81.42.462
24GE16I34,PLOTRUN,ER958n,ROT,1880.47686607027,0.00778688,14.643047698865265,0.14643047698865266,131.78742928978738,1.317874292897874,9,NS,NA,Summer,N,11.4,41.31.490,81.42.462
24GE16I34,POLMAJO,ER958n,ROT,3760.95373214054,0.11140115140000001,418.97457612258336,4.189745761225834,3770.77118510325,37.707711851032506,9,NS,NA,Summer,N,11.4,41.31.490,81.42.462
24GE16I34,POLSP,ER958n,ROT,39490.0141874757,0.03296080018,1301.6224667387517,13.016224667387517,11714.602200648766,117.14602200648766,9,NS,NA,Summer,N,11.4,41.31.490,81.42.462
24GE16I34,POLVULG,ER958n,ROT,26326.6761249838,0.034314489,903.386438297319,9.03386438297319,8130.477944675871,81.30477944675872,9,NS,NA,Summer,N,11.4,41.31.490,81.42.462
24GE16I34,SYNSP,ER958n,ROT,1880.47686607027,0.02685619,50.50244400578772,0.5050244400578773,454.5219960520895,4.545219960520895,9,NS,NA,Summer,N,11.4,41.31.490,81.42.462
24GE16I34,TRICYLI,ER958n,ROT,9402.38433035135,0.12486854521440001,1174.0620528776437,11.740620528776438,10566.558475898793,105.66558475898793,9,NS,NA,Summer,N,11.4,41.31.490,81.42.462
24GE16I34,TRIMULT,ER958n,ROT,16924.2917946324,0.072375907955,1224.9109851318765,12.249109851318766,11024.198866186889,110.24198866186889,9,NS,NA,Summer,N,11.4,41.31.490,81.42.462
24GE16I54,BOSLONG,ER959n,NDAP,2620.71039639661,0.5506716367422388,1443.1508834111228,14.431508834111227,12988.357950700105,129.88357950700106,9,NS,NA,Summer,D,11.5,42.11.390,82.11.170
24GE16I54,BYTLONG,ER959n,PRED,51.7892839021793,172.83230520420187,8950.861321688511,89.50861321688511,80557.7518951966,805.577518951966,9,NS,NA,Summer,D,11.5,42.11.390,82.11.170
24GE16I54,CYCCOPE,ER959n,CYC,275.864252252275,0.1506632226411879,41.562597255829324,0.41562597255829326,374.0633753024639,3.7406337530246394,9,NS,NA,Summer,D,11.5,42.11.390,82.11.170
24GE16I54,DAPGALEM,ER959n,DAP,4000.03165765799,5.204336881859587,20817.512284555418,208.17512284555417,187357.61056099876,1873.5761056099875,9,NS,NA,Summer,D,11.5,42.11.390,82.11.170
24GE16I54,DIACOPE,ER959n,CAL,6896.60630630688,1.3806515418687328,9521.81013046422,95.2181013046422,85696.29117417798,856.9629117417799,9,NS,NA,Summer,D,11.5,42.11.390,82.11.170
24GE16I54,LEOMINU,ER959n,CAL,137.932126126138,3.80829953499078,525.2868517864609,5.252868517864609,4727.581666078148,47.27581666078149,9,NS,NA,Summer,D,11.5,42.11.390,82.11.170
24GE16I54,MESCOPE,ER959n,CYC,6069.01354955006,1.3193440539394552,8007.116939876859,80.07116939876859,72064.05245889173,720.6405245889173,9,NS,NA,Summer,D,11.5,42.11.390,82.11.170
24GE16I54,MESEDAX,ER959n,CYC,1793.11763963979,2.7861527155417667,4995.899580968244,49.958995809682435,44963.096228714196,449.6309622871419,9,NS,NA,Summer,D,11.5,42.11.390,82.11.170
24GE16I54,SKIOREG,ER959n,CAL,4689.69228828868,6.520637391198602,30579.782888230904,305.79782888230903,275218.04599407816,2752.1804599407815,9,NS,NA,Summer,D,11.5,42.11.390,82.11.170
24GE16I54,COPNAUP,ER959n,NAU,19837.3673058908,0.13782581971161492,2734.1014098547894,27.341014098547895,24606.912688693104,246.06912688693106,9,NS,NA,Summer,D,11.5,42.11.390,82.11.170
24GE16I54,DREPOLYV,ER959n,DVEL,138861.571141235,0.134485287907942,18674.838374278163,186.7483837427816,168073.54536850346,1680.7354536850346,9,NS,NA,Summer,D,11.5,42.11.390,82.11.170
24GE16I54,COLSP,ER959n,ROT,26449.823074521,0.010393155000000001,274.8971109360733,2.748971109360733,2474.0739984246597,24.740739984246595,9,NS,NA,Summer,D,11.5,42.11.390,82.11.170
24GE16I54,COOUNIC,ER959n,ROT,337235.244200143,0.014598454,4923.113199634554,49.23113199634554,44308.01879671098,443.08018796710985,9,NS,NA,Summer,D,11.5,42.11.390,82.11.170
24GE16I54,KERCOCH,ER959n,ROT,39674.7346117815,0.0015923010000000002,63.17411959707431,0.6317411959707431,568.5670763736688,5.685670763736688,9,NS,NA,Summer,D,11.5,42.11.390,82.11.170
24GE16I54,KERCRAS,ER959n,ROT,36368.5067274664,0.003942126181818182,143.369242563976,1.43369242563976,1290.323183075784,12.903231830757841,9,NS,NA,Summer,D,11.5,42.11.390,82.11.170
24GE16I54,KEREARL,ER959n,ROT,42980.9624960967,0.0022111106153846153,95.03566243456744,0.9503566243456745,855.320961911107,8.55320961911107,9,NS,NA,Summer,D,11.5,42.11.390,82.11.170
24GE16I54,POLMAJO,ER959n,ROT,3306.22788431513,0.1434498604,474.2779284555927,4.742779284555927,4268.501356100334,42.685013561003345,9,NS,NA,Summer,D,11.5,42.11.390,82.11.170
24GE16I54,POLSP,ER959n,ROT,76043.241339248,0.03737304340000001,2841.9673588483897,28.419673588483896,25577.706229635507,255.77706229635507,9,NS,NA,Summer,D,11.5,42.11.390,82.11.170
24GE16I54,POLVULG,ER959n,ROT,49593.4182647269,0.043745964826666664,2169.511931042911,21.69511931042911,19525.607379386198,195.256073793862,9,NS,NA,Summer,D,11.5,42.11.390,82.11.170
24GE16I54,TRIMULT,ER959n,ROT,9918.68365294539,0.07404374747466667,734.4165076797929,7.344165076797928,6609.7485691181355,66.09748569118136,9,NS,NA,Summer,D,11.5,42.11.390,82.11.170
24GE16I74,ALNGLOB,ER964n,NDAP,72.990521999634,0.570352082082947,41.630296194812395,0.41630296194812394,291.4120733636868,2.9141207336368677,7,NS,NA,Summer,D,9.1,41.29.033,82.10.902
24GE16I74,BOSLONG,ER964n,NDAP,72.990521999634,0.301028095944828,21.9721978595689,0.219721978595689,153.8053850169823,1.538053850169823,7,NS,NA,Summer,D,9.1,41.29.033,82.10.902
24GE16I74,BYTLONG,ER964n,PRED,27.0599008388887,107.73895679153233,2915.405487264179,29.15405487264179,20407.838410849254,204.07838410849254,7,NS,NA,Summer,D,9.1,41.29.033,82.10.902
24GE16I74,DAPRETR,ER964n,DAP,72.990521999634,0.784076220977663,57.230132656660004,0.5723013265666,400.61092859662006,4.0061092859662,7,NS,NA,Summer,D,9.1,41.29.033,82.10.902
24GE16I74,DIACOPE,ER964n,CAL,6277.18489196852,2.4117347241452665,15138.904773840533,151.38904773840534,105972.33341688373,1059.7233341688375,7,NS,NA,Summer,D,9.1,41.29.033,82.10.902
24GE16I74,DIPFLUV,ER964n,NDAP,1167.84835199414,1.7628771535388588,2058.773178528477,20.587731785284767,14411.412249699337,144.11412249699336,7,NS,NA,Summer,D,9.1,41.29.033,82.10.902
24GE16I74,DIPSP,ER964n,NDAP,1021.86730799488,0.1568240144496559,160.25333347462004,1.6025333347462003,1121.7733343223404,11.217733343223403,7,NS,NA,Summer,D,9.1,41.29.033,82.10.902
24GE16I74,EPICOPE,ER964n,CAL,72.990521999634,1.56870984702197,114.50095060009959,1.145009506000996,801.5066542006971,8.015066542006972,7,NS,NA,Summer,D,9.1,41.29.033,82.10.902
24GE16I74,LETKIND,ER964n,PRED,291.962087998536,16.882250384453357,4928.977072359089,49.28977072359089,34502.83950651362,345.02839506513624,7,NS,NA,Summer,D,9.1,41.29.033,82.10.902
24GE16I74,MESCOPE,ER964n,CYC,4160.45975397914,0.93108371423243,3873.7363206494397,38.73736320649439,27116.154244546076,271.1615424454608,7,NS,NA,Summer,D,9.1,41.29.033,82.10.902
24GE16I74,MESEDAX,ER964n,CYC,218.971565998902,5.56194228315583,1217.9072117381404,12.179072117381404,8525.350482166983,85.25350482166982,7,NS,NA,Summer,D,9.1,41.29.033,82.10.902
24GE16I74,SKIOREG,ER964n,CAL,2919.62087998536,6.993287504659547,20417.74821834473,204.1774821834473,142924.2375284131,1429.242375284131,7,NS,NA,Summer,D,9.1,41.29.033,82.10.902
24GE16I74,COPNAUP,ER964n,NAU,19119.9562506358,0.1291150204733822,2468.6735427510134,24.686735427510133,17280.714799257094,172.80714799257092,7,NS,NA,Summer,D,9.1,41.29.033,82.10.902
24GE16I74,DREPOLYV,ER964n,DVEL,126191.711254196,0.14165915550760327,17876.21124832872,178.7621124832872,125133.47873830104,1251.3347873830105,7,NS,NA,Summer,D,9.1,41.29.033,82.10.902
24GE16I74,ASCOVAL,ER964n,ROT,1274.66375004239,0.013498368,17.205880374332196,0.17205880374332197,120.44116262032537,1.2044116262032538,7,NS,NA,Summer,D,9.1,41.29.033,82.10.902
24GE16I74,ASPPRIO,ER964n,ROT,1274.66375004239,1.52518223208,1944.0945034411154,19.440945034411154,13608.661524087807,136.08661524087807,7,NS,NA,Summer,D,9.1,41.29.033,82.10.902
24GE16I74,BRAANGU,ER964n,ROT,1274.66375004239,0.0233846052,29.80750855749277,0.2980750855749277,208.65255990244938,2.086525599024494,7,NS,NA,Summer,D,9.1,41.29.033,82.10.902
24GE16I74,COLSP,ER964n,ROT,5098.65500016956,0.01341531,68.4000374103247,0.684000374103247,478.8002618722729,4.788002618722729,7,NS,NA,Summer,D,9.1,41.29.033,82.10.902
24GE16I74,CONNATA,ER964n,ROT,1274.66375004239,0.019079424,24.319850144488775,0.24319850144488775,170.23895101142142,1.7023895101142141,7,NS,NA,Summer,D,9.1,41.29.033,82.10.902
24GE16I74,COOUNIC,ER964n,ROT,14021.3012504663,0.016666567272727268,233.68696054207155,2.3368696054207154,1635.8087237945008,16.358087237945007,7,NS,NA,Summer,D,9.1,41.29.033,82.10.902
24GE16I74,GASSTYL,ER964n,ROT,1274.66375004239,0.01769472,22.554818151150076,0.22554818151150077,157.88372705805054,1.5788372705805054,7,NS,NA,Summer,D,9.1,41.29.033,82.10.902
24GE16I74,KERCOCH,ER964n,ROT,31866.5937510597,0.0017937584999999999,57.16097340701022,0.5716097340701022,400.12681384907154,4.001268138490715,7,NS,NA,Summer,D,9.1,41.29.033,82.10.902
24GE16I74,KERCRAS,ER964n,ROT,70106.5062523314,0.0037043213000000005,259.6970243790944,2.5969702437909437,1817.8791706536608,18.178791706536607,7,NS,NA,Summer,D,9.1,41.29.033,82.10.902
24GE16I74,KEREARL,ER964n,ROT,22943.947500763,0.002288200333333333,52.50034831922839,0.5250034831922838,367.5024382345987,3.675024382345987,7,NS,NA,Summer,D,9.1,41.29.033,82.10.902
24GE16I74,PLOTRUN,ER964n,ROT,6373.31875021194,0.018567916,118.33924719516028,1.183392471951603,828.374730366122,8.28374730366122,7,NS,NA,Summer,D,9.1,41.29.033,82.10.902
24GE16I74,POLMAJO,ER964n,ROT,6373.31875021194,0.11046425544,704.0239104239533,7.040239104239533,4928.167372967673,49.28167372967673,7,NS,NA,Summer,D,9.1,41.29.033,82.10.902
24GE16I74,POLSP,ER964n,ROT,58634.5325019499,0.03126460260000001,1833.185357310248,18.33185357310248,12832.297501171735,128.32297501171738,7,NS,NA,Summer,D,9.1,41.29.033,82.10.902
24GE16I74,POLVULG,ER964n,ROT,20394.6200006782,0.04509926382499999,919.7823480212076,9.197823480212076,6438.476436148453,64.38476436148453,7,NS,NA,Summer,D,9.1,41.29.033,82.10.902
24GE16I74,ROTBDEL,ER964n,ROT,1274.66375004239,0.08741816,111.42875964740564,1.1142875964740564,780.0013175318395,7.800013175318394,7,NS,NA,Summer,D,9.1,41.29.033,82.10.902
24GE16I74,TRICYLI,ER964n,ROT,1274.66375004239,0.133093445888,169.64939084166198,1.6964939084166197,1187.545735891634,11.875457358916337,7,NS,NA,Summer,D,9.1,41.29.033,82.10.902
24GE16I74,TRIMULT,ER964n,ROT,8922.64625029672,0.06958674514628573,620.8979106498598,6.208979106498598,4346.285374549018,43.462853745490186,7,NS,NA,Summer,D,9.1,41.29.033,82.10.902
24GE16I94,BOSLONG,ER966n,NDAP,9047.73586709331,0.40867190318556357,3697.555436325308,36.97555436325308,25882.88805427716,258.82888054277157,7,NS,NA,Summer,D,9.9,41.59.041,82.37.584
24GE16I94,BYTLONG,ER966n,PRED,3.99517332959669,99.85155433271719,398.9242667888465,3.9892426678884654,2792.4698675219256,27.924698675219258,7,NS,NA,Summer,D,9.9,41.59.041,82.37.584
24GE16I94,CECPENG,ER966n,PRED,87.8938132511272,3.9861881103562,350.36127335551146,3.5036127335551144,2452.52891348858,24.5252891348858,7,NS,NA,Summer,D,9.9,41.59.041,82.37.584
24GE16I94,CERLACU,ER966n,NDAP,736.44361708899,1.6377456405726498,1206.1073234150472,12.061073234150472,8442.751263905331,84.4275126390533,7,NS,NA,Summer,D,9.9,41.59.041,82.37.584
24GE16I94,CYCCOPE,ER966n,CYC,631.237386076277,0.2072513505705814,130.8248007949519,1.308248007949519,915.7736055646633,9.157736055646632,7,NS,NA,Summer,D,9.9,41.59.041,82.37.584
24GE16I94,DIPBIRG,ER966n,NDAP,1788.50592721612,0.36080338333326273,645.2989896511702,6.452989896511703,4517.092927558192,45.17092927558192,7,NS,NA,Summer,D,9.9,41.59.041,82.37.584
24GE16I94,DIPFLUV,ER966n,NDAP,210.412462025426,0.934475965997978,196.62538870922282,1.9662538870922281,1376.3777209645598,13.763777209645596,7,NS,NA,Summer,D,9.9,41.59.041,82.37.584
24GE16I94,DIYTHOM,ER966n,CYC,105.206231012713,1.4431833650788,151.83188250018475,1.5183188250018476,1062.8231775012932,10.628231775012933,7,NS,NA,Summer,D,9.9,41.59.041,82.37.584
24GE16I94,EPILACU,ER966n,CAL,105.206231012713,11.3355881281651,1192.5745032767045,11.925745032767045,8348.021522936931,83.48021522936932,7,NS,NA,Summer,D,9.9,41.59.041,82.37.584
24GE16I94,EUBCORE,ER966n,NDAP,6312.37386076277,0.889208846521352,5613.018679540396,56.13018679540396,39291.130756782775,392.9113075678277,7,NS,NA,Summer,D,9.9,41.59.041,82.37.584
24GE16I94,EURCOPE,ER966n,CAL,841.649848101703,1.3199806363517173,1110.961502082612,11.10961502082612,7776.730514578284,77.76730514578284,7,NS,NA,Summer,D,9.9,41.59.041,82.37.584
24GE16I94,LETKIND,ER966n,PRED,210.412462025426,1.44342986604171,303.71563187486703,3.03715631874867,2126.009423124069,21.26009423124069,7,NS,NA,Summer,D,9.9,41.59.041,82.37.584
24GE16I94,MESCOPE,ER966n,CYC,210.412462025426,0.729654341244862,153.52836636887176,1.5352836636887175,1074.6985645821023,10.746985645821022,7,NS,NA,Summer,D,9.9,41.59.041,82.37.584
24GE16I94,COPNAUP,ER966n,NAU,6031.38000324781,0.05791492884034862,349.30694369719856,3.4930694369719855,2445.14860588039,24.451486058803898,7,NS,NA,Summer,D,9.9,41.59.041,82.37.584
24GE16I94,DREPOLYV,ER966n,DVEL,28433.6485867397,0.4012256879178109,11408.310214227926,114.08310214227926,79858.17149959548,798.5817149959548,7,NS,NA,Summer,D,9.9,41.59.041,82.37.584
24GE16I94,ASCOVAL,ER966n,ROT,4308.12857374843,0.014880374399999998,64.10656614071465,0.6410656614071465,448.7459629850025,4.487459629850026,7,NS,NA,Summer,D,9.9,41.59.041,82.37.584
24GE16I94,ASPHERR,ER966n,ROT,861.625714749686,8.91628756824,7682.5026488985295,76.8250264889853,53777.518542289705,537.7751854228972,7,NS,NA,Summer,D,9.9,41.59.041,82.37.584
24GE16I94,BRAANGU,ER966n,ROT,1723.25142949937,0.0195970104,33.77057618571402,0.3377057618571402,236.39403329999814,2.3639403329999813,7,NS,NA,Summer,D,9.9,41.59.041,82.37.584
24GE16I94,BRARUBE,ER966n,ROT,1723.25142949937,0.0193282782,33.30748303791151,0.3330748303791151,233.15238126538057,2.331523812653806,7,NS,NA,Summer,D,9.9,41.59.041,82.37.584
24GE16I94,COLSP,ER966n,ROT,861.625714749686,0.01431126,12.330949626468591,0.12330949626468592,86.31664738528013,0.8631664738528014,7,NS,NA,Summer,D,9.9,41.59.041,82.37.584
24GE16I94,CONNATA,ER966n,ROT,1723.25142949937,0.045800352,78.92552205557433,0.7892552205557434,552.4786543890203,5.524786543890204,7,NS,NA,Summer,D,9.9,41.59.041,82.37.584
24GE16I94,CONSP,ER966n,ROT,2584.87714424906,0.03521082933333334,91.01566797378771,0.9101566797378772,637.109675816514,6.37109675816514,7,NS,NA,Summer,D,9.9,41.59.041,82.37.584
24GE16I94,COOUNIC,ER966n,ROT,82716.0686159699,0.0135638919,1121.9518130999982,11.219518130999981,7853.662691699987,78.53662691699986,7,NS,NA,Summer,D,9.9,41.59.041,82.37.584
24GE16I94,KERCOCH,ER966n,ROT,7754.63143274718,0.0019419657777777777,15.05922886167488,0.1505922886167488,105.41460203172416,1.0541460203172417,7,NS,NA,Summer,D,9.9,41.59.041,82.37.584
24GE16I94,KERCRAS,ER966n,ROT,26710.3971572403,0.003798137099999999,101.44975039864889,1.014497503986489,710.1482527905422,7.101482527905423,7,NS,NA,Summer,D,9.9,41.59.041,82.37.584
24GE16I94,PLOLENT,ER966n,ROT,6893.00571799749,0.07016741375,483.66438419584574,4.836643841958457,3385.65068937092,33.8565068937092,7,NS,NA,Summer,D,9.9,41.59.041,82.37.584
24GE16I94,PLOTRUN,ER966n,ROT,2584.87714424906,0.03057585,79.03481583098763,0.7903481583098763,553.2437108169133,5.532437108169134,7,NS,NA,Summer,D,9.9,41.59.041,82.37.584
24GE16I94,POLMAJO,ER966n,ROT,2584.87714424906,0.14178306706666666,366.4918095021583,3.6649180950215827,2565.4426665151077,25.654426665151078,7,NS,NA,Summer,D,9.9,41.59.041,82.37.584
24GE16I94,POLSP,ER966n,ROT,15509.2628654944,0.05131221137777778,795.8145744677681,7.958145744677681,5570.702021274377,55.70702021274377,7,NS,NA,Summer,D,9.9,41.59.041,82.37.584
24GE16I94,POLVULG,ER966n,ROT,5169.75428849812,0.04094025833333334,211.65107609097095,2.1165107609097094,1481.5575326367966,14.815575326367966,7,NS,NA,Summer,D,9.9,41.59.041,82.37.584
24GE16I94,POMSULC,ER966n,ROT,2584.87714424906,0.014780960000000001,38.20696567405959,0.3820696567405959,267.44875971841714,2.6744875971841715,7,NS,NA,Summer,D,9.9,41.59.041,82.37.584
24GE16I94,SYNSP,ER966n,ROT,3446.50285899875,0.0250804075,86.43969615360369,0.864396961536037,605.0778730752259,6.050778730752259,7,NS,NA,Summer,D,9.9,41.59.041,82.37.584
24GE16I94,TRICYLI,ER966n,ROT,28433.6485867397,0.11930315784920001,3392.224065572489,33.92224065572489,23745.568459007423,237.45568459007424,7,NS,NA,Summer,D,9.9,41.59.041,82.37.584
24GE16I94,TRIELON,ER966n,ROT,861.625714749686,0.038287989792,32.989916570860686,0.32989916570860683,230.9294159960248,2.3092941599602477,7,NS,NA,Summer,D,9.9,41.59.041,82.37.584
24GE16I94,TRIMULT,ER966n,ROT,861.625714749686,0.096389463456,83.05164034461474,0.8305164034461474,581.3614824123032,5.813614824123032,7,NS,NA,Summer,D,9.9,41.59.041,82.37.584
24GE17I14,BOSLONG,ERG09n,NDAP,1602.96762864125,0.4685924878536902,751.1385890539335,7.511385890539335,7511.385890539335,75.11385890539336,10,NS,NA,Summer,D,12.8,41.59.703,82.27.025
24GE17I14,BYTLONG,ERG09n,PRED,97.8281714538408,122.47402784124434,11981.410194295722,119.81410194295722,119814.10194295722,1198.1410194295722,10,NS,NA,Summer,D,12.8,41.59.703,82.27.025
24GE17I14,CYCCOPE,ERG09n,CYC,641.187051456499,0.2744937480155525,176.00183693333534,1.7600183693333533,1760.0183693333533,17.600183693333534,10,NS,NA,Summer,D,12.8,41.59.703,82.27.025
24GE17I14,DAPGALEM,ERG09n,DAP,10900.1798747605,6.785439724291732,73962.51352412517,739.6251352412517,739625.1352412517,7396.251352412517,10,NS,NA,Summer,D,12.8,41.59.703,82.27.025
24GE17I14,DIACOPE,ERG09n,CAL,26609.2626354447,1.2948288386069096,34454.440634439095,344.54440634439095,344544.40634439094,3445.4440634439097,10,NS,NA,Summer,D,12.8,41.59.703,82.27.025
24GE17I14,DIPFLUV,ERG09n,NDAP,641.187051456499,2.503621428108175,1605.28964145199,16.0528964145199,16052.8964145199,160.52896414519898,10,NS,NA,Summer,D,12.8,41.59.703,82.27.025
24GE17I14,DIPSP,ERG09n,NDAP,961.780577184748,0.29422251295864965,282.97749833411706,2.8297749833411707,2829.774983341171,28.297749833411707,10,NS,NA,Summer,D,12.8,41.59.703,82.27.025
24GE17I14,LETKIND,ERG09n,PRED,961.780577184748,2.6571766779962367,2555.620919045072,25.55620919045072,25556.209190450718,255.56209190450718,10,NS,NA,Summer,D,12.8,41.59.703,82.27.025
24GE17I14,MESCOPE,ERG09n,CYC,7694.24461747799,0.5013891471371744,3857.810746622084,38.57810746622084,38578.10746622084,385.7810746622084,10,NS,NA,Summer,D,12.8,41.59.703,82.27.025
24GE17I14,MESEDAX,ERG09n,CYC,1602.96762864125,2.971798471818392,4763.696749170419,47.63696749170419,47636.96749170419,476.3696749170419,10,NS,NA,Summer,D,12.8,41.59.703,82.27.025
24GE17I14,SKIOREG,ERG09n,CAL,7694.24461747799,6.402638893830027,49263.469846506916,492.63469846506916,492634.6984650692,4926.346984650691,10,NS,NA,Summer,D,12.8,41.59.703,82.27.025
24GE17I14,COPNAUP,ERG09n,NAU,48089.0288592374,0.174248183057957,8379.425903743775,83.79425903743775,83794.25903743775,837.9425903743776,10,NS,NA,Summer,D,12.8,41.59.703,82.27.025
24GE17I14,DREPOLYV,ERG09n,DVEL,28853.4173155425,0.42482243114732765,12257.578890897166,122.57578890897166,122575.78890897166,1225.7578890897166,10,NS,NA,Summer,D,12.8,41.59.703,82.27.025
24GE17I14,ASCOVAL,ERG09n,ROT,24044.5144296187,0.014111455200000001,339.30308817931785,3.3930308817931785,3393.0308817931787,33.93030881793179,10,NS,NA,Summer,D,12.8,41.59.703,82.27.025
24GE17I14,BRAANGU,ERG09n,ROT,9617.80577184748,0.0134349666,129.21489931005812,1.2921489931005812,1292.1489931005813,12.921489931005812,10,NS,NA,Summer,D,12.8,41.59.703,82.27.025
24GE17I14,BRADIVE,ERG09n,ROT,4808.90288592374,0.1606044,772.3309626520507,7.723309626520507,7723.309626520508,77.23309626520506,10,NS,NA,Summer,D,12.8,41.59.703,82.27.025
24GE17I14,COLSP,ERG09n,ROT,38471.2230873899,0.0119652525,460.3178982244498,4.603178982244498,4603.178982244498,46.03178982244498,10,NS,NA,Summer,D,12.8,41.59.703,82.27.025
24GE17I14,COOUNIC,ERG09n,ROT,528979.317451612,0.0154786866,8187.905072715412,81.87905072715412,81879.05072715411,818.7905072715412,10,NS,NA,Summer,D,12.8,41.59.703,82.27.025
24GE17I14,KERCOCH,ERG09n,ROT,9617.80577184748,0.001694763,16.29990136331355,0.1629990136331355,162.9990136331355,1.629990136331355,10,NS,NA,Summer,D,12.8,41.59.703,82.27.025
24GE17I14,KERCRAS,ERG09n,ROT,81751.3490607036,0.003858627764705882,315.448025287793,3.1544802528779297,3154.4802528779296,31.544802528779297,10,NS,NA,Summer,D,12.8,41.59.703,82.27.025
24GE17I14,KEREARL,ERG09n,ROT,43280.1259733137,0.0022875251111111107,99.00437497600728,0.9900437497600728,990.0437497600728,9.900437497600729,10,NS,NA,Summer,D,12.8,41.59.703,82.27.025
24GE17I14,POLMAJO,ERG09n,ROT,4808.90288592374,0.09389765,451.5446800664572,4.515446800664572,4515.446800664572,45.154468006645715,10,NS,NA,Summer,D,12.8,41.59.703,82.27.025
24GE17I14,POLSP,ERG09n,ROT,91369.1548325511,0.04111574673684212,3756.7110296544847,37.56711029654485,37567.110296544844,375.6711029654485,10,NS,NA,Summer,D,12.8,41.59.703,82.27.025
24GE17I14,POLVULG,ERG09n,ROT,48089.0288592374,0.04718891100000001,2269.2689029149856,22.692689029149857,22692.689029149857,226.92689029149858,10,NS,NA,Summer,D,12.8,41.59.703,82.27.025
24GE17I14,SYNSP,ERG09n,ROT,4808.90288592374,0.00912673,43.88955823604677,0.43889558236046766,438.89558236046764,4.388955823604677,10,NS,NA,Summer,D,12.8,41.59.703,82.27.025
24GE17I14,TRIMULT,ERG09n,ROT,24044.5144296187,0.07640648870399999,1837.1569201598259,18.37156920159826,18371.569201598257,183.7156920159826,10,NS,NA,Summer,D,12.8,41.59.703,82.27.025
24GE17I34,ACAVERN,ERI28n,CYC,38.1786966591154,1.51814649464586,57.960854503183654,0.5796085450318366,695.5302540382038,6.955302540382039,12,NS,NA,Summer,D,14.6,42.10.893,80.09.403
24GE17I34,ALOGUTT,ERI28n,NDAP,19.0893483295577,0.0663954462344391,1.2674458006656282,0.012674458006656281,15.209349607987537,0.15209349607987538,12,NS,NA,Summer,D,14.6,42.10.893,80.09.403
24GE17I34,ALOSP,ERI28n,NDAP,38.1786966591154,0.09782723209911834,3.7349162193131162,0.03734916219313116,44.81899463175739,0.4481899463175739,12,NS,NA,Summer,D,14.6,42.10.893,80.09.403
24GE17I34,BOSLONG,ERI28n,NDAP,305.429573272923,0.5962743805952422,182.1198296187813,1.821198296187813,2185.4379554253755,21.854379554253757,12,NS,NA,Summer,D,14.6,42.10.893,80.09.403
24GE17I34,BYTLONG,ERI28n,PRED,16.7906309914434,162.0121093767952,2720.2855446911353,27.202855446911354,32643.426536293624,326.43426536293623,12,NS,NA,Summer,D,14.6,42.10.893,80.09.403
24GE17I34,CERLACU,ERI28n,NDAP,76.3573933182307,0.843477647829753,64.40575451047253,0.6440575451047253,772.8690541256703,7.728690541256704,12,NS,NA,Summer,D,14.6,42.10.893,80.09.403
24GE17I34,CHYSPHA,ERI28n,NDAP,190.893483295577,0.4914586105779687,93.81624606883295,0.9381624606883295,1125.7949528259956,11.257949528259955,12,NS,NA,Summer,D,14.6,42.10.893,80.09.403
24GE17I34,CYCCOPE,ERI28n,CYC,324.518921602481,0.5063125437016556,164.3080006758703,1.6430800067587028,1971.6960081104435,19.716960081104432,12,NS,NA,Summer,D,14.6,42.10.893,80.09.403
24GE17I34,DAPGALEM,ERI28n,DAP,114.536089977346,1.1894129440282317,136.23070797743753,1.3623070797743753,1634.7684957292504,16.347684957292504,12,NS,NA,Summer,D,14.6,42.10.893,80.09.403
24GE17I34,DAPLONG,ERI28n,DAP,19.0893483295577,6.445194506733,123.03456299077807,1.2303456299077806,1476.414755889337,14.764147558893367,12,NS,NA,Summer,D,14.6,42.10.893,80.09.403
24GE17I34,DAPRETR,ERI28n,DAP,19.0893483295577,0.814306990532774,15.544589789473969,0.1554458978947397,186.53507747368764,1.8653507747368763,12,NS,NA,Summer,D,14.6,42.10.893,80.09.403
24GE17I34,DIACOPE,ERI28n,CAL,610.859146545846,1.2129152677957176,740.9203853181183,7.409203853181183,8891.044623817419,88.9104462381742,12,NS,NA,Summer,D,14.6,42.10.893,80.09.403
24GE17I34,DIPBIRG,ERI28n,NDAP,152.714786636461,1.1591778537243884,177.0235986052308,1.770235986052308,2124.28318326277,21.242831832627697,12,NS,NA,Summer,D,14.6,42.10.893,80.09.403
24GE17I34,DIYTHOM,ERI28n,CYC,57.268044988673,4.636968287700694,265.55010851109336,2.6555010851109335,3186.60130213312,31.866013021331202,12,NS,NA,Summer,D,14.6,42.10.893,80.09.403
24GE17I34,EUBCORE,ERI28n,NDAP,38.1786966591154,0.8396919227424975,32.05834320549518,0.32058343205495177,384.7001184659421,3.847001184659421,12,NS,NA,Summer,D,14.6,42.10.893,80.09.403
24GE17I34,EUYAGIL,ERI28n,CYC,19.0893483295577,1.75071553837946,33.420018738094655,0.33420018738094653,401.04022485713585,4.010402248571358,12,NS,NA,Summer,D,14.6,42.10.893,80.09.403
24GE17I34,HARCOPE,ERI28n,CYC,248.16152828425,0.32726971105246605,81.21575165592488,0.8121575165592487,974.5890198710986,9.745890198710985,12,NS,NA,Summer,D,14.6,42.10.893,80.09.403
24GE17I34,HARSP,ERI28n,CYC,209.982831625134,0.8031006834453663,168.6373555899384,1.686373555899384,2023.648267079261,20.236482670792608,12,NS,NA,Summer,D,14.6,42.10.893,80.09.403
24GE17I34,LEOASHL,ERI28n,CAL,19.0893483295577,6.04302049448121,115.35732318180784,1.1535732318180785,1384.2878781816942,13.842878781816943,12,NS,NA,Summer,D,14.6,42.10.893,80.09.403
24GE17I34,LEOMINU,ERI28n,CAL,171.804134966019,3.4353506728866052,590.2074506602146,5.902074506602146,7082.489407922575,70.82489407922574,12,NS,NA,Summer,D,14.6,42.10.893,80.09.403
24GE17I34,LETKIND,ERI28n,PRED,114.536089977346,8.415899890865049,963.9242671404555,9.639242671404554,11567.091205685467,115.67091205685466,12,NS,NA,Summer,D,14.6,42.10.893,80.09.403
24GE17I34,MESCOPE,ERI28n,CYC,171.804134966019,1.8685297429341305,321.02113614307615,3.2102113614307615,3852.253633716914,38.522536337169136,12,NS,NA,Summer,D,14.6,42.10.893,80.09.403
24GE17I34,MESEDAX,ERI28n,CYC,190.893483295577,2.6753641258528047,510.7095770680683,5.107095770680683,6128.51492481682,61.285149248168196,12,NS,NA,Summer,D,14.6,42.10.893,80.09.403
24GE17I34,SKIOREG,ERI28n,CAL,973.556764807442,6.325671989347683,6158.400757182386,61.58400757182386,73900.80908618863,739.0080908618863,12,NS,NA,Summer,D,14.6,42.10.893,80.09.403
24GE17I34,TROPRASM,ERI28n,CYC,19.0893483295577,0.194845420247592,3.7194720975253386,0.037194720975253386,44.63366517030406,0.4463366517030406,12,NS,NA,Summer,D,14.6,42.10.893,80.09.403
24GE17I34,COPNAUP,ERI28n,NAU,20105.5812814684,0.2247241539373963,4518.2097428975385,45.18209742897538,54218.51691477046,542.1851691477045,12,NS,NA,Summer,D,14.6,42.10.893,80.09.403
24GE17I34,DREPOLYV,ERI28n,DVEL,100527.906407342,0.10035046583005165,10088.022236896604,100.88022236896605,121056.26684275924,1210.5626684275926,12,NS,NA,Summer,D,14.6,42.10.893,80.09.403
24GE17I34,ASPPRIO,ERI28n,ROT,13403.7208543122,3.1678670823150004,42461.20607491471,424.61206074914713,509534.4728989765,5095.344728989766,12,NS,NA,Summer,D,14.6,42.10.893,80.09.403
24GE17I34,COLMUTA,ERI28n,ROT,6701.86042715612,0.01533312,102.76043015283605,1.0276043015283605,1233.1251618340325,12.331251618340325,12,NS,NA,Summer,D,14.6,42.10.893,80.09.403
24GE17I34,COLSP,ERI28n,ROT,6701.86042715612,0.02679786,179.5955174664699,1.795955174664699,2155.1462095976385,21.551462095976387,12,NS,NA,Summer,D,14.6,42.10.893,80.09.403
24GE17I34,COOUNIC,ERI28n,ROT,1065595.80791782,0.013071535099999998,13928.973005610642,139.2897300561064,167147.6760673277,1671.4767606732769,12,NS,NA,Summer,D,14.6,42.10.893,80.09.403
24GE17I34,KELLONG,ERI28n,ROT,6701.86042715612,0.005394403245,36.15253763578806,0.36152537635788057,433.83045162945666,4.338304516294567,12,NS,NA,Summer,D,14.6,42.10.893,80.09.403
24GE17I34,KERCOCH,ERI28n,ROT,120633.48768881,0.001401313111111111,169.04528793739024,1.6904528793739024,2028.543455248683,20.28543455248683,12,NS,NA,Summer,D,14.6,42.10.893,80.09.403
24GE17I34,KERCRAS,ERI28n,ROT,80422.3251258735,0.003692602833333334,296.96770562305505,2.9696770562305503,3563.6124674766606,35.636124674766606,12,NS,NA,Summer,D,14.6,42.10.893,80.09.403
24GE17I34,KEREARL,ERI28n,ROT,20105.5812814684,0.002230062666666667,44.83670620743484,0.44836706207434834,538.040474489218,5.38040474489218,12,NS,NA,Summer,D,14.6,42.10.893,80.09.403
24GE17I34,PLOLENT,ERI28n,ROT,6701.86042715612,0.04574296,306.5629334449853,3.0656293344498526,3678.7552013398235,36.78755201339823,12,NS,NA,Summer,D,14.6,42.10.893,80.09.403
24GE17I34,PLOTRUN,ERI28n,ROT,6701.86042715612,0.01191016,79.82022998509773,0.7982022998509772,957.8427598211726,9.578427598211727,12,NS,NA,Summer,D,14.6,42.10.893,80.09.403
24GE17I34,POLMAJO,ERI28n,ROT,6701.86042715612,0.1191927044,798.8128688240771,7.988128688240771,9585.754425888925,95.85754425888925,12,NS,NA,Summer,D,14.6,42.10.893,80.09.403
24GE17I34,POLREMA,ERI28n,ROT,13403.7208543122,0.0214493202,287.50070047555994,2.8750070047555996,3450.0084057067193,34.5000840570672,12,NS,NA,Summer,D,14.6,42.10.893,80.09.403
24GE17I34,POLSP,ERI28n,ROT,147440.929397435,0.036393243039999995,5365.853577604332,53.658535776043315,64390.24293125198,643.9024293125198,12,NS,NA,Summer,D,14.6,42.10.893,80.09.403
24GE17I34,POLVULG,ERI28n,ROT,107229.766834498,0.0495529881,5313.555359915655,53.135553599156545,63762.66431898785,637.6266431898786,12,NS,NA,Summer,D,14.6,42.10.893,80.09.403
24GE17I34,SYNSP,ERI28n,ROT,13403.7208543122,0.010412089999999999,139.5607478699755,1.395607478699755,1674.728974439706,16.747289744397058,12,NS,NA,Summer,D,14.6,42.10.893,80.09.403
24GE17I34,TRIMULT,ERI28n,ROT,26807.4417086245,0.070692043526,1895.072836086791,18.95072836086791,22740.874033041495,227.4087403304149,12,NS,NA,Summer,D,14.6,42.10.893,80.09.403
24GE17I34,TRIPUSI,ERI28n,ROT,6701.86042715612,0.064411556352,431.67726056700513,4.316772605670051,5180.127126804062,51.801271268040615,12,NS,NA,Summer,D,14.6,42.10.893,80.09.403
24GE17I34,TRISIMI,ERI28n,ROT,6701.86042715612,0.015386214688,103.11626334123544,1.0311626334123545,1237.3951600948253,12.373951600948253,12,NS,NA,Summer,D,14.6,42.10.893,80.09.403
24GE17I54,BOSLONG,ERN22n,NDAP,21492.0349265654,0.4857840225566351,10440.487179554637,104.40487179554637,93964.38461599173,939.6438461599173,9,NS,NA,Summer,N,11.8,42.38.052,80.52.596
24GE17I54,BYTLONG,ERN22n,PRED,62.1471406826152,179.6162413455373,11162.635819783673,111.62635819783672,100463.72237805305,1004.6372237805305,9,NS,NA,Summer,N,11.8,42.38.052,80.52.596
24GE17I54,CYCCOPE,ERN22n,CYC,4055.10092954064,0.9625837218407378,3903.374145197065,39.03374145197065,35130.36730677359,351.3036730677358,9,NS,NA,Summer,N,11.8,42.38.052,80.52.596
24GE17I54,DAPGALEM,ERN22n,DAP,405.510092954064,1.410247321418772,571.8695223967461,5.718695223967461,5146.825701570715,51.468257015707145,9,NS,NA,Summer,N,11.8,42.38.052,80.52.596
24GE17I54,DIACOPE,ERN22n,CAL,3852.34588306361,3.1136762402737768,11994.957845411664,119.94957845411663,107954.62060870498,1079.5462060870498,9,NS,NA,Summer,N,11.8,42.38.052,80.52.596
24GE17I54,DIYTHOM,ERN22n,CYC,608.265139431096,2.5056508201056333,1524.1000454571931,15.241000454571932,13716.900409114738,137.16900409114737,9,NS,NA,Summer,N,11.8,42.38.052,80.52.596
24GE17I54,HARSP,ERN22n,CYC,202.755046477032,1.06222988765401,215.37247024058126,2.1537247024058126,1938.3522321652313,19.383522321652315,9,NS,NA,Summer,N,11.8,42.38.052,80.52.596
24GE17I54,LEOASHL,ERN22n,CAL,202.755046477032,3.97357405898082,805.6621930085848,8.056621930085848,7250.9597370772635,72.50959737077264,9,NS,NA,Summer,N,11.8,42.38.052,80.52.596
24GE17I54,MESCOPE,ERN22n,CYC,16828.6688575937,1.414261867554239,23800.144646992332,238.0014464699233,214201.30182293098,2142.0130182293096,9,NS,NA,Summer,N,11.8,42.38.052,80.52.596
24GE17I54,MESEDAX,ERN22n,CYC,4055.10092954064,4.019648157763053,16300.07898097128,163.0007898097128,146700.71082874152,1467.0071082874153,9,NS,NA,Summer,N,11.8,42.38.052,80.52.596
24GE17I54,SKIOREG,ERN22n,CAL,1419.28532533922,7.405854834040407,10511.021087546074,105.11021087546074,94599.18978791467,945.9918978791467,9,NS,NA,Summer,N,11.8,42.38.052,80.52.596
24GE17I54,COPNAUP,ERN22n,NAU,47015.8656049155,0.1331850264550991,6261.809304400055,62.61809304400055,56356.2837396005,563.562837396005,9,NS,NA,Summer,N,11.8,42.38.052,80.52.596
24GE17I54,DREPOLYV,ERN22n,DVEL,27782.1024029046,0.11575365429345918,3215.8798770913004,32.158798770913,28942.918893821705,289.429188938217,9,NS,NA,Summer,N,11.8,42.38.052,80.52.596
24GE17I54,ASPPRIO,ERN22n,ROT,4274.16960044686,1.488075459,6360.286890028809,63.60286890028809,57242.58201025928,572.4258201025928,9,NS,NA,Summer,N,11.8,42.38.052,80.52.596
24GE17I54,COLSP,ERN22n,ROT,8548.33920089372,0.010918755,93.33722139145432,0.9333722139145432,840.0349925230889,8.400349925230888,9,NS,NA,Summer,N,11.8,42.38.052,80.52.596
24GE17I54,COOUNIC,ERN22n,ROT,55564.2048058092,0.0165311497,918.5401876062913,9.185401876062913,8266.861688456622,82.66861688456622,9,NS,NA,Summer,N,11.8,42.38.052,80.52.596
24GE17I54,KELLONG,ERN22n,ROT,10685.4240011172,0.004678493295000001,49.9916845434589,0.49991684543458903,449.92516089113013,4.499251608911301,9,NS,NA,Summer,N,11.8,42.38.052,80.52.596
24GE17I54,KERCOCH,ERN22n,ROT,196611.801620556,0.0014285822000000001,280.8761201050575,2.808761201050575,2527.8850809455175,25.278850809455175,9,NS,NA,Summer,N,11.8,42.38.052,80.52.596
24GE17I54,KERCOCHH,ERN22n,ROT,2137.08480022343,0.00171475,3.6645661611831266,0.03664566161183127,32.98109545064814,0.3298109545064814,9,NS,NA,Summer,N,11.8,42.38.052,80.52.596
24GE17I54,KERCRAS,ERN22n,ROT,23507.9328024577,0.0041599183636363635,97.79108135607343,0.9779108135607344,880.1197322046609,8.80119732204661,9,NS,NA,Summer,N,11.8,42.38.052,80.52.596
24GE17I54,KEREARL,ERN22n,ROT,29919.187203128,0.002348243571428571,70.2575390121133,0.702575390121133,632.3178511090197,6.323178511090197,9,NS,NA,Summer,N,11.8,42.38.052,80.52.596
24GE17I54,POLMAJO,ERN22n,ROT,17096.6784017874,0.15402692690000003,2633.348834424917,26.333488344249172,23700.139509824254,237.00139509824254,9,NS,NA,Summer,N,11.8,42.38.052,80.52.596
24GE17I54,POLREMA,ERN22n,ROT,14959.593601564,0.020117988,300.9569245611413,3.009569245611413,2708.612321050272,27.086123210502716,9,NS,NA,Summer,N,11.8,42.38.052,80.52.596
24GE17I54,POLSP,ERN22n,ROT,57701.2896060326,0.037412034659999996,2158.7226466675893,21.587226466675894,19428.503820008304,194.28503820008305,9,NS,NA,Summer,N,11.8,42.38.052,80.52.596
24GE17I54,POLVULG,ERN22n,ROT,38467.5264040217,0.048013748688888885,1846.9701454458955,18.469701454458956,16622.73130901306,166.22731309013062,9,NS,NA,Summer,N,11.8,42.38.052,80.52.596
24GE17I54,SYNSP,ERN22n,ROT,2137.08480022343,0.00857375,18.322830805915633,0.18322830805915633,164.9054772532407,1.649054772532407,9,NS,NA,Summer,N,11.8,42.38.052,80.52.596
24GE17I54,TRIMULT,ERN22n,ROT,10685.4240011172,0.06814265744,728.1331873092836,7.281331873092836,6553.198685783553,65.53198685783552,9,NS,NA,Summer,N,11.8,42.38.052,80.52.596
