Rot_GENERA,Station,Type,Season,All_Bio_SUM_m3,All_Den_SUM_m3,All_Bio_SUM_m2,All_Bio_MEAN_m3,All_Den_MEAN_m3,All_Bio_MEAN_m2,All_Bio_SD_m3,All_Den_SD_m3,All_Bio_SD_m2,N,All_Bio_SE_m3,All_Den_SE_m3,All_Bio_SE_m2
Ascomorpha,ER09,OS,Spring,0,0,0,0,0,0,0,0,0,2,0,0,0
Ascomorpha,ER09,OS,Summer,0.3754562317606726,3392.98021947209,7.509124635213452,0.1877281158803363,1696.490109736045,7.509124635213452,0.2654876475167196,2399.199321620535,7.509124635213452,2,0.1877281158803363,1696.4901097360448,5.309752950334392
Ascomorpha,ER10,OS,Spring,0,0,0,0,0,0,0,0,0,2,0,0,0
Ascomorpha,ER10,OS,Summer,0,0,0,0,0,0,0,0,0,2,0,0,0
Ascomorpha,ER15M,OS,Spring,0,0,0,0,0,0,0,0,0,2,0,0,0
Ascomorpha,ER15M,OS,Summer,0.1207028496127323,604.188582941082,2.414056992254646,0.06035142480636615,302.094291470541,2.414056992254646,0.08534980346970304,427.2258441131299,2.414056992254646,2,0.06035142480636614,302.09429147054095,1.706996069394061
Ascomorpha,ER30,OS,Spring,0,0,0,0,0,0,0,0,0,2,0,0,0
Ascomorpha,ER30,OS,Summer,0.9903443100111143,8863.95789393186,17.82619758020006,0.49517215500555717,4431.97894696593,17.82619758020006,0.7002791773183714,6267.764734951246,17.82619758020006,2,0.4951721550055571,4431.97894696593,12.605025191730686
Ascomorpha,ER31,OS,Spring,0,0,0,0,0,0,0,0,0,2,0,0,0
Ascomorpha,ER31,OS,Summer,0.5166282210879715,3269.07925640148,9.815936200671457,0.25831411054398573,1634.53962820074,9.815936200671457,0.36531131848364756,2311.588110437763,9.815936200671457,2,0.25831411054398573,1634.53962820074,6.940915051189302
Ascomorpha,ER32,OS,Spring,0,0,0,0,0,0,0,0,0,2,0,0,0
Ascomorpha,ER32,OS,Summer,0.16723532079412462,1526.97370611859,3.3447064158824924,0.08361766039706231,763.486853059295,3.3447064158824924,0.11825322938743316,1079.7334622900094,3.3447064158824924,2,0.0836176603970623,763.486853059295,2.365064587748663
Ascomorpha,ER36,OS,Spring,0,0,0,0,0,0,0,0,0,2,0,0,0
Ascomorpha,ER36,OS,Summer,0.2419227348177092,1844.94644146944,4.3546092267187655,0.1209613674088546,922.47322073472,4.3546092267187655,0.17106520631279706,1304.574139689031,4.3546092267187655,2,0.12096136740885459,922.47322073472,3.0791737136303468
Ascomorpha,ER37,OS,Spring,0,0,0,0,0,0,0,0,0,2,0,0,0
Ascomorpha,ER37,OS,Summer,0.34634588802436467,3510.30175092874,6.926917760487293,0.17317294401218233,1755.15087546437,6.926917760487293,0.24490352605810492,2482.1581720927234,6.926917760487293,2,0.17317294401218233,1755.15087546437,4.898070521162098
Ascomorpha,ER38,OS,Spring,0,0,0,0,0,0,0,0,0,2,0,0,0
Ascomorpha,ER38,OS,Summer,0.954376349631206,6761.60890626853,18.133150642992913,0.477188174815603,3380.804453134265,18.133150642992913,0.6748459886282892,4781.179509353832,18.133150642992913,2,0.47718817481560294,3380.804453134265,12.822073783937492
Ascomorpha,ER42,OS,Spring,0,0,0,0,0,0,0,0,0,2,0,0,0
Ascomorpha,ER42,OS,Summer,2.215443337763403,17374.4283151459,42.09342341750466,1.1077216688817015,8687.21415757295,42.09342341750466,1.5665550074670611,12285.576080879226,42.09342341750466,2,1.1077216688817015,8687.214157572947,29.764545141874162
Ascomorpha,ER43,OS,Spring,0,0,0,0,0,0,0,0,0,2,0,0,0
Ascomorpha,ER43,OS,Summer,0.2577275068891424,1803.27487126637,4.639095124004563,0.1288637534445712,901.637435633185,4.639095124004563,0.18224086781961524,1275.1078898157486,4.639095124004563,2,0.12886375344457118,901.6374356331849,3.280335620753074
Ascomorpha,ER58,OS,Spring,0,0,0,0,0,0,0,0,0,2,0,0,0
Ascomorpha,ER58,OS,Summer,0.16155991743905154,839.874215510771,1.1309194220733607,0.08077995871952577,419.9371077553855,1.1309194220733607,0.11424011318909211,593.880753131398,1.1309194220733607,2,0.08077995871952577,419.93710775538545,0.7996807923236446
Ascomorpha,ER59,OS,Spring,0,0,0,0,0,0,0,0,0,2,0,0,0
Ascomorpha,ER59,OS,Summer,0.050781678122730316,463.671710484207,0.3046900687363819,0.025390839061365158,231.8358552421035,0.3046900687363819,0.03590806896061515,327.8654107277483,0.3046900687363819,2,0.025390839061365154,231.83585524210346,0.2154484137636909
Ascomorpha,ER60,OS,Spring,0,0,0,0,0,0,0,0,0,2,0,0,0
Ascomorpha,ER60,OS,Summer,0.4363702270420207,4109.84960109437,2.6182213622521244,0.21818511352101036,2054.924800547185,2.6182213622521244,0.3085603466493262,2906.1025225906565,2.6182213622521244,2,0.21818511352101033,2054.924800547185,1.8513620798959571
Ascomorpha,ER61,OS,Spring,0,0,0,0,0,0,0,0,0,2,0,0,0
Ascomorpha,ER61,OS,Summer,0.22033466446723288,1794.4986872105135,1.5423426512706302,0.11016733223361644,897.2493436052567,1.5423426512706302,0.155800135375243,1268.9021905569114,1.5423426512706302,2,0.11016733223361644,897.2493436052567,1.090600947626701
Ascomorpha,ER63,OS,Spring,0,0,0,0,0,0,0,0,0,2,0,0,0
Ascomorpha,ER63,OS,Summer,0.10687197708443516,1450.19305359163,2.1374395416887033,0.05343598854221758,725.096526795815,2.1374395416887033,0.07556989971521741,1025.4413422242678,2.1374395416887033,2,0.05343598854221757,725.096526795815,1.5113979943043483
Ascomorpha,ER73,OS,Spring,0,0,0,0,0,0,0,0,0,2,0,0,0
Ascomorpha,ER73,OS,Summer,1.6653730572979897,8501.72884538176,33.30746114595979,0.8326865286489948,4250.86442269088,33.30746114595979,1.1775965820207812,6011.63011837872,33.30746114595979,2,0.8326865286489947,4250.86442269088,23.55193164041562
Ascomorpha,ER78M,OS,Spring,0,0,0,0,0,0,0,0,0,2,0,0,0
Ascomorpha,ER78M,OS,Summer,0,0,0,0,0,0,0,0,0,2,0,0,0
Ascomorpha,ER91M,OS,Spring,0,0,0,0,0,0,0,0,0,2,0,0,0
Ascomorpha,ER91M,OS,Summer,0.042318018735104254,380.448582961401,0.33854414988083403,0.021159009367552127,190.2242914807005,0.33854414988083403,0.02992335801397158,269.0177729048194,0.33854414988083403,2,0.021159009367552124,190.22429148070046,0.23938686411177265
Ascomorpha,ER92,OS,Spring,0,0,0,0,0,0,0,0,0,2,0,0,0
Ascomorpha,ER92,OS,Summer,0.5649147225353147,4489.43523737101,4.519317780282518,0.28245736126765736,2244.717618685505,4.519317780282518,0.399455031096838,3174.510100042879,4.519317780282518,2,0.28245736126765736,2244.717618685505,3.1956402487747035
Ascomorpha,ER932n,NS,Spring,0,0,0,0,0,0,0,0,0,2,0,0,0
Ascomorpha,ER932n,NS,Summer,0.7053491452494325,3344.64010637534,12.696284614489784,0.35267457262471624,1672.32005318767,12.696284614489784,0.06619523720666873,788.3392332821614,12.696284614489784,2,0.04680710111108751,557.4400177292199,8.977628946780158
Ascomorpha,ER936n,NS,Spring,0,0,0,0,0,0,0,0,0,2,0,0,0
Ascomorpha,ER936n,NS,Summer,0.8155321723559997,6258.21706673935,4.077660861779998,0.40776608617799986,3129.108533369675,4.077660861779998,0.5766683293487237,4425.227726028779,4.077660861779998,2,0.40776608617799986,3129.108533369675,2.883341646743618
Ascomorpha,ER937n,NS,Spring,0,0,0,0,0,0,0,0,0,2,0,0,0
Ascomorpha,ER937n,NS,Summer,0,0,0,0,0,0,0,0,0,2,0,0,0
Ascomorpha,ER951n,NS,Spring,0,0,0,0,0,0,0,0,0,2,0,0,0
Ascomorpha,ER951n,NS,Summer,5.4590323068695294,39947.6712323685,92.803549216782,2.7295161534347647,19973.83561618425,92.803549216782,3.8601187629038862,28247.26922101853,92.803549216782,2,2.7295161534347647,19973.835616184246,65.62201896936607
Ascomorpha,ER958n,NS,Spring,0,0,0,0,0,0,0,0,0,2,0,0,0
Ascomorpha,ER958n,NS,Summer,0.6008484638652799,3760.95373214054,5.407636174787519,0.30042423193263995,1880.47686607027,5.407636174787519,0.42486402326465966,2659.3958877254304,5.407636174787519,2,0.3004242319326399,1880.47686607027,3.8237762093819367
Ascomorpha,ER959n,NS,Spring,0,0,0,0,0,0,0,0,0,2,0,0,0
Ascomorpha,ER959n,NS,Summer,0,0,0,0,0,0,0,0,0,2,0,0,0
Ascomorpha,ER95b,NS,Spring,0,0,0,0,0,0,0,0,0,2,0,0,0
Ascomorpha,ER95b,NS,Summer,0,0,0,0,0,0,0,0,0,2,0,0,0
Ascomorpha,ER964n,NS,Spring,0,0,0,0,0,0,0,0,0,2,0,0,0
Ascomorpha,ER964n,NS,Summer,0.17205880374332197,1274.66375004239,1.2044116262032538,0.08602940187166098,637.331875021195,1.2044116262032538,0.12166394688974828,901.3233813876483,1.2044116262032538,2,0.08602940187166097,637.331875021195,0.851647628228238
Ascomorpha,ER966n,NS,Spring,0,0,0,0,0,0,0,0,0,2,0,0,0
Ascomorpha,ER966n,NS,Summer,0.6410656614071465,4308.12857374843,4.487459629850026,0.32053283070357325,2154.064286874215,4.487459629850026,0.4533018763668325,3046.306928721044,4.487459629850026,2,0.32053283070357325,2154.0642868742148,3.1731131345678274
Ascomorpha,ERG09n,NS,Spring,0,0,0,0,0,0,0,0,0,2,0,0,0
Ascomorpha,ERG09n,NS,Summer,3.3930308817931785,24044.5144296187,33.93030881793179,1.6965154408965892,12022.25721480935,33.93030881793179,2.3992351452913274,17002.039203521173,33.93030881793179,2,1.696515440896589,12022.257214809348,23.992351452913276
Ascomorpha,ERI28n,NS,Spring,0,0,0,0,0,0,0,0,0,2,0,0,0
Ascomorpha,ERI28n,NS,Summer,0,0,0,0,0,0,0,0,0,2,0,0,0
Ascomorpha,ERN22n,NS,Spring,0,0,0,0,0,0,0,0,0,2,0,0,0
Ascomorpha,ERN22n,NS,Summer,0,0,0,0,0,0,0,0,0,2,0,0,0
Asplanchna,ER09,OS,Spring,0,0,0,0,0,0,0,0,0,3,0,0,0
Asplanchna,ER09,OS,Summer,177.31554488405837,8482.45054868021,3546.3108976811673,59.10518162801946,2827.483516226737,3546.3108976811673,102.37317757031627,4897.345107668208,3546.3108976811673,3,59.10518162801946,2827.483516226737,2047.4635514063255
Asplanchna,ER10,OS,Spring,0,0,0,0,0,0,0,0,0,3,0,0,0
Asplanchna,ER10,OS,Summer,143.52733592765094,7258.78603172946,2870.5467185530188,47.84244530921698,2419.59534390982,2870.5467185530188,82.86554603389911,4190.862069408899,2870.5467185530188,3,47.84244530921698,2419.59534390982,1657.3109206779825
Asplanchna,ER15M,OS,Spring,0,0,0,0,0,0,0,0,0,3,0,0,0
Asplanchna,ER15M,OS,Summer,4.8357088663708785,302.094291470541,96.71417732741757,1.6119029554569595,100.698097156847,96.71417732741757,2.7918978157218866,174.4142205011661,96.71417732741757,3,1.6119029554569595,100.69809715684701,55.83795631443774
Asplanchna,ER30,OS,Spring,0,0,0,0,0,0,0,0,0,3,0,0,0
Asplanchna,ER30,OS,Summer,0,0,0,0,0,0,0,0,0,3,0,0,0
Asplanchna,ER31,OS,Spring,0,0,0,0,0,0,0,0,0,3,0,0,0
Asplanchna,ER31,OS,Summer,47.956288362601924,1634.53962820074,911.1694788894365,15.985429454200641,544.84654273358,911.1694788894365,27.687575995483538,943.701894342808,911.1694788894365,3,15.985429454200641,544.84654273358,526.0639439141872
Asplanchna,ER32,OS,Spring,0,0,0,0,0,0,0,0,0,3,0,0,0
Asplanchna,ER32,OS,Summer,8.700469498675146,1526.97370611859,174.00938997350292,2.9001564995583817,508.9912353728633,174.00938997350292,5.023218407136223,881.5986802730483,174.00938997350292,3,2.9001564995583817,508.9912353728633,100.46436814272448
Asplanchna,ER36,OS,Spring,0,0,0,0,0,0,0,0,0,3,0,0,0
Asplanchna,ER36,OS,Summer,170.47850721332853,12914.6250902861,3068.6131298399137,56.82616907110951,4304.875030095366,3068.6131298399137,98.42581203066078,7456.262272359774,3068.6131298399137,3,56.82616907110951,4304.875030095367,1771.6646165518944
Asplanchna,ER37,OS,Spring,0,0,0,0,0,0,0,0,0,3,0,0,0
Asplanchna,ER37,OS,Summer,202.07829966323453,8775.75437732185,4041.5659932646904,67.35943322107818,2925.251459107283,4041.5659932646904,116.66996070795031,5066.6841520888065,4041.5659932646904,3,67.35943322107818,2925.251459107283,2333.3992141590065
Asplanchna,ER38,OS,Spring,0,0,0,0,0,0,0,0,0,3,0,0,0
Asplanchna,ER38,OS,Summer,118.7733001346549,6761.60890626853,2256.692702558443,39.59110004488497,2253.869635422843,2256.692702558443,68.57379680528322,3903.8167221891067,2256.692702558443,3,39.59110004488497,2253.869635422843,1302.9021393003814
Asplanchna,ER42,OS,Spring,0,0,0,0,0,0,0,0,0,3,0,0,0
Asplanchna,ER42,OS,Summer,1033.8635762666274,67015.6520727056,19643.40794906592,344.62119208887583,22338.55069090187,19643.40794906592,596.9014140628865,38691.50476409488,19643.40794906592,3,344.62119208887583,22338.55069090187,11341.126867194844
Asplanchna,ER43,OS,Spring,0,0,0,0,0,0,0,0,0,3,0,0,0
Asplanchna,ER43,OS,Summer,209.16167546488862,12622.9240988646,3764.910158367995,69.7205584882962,4207.6413662882,3764.910158367995,120.75954963380659,7287.848626439691,3764.910158367995,3,69.7205584882962,4207.6413662882,2173.6718934085184
Asplanchna,ER58,OS,Spring,0,0,0,0,0,0,0,0,0,3,0,0,0
Asplanchna,ER58,OS,Summer,9.329441096622748,419.937107755386,65.30608767635924,3.1098136988742495,139.97903591846202,65.30608767635924,5.386355328523901,242.450802205285,65.30608767635924,3,3.10981369887425,139.97903591846202,37.70448729966731
Asplanchna,ER59,OS,Spring,0,0,0,0,0,0,0,0,0,3,0,0,0
Asplanchna,ER59,OS,Summer,0,0,0,0,0,0,0,0,0,3,0,0,0
Asplanchna,ER60,OS,Spring,0,0,0,0,0,0,0,0,0,3,0,0,0
Asplanchna,ER60,OS,Summer,1.6719159793767482,164.393984043775,10.03149587626049,0.5573053264589161,54.79799468125833,10.03149587626049,0.9652811407556023,94.91291094082854,10.03149587626049,3,0.5573053264589161,54.79799468125834,5.791686844533615
Asplanchna,ER61,OS,Spring,0,0,0,0,0,0,0,0,0,3,0,0,0
Asplanchna,ER61,OS,Summer,12.965882276912712,598.1662290701713,90.76117593838899,4.321960758970904,199.38874302339045,90.76117593838899,3.7445960898252895,182.74280152535692,90.76117593838899,3,2.161943560467051,105.50660565313117,52.40098935999587
Asplanchna,ER63,OS,Spring,0,0,0,0,0,0,0,0,0,3,0,0,0
Asplanchna,ER63,OS,Summer,102.24259817830013,4350.5791607749,2044.8519635660025,34.080866059433376,1450.1930535916333,2044.8519635660025,59.02979158088832,2511.808049604165,2044.8519635660025,3,34.080866059433376,1450.1930535916335,1180.5958316177664
Asplanchna,ER73,OS,Spring,0,0,0,0,0,0,0,0,0,3,0,0,0
Asplanchna,ER73,OS,Summer,361.2772032707281,24088.2317285817,7225.544065414561,120.42573442357603,8029.4105761939,7225.544065414561,208.58349056043,13907.34707279873,7225.544065414561,3,120.42573442357603,8029.410576193901,4171.669811208601
Asplanchna,ER78M,OS,Spring,0,0,0,0,0,0,0,0,0,3,0,0,0
Asplanchna,ER78M,OS,Summer,128.89732595161612,7091.99112512321,2577.9465190323226,42.96577531720538,2363.9970417077366,2577.9465190323226,74.4189058359885,4094.562985180322,2577.9465190323226,3,42.96577531720537,2363.9970417077366,1488.3781167197703
Asplanchna,ER91M,OS,Spring,0,0,0,0,0,0,0,0,0,3,0,0,0
Asplanchna,ER91M,OS,Summer,85.28123763402839,5326.28016145961,682.2499010722271,28.427079211342797,1775.4267204865366,682.2499010722271,49.23714550483073,3075.1292849980696,682.2499010722271,3,28.427079211342793,1775.426720486537,393.8971640386459
Asplanchna,ER92,OS,Spring,0,0,0,0,0,0,0,0,0,3,0,0,0
Asplanchna,ER92,OS,Summer,9.475505538371827,897.887047474202,75.80404430697462,3.1585018461239422,299.29568249140067,75.80404430697462,5.470685673286764,518.3953285611088,75.80404430697462,3,3.1585018461239422,299.2956824914007,43.76548538629412
Asplanchna,ER932n,NS,Spring,0,0,0,0,0,0,0,0,0,3,0,0,0
Asplanchna,ER932n,NS,Summer,18.22929017804708,1114.88003545845,328.12722320484744,6.076430059349026,371.62667848615,328.12722320484744,10.524685591431282,643.6762885860757,328.12722320484744,3,6.076430059349027,371.62667848615,189.4443406457631
Asplanchna,ER936n,NS,Spring,0,0,0,0,0,0,0,0,0,3,0,0,0
Asplanchna,ER936n,NS,Summer,350.0738401142161,25032.8682669574,1750.3692005710807,116.69128003807204,8344.289422319134,1750.3692005710807,202.1152258261887,14452.733232516295,1750.3692005710807,3,116.69128003807205,8344.289422319134,1010.5761291309435
Asplanchna,ER937n,NS,Spring,0.0017104235427286268,0.806613585514779,0.01026254125637176,5.701411809095423e-4,0.268871195171593,0.01026254125637176,9.87513492822646e-4,0.46569857072896687,0.01026254125637176,3,5.701411809095423e-4,0.268871195171593,0.005925080956935876
Asplanchna,ER937n,NS,Summer,60.657672143624865,2519.030769002,363.94603286174913,20.219224047874953,839.6769230006666,363.94603286174913,17.724398711335983,727.1815462901272,363.94603286174913,3,10.233186367214087,419.8384615003333,210.12434004322725
Asplanchna,ER951n,NS,Spring,0,0,0,0,0,0,0,0,0,3,0,0,0
Asplanchna,ER951n,NS,Summer,31.91493770387244,3631.60647566986,542.5539409658314,10.63831256795748,1210.5354918899534,542.5539409658314,18.42609787450089,2096.708976318782,542.5539409658314,3,10.638312567957481,1210.5354918899534,313.24366386651513
Asplanchna,ER958n,NS,Spring,0,0,0,0,0,0,0,0,0,3,0,0,0
Asplanchna,ER958n,NS,Summer,105.75354924985093,5641.43059821081,951.7819432486584,35.25118308328364,1880.47686607027,951.7819432486584,61.05684012715978,3257.081474491603,951.7819432486584,3,35.25118308328364,1880.4768660702703,549.5115611444381
Asplanchna,ER959n,NS,Spring,0,0,0,0,0,0,0,0,0,3,0,0,0
Asplanchna,ER959n,NS,Summer,0,0,0,0,0,0,0,0,0,3,0,0,0
Asplanchna,ER95b,NS,Spring,0,0,0,0,0,0,0,0,0,3,0,0,0
Asplanchna,ER95b,NS,Summer,128.76397949600397,5657.53280696911,1802.6957129440557,42.92132649866799,1885.8442689897036,1802.6957129440557,74.34191822394534,3266.378089052755,1802.6957129440557,3,42.921326498667995,1885.8442689897036,1040.7868551352349
Asplanchna,ER964n,NS,Spring,0.6857919868505563,455.701089922372,4.8005439079538945,0.22859732895018545,151.90036330745733,4.8005439079538945,0.395942188216257,263.0991469366873,4.8005439079538945,3,0.22859732895018545,151.90036330745733,2.7715953175137993
Asplanchna,ER964n,NS,Summer,19.440945034411154,1274.66375004239,136.08661524087807,6.480315011470385,424.88791668079665,136.08661524087807,11.224234848917998,735.9274592132317,136.08661524087807,3,6.480315011470385,424.8879166807967,78.56964394242598
Asplanchna,ER966n,NS,Spring,0,0,0,0,0,0,0,0,0,3,0,0,0
Asplanchna,ER966n,NS,Summer,76.8250264889853,861.625714749686,537.7751854228972,25.6083421629951,287.20857158322866,537.7751854228972,44.354949723915794,497.45983835143494,537.7751854228972,3,25.608342162995104,287.2085715832287,310.4846480674106
Asplanchna,ERG09n,NS,Spring,0,0,0,0,0,0,0,0,0,3,0,0,0
Asplanchna,ERG09n,NS,Summer,0,0,0,0,0,0,0,0,0,3,0,0,0
Asplanchna,ERI28n,NS,Spring,0,0,0,0,0,0,0,0,0,3,0,0,0
Asplanchna,ERI28n,NS,Summer,424.61206074914713,13403.7208543122,5095.344728989766,141.53735358304905,4467.9069514374,5095.344728989766,245.14988757468183,7738.641843379749,5095.344728989766,3,141.53735358304905,4467.9069514374005,2941.798650896182
Asplanchna,ERN22n,NS,Spring,0,0,0,0,0,0,0,0,0,3,0,0,0
Asplanchna,ERN22n,NS,Summer,63.60286890028809,4274.16960044686,572.4258201025928,21.200956300096028,1424.7232001489535,572.4258201025928,36.721133480813805,2467.69296938011,572.4258201025928,3,21.20095630009603,1424.7232001489535,330.49020132732426
Brachionus,ER09,OS,Spring,0,0,0,0,0,0,0,0,0,9,0,0,0
Brachionus,ER09,OS,Summer,0,0,0,0,0,0,0,0,0,9,0,0,0
Brachionus,ER10,OS,Spring,0,0,0,0,0,0,0,0,0,9,0,0,0
Brachionus,ER10,OS,Summer,0,0,0,0,0,0,0,0,0,9,0,0,0
Brachionus,ER15M,OS,Spring,0,0,0,0,0,0,0,0,0,9,0,0,0
Brachionus,ER15M,OS,Summer,0,0,0,0,0,0,0,0,0,9,0,0,0
Brachionus,ER30,OS,Spring,0,0,0,0,0,0,0,0,0,9,0,0,0
Brachionus,ER30,OS,Summer,0,0,0,0,0,0,0,0,0,9,0,0,0
Brachionus,ER31,OS,Spring,0,0,0,0,0,0,0,0,0,9,0,0,0
Brachionus,ER31,OS,Summer,0,0,0,0,0,0,0,0,0,9,0,0,0
Brachionus,ER32,OS,Spring,0,0,0,0,0,0,0,0,0,9,0,0,0
Brachionus,ER32,OS,Summer,0,0,0,0,0,0,0,0,0,9,0,0,0
Brachionus,ER36,OS,Spring,0,0,0,0,0,0,0,0,0,9,0,0,0
Brachionus,ER36,OS,Summer,0,0,0,0,0,0,0,0,0,9,0,0,0
Brachionus,ER37,OS,Spring,0,0,0,0,0,0,0,0,0,9,0,0,0
Brachionus,ER37,OS,Summer,0,0,0,0,0,0,0,0,0,9,0,0,0
Brachionus,ER38,OS,Spring,0,0,0,0,0,0,0,0,0,9,0,0,0
Brachionus,ER38,OS,Summer,0,0,0,0,0,0,0,0,0,9,0,0,0
Brachionus,ER42,OS,Spring,0,0,0,0,0,0,0,0,0,9,0,0,0
Brachionus,ER42,OS,Summer,0,0,0,0,0,0,0,0,0,9,0,0,0
Brachionus,ER43,OS,Spring,0,0,0,0,0,0,0,0,0,9,0,0,0
Brachionus,ER43,OS,Summer,0,0,0,0,0,0,0,0,0,9,0,0,0
Brachionus,ER58,OS,Spring,0,0,0,0,0,0,0,0,0,9,0,0,0
Brachionus,ER58,OS,Summer,4.725679655613867,7978.80504735232,33.07975758929707,0.5250755172904297,886.5338941502578,33.07975758929707,1.1184719628786406,2104.346333721143,33.07975758929707,9,0.37282398762621355,701.4487779070477,11.026585863099022
Brachionus,ER59,OS,Spring,0.15689285341065162,46.925290346501704,0.9413571204639098,0.01743253926785018,5.2139211496113,0.9413571204639098,0.050730907734503526,11.06039700438633,0.9413571204639098,9,0.016910302578167842,3.6867990014621097,0.3137857068213033
Brachionus,ER59,OS,Summer,10.829839499763589,35239.04999679973,64.97903699858153,1.203315499973732,3915.449999644414,64.97903699858153,2.6711778821698706,11067.852254615516,64.97903699858153,9,0.8903926273899568,3689.284084871839,21.659678999527177
Brachionus,ER60,OS,Spring,0.00944967223495896,15.8828582989851,0.05669803340975376,0.0010499635816621066,1.7647620332205667,0.05669803340975376,0.002230824455142565,3.501841097332745,0.05669803340975376,9,7.436081517141883e-4,1.1672803657775817,0.01889934446991792
Brachionus,ER60,OS,Summer,0,0,0,0,0,0,0,0,0,9,0,0,0
Brachionus,ER61,OS,Spring,0,0,0,0,0,0,0,0,0,9,0,0,0
Brachionus,ER61,OS,Summer,0.1906917368785125,957.0659665122739,1.3348421581495877,0.021187970764279168,106.3406629458082,1.3348421581495877,0.05430258951724813,276.9996944579252,1.3348421581495877,9,0.018100863172416045,92.33323148597508,0.44494738604986256
Brachionus,ER63,OS,Spring,0,0,0,0,0,0,0,0,0,9,0,0,0
Brachionus,ER63,OS,Summer,0,0,0,0,0,0,0,0,0,9,0,0,0
Brachionus,ER73,OS,Spring,0,0,0,0,0,0,0,0,0,9,0,0,0
Brachionus,ER73,OS,Summer,0,0,0,0,0,0,0,0,0,9,0,0,0
Brachionus,ER78M,OS,Spring,0,0,0,0,0,0,0,0,0,9,0,0,0
Brachionus,ER78M,OS,Summer,0,0,0,0,0,0,0,0,0,9,0,0,0
Brachionus,ER91M,OS,Spring,0,0,0,0,0,0,0,0,0,9,0,0,0
Brachionus,ER91M,OS,Summer,0.43194373676087094,2282.69149776841,3.4555498940869676,0.047993748528985664,253.63238864093444,3.4555498940869676,0.143981245586957,760.8971659228033,3.4555498940869676,9,0.047993748528985664,253.63238864093444,1.151849964695656
Brachionus,ER92,OS,Spring,0,0,0,0,0,0,0,0,0,9,0,0,0
Brachionus,ER92,OS,Summer,3.64475248622147,16161.966854535602,29.15801988977176,0.40497249846905226,1795.7740949484003,29.15801988977176,0.9990536513771743,5059.336568483705,29.15801988977176,9,0.33301788379239144,1686.4455228279019,9.719339963257253
Brachionus,ER932n,NS,Spring,0,0,0,0,0,0,0,0,0,9,0,0,0
Brachionus,ER932n,NS,Summer,0,0,0,0,0,0,0,0,0,9,0,0,0
Brachionus,ER936n,NS,Spring,0,0,0,0,0,0,0,0,0,9,0,0,0
Brachionus,ER936n,NS,Summer,0,0,0,0,0,0,0,0,0,9,0,0,0
Brachionus,ER937n,NS,Spring,0,0,0,0,0,0,0,0,0,9,0,0,0
Brachionus,ER937n,NS,Summer,0,0,0,0,0,0,0,0,0,9,0,0,0
Brachionus,ER951n,NS,Spring,0,0,0,0,0,0,0,0,0,9,0,0,0
Brachionus,ER951n,NS,Summer,0,0,0,0,0,0,0,0,0,9,0,0,0
Brachionus,ER958n,NS,Spring,0.5203376739922001,326.577675435297,4.162701391937601,0.05781529711024445,36.286408381699665,4.162701391937601,0.11049228615589757,54.4296125725495,4.162701391937601,9,0.03683076205196586,18.143204190849833,1.387567130645867
Brachionus,ER958n,NS,Summer,0,0,0,0,0,0,0,0,0,9,0,0,0
Brachionus,ER959n,NS,Spring,0,0,0,0,0,0,0,0,0,9,0,0,0
Brachionus,ER959n,NS,Summer,0,0,0,0,0,0,0,0,0,9,0,0,0
Brachionus,ER95b,NS,Spring,0,0,0,0,0,0,0,0,0,9,0,0,0
Brachionus,ER95b,NS,Summer,0,0,0,0,0,0,0,0,0,9,0,0,0
Brachionus,ER964n,NS,Spring,12.149188961022555,9114.02179844743,85.04432272715789,1.3499098845580617,1012.6690887163811,85.04432272715789,3.4301807172069507,2060.4767770155763,85.04432272715789,9,1.143393572402317,686.8255923385254,28.348107575719297
Brachionus,ER964n,NS,Summer,0.2980750855749277,1274.66375004239,2.086525599024494,0.033119453952769745,141.62930556026555,2.086525599024494,0.09935836185830922,424.88791668079665,2.086525599024494,9,0.03311945395276974,141.62930556026555,0.6955085330081646
Brachionus,ER966n,NS,Spring,0,0,0,0,0,0,0,0,0,9,0,0,0
Brachionus,ER966n,NS,Summer,0.6707805922362553,3446.50285899874,4.695464145653787,0.07453117691513948,382.9447621109711,4.695464145653787,0.14789775067271368,759.8824548153146,4.695464145653787,9,0.049299250224237895,253.29415160510487,1.565154715217929
Brachionus,ERG09n,NS,Spring,0,0,0,0,0,0,0,0,0,9,0,0,0
Brachionus,ERG09n,NS,Summer,9.015458619621088,14426.708657771218,90.15458619621087,1.0017176244023431,1602.9676286412466,90.15458619621087,2.5565654894831735,3400.4078407042343,90.15458619621087,9,0.8521884964943912,1133.4692802347447,30.05152873207029
Brachionus,ERI28n,NS,Spring,0,0,0,0,0,0,0,0,0,9,0,0,0
Brachionus,ERI28n,NS,Summer,0,0,0,0,0,0,0,0,0,9,0,0,0
Brachionus,ERN22n,NS,Spring,0,0,0,0,0,0,0,0,0,9,0,0,0
Brachionus,ERN22n,NS,Summer,0,0,0,0,0,0,0,0,0,9,0,0,0
Cephalodella,ER09,OS,Spring,0,0,0,0,0,0,NA,NA,0,1,NA,NA,0
Cephalodella,ER09,OS,Summer,0,0,0,0,0,0,NA,NA,0,1,NA,NA,0
Cephalodella,ER10,OS,Spring,0,0,0,0,0,0,NA,NA,0,1,NA,NA,0
Cephalodella,ER10,OS,Summer,0,0,0,0,0,0,NA,NA,0,1,NA,NA,0
Cephalodella,ER15M,OS,Spring,0,0,0,0,0,0,NA,NA,0,1,NA,NA,0
Cephalodella,ER15M,OS,Summer,0,0,0,0,0,0,NA,NA,0,1,NA,NA,0
Cephalodella,ER30,OS,Spring,0,0,0,0,0,0,NA,NA,0,1,NA,NA,0
Cephalodella,ER30,OS,Summer,0,0,0,0,0,0,NA,NA,0,1,NA,NA,0
Cephalodella,ER31,OS,Spring,0,0,0,0,0,0,NA,NA,0,1,NA,NA,0
Cephalodella,ER31,OS,Summer,0,0,0,0,0,0,NA,NA,0,1,NA,NA,0
Cephalodella,ER32,OS,Spring,0,0,0,0,0,0,NA,NA,0,1,NA,NA,0
Cephalodella,ER32,OS,Summer,0,0,0,0,0,0,NA,NA,0,1,NA,NA,0
Cephalodella,ER36,OS,Spring,0,0,0,0,0,0,NA,NA,0,1,NA,NA,0
Cephalodella,ER36,OS,Summer,0,0,0,0,0,0,NA,NA,0,1,NA,NA,0
Cephalodella,ER37,OS,Spring,0,0,0,0,0,0,NA,NA,0,1,NA,NA,0
Cephalodella,ER37,OS,Summer,0,0,0,0,0,0,NA,NA,0,1,NA,NA,0
Cephalodella,ER38,OS,Spring,0,0,0,0,0,0,NA,NA,0,1,NA,NA,0
Cephalodella,ER38,OS,Summer,0,0,0,0,0,0,NA,NA,0,1,NA,NA,0
Cephalodella,ER42,OS,Spring,0,0,0,0,0,0,NA,NA,0,1,NA,NA,0
Cephalodella,ER42,OS,Summer,0,0,0,0,0,0,NA,NA,0,1,NA,NA,0
Cephalodella,ER43,OS,Spring,0,0,0,0,0,0,NA,NA,0,1,NA,NA,0
Cephalodella,ER43,OS,Summer,0,0,0,0,0,0,NA,NA,0,1,NA,NA,0
Cephalodella,ER58,OS,Spring,0.045883535832116004,64.0753666993303,0.321184750824812,0.045883535832116004,64.0753666993303,0.321184750824812,NA,NA,0.321184750824812,1,NA,NA,0.321184750824812
Cephalodella,ER58,OS,Summer,0,0,0,0,0,0,NA,NA,0,1,NA,NA,0
Cephalodella,ER59,OS,Spring,0,0,0,0,0,0,NA,NA,0,1,NA,NA,0
Cephalodella,ER59,OS,Summer,0,0,0,0,0,0,NA,NA,0,1,NA,NA,0
Cephalodella,ER60,OS,Spring,0,0,0,0,0,0,NA,NA,0,1,NA,NA,0
Cephalodella,ER60,OS,Summer,0,0,0,0,0,0,NA,NA,0,1,NA,NA,0
Cephalodella,ER61,OS,Spring,0,0,0,0,0,0,NA,NA,0,1,NA,NA,0
Cephalodella,ER61,OS,Summer,0,0,0,0,0,0,NA,NA,0,1,NA,NA,0
Cephalodella,ER63,OS,Spring,0,0,0,0,0,0,NA,NA,0,1,NA,NA,0
Cephalodella,ER63,OS,Summer,0,0,0,0,0,0,NA,NA,0,1,NA,NA,0
Cephalodella,ER73,OS,Spring,0,0,0,0,0,0,NA,NA,0,1,NA,NA,0
Cephalodella,ER73,OS,Summer,0,0,0,0,0,0,NA,NA,0,1,NA,NA,0
Cephalodella,ER78M,OS,Spring,0,0,0,0,0,0,NA,NA,0,1,NA,NA,0
Cephalodella,ER78M,OS,Summer,0,0,0,0,0,0,NA,NA,0,1,NA,NA,0
Cephalodella,ER91M,OS,Spring,0,0,0,0,0,0,NA,NA,0,1,NA,NA,0
Cephalodella,ER91M,OS,Summer,0,0,0,0,0,0,NA,NA,0,1,NA,NA,0
Cephalodella,ER92,OS,Spring,0,0,0,0,0,0,NA,NA,0,1,NA,NA,0
Cephalodella,ER92,OS,Summer,0,0,0,0,0,0,NA,NA,0,1,NA,NA,0
Cephalodella,ER932n,NS,Spring,0,0,0,0,0,0,NA,NA,0,1,NA,NA,0
Cephalodella,ER932n,NS,Summer,0,0,0,0,0,0,NA,NA,0,1,NA,NA,0
Cephalodella,ER936n,NS,Spring,0,0,0,0,0,0,NA,NA,0,1,NA,NA,0
Cephalodella,ER936n,NS,Summer,0,0,0,0,0,0,NA,NA,0,1,NA,NA,0
Cephalodella,ER937n,NS,Spring,1.5379220493313324e-4,0.806613585514779,9.227532295987995e-4,1.5379220493313324e-4,0.806613585514779,9.227532295987995e-4,NA,NA,9.227532295987995e-4,1,NA,NA,9.227532295987995e-4
Cephalodella,ER937n,NS,Summer,0,0,0,0,0,0,NA,NA,0,1,NA,NA,0
Cephalodella,ER951n,NS,Spring,0,0,0,0,0,0,NA,NA,0,1,NA,NA,0
Cephalodella,ER951n,NS,Summer,0,0,0,0,0,0,NA,NA,0,1,NA,NA,0
Cephalodella,ER958n,NS,Spring,0.01778619745907378,54.4296125725494,0.14228957967259023,0.01778619745907378,54.4296125725494,0.14228957967259023,NA,NA,0.14228957967259023,1,NA,NA,0.14228957967259023
Cephalodella,ER958n,NS,Summer,0,0,0,0,0,0,NA,NA,0,1,NA,NA,0
Cephalodella,ER959n,NS,Spring,0,0,0,0,0,0,NA,NA,0,1,NA,NA,0
Cephalodella,ER959n,NS,Summer,0,0,0,0,0,0,NA,NA,0,1,NA,NA,0
Cephalodella,ER95b,NS,Spring,0,0,0,0,0,0,NA,NA,0,1,NA,NA,0
Cephalodella,ER95b,NS,Summer,0,0,0,0,0,0,NA,NA,0,1,NA,NA,0
Cephalodella,ER964n,NS,Spring,0,0,0,0,0,0,NA,NA,0,1,NA,NA,0
Cephalodella,ER964n,NS,Summer,0,0,0,0,0,0,NA,NA,0,1,NA,NA,0
Cephalodella,ER966n,NS,Spring,0,0,0,0,0,0,NA,NA,0,1,NA,NA,0
Cephalodella,ER966n,NS,Summer,0,0,0,0,0,0,NA,NA,0,1,NA,NA,0
Cephalodella,ERG09n,NS,Spring,0,0,0,0,0,0,NA,NA,0,1,NA,NA,0
Cephalodella,ERG09n,NS,Summer,0,0,0,0,0,0,NA,NA,0,1,NA,NA,0
Cephalodella,ERI28n,NS,Spring,0,0,0,0,0,0,NA,NA,0,1,NA,NA,0
Cephalodella,ERI28n,NS,Summer,0,0,0,0,0,0,NA,NA,0,1,NA,NA,0
Cephalodella,ERN22n,NS,Spring,0.009257772006021183,26.1813326298339,0.08331994805419064,0.009257772006021183,26.1813326298339,0.08331994805419064,NA,NA,0.08331994805419064,1,NA,NA,0.08331994805419064
Cephalodella,ERN22n,NS,Summer,0,0,0,0,0,0,NA,NA,0,1,NA,NA,0
Collotheca,ER09,OS,Spring,0,0,0,0,0,0,0,0,0,3,0,0,0
Collotheca,ER09,OS,Summer,1.8116129955131657,17813.1461522284,36.232259910263316,0.6038709985043885,5937.715384076134,36.232259910263316,1.0459352506269504,10284.424726103214,36.232259910263316,3,0.6038709985043885,5937.715384076134,20.918705012539014
Collotheca,ER10,OS,Spring,0,0,0,0,0,0,0,0,0,3,0,0,0
Collotheca,ER10,OS,Summer,3.6298793545288515,29035.1441269178,72.59758709057704,1.2099597848429504,9678.381375639266,72.59758709057704,2.0957118224630973,16763.448277635573,72.59758709057704,3,1.2099597848429504,9678.381375639266,41.914236449261956
Collotheca,ER15M,OS,Spring,0,0,0,0,0,0,0,0,0,3,0,0,0
Collotheca,ER15M,OS,Summer,0.7159674584298291,4229.32008058757,14.319349168596583,0.23865581947660972,1409.7733601958569,14.319349168596583,0.41336400485547403,2441.7990870163235,14.319349168596583,3,0.23865581947660972,1409.7733601958569,8.26728009710948
Collotheca,ER30,OS,Spring,0,0,0,0,0,0,0,0,0,3,0,0,0
Collotheca,ER30,OS,Summer,3.0083626023078507,25114.5473661403,54.150526841541314,1.002787534102617,8371.515788713434,54.150526841541314,1.7368789582624407,14499.89068241671,54.150526841541314,3,1.002787534102617,8371.515788713434,31.263821248723936
Collotheca,ER31,OS,Spring,0,0,0,0,0,0,0,0,0,3,0,0,0
Collotheca,ER31,OS,Summer,0.6199125572200805,4903.61888460221,11.77833858718153,0.20663751907336017,1634.5396282007366,11.77833858718153,0.3579066817850428,2831.1056830284183,11.77833858718153,3,0.2066375190733602,1634.5396282007366,6.800226953915813
Collotheca,ER32,OS,Spring,0,0,0,0,0,0,0,0,0,3,0,0,0
Collotheca,ER32,OS,Summer,0.5831769115249535,4580.92111835578,11.663538230499071,0.19439230384165118,1526.9737061185933,11.663538230499071,0.3366973468541065,2644.796040819151,11.663538230499071,3,0.1943923038416512,1526.9737061185936,6.7339469370821305
Collotheca,ER36,OS,Spring,0,0,0,0,0,0,0,0,0,3,0,0,0
Collotheca,ER36,OS,Summer,1.2927248213838636,12914.6250902861,23.269046784909545,0.4309082737946212,4304.875030095366,23.269046784909545,0.7463550236140845,7456.262272359774,23.269046784909545,3,0.43090827379462115,4304.875030095367,13.434390425053522
Collotheca,ER37,OS,Spring,0,0,0,0,0,0,0,0,0,3,0,0,0
Collotheca,ER37,OS,Summer,0.9616443564255276,8775.75437732185,19.23288712851055,0.3205481188085092,2925.251459107283,19.23288712851055,0.5552056280469628,5066.6841520888065,19.23288712851055,3,0.32054811880850925,2925.251459107283,11.104112560939257
Collotheca,ER38,OS,Spring,0,0,0,0,0,0,0,0,0,3,0,0,0
Collotheca,ER38,OS,Summer,1.3219053597497483,20284.8267188056,25.116201835245217,0.4406351199165828,6761.608906268534,25.116201835245217,0.7632024152947263,11711.450166567327,25.116201835245217,3,0.44063511991658283,6761.608906268534,14.5008458905998
Collotheca,ER42,OS,Spring,0,0,0,0,0,0,0,0,0,3,0,0,0
Collotheca,ER42,OS,Summer,3.015503296315531,29784.7342545358,57.29456262999509,1.0051677654385103,9928.244751511933,57.29456262999509,1.7410016398699757,17196.224339597713,57.29456262999509,3,1.0051677654385105,9928.244751511935,33.07903115752954
Collotheca,ER43,OS,Spring,0,0,0,0,0,0,0,0,0,3,0,0,0
Collotheca,ER43,OS,Summer,3.902088100529615,32458.9476827947,70.23758580953307,1.3006960335098716,10819.649227598233,70.23758580953307,2.2528716152424084,18740.1821822735,70.23758580953307,3,1.3006960335098716,10819.649227598235,40.55168907436336
Collotheca,ER58,OS,Spring,0,0,0,0,0,0,0,0,0,3,0,0,0
Collotheca,ER58,OS,Summer,2.7285064566675867,24776.2893575677,19.099545196673105,0.909502152222529,8258.763119189234,19.099545196673105,1.5753039372426632,14304.597330111772,19.099545196673105,3,0.909502152222529,8258.763119189234,11.027127560698641
Collotheca,ER59,OS,Spring,0,0,0,0,0,0,0,0,0,3,0,0,0
Collotheca,ER59,OS,Summer,0.5099970583443426,5564.06052581049,3.059982350066056,0.1699990194481142,1854.68684193683,3.059982350066056,0.29444693892102347,3212.411842364057,3.059982350066056,3,0.1699990194481142,1854.6868419368302,1.766681633526141
Collotheca,ER60,OS,Spring,0,0,0,0,0,0,0,0,0,3,0,0,0
Collotheca,ER60,OS,Summer,0.23709485621376428,1315.1518723502,1.4225691372825857,0.07903161873792143,438.38395745006665,1.4225691372825857,0.13688677905849242,759.3032875266283,1.4225691372825857,3,0.07903161873792143,438.3839574500667,0.8213206743509546
Collotheca,ER61,OS,Spring,0,0,0,0,0,0,0,0,0,3,0,0,0
Collotheca,ER61,OS,Summer,0.4063478116448301,2631.931407908753,2.8444346815138104,0.13544927054827668,877.3104693029177,2.8444346815138104,0.234605018437758,1519.5463068447493,2.8444346815138104,3,0.1354492705482767,877.3104693029178,1.642235129064306
Collotheca,ER63,OS,Spring,0,0,0,0,0,0,0,0,0,3,0,0,0
Collotheca,ER63,OS,Summer,3.2076513871620413,34804.6332861992,64.15302774324083,1.0692171290540138,11601.544428733067,64.15302774324083,1.851938391844481,20094.46439683332,64.15302774324083,3,1.0692171290540138,11601.544428733068,37.038767836889626
Collotheca,ER73,OS,Spring,0,0,0,0,0,0,0,0,0,3,0,0,0
Collotheca,ER73,OS,Summer,0.7060906851039533,9918.68365294539,14.121813702079066,0.23536356170131778,3306.2278843151303,14.121813702079066,0.40766164711705477,5726.554677034762,14.121813702079066,3,0.2353635617013178,3306.2278843151303,8.153232942341095
Collotheca,ER78M,OS,Spring,0,0,0,0,0,0,0,0,0,3,0,0,0
Collotheca,ER78M,OS,Summer,1.6709723969547807,18911.9763336619,33.41944793909561,0.5569907989849269,6303.992111220633,33.41944793909561,0.9647363631902769,10918.83462714753,33.41944793909561,3,0.556990798984927,6303.992111220634,19.294727263805537
Collotheca,ER91M,OS,Spring,0,0,0,0,0,0,0,0,0,3,0,0,0
Collotheca,ER91M,OS,Summer,0.10410614046584898,1331.5700403649,0.8328491237267919,0.03470204682194966,443.85668012163336,0.8328491237267919,0.0601057082222509,768.7823212495159,0.8328491237267919,3,0.03470204682194966,443.8566801216334,0.48084566577800725
Collotheca,ER92,OS,Spring,0,0,0,0,0,0,0,0,0,3,0,0,0
Collotheca,ER92,OS,Summer,2.4495541621281314,27834.4984717003,19.59643329702505,0.8165180540427105,9278.166157233432,19.59643329702505,1.4142507548992447,16070.255185394395,19.59643329702505,3,0.8165180540427104,9278.166157233434,11.31400603919396
Collotheca,ER932n,NS,Spring,0,0,0,0,0,0,0,0,0,3,0,0,0
Collotheca,ER932n,NS,Summer,2.2910109111369663,15608.3204964183,41.23819640046539,0.7636703037123221,5202.7734988061,41.23819640046539,1.3227157662612974,9011.46804020506,41.23819640046539,3,0.7636703037123223,5202.773498806101,23.80888379270335
Collotheca,ER936n,NS,Spring,0,0,0,0,0,0,0,0,0,3,0,0,0
Collotheca,ER936n,NS,Summer,12.03637593994341,53194.845067284485,60.18187969971705,4.01212531331447,17731.61502242816,60.18187969971705,6.12412069136216,28045.844442503225,60.18187969971705,3,3.5357627297077,16192.275838529607,34.746024444969315
Collotheca,ER937n,NS,Spring,0,0,0,0,0,0,0,0,0,3,0,0,0
Collotheca,ER937n,NS,Summer,0.10577510960270159,1259.515384501,0.6346506576162095,0.035258369867567196,419.8384615003333,0.6346506576162095,0.06106928800268193,727.1815462901272,0.6346506576162095,3,0.035258369867567196,419.8384615003333,0.3664157280160916
Collotheca,ER951n,NS,Spring,0,0,0,0,0,0,0,0,0,3,0,0,0
Collotheca,ER951n,NS,Summer,0.5660294485108558,7263.21295133972,9.622500624684548,0.18867648283695193,2421.070983779907,9.622500624684548,0.32679725446699803,4193.417952637564,9.622500624684548,3,0.18867648283695196,2421.070983779907,5.555553325938966
Collotheca,ER958n,NS,Spring,0,0,0,0,0,0,0,0,0,3,0,0,0
Collotheca,ER958n,NS,Summer,2.220616017223564,16924.2917946324,19.985544155012075,0.7402053390745214,5641.430598210801,19.985544155012075,1.2820732553108194,9771.24442347479,19.985544155012075,3,0.7402053390745215,5641.430598210801,11.538659297797373
Collotheca,ER959n,NS,Spring,0,0,0,0,0,0,0,0,0,3,0,0,0
Collotheca,ER959n,NS,Summer,2.748971109360733,26449.823074521,24.740739984246595,0.9163237031202444,8816.607691506999,24.740739984246595,1.5871192099839233,15270.812472092673,24.740739984246595,3,0.9163237031202444,8816.607691507,14.28407288985531
Collotheca,ER95b,NS,Spring,0,0,0,0,0,0,0,0,0,3,0,0,0
Collotheca,ER95b,NS,Summer,3.096204202556076,19801.3648243919,43.34685883578506,1.032068067518692,6600.454941463967,43.34685883578506,1.787594329811801,11432.323311684651,43.34685883578506,3,1.0320680675186922,6600.454941463968,25.026320617365215
Collotheca,ER964n,NS,Spring,0,0,0,0,0,0,0,0,0,3,0,0,0
Collotheca,ER964n,NS,Summer,0.9271988755481347,6373.318750211949,6.490392128836943,0.3090662918493782,2124.4395834039833,6.490392128836943,0.3467247500582023,2653.4241892152404,6.490392128836943,3,0.20018162778080884,1531.9551699176836,3.7472296427302374
Collotheca,ER966n,NS,Spring,0,0,0,0,0,0,0,0,0,3,0,0,0
Collotheca,ER966n,NS,Summer,0.9125647168204293,2584.877144249056,6.387953017743005,0.3041882389401431,861.6257147496854,6.387953017743005,0.4245807231346172,861.625714749685,6.387953017743005,3,0.24513179479449723,497.45983835143437,3.6880863943646065
Collotheca,ERG09n,NS,Spring,0,0,0,0,0,0,0,0,0,3,0,0,0
Collotheca,ERG09n,NS,Summer,4.603178982244498,38471.2230873899,46.03178982244498,1.5343929940814993,12823.741029129968,46.03178982244498,2.6576466245268886,22211.371005558707,46.03178982244498,3,1.5343929940814995,12823.74102912997,26.576466245268886
Collotheca,ERI28n,NS,Spring,0,0,0,0,0,0,0,0,0,3,0,0,0
Collotheca,ERI28n,NS,Summer,2.8235594761930596,13403.72085431224,33.88271371431671,0.9411864920643531,4467.906951437413,33.88271371431671,0.9010908809302453,3869.320921689886,33.88271371431671,3,0.5202450626693942,2233.9534757187066,19.56219388383578
Collotheca,ERN22n,NS,Spring,0,0,0,0,0,0,0,0,0,3,0,0,0
Collotheca,ERN22n,NS,Summer,0.9333722139145432,8548.33920089372,8.400349925230888,0.3111240713048477,2849.446400297907,8.400349925230888,0.5388826989576785,4935.38593876022,8.400349925230888,3,0.31112407130484776,2849.446400297907,4.849944290619106
Colurella,ER09,OS,Spring,0,0,0,0,0,0,NA,NA,0,1,NA,NA,0
Colurella,ER09,OS,Summer,0,0,0,0,0,0,NA,NA,0,1,NA,NA,0
Colurella,ER10,OS,Spring,0,0,0,0,0,0,NA,NA,0,1,NA,NA,0
Colurella,ER10,OS,Summer,0,0,0,0,0,0,NA,NA,0,1,NA,NA,0
Colurella,ER15M,OS,Spring,0,0,0,0,0,0,NA,NA,0,1,NA,NA,0
Colurella,ER15M,OS,Summer,0,0,0,0,0,0,NA,NA,0,1,NA,NA,0
Colurella,ER30,OS,Spring,0,0,0,0,0,0,NA,NA,0,1,NA,NA,0
Colurella,ER30,OS,Summer,0,0,0,0,0,0,NA,NA,0,1,NA,NA,0
Colurella,ER31,OS,Spring,0,0,0,0,0,0,NA,NA,0,1,NA,NA,0
Colurella,ER31,OS,Summer,0,0,0,0,0,0,NA,NA,0,1,NA,NA,0
Colurella,ER32,OS,Spring,0,0,0,0,0,0,NA,NA,0,1,NA,NA,0
Colurella,ER32,OS,Summer,0,0,0,0,0,0,NA,NA,0,1,NA,NA,0
Colurella,ER36,OS,Spring,0,0,0,0,0,0,NA,NA,0,1,NA,NA,0
Colurella,ER36,OS,Summer,0,0,0,0,0,0,NA,NA,0,1,NA,NA,0
Colurella,ER37,OS,Spring,0,0,0,0,0,0,NA,NA,0,1,NA,NA,0
Colurella,ER37,OS,Summer,0,0,0,0,0,0,NA,NA,0,1,NA,NA,0
Colurella,ER38,OS,Spring,0,0,0,0,0,0,NA,NA,0,1,NA,NA,0
Colurella,ER38,OS,Summer,0,0,0,0,0,0,NA,NA,0,1,NA,NA,0
Colurella,ER42,OS,Spring,0,0,0,0,0,0,NA,NA,0,1,NA,NA,0
Colurella,ER42,OS,Summer,0,0,0,0,0,0,NA,NA,0,1,NA,NA,0
Colurella,ER43,OS,Spring,0,0,0,0,0,0,NA,NA,0,1,NA,NA,0
Colurella,ER43,OS,Summer,0,0,0,0,0,0,NA,NA,0,1,NA,NA,0
Colurella,ER58,OS,Spring,0,0,0,0,0,0,NA,NA,0,1,NA,NA,0
Colurella,ER58,OS,Summer,0,0,0,0,0,0,NA,NA,0,1,NA,NA,0
Colurella,ER59,OS,Spring,0,0,0,0,0,0,NA,NA,0,1,NA,NA,0
Colurella,ER59,OS,Summer,0,0,0,0,0,0,NA,NA,0,1,NA,NA,0
Colurella,ER60,OS,Spring,0,0,0,0,0,0,NA,NA,0,1,NA,NA,0
Colurella,ER60,OS,Summer,0,0,0,0,0,0,NA,NA,0,1,NA,NA,0
Colurella,ER61,OS,Spring,0,0,0,0,0,0,NA,NA,0,1,NA,NA,0
Colurella,ER61,OS,Summer,0,0,0,0,0,0,NA,NA,0,1,NA,NA,0
Colurella,ER63,OS,Spring,0.065284686311804,359.814188226433,1.30569372623608,0.065284686311804,359.814188226433,1.30569372623608,NA,NA,1.30569372623608,1,NA,NA,1.30569372623608
Colurella,ER63,OS,Summer,0,0,0,0,0,0,NA,NA,0,1,NA,NA,0
Colurella,ER73,OS,Spring,0,0,0,0,0,0,NA,NA,0,1,NA,NA,0
Colurella,ER73,OS,Summer,0,0,0,0,0,0,NA,NA,0,1,NA,NA,0
Colurella,ER78M,OS,Spring,0,0,0,0,0,0,NA,NA,0,1,NA,NA,0
Colurella,ER78M,OS,Summer,0,0,0,0,0,0,NA,NA,0,1,NA,NA,0
Colurella,ER91M,OS,Spring,0,0,0,0,0,0,NA,NA,0,1,NA,NA,0
Colurella,ER91M,OS,Summer,0,0,0,0,0,0,NA,NA,0,1,NA,NA,0
Colurella,ER92,OS,Spring,0,0,0,0,0,0,NA,NA,0,1,NA,NA,0
Colurella,ER92,OS,Summer,0,0,0,0,0,0,NA,NA,0,1,NA,NA,0
Colurella,ER932n,NS,Spring,0,0,0,0,0,0,NA,NA,0,1,NA,NA,0
Colurella,ER932n,NS,Summer,0,0,0,0,0,0,NA,NA,0,1,NA,NA,0
Colurella,ER936n,NS,Spring,0,0,0,0,0,0,NA,NA,0,1,NA,NA,0
Colurella,ER936n,NS,Summer,0,0,0,0,0,0,NA,NA,0,1,NA,NA,0
Colurella,ER937n,NS,Spring,0,0,0,0,0,0,NA,NA,0,1,NA,NA,0
Colurella,ER937n,NS,Summer,0,0,0,0,0,0,NA,NA,0,1,NA,NA,0
Colurella,ER951n,NS,Spring,0,0,0,0,0,0,NA,NA,0,1,NA,NA,0
Colurella,ER951n,NS,Summer,0,0,0,0,0,0,NA,NA,0,1,NA,NA,0
Colurella,ER958n,NS,Spring,0,0,0,0,0,0,NA,NA,0,1,NA,NA,0
Colurella,ER958n,NS,Summer,0,0,0,0,0,0,NA,NA,0,1,NA,NA,0
Colurella,ER959n,NS,Spring,0,0,0,0,0,0,NA,NA,0,1,NA,NA,0
Colurella,ER959n,NS,Summer,0,0,0,0,0,0,NA,NA,0,1,NA,NA,0
Colurella,ER95b,NS,Spring,0,0,0,0,0,0,NA,NA,0,1,NA,NA,0
Colurella,ER95b,NS,Summer,0,0,0,0,0,0,NA,NA,0,1,NA,NA,0
Colurella,ER964n,NS,Spring,0,0,0,0,0,0,NA,NA,0,1,NA,NA,0
Colurella,ER964n,NS,Summer,0,0,0,0,0,0,NA,NA,0,1,NA,NA,0
Colurella,ER966n,NS,Spring,0,0,0,0,0,0,NA,NA,0,1,NA,NA,0
Colurella,ER966n,NS,Summer,0,0,0,0,0,0,NA,NA,0,1,NA,NA,0
Colurella,ERG09n,NS,Spring,0,0,0,0,0,0,NA,NA,0,1,NA,NA,0
Colurella,ERG09n,NS,Summer,0,0,0,0,0,0,NA,NA,0,1,NA,NA,0
Colurella,ERI28n,NS,Spring,0,0,0,0,0,0,NA,NA,0,1,NA,NA,0
Colurella,ERI28n,NS,Summer,0,0,0,0,0,0,NA,NA,0,1,NA,NA,0
Colurella,ERN22n,NS,Spring,0,0,0,0,0,0,NA,NA,0,1,NA,NA,0
Colurella,ERN22n,NS,Summer,0,0,0,0,0,0,NA,NA,0,1,NA,NA,0
Conochiloides,ER09,OS,Spring,0,0,0,0,0,0,NA,NA,0,1,NA,NA,0
Conochiloides,ER09,OS,Summer,0,0,0,0,0,0,NA,NA,0,1,NA,NA,0
Conochiloides,ER10,OS,Spring,0,0,0,0,0,0,NA,NA,0,1,NA,NA,0
Conochiloides,ER10,OS,Summer,0,0,0,0,0,0,NA,NA,0,1,NA,NA,0
Conochiloides,ER15M,OS,Spring,0,0,0,0,0,0,NA,NA,0,1,NA,NA,0
Conochiloides,ER15M,OS,Summer,0,0,0,0,0,0,NA,NA,0,1,NA,NA,0
Conochiloides,ER30,OS,Spring,0,0,0,0,0,0,NA,NA,0,1,NA,NA,0
Conochiloides,ER30,OS,Summer,0,0,0,0,0,0,NA,NA,0,1,NA,NA,0
Conochiloides,ER31,OS,Spring,0,0,0,0,0,0,NA,NA,0,1,NA,NA,0
Conochiloides,ER31,OS,Summer,0,0,0,0,0,0,NA,NA,0,1,NA,NA,0
Conochiloides,ER32,OS,Spring,0,0,0,0,0,0,NA,NA,0,1,NA,NA,0
Conochiloides,ER32,OS,Summer,0,0,0,0,0,0,NA,NA,0,1,NA,NA,0
Conochiloides,ER36,OS,Spring,0,0,0,0,0,0,NA,NA,0,1,NA,NA,0
Conochiloides,ER36,OS,Summer,0,0,0,0,0,0,NA,NA,0,1,NA,NA,0
Conochiloides,ER37,OS,Spring,0,0,0,0,0,0,NA,NA,0,1,NA,NA,0
Conochiloides,ER37,OS,Summer,0,0,0,0,0,0,NA,NA,0,1,NA,NA,0
Conochiloides,ER38,OS,Spring,0,0,0,0,0,0,NA,NA,0,1,NA,NA,0
Conochiloides,ER38,OS,Summer,0,0,0,0,0,0,NA,NA,0,1,NA,NA,0
Conochiloides,ER42,OS,Spring,0,0,0,0,0,0,NA,NA,0,1,NA,NA,0
Conochiloides,ER42,OS,Summer,0,0,0,0,0,0,NA,NA,0,1,NA,NA,0
Conochiloides,ER43,OS,Spring,0,0,0,0,0,0,NA,NA,0,1,NA,NA,0
Conochiloides,ER43,OS,Summer,0,0,0,0,0,0,NA,NA,0,1,NA,NA,0
Conochiloides,ER58,OS,Spring,0,0,0,0,0,0,NA,NA,0,1,NA,NA,0
Conochiloides,ER58,OS,Summer,2.9996214035827915,10078.4905861293,20.99734982507954,2.9996214035827915,10078.4905861293,20.99734982507954,NA,NA,20.99734982507954,1,NA,NA,20.99734982507954
Conochiloides,ER59,OS,Spring,0,0,0,0,0,0,NA,NA,0,1,NA,NA,0
Conochiloides,ER59,OS,Summer,1.921023817935033,6955.07565726311,11.526142907610197,1.921023817935033,6955.07565726311,11.526142907610197,NA,NA,11.526142907610197,1,NA,NA,11.526142907610197
Conochiloides,ER60,OS,Spring,0,0,0,0,0,0,NA,NA,0,1,NA,NA,0
Conochiloides,ER60,OS,Summer,0.08333595299789893,328.78796808755,0.5000157179873936,0.08333595299789893,328.78796808755,0.5000157179873936,NA,NA,0.5000157179873936,1,NA,NA,0.5000157179873936
Conochiloides,ER61,OS,Spring,0,0,0,0,0,0,NA,NA,0,1,NA,NA,0
Conochiloides,ER61,OS,Summer,0.18548940239808318,837.4327206982399,1.2984258167865823,0.18548940239808318,837.4327206982399,1.2984258167865823,NA,NA,1.2984258167865823,1,NA,NA,1.2984258167865823
Conochiloides,ER63,OS,Spring,0,0,0,0,0,0,NA,NA,0,1,NA,NA,0
Conochiloides,ER63,OS,Summer,0,0,0,0,0,0,NA,NA,0,1,NA,NA,0
Conochiloides,ER73,OS,Spring,0,0,0,0,0,0,NA,NA,0,1,NA,NA,0
Conochiloides,ER73,OS,Summer,0,0,0,0,0,0,NA,NA,0,1,NA,NA,0
Conochiloides,ER78M,OS,Spring,0,0,0,0,0,0,NA,NA,0,1,NA,NA,0
Conochiloides,ER78M,OS,Summer,0,0,0,0,0,0,NA,NA,0,1,NA,NA,0
Conochiloides,ER91M,OS,Spring,0,0,0,0,0,0,NA,NA,0,1,NA,NA,0
Conochiloides,ER91M,OS,Summer,2.416877829060144,8750.31740811222,19.335022632481152,2.416877829060144,8750.31740811222,19.335022632481152,NA,NA,19.335022632481152,1,NA,NA,19.335022632481152
Conochiloides,ER92,OS,Spring,0,0,0,0,0,0,NA,NA,0,1,NA,NA,0
Conochiloides,ER92,OS,Summer,38.68808166667158,140070.379405975,309.50465333337263,38.68808166667158,140070.379405975,309.50465333337263,NA,NA,309.50465333337263,1,NA,NA,309.50465333337263
Conochiloides,ER932n,NS,Spring,0,0,0,0,0,0,NA,NA,0,1,NA,NA,0
Conochiloides,ER932n,NS,Summer,0,0,0,0,0,0,NA,NA,0,1,NA,NA,0
Conochiloides,ER936n,NS,Spring,0,0,0,0,0,0,NA,NA,0,1,NA,NA,0
Conochiloides,ER936n,NS,Summer,0,0,0,0,0,0,NA,NA,0,1,NA,NA,0
Conochiloides,ER937n,NS,Spring,0,0,0,0,0,0,NA,NA,0,1,NA,NA,0
Conochiloides,ER937n,NS,Summer,0,0,0,0,0,0,NA,NA,0,1,NA,NA,0
Conochiloides,ER951n,NS,Spring,0,0,0,0,0,0,NA,NA,0,1,NA,NA,0
Conochiloides,ER951n,NS,Summer,0,0,0,0,0,0,NA,NA,0,1,NA,NA,0
Conochiloides,ER958n,NS,Spring,0,0,0,0,0,0,NA,NA,0,1,NA,NA,0
Conochiloides,ER958n,NS,Summer,0,0,0,0,0,0,NA,NA,0,1,NA,NA,0
Conochiloides,ER959n,NS,Spring,0,0,0,0,0,0,NA,NA,0,1,NA,NA,0
Conochiloides,ER959n,NS,Summer,0,0,0,0,0,0,NA,NA,0,1,NA,NA,0
Conochiloides,ER95b,NS,Spring,0,0,0,0,0,0,NA,NA,0,1,NA,NA,0
Conochiloides,ER95b,NS,Summer,0,0,0,0,0,0,NA,NA,0,1,NA,NA,0
Conochiloides,ER964n,NS,Spring,0,0,0,0,0,0,NA,NA,0,1,NA,NA,0
Conochiloides,ER964n,NS,Summer,0,0,0,0,0,0,NA,NA,0,1,NA,NA,0
Conochiloides,ER966n,NS,Spring,0,0,0,0,0,0,NA,NA,0,1,NA,NA,0
Conochiloides,ER966n,NS,Summer,0.9101566797378772,2584.87714424906,6.37109675816514,0.9101566797378772,2584.87714424906,6.37109675816514,NA,NA,6.37109675816514,1,NA,NA,6.37109675816514
Conochiloides,ERG09n,NS,Spring,0,0,0,0,0,0,NA,NA,0,1,NA,NA,0
Conochiloides,ERG09n,NS,Summer,0,0,0,0,0,0,NA,NA,0,1,NA,NA,0
Conochiloides,ERI28n,NS,Spring,0,0,0,0,0,0,NA,NA,0,1,NA,NA,0
Conochiloides,ERI28n,NS,Summer,0,0,0,0,0,0,NA,NA,0,1,NA,NA,0
Conochiloides,ERN22n,NS,Spring,0,0,0,0,0,0,NA,NA,0,1,NA,NA,0
Conochiloides,ERN22n,NS,Summer,0,0,0,0,0,0,NA,NA,0,1,NA,NA,0
Conochilus,ER09,OS,Spring,0,0,0,0,0,0,NA,NA,0,1,NA,NA,0
Conochilus,ER09,OS,Summer,52.835601299765656,240053.35052765,1056.712025995313,52.835601299765656,240053.35052765,1056.712025995313,NA,NA,1056.712025995313,1,NA,NA,1056.712025995313
Conochilus,ER10,OS,Spring,0,0,0,0,0,0,NA,NA,0,1,NA,NA,0
Conochilus,ER10,OS,Summer,141.0748284501931,488153.360633806,2821.496569003862,141.0748284501931,488153.360633806,2821.496569003862,NA,NA,2821.496569003862,1,NA,NA,2821.496569003862
Conochilus,ER15M,OS,Spring,0.007943877846260487,45.0135192583109,0.15887755692520975,0.007943877846260487,45.0135192583109,0.15887755692520975,NA,NA,0.15887755692520975,1,NA,NA,0.15887755692520975
Conochilus,ER15M,OS,Summer,23.00396287683789,83680.1187373398,460.0792575367578,23.00396287683789,83680.1187373398,460.0792575367578,NA,NA,460.0792575367578,1,NA,NA,460.0792575367578
Conochilus,ER30,OS,Spring,0.06938888987328153,325.199710560042,1.2490000177190674,0.06938888987328153,325.199710560042,1.2490000177190674,NA,NA,1.2490000177190674,1,NA,NA,1.2490000177190674
Conochilus,ER30,OS,Summer,48.34205400911881,282169.326290164,870.1569721641386,48.34205400911881,282169.326290164,870.1569721641386,NA,NA,870.1569721641386,1,NA,NA,870.1569721641386
Conochilus,ER31,OS,Spring,0.04012989481648953,248.927492600014,0.7624680015133011,0.04012989481648953,248.927492600014,0.7624680015133011,NA,NA,0.7624680015133011,1,NA,NA,0.7624680015133011
Conochilus,ER31,OS,Summer,79.73962489277436,472381.952550013,1515.0528729627129,79.73962489277436,472381.952550013,1515.0528729627129,NA,NA,1515.0528729627129,1,NA,NA,1515.0528729627129
Conochilus,ER32,OS,Spring,0,0,0,0,0,0,NA,NA,0,1,NA,NA,0
Conochilus,ER32,OS,Summer,75.15097384708382,375635.531705174,1503.0194769416764,75.15097384708382,375635.531705174,1503.0194769416764,NA,NA,1503.0194769416764,1,NA,NA,1503.0194769416764
Conochilus,ER36,OS,Spring,0,0,0,0,0,0,NA,NA,0,1,NA,NA,0
Conochilus,ER36,OS,Summer,75.50144694955496,416957.895772094,1359.0260450919893,75.50144694955496,416957.895772094,1359.0260450919893,NA,NA,1359.0260450919893,1,NA,NA,1359.0260450919893
Conochilus,ER37,OS,Spring,0,0,0,0,0,0,NA,NA,0,1,NA,NA,0
Conochilus,ER37,OS,Summer,87.63564390254339,531810.715265704,1752.7128780508679,87.63564390254339,531810.715265704,1752.7128780508679,NA,NA,1752.7128780508679,1,NA,NA,1752.7128780508679
Conochilus,ER38,OS,Spring,0,0,0,0,0,0,NA,NA,0,1,NA,NA,0
Conochilus,ER38,OS,Summer,80.13222603240183,679541.695079988,1522.5122946156348,80.13222603240183,679541.695079988,1522.5122946156348,NA,NA,1522.5122946156348,1,NA,NA,1522.5122946156348
Conochilus,ER42,OS,Spring,0.15379938783172137,408.483301921572,2.922188368802706,0.15379938783172137,408.483301921572,2.922188368802706,NA,NA,2.922188368802706,1,NA,NA,2.922188368802706
Conochilus,ER42,OS,Summer,103.83600538617173,632925.602908886,1972.884102337263,103.83600538617173,632925.602908886,1972.884102337263,NA,NA,1972.884102337263,1,NA,NA,1972.884102337263
Conochilus,ER43,OS,Spring,0,0,0,0,0,0,NA,NA,0,1,NA,NA,0
Conochilus,ER43,OS,Summer,42.18112978897348,329999.301441746,759.2603362015226,42.18112978897348,329999.301441746,759.2603362015226,NA,NA,759.2603362015226,1,NA,NA,759.2603362015226
Conochilus,ER58,OS,Spring,0.020070181019395145,96.1130500489954,0.140491267135766,0.020070181019395145,96.1130500489954,0.140491267135766,NA,NA,0.140491267135766,1,NA,NA,0.140491267135766
Conochilus,ER58,OS,Summer,15.685897644055133,98685.2203225156,109.80128350838594,15.685897644055133,98685.2203225156,109.80128350838594,NA,NA,109.80128350838594,1,NA,NA,109.80128350838594
Conochilus,ER59,OS,Spring,0,0,0,0,0,0,NA,NA,0,1,NA,NA,0
Conochilus,ER59,OS,Summer,0.243493378105887,3245.70197338945,1.460960268635322,0.243493378105887,3245.70197338945,1.460960268635322,NA,NA,1.460960268635322,1,NA,NA,1.460960268635322
Conochilus,ER60,OS,Spring,0.006132468633502343,23.8242874484776,0.03679481180101406,0.006132468633502343,23.8242874484776,0.03679481180101406,NA,NA,0.03679481180101406,1,NA,NA,0.03679481180101406
Conochilus,ER60,OS,Summer,0.821981658113729,6740.15334579477,4.931889948682374,0.821981658113729,6740.15334579477,4.931889948682374,NA,NA,4.931889948682374,1,NA,NA,4.931889948682374
Conochilus,ER61,OS,Spring,0,0,0,0,0,0,NA,NA,0,1,NA,NA,0
Conochilus,ER61,OS,Summer,1.0808775733155742,7177.994748842067,7.56614301320902,1.0808775733155742,7177.994748842067,7.56614301320902,NA,NA,7.56614301320902,1,NA,NA,7.56614301320902
Conochilus,ER63,OS,Spring,0,0,0,0,0,0,NA,NA,0,1,NA,NA,0
Conochilus,ER63,OS,Summer,69.3939226434366,403153.668898474,1387.878452868732,69.3939226434366,403153.668898474,1387.878452868732,NA,NA,1387.878452868732,1,NA,NA,1387.878452868732
Conochilus,ER73,OS,Spring,0,0,0,0,0,0,NA,NA,0,1,NA,NA,0
Conochilus,ER73,OS,Summer,68.41919123900422,371242.15958167,1368.3838247800845,68.41919123900422,371242.15958167,1368.3838247800845,NA,NA,1368.3838247800845,1,NA,NA,1368.3838247800845
Conochilus,ER78M,OS,Spring,0.024770621793547012,207.675655436648,0.49541243587094025,0.024770621793547012,207.675655436648,0.49541243587094025,NA,NA,0.49541243587094025,1,NA,NA,0.49541243587094025
Conochilus,ER78M,OS,Summer,128.2702608606154,756479.053346476,2565.405217212308,128.2702608606154,756479.053346476,2565.405217212308,NA,NA,2565.405217212308,1,NA,NA,2565.405217212308
Conochilus,ER91M,OS,Spring,0.36342076193088724,939.836136313057,2.907366095447098,0.36342076193088724,939.836136313057,2.907366095447098,NA,NA,2.907366095447098,1,NA,NA,2.907366095447098
Conochilus,ER91M,OS,Summer,2.6777224894460256,17690.8591077051,21.421779915568205,2.6777224894460256,17690.8591077051,21.421779915568205,NA,NA,21.421779915568205,1,NA,NA,21.421779915568205
Conochilus,ER92,OS,Spring,0.16584560524406297,753.827843521533,1.4926104471965667,0.16584560524406297,753.827843521533,1.4926104471965667,NA,NA,1.4926104471965667,1,NA,NA,1.4926104471965667
Conochilus,ER92,OS,Summer,6.552105707674243,61056.3192282457,52.41684566139394,6.552105707674243,61056.3192282457,52.41684566139394,NA,NA,52.41684566139394,1,NA,NA,52.41684566139394
Conochilus,ER932n,NS,Spring,0.016678341428175304,106.688458560794,0.31688848713533074,0.016678341428175304,106.688458560794,0.31688848713533074,NA,NA,0.31688848713533074,1,NA,NA,0.31688848713533074
Conochilus,ER932n,NS,Summer,35.72391438987225,144934.404609598,643.0304590177004,35.72391438987225,144934.404609598,643.0304590177004,NA,NA,643.0304590177004,1,NA,NA,643.0304590177004
Conochilus,ER936n,NS,Spring,0.009358821045693357,57.6383022106418,0.09358821045693357,0.009358821045693357,57.6383022106418,0.09358821045693357,NA,NA,0.09358821045693357,1,NA,NA,0.09358821045693357
Conochilus,ER936n,NS,Summer,21.36741762116045,118906.124268048,106.83708810580225,21.36741762116045,118906.124268048,106.83708810580225,NA,NA,106.83708810580225,1,NA,NA,106.83708810580225
Conochilus,ER937n,NS,Spring,0.00165238627633688,8.06613585514779,0.00991431765802128,0.00165238627633688,8.06613585514779,0.00991431765802128,NA,NA,0.00991431765802128,1,NA,NA,0.00991431765802128
Conochilus,ER937n,NS,Summer,42.935803061936824,162477.484600629,257.6148183716209,42.935803061936824,162477.484600629,257.6148183716209,NA,NA,257.6148183716209,1,NA,NA,257.6148183716209
Conochilus,ER951n,NS,Spring,0.03820784878371807,302.450763164933,0.6495334293232072,0.03820784878371807,302.450763164933,0.6495334293232072,NA,NA,0.6495334293232072,1,NA,NA,0.6495334293232072
Conochilus,ER951n,NS,Summer,65.73733403263007,435792.777080383,1117.5346785547113,65.73733403263007,435792.777080383,1117.5346785547113,NA,NA,1117.5346785547113,1,NA,NA,1117.5346785547113
Conochilus,ER958n,NS,Spring,0.02731403909014027,108.859225145099,0.21851231272112215,0.02731403909014027,108.859225145099,0.21851231272112215,NA,NA,0.21851231272112215,1,NA,NA,0.21851231272112215
Conochilus,ER958n,NS,Summer,26.011774855730508,152318.626151692,234.10597370157456,26.011774855730508,152318.626151692,234.10597370157456,NA,NA,234.10597370157456,1,NA,NA,234.10597370157456
Conochilus,ER959n,NS,Spring,0.020612283838428693,163.320636907077,0.26795968989957303,0.020612283838428693,163.320636907077,0.26795968989957303,NA,NA,0.26795968989957303,1,NA,NA,0.26795968989957303
Conochilus,ER959n,NS,Summer,49.23113199634554,337235.244200143,443.08018796710985,49.23113199634554,337235.244200143,443.08018796710985,NA,NA,443.08018796710985,1,NA,NA,443.08018796710985
Conochilus,ER95b,NS,Spring,0.3306232285927749,924.871340001268,4.628725200298848,0.3306232285927749,924.871340001268,4.628725200298848,NA,NA,4.628725200298848,1,NA,NA,4.628725200298848
Conochilus,ER95b,NS,Summer,131.430293205511,585554.645521303,1840.0241048771538,131.430293205511,585554.645521303,1840.0241048771538,NA,NA,1840.0241048771538,1,NA,NA,1840.0241048771538
Conochilus,ER964n,NS,Spring,0.047931296847604575,455.701089922372,0.33551907793323205,0.047931296847604575,455.701089922372,0.33551907793323205,NA,NA,0.33551907793323205,1,NA,NA,0.33551907793323205
Conochilus,ER964n,NS,Summer,2.3368696054207154,14021.3012504663,16.358087237945007,2.3368696054207154,14021.3012504663,16.358087237945007,NA,NA,16.358087237945007,1,NA,NA,16.358087237945007
Conochilus,ER966n,NS,Spring,0,0,0,0,0,0,NA,NA,0,1,NA,NA,0
Conochilus,ER966n,NS,Summer,11.219518130999981,82716.0686159699,78.53662691699986,11.219518130999981,82716.0686159699,78.53662691699986,NA,NA,78.53662691699986,1,NA,NA,78.53662691699986
Conochilus,ERG09n,NS,Spring,0.02182591033033075,82.4513777412504,0.24008501363363824,0.02182591033033075,82.4513777412504,0.24008501363363824,NA,NA,0.24008501363363824,1,NA,NA,0.24008501363363824
Conochilus,ERG09n,NS,Summer,81.87905072715412,528979.317451612,818.7905072715412,81.87905072715412,528979.317451612,818.7905072715412,NA,NA,818.7905072715412,1,NA,NA,818.7905072715412
Conochilus,ERI28n,NS,Spring,0.15755925304628113,701.108528529446,1.7331517835090924,0.15755925304628113,701.108528529446,1.7331517835090924,NA,NA,1.7331517835090924,1,NA,NA,1.7331517835090924
Conochilus,ERI28n,NS,Summer,139.2897300561064,1065595.80791782,1671.4767606732769,139.2897300561064,1065595.80791782,1671.4767606732769,NA,NA,1671.4767606732769,1,NA,NA,1671.4767606732769
Conochilus,ERN22n,NS,Spring,0.003578527117230683,26.1813326298339,0.03220674405507615,0.003578527117230683,26.1813326298339,0.03220674405507615,NA,NA,0.03220674405507615,1,NA,NA,0.03220674405507615
Conochilus,ERN22n,NS,Summer,9.185401876062913,55564.2048058092,82.66861688456622,9.185401876062913,55564.2048058092,82.66861688456622,NA,NA,82.66861688456622,1,NA,NA,82.66861688456622
Encentrum,ER09,OS,Spring,0,0,0,0,0,0,NA,NA,0,1,NA,NA,0
Encentrum,ER09,OS,Summer,0,0,0,0,0,0,NA,NA,0,1,NA,NA,0
Encentrum,ER10,OS,Spring,0,0,0,0,0,0,NA,NA,0,1,NA,NA,0
Encentrum,ER10,OS,Summer,0,0,0,0,0,0,NA,NA,0,1,NA,NA,0
Encentrum,ER15M,OS,Spring,0,0,0,0,0,0,NA,NA,0,1,NA,NA,0
Encentrum,ER15M,OS,Summer,0,0,0,0,0,0,NA,NA,0,1,NA,NA,0
Encentrum,ER30,OS,Spring,0,0,0,0,0,0,NA,NA,0,1,NA,NA,0
Encentrum,ER30,OS,Summer,0,0,0,0,0,0,NA,NA,0,1,NA,NA,0
Encentrum,ER31,OS,Spring,0,0,0,0,0,0,NA,NA,0,1,NA,NA,0
Encentrum,ER31,OS,Summer,0,0,0,0,0,0,NA,NA,0,1,NA,NA,0
Encentrum,ER32,OS,Spring,0,0,0,0,0,0,NA,NA,0,1,NA,NA,0
Encentrum,ER32,OS,Summer,0,0,0,0,0,0,NA,NA,0,1,NA,NA,0
Encentrum,ER36,OS,Spring,0,0,0,0,0,0,NA,NA,0,1,NA,NA,0
Encentrum,ER36,OS,Summer,0,0,0,0,0,0,NA,NA,0,1,NA,NA,0
Encentrum,ER37,OS,Spring,0,0,0,0,0,0,NA,NA,0,1,NA,NA,0
Encentrum,ER37,OS,Summer,0,0,0,0,0,0,NA,NA,0,1,NA,NA,0
Encentrum,ER38,OS,Spring,0,0,0,0,0,0,NA,NA,0,1,NA,NA,0
Encentrum,ER38,OS,Summer,0,0,0,0,0,0,NA,NA,0,1,NA,NA,0
Encentrum,ER42,OS,Spring,0,0,0,0,0,0,NA,NA,0,1,NA,NA,0
Encentrum,ER42,OS,Summer,0,0,0,0,0,0,NA,NA,0,1,NA,NA,0
Encentrum,ER43,OS,Spring,0,0,0,0,0,0,NA,NA,0,1,NA,NA,0
Encentrum,ER43,OS,Summer,0,0,0,0,0,0,NA,NA,0,1,NA,NA,0
Encentrum,ER58,OS,Spring,0,0,0,0,0,0,NA,NA,0,1,NA,NA,0
Encentrum,ER58,OS,Summer,0,0,0,0,0,0,NA,NA,0,1,NA,NA,0
Encentrum,ER59,OS,Spring,0,0,0,0,0,0,NA,NA,0,1,NA,NA,0
Encentrum,ER59,OS,Summer,0,0,0,0,0,0,NA,NA,0,1,NA,NA,0
Encentrum,ER60,OS,Spring,0.24305225187246826,174.711441288836,1.4583135112348096,0.24305225187246826,174.711441288836,1.4583135112348096,NA,NA,1.4583135112348096,1,NA,NA,1.4583135112348096
Encentrum,ER60,OS,Summer,0,0,0,0,0,0,NA,NA,0,1,NA,NA,0
Encentrum,ER61,OS,Spring,0.043710687810582224,33.7325801462281,0.30597481467407556,0.043710687810582224,33.7325801462281,0.30597481467407556,NA,NA,0.30597481467407556,1,NA,NA,0.30597481467407556
Encentrum,ER61,OS,Summer,0,0,0,0,0,0,NA,NA,0,1,NA,NA,0
Encentrum,ER63,OS,Spring,0,0,0,0,0,0,NA,NA,0,1,NA,NA,0
Encentrum,ER63,OS,Summer,0,0,0,0,0,0,NA,NA,0,1,NA,NA,0
Encentrum,ER73,OS,Spring,0,0,0,0,0,0,NA,NA,0,1,NA,NA,0
Encentrum,ER73,OS,Summer,0,0,0,0,0,0,NA,NA,0,1,NA,NA,0
Encentrum,ER78M,OS,Spring,0,0,0,0,0,0,NA,NA,0,1,NA,NA,0
Encentrum,ER78M,OS,Summer,0,0,0,0,0,0,NA,NA,0,1,NA,NA,0
Encentrum,ER91M,OS,Spring,0,0,0,0,0,0,NA,NA,0,1,NA,NA,0
Encentrum,ER91M,OS,Summer,0,0,0,0,0,0,NA,NA,0,1,NA,NA,0
Encentrum,ER92,OS,Spring,0,0,0,0,0,0,NA,NA,0,1,NA,NA,0
Encentrum,ER92,OS,Summer,0,0,0,0,0,0,NA,NA,0,1,NA,NA,0
Encentrum,ER932n,NS,Spring,0,0,0,0,0,0,NA,NA,0,1,NA,NA,0
Encentrum,ER932n,NS,Summer,0,0,0,0,0,0,NA,NA,0,1,NA,NA,0
Encentrum,ER936n,NS,Spring,0,0,0,0,0,0,NA,NA,0,1,NA,NA,0
Encentrum,ER936n,NS,Summer,0,0,0,0,0,0,NA,NA,0,1,NA,NA,0
Encentrum,ER937n,NS,Spring,0.002474611238640701,0.806613585514779,0.014847667431844208,0.002474611238640701,0.806613585514779,0.014847667431844208,NA,NA,0.014847667431844208,1,NA,NA,0.014847667431844208
Encentrum,ER937n,NS,Summer,0,0,0,0,0,0,NA,NA,0,1,NA,NA,0
Encentrum,ER951n,NS,Spring,0,0,0,0,0,0,NA,NA,0,1,NA,NA,0
Encentrum,ER951n,NS,Summer,0,0,0,0,0,0,NA,NA,0,1,NA,NA,0
Encentrum,ER958n,NS,Spring,0,0,0,0,0,0,NA,NA,0,1,NA,NA,0
Encentrum,ER958n,NS,Summer,0,0,0,0,0,0,NA,NA,0,1,NA,NA,0
Encentrum,ER959n,NS,Spring,0,0,0,0,0,0,NA,NA,0,1,NA,NA,0
Encentrum,ER959n,NS,Summer,0,0,0,0,0,0,NA,NA,0,1,NA,NA,0
Encentrum,ER95b,NS,Spring,0,0,0,0,0,0,NA,NA,0,1,NA,NA,0
Encentrum,ER95b,NS,Summer,0,0,0,0,0,0,NA,NA,0,1,NA,NA,0
Encentrum,ER964n,NS,Spring,0,0,0,0,0,0,NA,NA,0,1,NA,NA,0
Encentrum,ER964n,NS,Summer,0,0,0,0,0,0,NA,NA,0,1,NA,NA,0
Encentrum,ER966n,NS,Spring,0,0,0,0,0,0,NA,NA,0,1,NA,NA,0
Encentrum,ER966n,NS,Summer,0,0,0,0,0,0,NA,NA,0,1,NA,NA,0
Encentrum,ERG09n,NS,Spring,0,0,0,0,0,0,NA,NA,0,1,NA,NA,0
Encentrum,ERG09n,NS,Summer,0,0,0,0,0,0,NA,NA,0,1,NA,NA,0
Encentrum,ERI28n,NS,Spring,0,0,0,0,0,0,NA,NA,0,1,NA,NA,0
Encentrum,ERI28n,NS,Summer,0,0,0,0,0,0,NA,NA,0,1,NA,NA,0
Encentrum,ERN22n,NS,Spring,0.007022637603679838,6.54533315745847,0.06320373843311854,0.007022637603679838,6.54533315745847,0.06320373843311854,NA,NA,0.06320373843311854,1,NA,NA,0.06320373843311854
Encentrum,ERN22n,NS,Summer,0,0,0,0,0,0,NA,NA,0,1,NA,NA,0
Euchlanis,ER09,OS,Spring,0,0,0,0,0,0,0,0,0,2,0,0,0
Euchlanis,ER09,OS,Summer,0,0,0,0,0,0,0,0,0,2,0,0,0
Euchlanis,ER10,OS,Spring,0,0,0,0,0,0,0,0,0,2,0,0,0
Euchlanis,ER10,OS,Summer,0,0,0,0,0,0,0,0,0,2,0,0,0
Euchlanis,ER15M,OS,Spring,0,0,0,0,0,0,0,0,0,2,0,0,0
Euchlanis,ER15M,OS,Summer,0,0,0,0,0,0,0,0,0,2,0,0,0
Euchlanis,ER30,OS,Spring,0,0,0,0,0,0,0,0,0,2,0,0,0
Euchlanis,ER30,OS,Summer,0,0,0,0,0,0,0,0,0,2,0,0,0
Euchlanis,ER31,OS,Spring,0,0,0,0,0,0,0,0,0,2,0,0,0
Euchlanis,ER31,OS,Summer,0,0,0,0,0,0,0,0,0,2,0,0,0
Euchlanis,ER32,OS,Spring,0,0,0,0,0,0,0,0,0,2,0,0,0
Euchlanis,ER32,OS,Summer,0,0,0,0,0,0,0,0,0,2,0,0,0
Euchlanis,ER36,OS,Spring,0,0,0,0,0,0,0,0,0,2,0,0,0
Euchlanis,ER36,OS,Summer,0,0,0,0,0,0,0,0,0,2,0,0,0
Euchlanis,ER37,OS,Spring,0,0,0,0,0,0,0,0,0,2,0,0,0
Euchlanis,ER37,OS,Summer,0,0,0,0,0,0,0,0,0,2,0,0,0
Euchlanis,ER38,OS,Spring,0,0,0,0,0,0,0,0,0,2,0,0,0
Euchlanis,ER38,OS,Summer,0,0,0,0,0,0,0,0,0,2,0,0,0
Euchlanis,ER42,OS,Spring,0,0,0,0,0,0,0,0,0,2,0,0,0
Euchlanis,ER42,OS,Summer,0,0,0,0,0,0,0,0,0,2,0,0,0
Euchlanis,ER43,OS,Spring,0,0,0,0,0,0,0,0,0,2,0,0,0
Euchlanis,ER43,OS,Summer,0,0,0,0,0,0,0,0,0,2,0,0,0
Euchlanis,ER58,OS,Spring,0,0,0,0,0,0,0,0,0,2,0,0,0
Euchlanis,ER58,OS,Summer,0,0,0,0,0,0,0,0,0,2,0,0,0
Euchlanis,ER59,OS,Spring,0,0,0,0,0,0,0,0,0,2,0,0,0
Euchlanis,ER59,OS,Summer,0,0,0,0,0,0,0,0,0,2,0,0,0
Euchlanis,ER60,OS,Spring,0.007503743317404422,7.94142914949255,0.045022459904426534,0.003751871658702211,3.970714574746275,0.045022459904426534,0.005305947784019907,5.615438403918699,0.045022459904426534,2,0.003751871658702211,3.9707145747462746,0.03183568670411944
Euchlanis,ER60,OS,Summer,0,0,0,0,0,0,0,0,0,2,0,0,0
Euchlanis,ER61,OS,Spring,0.010624478209409854,11.244193382076,0.07437134746586897,0.005312239104704927,5.622096691038,0.07437134746586897,0.007512640588442416,7.9508453894388404,0.07437134746586897,2,0.005312239104704926,5.622096691038,0.052588484119096904
Euchlanis,ER61,OS,Summer,0,0,0,0,0,0,0,0,0,2,0,0,0
Euchlanis,ER63,OS,Spring,0,0,0,0,0,0,0,0,0,2,0,0,0
Euchlanis,ER63,OS,Summer,0,0,0,0,0,0,0,0,0,2,0,0,0
Euchlanis,ER73,OS,Spring,0,0,0,0,0,0,0,0,0,2,0,0,0
Euchlanis,ER73,OS,Summer,0,0,0,0,0,0,0,0,0,2,0,0,0
Euchlanis,ER78M,OS,Spring,0,0,0,0,0,0,0,0,0,2,0,0,0
Euchlanis,ER78M,OS,Summer,0,0,0,0,0,0,0,0,0,2,0,0,0
Euchlanis,ER91M,OS,Spring,0,0,0,0,0,0,0,0,0,2,0,0,0
Euchlanis,ER91M,OS,Summer,0,0,0,0,0,0,0,0,0,2,0,0,0
Euchlanis,ER92,OS,Spring,0,0,0,0,0,0,0,0,0,2,0,0,0
Euchlanis,ER92,OS,Summer,0,0,0,0,0,0,0,0,0,2,0,0,0
Euchlanis,ER932n,NS,Spring,0,0,0,0,0,0,0,0,0,2,0,0,0
Euchlanis,ER932n,NS,Summer,0,0,0,0,0,0,0,0,0,2,0,0,0
Euchlanis,ER936n,NS,Spring,0,0,0,0,0,0,0,0,0,2,0,0,0
Euchlanis,ER936n,NS,Summer,0,0,0,0,0,0,0,0,0,2,0,0,0
Euchlanis,ER937n,NS,Spring,0.001129173196035193,2.41984075654434,0.006775039176211159,5.645865980175965e-4,1.20992037827217,0.006775039176211159,7.984460240505718e-4,1.711085808344088,0.006775039176211159,2,5.645865980175965e-4,1.2099203782721697,0.004790676144303431
Euchlanis,ER937n,NS,Summer,0,0,0,0,0,0,0,0,0,2,0,0,0
Euchlanis,ER951n,NS,Spring,0,0,0,0,0,0,0,0,0,2,0,0,0
Euchlanis,ER951n,NS,Summer,0,0,0,0,0,0,0,0,0,2,0,0,0
Euchlanis,ER958n,NS,Spring,0,0,0,0,0,0,0,0,0,2,0,0,0
Euchlanis,ER958n,NS,Summer,0,0,0,0,0,0,0,0,0,2,0,0,0
Euchlanis,ER959n,NS,Spring,0,0,0,0,0,0,0,0,0,2,0,0,0
Euchlanis,ER959n,NS,Summer,0,0,0,0,0,0,0,0,0,2,0,0,0
Euchlanis,ER95b,NS,Spring,0,0,0,0,0,0,0,0,0,2,0,0,0
Euchlanis,ER95b,NS,Summer,0,0,0,0,0,0,0,0,0,2,0,0,0
Euchlanis,ER964n,NS,Spring,0,0,0,0,0,0,0,0,0,2,0,0,0
Euchlanis,ER964n,NS,Summer,0,0,0,0,0,0,0,0,0,2,0,0,0
Euchlanis,ER966n,NS,Spring,0,0,0,0,0,0,0,0,0,2,0,0,0
Euchlanis,ER966n,NS,Summer,0,0,0,0,0,0,0,0,0,2,0,0,0
Euchlanis,ERG09n,NS,Spring,0,0,0,0,0,0,0,0,0,2,0,0,0
Euchlanis,ERG09n,NS,Summer,0,0,0,0,0,0,0,0,0,2,0,0,0
Euchlanis,ERI28n,NS,Spring,0,0,0,0,0,0,0,0,0,2,0,0,0
Euchlanis,ERI28n,NS,Summer,0,0,0,0,0,0,0,0,0,2,0,0,0
Euchlanis,ERN22n,NS,Spring,0,0,0,0,0,0,0,0,0,2,0,0,0
Euchlanis,ERN22n,NS,Summer,0,0,0,0,0,0,0,0,0,2,0,0,0
Filinia,ER09,OS,Spring,0,0,0,0,0,0,0,0,0,2,0,0,0
Filinia,ER09,OS,Summer,0,0,0,0,0,0,0,0,0,2,0,0,0
Filinia,ER10,OS,Spring,0,0,0,0,0,0,0,0,0,2,0,0,0
Filinia,ER10,OS,Summer,0,0,0,0,0,0,0,0,0,2,0,0,0
Filinia,ER15M,OS,Spring,0,0,0,0,0,0,0,0,0,2,0,0,0
Filinia,ER15M,OS,Summer,0,0,0,0,0,0,0,0,0,2,0,0,0
Filinia,ER30,OS,Spring,0,0,0,0,0,0,0,0,0,2,0,0,0
Filinia,ER30,OS,Summer,0,0,0,0,0,0,0,0,0,2,0,0,0
Filinia,ER31,OS,Spring,0,0,0,0,0,0,0,0,0,2,0,0,0
Filinia,ER31,OS,Summer,0,0,0,0,0,0,0,0,0,2,0,0,0
Filinia,ER32,OS,Spring,0,0,0,0,0,0,0,0,0,2,0,0,0
Filinia,ER32,OS,Summer,0,0,0,0,0,0,0,0,0,2,0,0,0
Filinia,ER36,OS,Spring,0,0,0,0,0,0,0,0,0,2,0,0,0
Filinia,ER36,OS,Summer,0,0,0,0,0,0,0,0,0,2,0,0,0
Filinia,ER37,OS,Spring,0,0,0,0,0,0,0,0,0,2,0,0,0
Filinia,ER37,OS,Summer,0,0,0,0,0,0,0,0,0,2,0,0,0
Filinia,ER38,OS,Spring,0,0,0,0,0,0,0,0,0,2,0,0,0
Filinia,ER38,OS,Summer,0,0,0,0,0,0,0,0,0,2,0,0,0
Filinia,ER42,OS,Spring,0,0,0,0,0,0,0,0,0,2,0,0,0
Filinia,ER42,OS,Summer,0,0,0,0,0,0,0,0,0,2,0,0,0
Filinia,ER43,OS,Spring,0,0,0,0,0,0,0,0,0,2,0,0,0
Filinia,ER43,OS,Summer,0,0,0,0,0,0,0,0,0,2,0,0,0
Filinia,ER58,OS,Spring,0,0,0,0,0,0,0,0,0,2,0,0,0
Filinia,ER58,OS,Summer,0,0,0,0,0,0,0,0,0,2,0,0,0
Filinia,ER59,OS,Spring,0.006837553881220799,15.6417634488339,0.04102532328732479,0.0034187769406103996,7.82088172441695,0.04102532328732479,0.004834880716139625,11.06039700438633,0.04102532328732479,2,0.0034187769406103996,7.8208817244169495,0.02900928429683774
Filinia,ER59,OS,Summer,0,0,0,0,0,0,0,0,0,2,0,0,0
Filinia,ER60,OS,Spring,0,0,0,0,0,0,0,0,0,2,0,0,0
Filinia,ER60,OS,Summer,0,0,0,0,0,0,0,0,0,2,0,0,0
Filinia,ER61,OS,Spring,0,0,0,0,0,0,0,0,0,2,0,0,0
Filinia,ER61,OS,Summer,0.0341647517505994,119.633245814034,0.2391532622541958,0.0170823758752997,59.816622907017,0.2391532622541958,0.024158127640403808,84.59347937046059,0.2391532622541958,2,0.0170823758752997,59.81662290701699,0.16910689348282665
Filinia,ER63,OS,Spring,0,0,0,0,0,0,0,0,0,2,0,0,0
Filinia,ER63,OS,Summer,0,0,0,0,0,0,0,0,0,2,0,0,0
Filinia,ER73,OS,Spring,0,0,0,0,0,0,0,0,0,2,0,0,0
Filinia,ER73,OS,Summer,0,0,0,0,0,0,0,0,0,2,0,0,0
Filinia,ER78M,OS,Spring,0,0,0,0,0,0,0,0,0,2,0,0,0
Filinia,ER78M,OS,Summer,0,0,0,0,0,0,0,0,0,2,0,0,0
Filinia,ER91M,OS,Spring,0,0,0,0,0,0,0,0,0,2,0,0,0
Filinia,ER91M,OS,Summer,0,0,0,0,0,0,0,0,0,2,0,0,0
Filinia,ER92,OS,Spring,0,0,0,0,0,0,0,0,0,2,0,0,0
Filinia,ER92,OS,Summer,0,0,0,0,0,0,0,0,0,2,0,0,0
Filinia,ER932n,NS,Spring,0,0,0,0,0,0,0,0,0,2,0,0,0
Filinia,ER932n,NS,Summer,0,0,0,0,0,0,0,0,0,2,0,0,0
Filinia,ER936n,NS,Spring,0.018753884133603932,28.8191511053209,0.18753884133603932,0.009376942066801966,14.40957555266045,0.18753884133603932,0.013260998644458141,20.378217174612193,0.18753884133603932,2,0.009376942066801966,14.409575552660447,0.1326099864445814
Filinia,ER936n,NS,Summer,0,0,0,0,0,0,0,0,0,2,0,0,0
Filinia,ER937n,NS,Spring,0,0,0,0,0,0,0,0,0,2,0,0,0
Filinia,ER937n,NS,Summer,0,0,0,0,0,0,0,0,0,2,0,0,0
Filinia,ER951n,NS,Spring,0,0,0,0,0,0,0,0,0,2,0,0,0
Filinia,ER951n,NS,Summer,0,0,0,0,0,0,0,0,0,2,0,0,0
Filinia,ER958n,NS,Spring,0.034679030300319415,108.859225145099,0.2774322424025553,0.017339515150159707,54.4296125725495,0.2774322424025553,0.024521777490329612,76.97509629481263,0.2774322424025553,2,0.017339515150159707,54.429612572549495,0.1961742199226369
Filinia,ER958n,NS,Summer,0,0,0,0,0,0,0,0,0,2,0,0,0
Filinia,ER959n,NS,Spring,0,0,0,0,0,0,0,0,0,2,0,0,0
Filinia,ER959n,NS,Summer,0,0,0,0,0,0,0,0,0,2,0,0,0
Filinia,ER95b,NS,Spring,0,0,0,0,0,0,0,0,0,2,0,0,0
Filinia,ER95b,NS,Summer,0,0,0,0,0,0,0,0,0,2,0,0,0
Filinia,ER964n,NS,Spring,4.905655765769931,15038.1359674383,34.33959036038952,2.4528278828849657,7519.06798371915,34.33959036038952,3.468822458142804,10633.567918980945,34.33959036038952,2,2.4528278828849652,7519.06798371915,24.28175720699963
Filinia,ER964n,NS,Summer,0,0,0,0,0,0,0,0,0,2,0,0,0
Filinia,ER966n,NS,Spring,0,0,0,0,0,0,0,0,0,2,0,0,0
Filinia,ER966n,NS,Summer,0,0,0,0,0,0,0,0,0,2,0,0,0
Filinia,ERG09n,NS,Spring,0,0,0,0,0,0,0,0,0,2,0,0,0
Filinia,ERG09n,NS,Summer,0,0,0,0,0,0,0,0,0,2,0,0,0
Filinia,ERI28n,NS,Spring,0.041323736303386746,140.221705705889,0.4545610993372542,0.020661868151693373,70.1108528529445,0.4545610993372542,0.029220294164089482,99.15171897417852,0.4545610993372542,2,0.020661868151693373,70.1108528529445,0.3214232358049843
Filinia,ERI28n,NS,Summer,0,0,0,0,0,0,0,0,0,2,0,0,0
Filinia,ERN22n,NS,Spring,0,0,0,0,0,0,0,0,0,2,0,0,0
Filinia,ERN22n,NS,Summer,0,0,0,0,0,0,0,0,0,2,0,0,0
Gastropus,ER09,OS,Spring,0,0,0,0,0,0,NA,NA,0,1,NA,NA,0
Gastropus,ER09,OS,Summer,0,0,0,0,0,0,NA,NA,0,1,NA,NA,0
Gastropus,ER10,OS,Spring,0,0,0,0,0,0,NA,NA,0,1,NA,NA,0
Gastropus,ER10,OS,Summer,0.4009404982197831,3629.39301586473,8.018809964395663,0.4009404982197831,3629.39301586473,8.018809964395663,NA,NA,8.018809964395663,1,NA,NA,8.018809964395663
Gastropus,ER15M,OS,Spring,0,0,0,0,0,0,NA,NA,0,1,NA,NA,0
Gastropus,ER15M,OS,Summer,0,0,0,0,0,0,NA,NA,0,1,NA,NA,0
Gastropus,ER30,OS,Spring,0,0,0,0,0,0,NA,NA,0,1,NA,NA,0
Gastropus,ER30,OS,Summer,0,0,0,0,0,0,NA,NA,0,1,NA,NA,0
Gastropus,ER31,OS,Spring,0,0,0,0,0,0,NA,NA,0,1,NA,NA,0
Gastropus,ER31,OS,Summer,0.3893525699642265,1634.53962820074,7.397698829320304,0.3893525699642265,1634.53962820074,7.397698829320304,NA,NA,7.397698829320304,1,NA,NA,7.397698829320304
Gastropus,ER32,OS,Spring,0,0,0,0,0,0,NA,NA,0,1,NA,NA,0
Gastropus,ER32,OS,Summer,0,0,0,0,0,0,NA,NA,0,1,NA,NA,0
Gastropus,ER36,OS,Spring,0,0,0,0,0,0,NA,NA,0,1,NA,NA,0
Gastropus,ER36,OS,Summer,0,0,0,0,0,0,NA,NA,0,1,NA,NA,0
Gastropus,ER37,OS,Spring,0,0,0,0,0,0,NA,NA,0,1,NA,NA,0
Gastropus,ER37,OS,Summer,0,0,0,0,0,0,NA,NA,0,1,NA,NA,0
Gastropus,ER38,OS,Spring,0,0,0,0,0,0,NA,NA,0,1,NA,NA,0
Gastropus,ER38,OS,Summer,0,0,0,0,0,0,NA,NA,0,1,NA,NA,0
Gastropus,ER42,OS,Spring,0,0,0,0,0,0,NA,NA,0,1,NA,NA,0
Gastropus,ER42,OS,Summer,0,0,0,0,0,0,NA,NA,0,1,NA,NA,0
Gastropus,ER43,OS,Spring,0,0,0,0,0,0,NA,NA,0,1,NA,NA,0
Gastropus,ER43,OS,Summer,0,0,0,0,0,0,NA,NA,0,1,NA,NA,0
Gastropus,ER58,OS,Spring,0,0,0,0,0,0,NA,NA,0,1,NA,NA,0
Gastropus,ER58,OS,Summer,0,0,0,0,0,0,NA,NA,0,1,NA,NA,0
Gastropus,ER59,OS,Spring,0,0,0,0,0,0,NA,NA,0,1,NA,NA,0
Gastropus,ER59,OS,Summer,0.21331421056378577,927.343420968415,1.2798852633827147,0.21331421056378577,927.343420968415,1.2798852633827147,NA,NA,1.2798852633827147,1,NA,NA,1.2798852633827147
Gastropus,ER60,OS,Spring,0,0,0,0,0,0,NA,NA,0,1,NA,NA,0
Gastropus,ER60,OS,Summer,0.8429464988782889,4438.63756918192,5.057678993269733,0.8429464988782889,4438.63756918192,5.057678993269733,NA,NA,5.057678993269733,1,NA,NA,5.057678993269733
Gastropus,ER61,OS,Spring,0.0043922630398734374,11.244193382076,0.03074584127911406,0.0043922630398734374,11.244193382076,0.03074584127911406,NA,NA,0.03074584127911406,1,NA,NA,0.03074584127911406
Gastropus,ER61,OS,Summer,0.9597792521163335,4426.430095119266,6.718454764814335,0.9597792521163335,4426.430095119266,6.718454764814335,NA,NA,6.718454764814335,1,NA,NA,6.718454764814335
Gastropus,ER63,OS,Spring,0,0,0,0,0,0,NA,NA,0,1,NA,NA,0
Gastropus,ER63,OS,Summer,0,0,0,0,0,0,NA,NA,0,1,NA,NA,0
Gastropus,ER73,OS,Spring,0,0,0,0,0,0,NA,NA,0,1,NA,NA,0
Gastropus,ER73,OS,Summer,0,0,0,0,0,0,NA,NA,0,1,NA,NA,0
Gastropus,ER78M,OS,Spring,0,0,0,0,0,0,NA,NA,0,1,NA,NA,0
Gastropus,ER78M,OS,Summer,0,0,0,0,0,0,NA,NA,0,1,NA,NA,0
Gastropus,ER91M,OS,Spring,0,0,0,0,0,0,NA,NA,0,1,NA,NA,0
Gastropus,ER91M,OS,Summer,0,0,0,0,0,0,NA,NA,0,1,NA,NA,0
Gastropus,ER92,OS,Spring,0,0,0,0,0,0,NA,NA,0,1,NA,NA,0
Gastropus,ER92,OS,Summer,0,0,0,0,0,0,NA,NA,0,1,NA,NA,0
Gastropus,ER932n,NS,Spring,0,0,0,0,0,0,NA,NA,0,1,NA,NA,0
Gastropus,ER932n,NS,Summer,0.37637435795448027,2229.76007091689,6.774738443180645,0.37637435795448027,2229.76007091689,6.774738443180645,NA,NA,6.774738443180645,1,NA,NA,6.774738443180645
Gastropus,ER936n,NS,Spring,0,0,0,0,0,0,NA,NA,0,1,NA,NA,0
Gastropus,ER936n,NS,Summer,0,0,0,0,0,0,NA,NA,0,1,NA,NA,0
Gastropus,ER937n,NS,Spring,0,0,0,0,0,0,NA,NA,0,1,NA,NA,0
Gastropus,ER937n,NS,Summer,0,0,0,0,0,0,NA,NA,0,1,NA,NA,0
Gastropus,ER951n,NS,Spring,0,0,0,0,0,0,NA,NA,0,1,NA,NA,0
Gastropus,ER951n,NS,Summer,0,0,0,0,0,0,NA,NA,0,1,NA,NA,0
Gastropus,ER958n,NS,Spring,0,0,0,0,0,0,NA,NA,0,1,NA,NA,0
Gastropus,ER958n,NS,Summer,0,0,0,0,0,0,NA,NA,0,1,NA,NA,0
Gastropus,ER959n,NS,Spring,0,0,0,0,0,0,NA,NA,0,1,NA,NA,0
Gastropus,ER959n,NS,Summer,0,0,0,0,0,0,NA,NA,0,1,NA,NA,0
Gastropus,ER95b,NS,Spring,0,0,0,0,0,0,NA,NA,0,1,NA,NA,0
Gastropus,ER95b,NS,Summer,0,0,0,0,0,0,NA,NA,0,1,NA,NA,0
Gastropus,ER964n,NS,Spring,0,0,0,0,0,0,NA,NA,0,1,NA,NA,0
Gastropus,ER964n,NS,Summer,0.22554818151150077,1274.66375004239,1.5788372705805054,0.22554818151150077,1274.66375004239,1.5788372705805054,NA,NA,1.5788372705805054,1,NA,NA,1.5788372705805054
Gastropus,ER966n,NS,Spring,0,0,0,0,0,0,NA,NA,0,1,NA,NA,0
Gastropus,ER966n,NS,Summer,0,0,0,0,0,0,NA,NA,0,1,NA,NA,0
Gastropus,ERG09n,NS,Spring,0,0,0,0,0,0,NA,NA,0,1,NA,NA,0
Gastropus,ERG09n,NS,Summer,0,0,0,0,0,0,NA,NA,0,1,NA,NA,0
Gastropus,ERI28n,NS,Spring,0,0,0,0,0,0,NA,NA,0,1,NA,NA,0
Gastropus,ERI28n,NS,Summer,0,0,0,0,0,0,NA,NA,0,1,NA,NA,0
Gastropus,ERN22n,NS,Spring,0,0,0,0,0,0,NA,NA,0,1,NA,NA,0
Gastropus,ERN22n,NS,Summer,0,0,0,0,0,0,NA,NA,0,1,NA,NA,0
Kellicottia,ER09,OS,Spring,0,0,0,0,0,0,NA,NA,0,1,NA,NA,0
Kellicottia,ER09,OS,Summer,0.21003488020548247,3392.98021947209,4.200697604109649,0.21003488020548247,3392.98021947209,4.200697604109649,NA,NA,4.200697604109649,1,NA,NA,4.200697604109649
Kellicottia,ER10,OS,Spring,0,0,0,0,0,0,NA,NA,0,1,NA,NA,0
Kellicottia,ER10,OS,Summer,0.6710654754818361,9073.48253966182,13.421309509636723,0.6710654754818361,9073.48253966182,13.421309509636723,NA,NA,13.421309509636723,1,NA,NA,13.421309509636723
Kellicottia,ER15M,OS,Spring,0.005980457939802614,67.5202788874663,0.11960915879605227,0.005980457939802614,67.5202788874663,0.11960915879605227,NA,NA,0.11960915879605227,1,NA,NA,0.11960915879605227
Kellicottia,ER15M,OS,Summer,0.02263242663037455,302.094291470541,0.45264853260749094,0.02263242663037455,302.094291470541,0.45264853260749094,NA,NA,0.45264853260749094,1,NA,NA,0.45264853260749094
Kellicottia,ER30,OS,Spring,0.09042371156522008,1625.99855280021,1.6276268081739615,0.09042371156522008,1625.99855280021,1.6276268081739615,NA,NA,1.6276268081739615,1,NA,NA,1.6276268081739615
Kellicottia,ER30,OS,Summer,0,0,0,0,0,0,NA,NA,0,1,NA,NA,0
Kellicottia,ER31,OS,Spring,0.10257098487765902,2240.34743340012,1.9488487126755214,0.10257098487765902,2240.34743340012,1.9488487126755214,NA,NA,1.9488487126755214,1,NA,NA,1.9488487126755214
Kellicottia,ER31,OS,Summer,0,0,0,0,0,0,NA,NA,0,1,NA,NA,0
Kellicottia,ER32,OS,Spring,0.20900193966551264,3620.42139856318,4.180038793310253,0.20900193966551264,3620.42139856318,4.180038793310253,NA,NA,4.180038793310253,1,NA,NA,4.180038793310253
Kellicottia,ER32,OS,Summer,0.24869004866597774,3053.94741223719,4.9738009733195545,0.24869004866597774,3053.94741223719,4.9738009733195545,NA,NA,4.9738009733195545,1,NA,NA,4.9738009733195545
Kellicottia,ER36,OS,Spring,0.209945459882905,3945.3186666646,3.77901827789229,0.209945459882905,3945.3186666646,3.77901827789229,NA,NA,3.77901827789229,1,NA,NA,3.77901827789229
Kellicottia,ER36,OS,Summer,0.2169192999145886,3689.89288293889,3.904547398462595,0.2169192999145886,3689.89288293889,3.904547398462595,NA,NA,3.904547398462595,1,NA,NA,3.904547398462595
Kellicottia,ER37,OS,Spring,0.18398102375234068,3744.82219039729,3.6796204750468138,0.18398102375234068,3744.82219039729,3.6796204750468138,NA,NA,3.6796204750468138,1,NA,NA,3.6796204750468138
Kellicottia,ER37,OS,Summer,0.28724058255804785,3510.30175092874,5.744811651160957,0.28724058255804785,3510.30175092874,5.744811651160957,NA,NA,5.744811651160957,1,NA,NA,5.744811651160957
Kellicottia,ER38,OS,Spring,0.03547420315852542,652.7958817727,0.7094840631705084,0.03547420315852542,652.7958817727,0.7094840631705084,NA,NA,0.7094840631705084,1,NA,NA,0.7094840631705084
Kellicottia,ER38,OS,Summer,0,0,0,0,0,0,NA,NA,0,1,NA,NA,0
Kellicottia,ER42,OS,Spring,0.19056002208816905,3267.86641537258,3.6206404196752118,0.19056002208816905,3267.86641537258,3.6206404196752118,NA,NA,3.6206404196752118,1,NA,NA,3.6206404196752118
Kellicottia,ER42,OS,Summer,0.2210079483156435,2482.06118787799,4.1991510179972265,0.2210079483156435,2482.06118787799,4.1991510179972265,NA,NA,4.1991510179972265,1,NA,NA,4.1991510179972265
Kellicottia,ER43,OS,Spring,0.23624729601409533,4608.52697168421,4.488698624267811,0.23624729601409533,4608.52697168421,4.488698624267811,NA,NA,4.488698624267811,1,NA,NA,4.488698624267811
Kellicottia,ER43,OS,Summer,0.17442198796374472,1803.27487126637,3.139595783347405,0.17442198796374472,1803.27487126637,3.139595783347405,NA,NA,3.139595783347405,1,NA,NA,3.139595783347405
Kellicottia,ER58,OS,Spring,0,0,0,0,0,0,NA,NA,0,1,NA,NA,0
Kellicottia,ER58,OS,Summer,0,0,0,0,0,0,NA,NA,0,1,NA,NA,0
Kellicottia,ER59,OS,Spring,0,0,0,0,0,0,NA,NA,0,1,NA,NA,0
Kellicottia,ER59,OS,Summer,0,0,0,0,0,0,NA,NA,0,1,NA,NA,0
Kellicottia,ER60,OS,Spring,0,0,0,0,0,0,NA,NA,0,1,NA,NA,0
Kellicottia,ER60,OS,Summer,0.008650016894821734,164.393984043775,0.051900101368930404,0.008650016894821734,164.393984043775,0.051900101368930404,NA,NA,0.051900101368930404,1,NA,NA,0.051900101368930404
Kellicottia,ER61,OS,Spring,0,0,0,0,0,0,NA,NA,0,1,NA,NA,0
Kellicottia,ER61,OS,Summer,0.01714343125261387,239.26649162806868,0.1200040187682971,0.01714343125261387,239.26649162806868,0.1200040187682971,NA,NA,0.1200040187682971,1,NA,NA,0.1200040187682971
Kellicottia,ER63,OS,Spring,0.12906452584607028,2518.69931758503,2.5812905169214058,0.12906452584607028,2518.69931758503,2.5812905169214058,NA,NA,2.5812905169214058,1,NA,NA,2.5812905169214058
Kellicottia,ER63,OS,Summer,0.13185621161279357,1450.19305359163,2.6371242322558714,0.13185621161279357,1450.19305359163,2.6371242322558714,NA,NA,2.6371242322558714,1,NA,NA,2.6371242322558714
Kellicottia,ER73,OS,Spring,0.1588927181436147,3044.04967897112,3.177854362872294,0.1588927181436147,3044.04967897112,3.177854362872294,NA,NA,3.177854362872294,1,NA,NA,3.177854362872294
Kellicottia,ER73,OS,Summer,0.26194202115238596,2833.90961512725,5.238840423047719,0.26194202115238596,2833.90961512725,5.238840423047719,NA,NA,5.238840423047719,1,NA,NA,5.238840423047719
Kellicottia,ER78M,OS,Spring,0.09109661688286198,1453.72958805654,1.8219323376572396,0.09109661688286198,1453.72958805654,1.8219323376572396,NA,NA,1.8219323376572396,1,NA,NA,1.8219323376572396
Kellicottia,ER78M,OS,Summer,0,0,0,0,0,0,NA,NA,0,1,NA,NA,0
Kellicottia,ER91M,OS,Spring,0,0,0,0,0,0,NA,NA,0,1,NA,NA,0
Kellicottia,ER91M,OS,Summer,0,0,0,0,0,0,NA,NA,0,1,NA,NA,0
Kellicottia,ER92,OS,Spring,0.019941057704851047,301.531137408613,0.17946951934365943,0.019941057704851047,301.531137408613,0.17946951934365943,NA,NA,0.17946951934365943,1,NA,NA,0.17946951934365943
Kellicottia,ER92,OS,Summer,0,0,0,0,0,0,NA,NA,0,1,NA,NA,0
Kellicottia,ER932n,NS,Spring,0,0,0,0,0,0,NA,NA,0,1,NA,NA,0
Kellicottia,ER932n,NS,Summer,0.26586214591295115,4459.52014183379,4.785518626433121,0.26586214591295115,4459.52014183379,4.785518626433121,NA,NA,4.785518626433121,1,NA,NA,4.785518626433121
Kellicottia,ER936n,NS,Spring,0.010139180078255221,201.734057737246,0.10139180078255221,0.010139180078255221,201.734057737246,0.10139180078255221,NA,NA,0.10139180078255221,1,NA,NA,0.10139180078255221
Kellicottia,ER936n,NS,Summer,0,0,0,0,0,0,NA,NA,0,1,NA,NA,0
Kellicottia,ER937n,NS,Spring,5.031112078438747e-5,0.806613585514779,3.018667247063248e-4,5.031112078438747e-5,0.806613585514779,3.018667247063248e-4,NA,NA,3.018667247063248e-4,1,NA,NA,3.018667247063248e-4
Kellicottia,ER937n,NS,Summer,0.20282070032730284,3778.546153503,1.2169242019638171,0.20282070032730284,3778.546153503,1.2169242019638171,NA,NA,1.2169242019638171,1,NA,NA,1.2169242019638171
Kellicottia,ER951n,NS,Spring,0.1648769733042157,3024.50763164933,2.8029085461716665,0.1648769733042157,3024.50763164933,2.8029085461716665,NA,NA,2.8029085461716665,1,NA,NA,2.8029085461716665
Kellicottia,ER951n,NS,Summer,0.19590349756916509,3631.60647566986,3.3303594586758063,0.19590349756916509,3631.60647566986,3.3303594586758063,NA,NA,3.3303594586758063,1,NA,NA,3.3303594586758063
Kellicottia,ER958n,NS,Spring,0.017126240581094618,326.577675435296,0.13700992464875694,0.017126240581094618,326.577675435296,0.13700992464875694,NA,NA,0.13700992464875694,1,NA,NA,0.13700992464875694
Kellicottia,ER958n,NS,Summer,0.07621375288111867,1880.47686607027,0.685923775930068,0.07621375288111867,1880.47686607027,0.685923775930068,NA,NA,0.685923775930068,1,NA,NA,0.685923775930068
Kellicottia,ER959n,NS,Spring,0.018316848581989266,381.081486116513,0.23811903156586045,0.018316848581989266,381.081486116513,0.23811903156586045,NA,NA,0.23811903156586045,1,NA,NA,0.23811903156586045
Kellicottia,ER959n,NS,Summer,0,0,0,0,0,0,NA,NA,0,1,NA,NA,0
Kellicottia,ER95b,NS,Spring,0.013188683065947795,308.290446667089,0.18464156292326914,0.013188683065947795,308.290446667089,0.18464156292326914,NA,NA,0.18464156292326914,1,NA,NA,0.18464156292326914
Kellicottia,ER95b,NS,Summer,0.1849070684327638,2828.76640348455,2.588698958058693,0.1849070684327638,2828.76640348455,2.588698958058693,NA,NA,2.588698958058693,1,NA,NA,2.588698958058693
Kellicottia,ER964n,NS,Spring,0,0,0,0,0,0,NA,NA,0,1,NA,NA,0
Kellicottia,ER964n,NS,Summer,0,0,0,0,0,0,NA,NA,0,1,NA,NA,0
Kellicottia,ER966n,NS,Spring,0.03816233532811102,726.444397964632,0.32437985028894367,0.03816233532811102,726.444397964632,0.32437985028894367,NA,NA,0.32437985028894367,1,NA,NA,0.32437985028894367
Kellicottia,ER966n,NS,Summer,0,0,0,0,0,0,NA,NA,0,1,NA,NA,0
Kellicottia,ERG09n,NS,Spring,0.06855019173937635,1401.67342160126,0.7540521091331398,0.06855019173937635,1401.67342160126,0.7540521091331398,NA,NA,0.7540521091331398,1,NA,NA,0.7540521091331398
Kellicottia,ERG09n,NS,Summer,0,0,0,0,0,0,NA,NA,0,1,NA,NA,0
Kellicottia,ERI28n,NS,Spring,0,0,0,0,0,0,NA,NA,0,1,NA,NA,0
Kellicottia,ERI28n,NS,Summer,0.36152537635788057,6701.86042715612,4.338304516294567,0.36152537635788057,6701.86042715612,4.338304516294567,NA,NA,4.338304516294567,1,NA,NA,4.338304516294567
Kellicottia,ERN22n,NS,Spring,0.001044248656916757,19.6359994723754,0.009398237912250812,0.001044248656916757,19.6359994723754,0.009398237912250812,NA,NA,0.009398237912250812,1,NA,NA,0.009398237912250812
Kellicottia,ERN22n,NS,Summer,0.49991684543458903,10685.4240011172,4.499251608911301,0.49991684543458903,10685.4240011172,4.499251608911301,NA,NA,4.499251608911301,1,NA,NA,4.499251608911301
Keratella,ER09,OS,Spring,0,0,0,0,0,0,0,0,0,10,0,0,0
Keratella,ER09,OS,Summer,2.900383676611551,111120.10218771081,58.00767353223101,0.2900383676611551,11112.010218771082,58.00767353223101,0.698112841046026,23735.541059360137,58.00767353223101,10,0.22076266415165266,7505.8371244023865,18.34363701293147
Keratella,ER10,OS,Spring,0.042592099584189504,104.6251148920442,0.85184199168379,0.00425920995841895,10.46251148920442,0.85184199168379,0.012846136598738542,22.05691090104409,0.85184199168379,10,0.0040623050785662295,6.975007659469612,0.26937609002949875
Keratella,ER10,OS,Summer,2.767637676043714,96178.9149204152,55.35275352087427,0.2767637676043714,9617.891492041519,55.35275352087427,0.779225880172728,24705.50809045082,55.35275352087427,10,0.246412859309526,7812.567631754178,17.504077588786732
Keratella,ER15M,OS,Spring,0.01157657843581879,112.5337981457771,0.23153156871637579,0.001157657843581879,11.25337981457771,0.23153156871637579,0.002744538012674154,21.872638784408593,0.23153156871637579,10,8.678991244962398e-4,6.916735699686774,0.07321671073755351
Keratella,ER15M,OS,Summer,0.5374794961633735,16917.280322350292,10.749589923267472,0.05374794961633735,1691.728032235029,10.749589923267472,0.11230740883734416,2926.141855317453,10.749589923267472,10,0.03551472100377302,925.3273019554035,3.399318807031985
Keratella,ER30,OS,Spring,0.6589197426414776,7154.393632320917,11.860555367546596,0.06589197426414775,715.4393632320918,11.860555367546596,0.1540766675854882,1825.500721440795,11.860555367546596,10,0.04872332038587787,577.2740150033485,3.750636927598276
Keratella,ER30,OS,Summer,5.103972257668424,252622.7999770583,91.87150063803162,0.5103972257668423,25262.27999770583,91.87150063803162,0.8307672075235089,44042.33266740127,91.87150063803162,10,0.26271165811520597,13927.408469582706,29.052319407379237
Keratella,ER31,OS,Spring,0.23650190814526784,1991.4199408001139,4.493536254760088,0.023650190814526784,199.1419940800114,4.493536254760088,0.060305489569245356,547.891867935116,4.493536254760088,10,0.01907027024503418,173.25862141591412,1.4209809313584514
Keratella,ER31,OS,Summer,2.7824017183355987,156915.80430727094,52.865632648376376,0.27824017183355987,15691.580430727094,52.865632648376376,0.4947276356572694,31319.91005809866,52.865632648376376,10,0.15644661501069043,9904.225189520832,16.71758091146287
Keratella,ER32,OS,Spring,0.9877167454120735,8447.649929980746,19.75433490824147,0.09877167454120736,844.7649929980746,19.75433490824147,0.25234646084699297,2074.710151835383,19.75433490824147,10,0.07979895757590004,656.0809564473577,6.2468691971816375
Keratella,ER32,OS,Summer,2.5775328680466254,140481.5809629106,51.550657360932505,0.25775328680466253,14048.158096291061,51.550657360932505,0.4560699767820724,29086.52225503576,51.550657360932505,10,0.1442219899051459,9197.965953908997,16.301749213947147
Keratella,ER36,OS,Spring,0.10963368367509024,4133.19098412481,1.9734063061516243,0.010963368367509024,413.31909841248097,1.9734063061516243,0.025026021384495986,977.4176559743713,1.9734063061516243,10,0.007913922834708778,309.0866018141897,0.6240458676378683
Keratella,ER36,OS,Summer,4.404653037334134,226928.4123007419,79.28375467201441,0.4404653037334134,22692.84123007419,79.28375467201441,0.753551672079809,42197.36649181239,79.28375467201441,10,0.2382939618400508,13343.978937499605,25.071724621358154
Keratella,ER37,OS,Spring,0.34991340885528766,6468.329237958954,6.998268177105753,0.034991340885528764,646.8329237958953,6.998268177105753,0.06937368885236841,1701.8135978195514,6.998268177105753,10,0.021937886646131676,538.1607122155542,2.213046711632881
Keratella,ER37,OS,Summer,3.0472103964598136,156208.427916329,60.944207929196274,0.30472103964598135,15620.8427916329,60.944207929196274,0.4922993110324126,27221.504252884497,60.944207929196274,10,0.15567871133940828,8608.195477507517,19.2722507251154
Keratella,ER38,OS,Spring,0.08833537911153555,2937.5814679771497,1.7667075822307108,0.008833537911153554,293.75814679771497,1.7667075822307108,0.018994878387012873,712.6147407382533,1.7667075822307108,10,0.006006707958086598,225.34856749432598,0.5586819919338266
Keratella,ER38,OS,Summer,5.590738463382434,398934.9254698432,106.22403080426623,0.5590738463382434,39893.49254698432,106.22403080426623,1.491518202303446,112318.71626477469,106.22403080426623,10,0.4716594690878688,35518.296726288776,33.590987958536886
Keratella,ER42,OS,Spring,0.843155878413694,14296.91556725499,16.019961689860185,0.0843155878413694,1429.691556725499,16.019961689860185,0.17596471367914104,3961.5627055300097,16.019961689860185,10,0.05564492830454729,1252.7561243053754,5.065956696859814
Keratella,ER42,OS,Summer,4.406160205746824,245724.05759992075,83.71704390918966,0.4406160205746824,24572.405759992074,83.71704390918966,0.9972850135538202,64453.45753464558,83.71704390918966,10,0.31536921191819645,20381.9728882421,26.473653772936572
Keratella,ER43,OS,Spring,1.2915792789615188,10753.229600596487,24.540006300268857,0.12915792789615188,1075.3229600596487,24.540006300268857,0.32926943216233706,2672.6737650558416,24.540006300268857,10,0.10412413695032861,845.1736540154199,7.760231370373148
Keratella,ER43,OS,Summer,3.8718567112461715,234425.7332646284,69.69342080243109,0.38718567112461716,23442.57332646284,69.69342080243109,0.6721533709028591,47177.07730792227,69.69342080243109,10,0.2125535589012982,14918.701764287918,22.038994766424203
Keratella,ER58,OS,Spring,0.018239701605713025,96.1130500489954,0.12767791123999117,0.0018239701605713026,9.61130500489954,0.12767791123999117,0.005229228975121091,21.623788169243884,0.12767791123999117,10,0.0016536273967930617,6.838042225581323,0.04037530064111853
Keratella,ER58,OS,Summer,0.8538739931419483,48712.70449962464,5.977117951993638,0.08538739931419483,4871.270449962464,5.977117951993638,0.1738197043124759,10920.518112932346,5.977117951993638,10,0.05496661678444158,3453.3710465990102,1.8901306571780858
Keratella,ER59,OS,Spring,0.001592870534259738,31.2835268976678,0.009557223205558428,1.592870534259738e-4,3.12835268976678,0.009557223205558428,5.037098906030041e-4,9.89271982397715,0.009557223205558428,10,1.592870534259738e-4,3.1283526897667797,0.003022259343618024
Keratella,ER59,OS,Summer,1.145848816566276,60740.9940734311,6.8750928993976554,0.11458488165662759,6074.09940734311,6.8750928993976554,0.24162989438710564,14972.839510257792,6.8750928993976554,10,0.07641008170491889,4734.8275892574675,2.1740952687347455
Keratella,ER60,OS,Spring,0.0013953473792543416,63.5314331959404,0.00837208427552605,1.3953473792543416e-4,6.35314331959404,0.00837208427552605,2.7330484111453266e-4,14.88061745728522,0.00837208427552605,10,8.64265793472355e-5,4.705664415468465,0.0026474855073543
Keratella,ER60,OS,Summer,0.24113909732658462,12987.124739458219,1.4468345839595076,0.02411390973265846,1298.712473945822,1.4468345839595076,0.03332934998299269,2638.795143750105,1.4468345839595076,10,0.010539665887915113,834.4602932841764,0.4575292682814162
Keratella,ER61,OS,Spring,0.006390599359550231,11.244193382076,0.044734195516851614,6.390599359550231e-4,1.1244193382076,0.044734195516851614,0.0020208849589792048,3.555726153875207,0.044734195516851614,10,6.390599359550231e-4,1.1244193382076,0.014146194712854433
Keratella,ER61,OS,Summer,0.21202388201399686,10886.625369077121,1.4841671740979778,0.021202388201399684,1088.6625369077121,1.4841671740979778,0.03996559842113765,1715.6239838144973,1.4841671740979778,10,0.012638231906242423,542.5279397265662,0.46933486986052686
Keratella,ER63,OS,Spring,0.6949804389031063,9355.168893887254,13.89960877806213,0.06949804389031064,935.5168893887255,13.89960877806213,0.15041773247422227,2357.62967167713,13.89960877806213,10,0.04756626350964168,745.5479641694698,4.395442232394617
Keratella,ER63,OS,Summer,4.907784038883804,136318.14703761315,98.15568077767608,0.49077840388838045,13631.814703761314,98.15568077767608,1.3254816288373048,32073.718683263713,98.15568077767608,10,0.4191540943835804,10142.600407061,31.039551654186386
Keratella,ER73,OS,Spring,0.316614754657154,5174.884454250894,6.332295093143079,0.0316614754657154,517.4884454250895,6.332295093143079,0.06718593029928939,1428.146365264952,6.332295093143079,10,0.021246056646307267,451.61953463280275,2.0024475310640204
Keratella,ER73,OS,Summer,3.0109651237568973,143112.43556392632,60.21930247513795,0.30109651237568974,14311.243556392632,60.21930247513795,0.538718237069674,29627.949399143712,60.21930247513795,10,0.1703576646210723,9369.180250151132,19.04301549280511
Keratella,ER78M,OS,Spring,0.3307836596652142,3115.1348315497266,6.615673193304285,0.033078365966521424,311.5134831549727,6.615673193304285,0.08436584031310955,849.2441912984058,6.615673193304285,10,0.026678821210347918,268.554593417071,2.0920595546160943
Keratella,ER78M,OS,Summer,4.088576783058591,252947.6834627275,81.77153566117184,0.4088576783058591,25294.76834627275,81.77153566117184,0.835354483906599,60548.37978761858,81.77153566117184,10,0.2641622822779324,19147.078876177686,25.858430045898565
Keratella,ER91M,OS,Spring,0.574986849987271,795.2459614956633,4.599894799898168,0.057498684998727095,79.52459614956634,4.599894799898168,0.14321652060546386,104.76553485381201,4.599894799898168,10,0.04528904036777027,33.12977104238014,1.4546144564842673
Keratella,ER91M,OS,Summer,0.095382815884698,4375.15870405611,0.763062527077584,0.0095382815884698,437.515870405611,0.763062527077584,0.02068123013899752,974.3000256862405,0.763062527077584,10,0.006539979205335284,308.1007205529076,0.24130155826890728
Keratella,ER92,OS,Spring,0.0754160975122144,1507.65568704307,0.6787448776099296,0.0075416097512214396,150.765568704307,0.6787448776099296,0.023848664037995567,476.76258983621096,0.6787448776099296,10,0.007541609751221439,150.765568704307,0.2146379763419601
Keratella,ER92,OS,Summer,1.4102340138717737,43996.4653262359,11.28187211097419,0.14102340138717737,4399.64653262359,11.28187211097419,0.3557757185273492,9392.831265601855,11.28187211097419,10,0.11250616067293896,2970.274047694383,3.567641214141035
Keratella,ER932n,NS,Spring,0.10673868894516002,284.50255616211723,2.02803508995804,0.010673868894516002,28.45025561621172,2.02803508995804,0.02347700078609852,43.71639941250179,2.02803508995804,10,0.007424079511363483,13.824339324515245,0.6413210059011879
Keratella,ER932n,NS,Summer,2.4553179551006203,79156.48251754978,44.19572319181117,0.24553179551006205,7915.648251754979,44.19572319181117,0.6526075861927559,18644.03304992157,44.19572319181117,10,0.2063726390673762,5895.760920920791,13.975914812445
Keratella,ER936n,NS,Spring,0.08902041783199903,518.7447198957768,0.8902041783199903,0.008902041783199904,51.87447198957768,0.8902041783199903,0.024510647131077336,109.36098927044786,0.8902041783199903,10,0.007750947185887603,34.58298132638511,0.28150727860898533
Keratella,ER936n,NS,Summer,12.715278779880542,341072.83013729507,63.57639389940271,1.2715278779880541,34107.28301372951,63.57639389940271,3.7939601974923995,98072.58246176524,63.57639389940271,10,1.1997555576098227,31013.27365938614,20.10462101421464
Keratella,ER937n,NS,Spring,1.0225924391722176e-4,3.22645434205912,6.135554635033306e-4,1.0225924391722176e-5,0.322645434205912,6.135554635033306e-4,2.2955799188640416e-5,0.6801962991631215,6.135554635033306e-4,10,7.259261094554899e-6,0.21509695613727467,1.9402327355108376e-4
Keratella,ER937n,NS,Summer,1.5207186600245857,40304.492304032,9.124311960147514,0.15207186600245856,4030.4492304032,9.124311960147514,0.46719555941409374,11886.693818635249,9.124311960147514,10,0.14774020804650573,3758.902631593181,2.885360787598164
Keratella,ER951n,NS,Spring,0.6672784433435179,4536.761447473993,11.343733536839805,0.0667278443343518,453.6761447473993,11.343733536839805,0.1771858106968211,959.0863710719732,11.343733536839805,10,0.056031073086538076,303.2897405412861,3.587203514645135
Keratella,ER951n,NS,Summer,6.643294544655594,283265.3051022486,112.9360072591451,0.6643294544655594,28326.53051022486,112.9360072591451,1.2641372089831338,52426.11057303516,112.9360072591451,10,0.39975528553549694,16578.591827462635,35.71350127842084
Keratella,ER958n,NS,Spring,0.24083668559275379,1469.599539458833,1.9266934847420303,0.02408366855927538,146.95995394588329,1.9266934847420303,0.06752005969174998,205.3470901902979,1.9266934847420303,10,0.021351717637645644,64.93645158893604,0.6092739764791688
Keratella,ER958n,NS,Summer,5.879107692992355,214374.3627320109,52.9119692369312,0.5879107692992356,21437.43627320109,52.9119692369312,1.2874800170429122,39932.28526830178,52.9119692369312,10,0.4071369295808005,12627.697362342158,16.732233827346406
Keratella,ER959n,NS,Spring,0.2051657755323162,2667.5704028155933,2.667155081920111,0.02051657755323162,266.75704028155934,2.667155081920111,0.047099456265258674,714.1842120503728,2.667155081920111,10,0.01489415583537051,225.84487790118504,0.843428493176053
Keratella,ER959n,NS,Summer,3.0157902459561776,119024.20383534461,27.1421122136056,0.30157902459561775,11902.42038353446,27.1421122136056,0.5215627737547383,19227.988498621733,27.1421122136056,10,0.16493263078200635,6080.423847916604,8.58308951028683
Keratella,ER95b,NS,Spring,0.8980595708030563,2158.033126669628,12.572833991242788,0.08980595708030563,215.8033126669628,12.572833991242788,0.23030275375855921,412.33647156576177,12.572833991242788,10,0.0728281253285951,130.39224125050626,3.975879205551271
Keratella,ER95b,NS,Summer,2.358238338830767,107493.123332413,33.01533674363073,0.2358238338830767,10749.3123332413,33.01533674363073,0.3829281101889358,18896.121933637147,33.01533674363073,10,0.12109250083009672,5975.478425455846,10.440366182731971
Keratella,ER964n,NS,Spring,7.4340620997379885,26430.66321549753,52.03843469816592,0.7434062099737989,2643.066321549753,52.03843469816592,2.2628740588920135,4427.576405760567,52.03843469816592,10,0.715583608420876,1400.1225956625246,16.455997951614112
Keratella,ER964n,NS,Summer,3.6935834610533296,124917.04750415409,25.85508422737331,0.36935834610533297,12491.704750415409,25.85508422737331,0.8152957823327848,23324.7600140221,25.85508422737331,10,0.25781916389004667,7375.936752113078,8.176095525399443
Keratella,ER966n,NS,Spring,0.2690616548952503,2017.90110545731,2.2870240666096278,0.02690616548952503,201.790110545731,2.2870240666096278,0.07114607068413564,424.1327529167879,2.2870240666096278,10,0.022498362993320257,134.12255294944734,0.7232205114107065
Keratella,ER966n,NS,Summer,1.1650897926032378,34465.02858998748,8.155628548222666,0.11650897926032378,3446.502858998748,8.155628548222666,0.31905064044283016,8529.659400418934,8.155628548222666,10,0.10089267127347758,2697.3151370790006,2.5790361962676007
Keratella,ERG09n,NS,Spring,0.2059670329187828,2803.3468432025156,2.265637362106611,0.02059670329187828,280.3346843202516,2.265637362106611,0.04149160062779168,576.7668849434112,2.265637362106611,10,0.013120796174989393,182.3897035381455,0.7164574416232552
Keratella,ERG09n,NS,Summer,4.307523016271138,134649.28080586478,43.07523016271138,0.4307523016271138,13464.928080586476,43.07523016271138,1.005652111103957,27559.857448474715,43.07523016271138,10,0.3180151204845212,8715.19215267367,13.621583805015332
Keratella,ERI28n,NS,Spring,0.5334803636829187,2103.325585588338,5.868284000512106,0.05334803636829187,210.3325585588338,5.868284000512106,0.1409466820440642,325.5103936601114,5.868284000512106,10,0.04457125439027998,102.9354246023985,1.8557143398342957
Keratella,ERI28n,NS,Summer,5.1084969976788015,221161.3940961519,61.301963972145614,0.5108496997678801,22116.13940961519,61.301963972145614,1.0147781158958136,42860.48025010707,61.301963972145614,10,0.32090101659250897,13553.673919900162,19.38538311935629
Keratella,ERN22n,NS,Spring,0.006610297002838205,78.54399788950154,0.05949267302554384,6.610297002838205e-4,7.854399788950154,0.05949267302554384,0.0014697152972797045,16.26851447668218,0.05949267302554384,10,4.6476478513953373e-4,5.144555989373793,0.018813235085237922
Keratella,ERN22n,NS,Summer,4.525893066344274,252176.00642636514,40.733037597098466,0.45258930663442737,25217.600642636513,40.733037597098466,0.9001255049730318,61236.585391550485,40.733037597098466,10,0.2846446775724,19364.708596869343,12.880917482410316
Lepadella,ER09,OS,Spring,0,0,0,0,0,0,NA,NA,0,1,NA,NA,0
Lepadella,ER09,OS,Summer,0,0,0,0,0,0,NA,NA,0,1,NA,NA,0
Lepadella,ER10,OS,Spring,0,0,0,0,0,0,NA,NA,0,1,NA,NA,0
Lepadella,ER10,OS,Summer,0,0,0,0,0,0,NA,NA,0,1,NA,NA,0
Lepadella,ER15M,OS,Spring,0,0,0,0,0,0,NA,NA,0,1,NA,NA,0
Lepadella,ER15M,OS,Summer,0,0,0,0,0,0,NA,NA,0,1,NA,NA,0
Lepadella,ER30,OS,Spring,0,0,0,0,0,0,NA,NA,0,1,NA,NA,0
Lepadella,ER30,OS,Summer,0,0,0,0,0,0,NA,NA,0,1,NA,NA,0
Lepadella,ER31,OS,Spring,0,0,0,0,0,0,NA,NA,0,1,NA,NA,0
Lepadella,ER31,OS,Summer,0,0,0,0,0,0,NA,NA,0,1,NA,NA,0
Lepadella,ER32,OS,Spring,0,0,0,0,0,0,NA,NA,0,1,NA,NA,0
Lepadella,ER32,OS,Summer,0,0,0,0,0,0,NA,NA,0,1,NA,NA,0
Lepadella,ER36,OS,Spring,0,0,0,0,0,0,NA,NA,0,1,NA,NA,0
Lepadella,ER36,OS,Summer,0,0,0,0,0,0,NA,NA,0,1,NA,NA,0
Lepadella,ER37,OS,Spring,0,0,0,0,0,0,NA,NA,0,1,NA,NA,0
Lepadella,ER37,OS,Summer,0,0,0,0,0,0,NA,NA,0,1,NA,NA,0
Lepadella,ER38,OS,Spring,0,0,0,0,0,0,NA,NA,0,1,NA,NA,0
Lepadella,ER38,OS,Summer,0,0,0,0,0,0,NA,NA,0,1,NA,NA,0
Lepadella,ER42,OS,Spring,0,0,0,0,0,0,NA,NA,0,1,NA,NA,0
Lepadella,ER42,OS,Summer,0,0,0,0,0,0,NA,NA,0,1,NA,NA,0
Lepadella,ER43,OS,Spring,0,0,0,0,0,0,NA,NA,0,1,NA,NA,0
Lepadella,ER43,OS,Summer,0,0,0,0,0,0,NA,NA,0,1,NA,NA,0
Lepadella,ER58,OS,Spring,0,0,0,0,0,0,NA,NA,0,1,NA,NA,0
Lepadella,ER58,OS,Summer,0,0,0,0,0,0,NA,NA,0,1,NA,NA,0
Lepadella,ER59,OS,Spring,0,0,0,0,0,0,NA,NA,0,1,NA,NA,0
Lepadella,ER59,OS,Summer,0,0,0,0,0,0,NA,NA,0,1,NA,NA,0
Lepadella,ER60,OS,Spring,0,0,0,0,0,0,NA,NA,0,1,NA,NA,0
Lepadella,ER60,OS,Summer,0,0,0,0,0,0,NA,NA,0,1,NA,NA,0
Lepadella,ER61,OS,Spring,0,0,0,0,0,0,NA,NA,0,1,NA,NA,0
Lepadella,ER61,OS,Summer,0,0,0,0,0,0,NA,NA,0,1,NA,NA,0
Lepadella,ER63,OS,Spring,0,0,0,0,0,0,NA,NA,0,1,NA,NA,0
Lepadella,ER63,OS,Summer,0,0,0,0,0,0,NA,NA,0,1,NA,NA,0
Lepadella,ER73,OS,Spring,0,0,0,0,0,0,NA,NA,0,1,NA,NA,0
Lepadella,ER73,OS,Summer,0,0,0,0,0,0,NA,NA,0,1,NA,NA,0
Lepadella,ER78M,OS,Spring,0,0,0,0,0,0,NA,NA,0,1,NA,NA,0
Lepadella,ER78M,OS,Summer,0,0,0,0,0,0,NA,NA,0,1,NA,NA,0
Lepadella,ER91M,OS,Spring,0,0,0,0,0,0,NA,NA,0,1,NA,NA,0
Lepadella,ER91M,OS,Summer,0,0,0,0,0,0,NA,NA,0,1,NA,NA,0
Lepadella,ER92,OS,Spring,0,0,0,0,0,0,NA,NA,0,1,NA,NA,0
Lepadella,ER92,OS,Summer,0,0,0,0,0,0,NA,NA,0,1,NA,NA,0
Lepadella,ER932n,NS,Spring,0,0,0,0,0,0,NA,NA,0,1,NA,NA,0
Lepadella,ER932n,NS,Summer,0,0,0,0,0,0,NA,NA,0,1,NA,NA,0
Lepadella,ER936n,NS,Spring,0,0,0,0,0,0,NA,NA,0,1,NA,NA,0
Lepadella,ER936n,NS,Summer,0,0,0,0,0,0,NA,NA,0,1,NA,NA,0
Lepadella,ER937n,NS,Spring,0,0,0,0,0,0,NA,NA,0,1,NA,NA,0
Lepadella,ER937n,NS,Summer,0.5315989918318376,1259.515384501,3.1895939509910254,0.5315989918318376,1259.515384501,3.1895939509910254,NA,NA,3.1895939509910254,1,NA,NA,3.1895939509910254
Lepadella,ER951n,NS,Spring,0,0,0,0,0,0,NA,NA,0,1,NA,NA,0
Lepadella,ER951n,NS,Summer,0,0,0,0,0,0,NA,NA,0,1,NA,NA,0
Lepadella,ER958n,NS,Spring,0,0,0,0,0,0,NA,NA,0,1,NA,NA,0
Lepadella,ER958n,NS,Summer,0,0,0,0,0,0,NA,NA,0,1,NA,NA,0
Lepadella,ER959n,NS,Spring,0,0,0,0,0,0,NA,NA,0,1,NA,NA,0
Lepadella,ER959n,NS,Summer,0,0,0,0,0,0,NA,NA,0,1,NA,NA,0
Lepadella,ER95b,NS,Spring,0,0,0,0,0,0,NA,NA,0,1,NA,NA,0
Lepadella,ER95b,NS,Summer,0,0,0,0,0,0,NA,NA,0,1,NA,NA,0
Lepadella,ER964n,NS,Spring,0,0,0,0,0,0,NA,NA,0,1,NA,NA,0
Lepadella,ER964n,NS,Summer,0,0,0,0,0,0,NA,NA,0,1,NA,NA,0
Lepadella,ER966n,NS,Spring,0,0,0,0,0,0,NA,NA,0,1,NA,NA,0
Lepadella,ER966n,NS,Summer,0,0,0,0,0,0,NA,NA,0,1,NA,NA,0
Lepadella,ERG09n,NS,Spring,0,0,0,0,0,0,NA,NA,0,1,NA,NA,0
Lepadella,ERG09n,NS,Summer,0,0,0,0,0,0,NA,NA,0,1,NA,NA,0
Lepadella,ERI28n,NS,Spring,0,0,0,0,0,0,NA,NA,0,1,NA,NA,0
Lepadella,ERI28n,NS,Summer,0,0,0,0,0,0,NA,NA,0,1,NA,NA,0
Lepadella,ERN22n,NS,Spring,0,0,0,0,0,0,NA,NA,0,1,NA,NA,0
Lepadella,ERN22n,NS,Summer,0,0,0,0,0,0,NA,NA,0,1,NA,NA,0
Monostyla,ER09,OS,Spring,0,0,0,0,0,0,0,0,0,2,0,0,0
Monostyla,ER09,OS,Summer,0,0,0,0,0,0,0,0,0,2,0,0,0
Monostyla,ER10,OS,Spring,0,0,0,0,0,0,0,0,0,2,0,0,0
Monostyla,ER10,OS,Summer,0,0,0,0,0,0,0,0,0,2,0,0,0
Monostyla,ER15M,OS,Spring,0,0,0,0,0,0,0,0,0,2,0,0,0
Monostyla,ER15M,OS,Summer,0,0,0,0,0,0,0,0,0,2,0,0,0
Monostyla,ER30,OS,Spring,0,0,0,0,0,0,0,0,0,2,0,0,0
Monostyla,ER30,OS,Summer,0,0,0,0,0,0,0,0,0,2,0,0,0
Monostyla,ER31,OS,Spring,0,0,0,0,0,0,0,0,0,2,0,0,0
Monostyla,ER31,OS,Summer,0,0,0,0,0,0,0,0,0,2,0,0,0
Monostyla,ER32,OS,Spring,0,0,0,0,0,0,0,0,0,2,0,0,0
Monostyla,ER32,OS,Summer,0,0,0,0,0,0,0,0,0,2,0,0,0
Monostyla,ER36,OS,Spring,0,0,0,0,0,0,0,0,0,2,0,0,0
Monostyla,ER36,OS,Summer,0,0,0,0,0,0,0,0,0,2,0,0,0
Monostyla,ER37,OS,Spring,0,0,0,0,0,0,0,0,0,2,0,0,0
Monostyla,ER37,OS,Summer,0,0,0,0,0,0,0,0,0,2,0,0,0
Monostyla,ER38,OS,Spring,0,0,0,0,0,0,0,0,0,2,0,0,0
Monostyla,ER38,OS,Summer,0,0,0,0,0,0,0,0,0,2,0,0,0
Monostyla,ER42,OS,Spring,0,0,0,0,0,0,0,0,0,2,0,0,0
Monostyla,ER42,OS,Summer,0,0,0,0,0,0,0,0,0,2,0,0,0
Monostyla,ER43,OS,Spring,0,0,0,0,0,0,0,0,0,2,0,0,0
Monostyla,ER43,OS,Summer,0,0,0,0,0,0,0,0,0,2,0,0,0
Monostyla,ER58,OS,Spring,0,0,0,0,0,0,0,0,0,2,0,0,0
Monostyla,ER58,OS,Summer,0,0,0,0,0,0,0,0,0,2,0,0,0
Monostyla,ER59,OS,Spring,0,0,0,0,0,0,0,0,0,2,0,0,0
Monostyla,ER59,OS,Summer,0,0,0,0,0,0,0,0,0,2,0,0,0
Monostyla,ER60,OS,Spring,0.0014727419747222513,7.94142914949255,0.008836451848333508,7.363709873611257e-4,3.970714574746275,0.008836451848333508,0.001041385837264171,5.615438403918699,0.008836451848333508,2,7.363709873611257e-4,3.9707145747462746,0.0062483150235850245
Monostyla,ER60,OS,Summer,0,0,0,0,0,0,0,0,0,2,0,0,0
Monostyla,ER61,OS,Spring,0,0,0,0,0,0,0,0,0,2,0,0,0
Monostyla,ER61,OS,Summer,0,0,0,0,0,0,0,0,0,2,0,0,0
Monostyla,ER63,OS,Spring,0,0,0,0,0,0,0,0,0,2,0,0,0
Monostyla,ER63,OS,Summer,0,0,0,0,0,0,0,0,0,2,0,0,0
Monostyla,ER73,OS,Spring,0,0,0,0,0,0,0,0,0,2,0,0,0
Monostyla,ER73,OS,Summer,0,0,0,0,0,0,0,0,0,2,0,0,0
Monostyla,ER78M,OS,Spring,0,0,0,0,0,0,0,0,0,2,0,0,0
Monostyla,ER78M,OS,Summer,0,0,0,0,0,0,0,0,0,2,0,0,0
Monostyla,ER91M,OS,Spring,0,0,0,0,0,0,0,0,0,2,0,0,0
Monostyla,ER91M,OS,Summer,0,0,0,0,0,0,0,0,0,2,0,0,0
Monostyla,ER92,OS,Spring,0,0,0,0,0,0,0,0,0,2,0,0,0
Monostyla,ER92,OS,Summer,0,0,0,0,0,0,0,0,0,2,0,0,0
Monostyla,ER932n,NS,Spring,0,0,0,0,0,0,0,0,0,2,0,0,0
Monostyla,ER932n,NS,Summer,0,0,0,0,0,0,0,0,0,2,0,0,0
Monostyla,ER936n,NS,Spring,0,0,0,0,0,0,0,0,0,2,0,0,0
Monostyla,ER936n,NS,Summer,0,0,0,0,0,0,0,0,0,2,0,0,0
Monostyla,ER937n,NS,Spring,0,0,0,0,0,0,0,0,0,2,0,0,0
Monostyla,ER937n,NS,Summer,0.04358302092601118,1259.515384501,0.26149812555606705,0.02179151046300559,629.7576922505,0.26149812555606705,0.030817849641377706,890.6118693894389,0.26149812555606705,2,0.021791510463005585,629.7576922505,0.18490709784826623
Monostyla,ER951n,NS,Spring,0,0,0,0,0,0,0,0,0,2,0,0,0
Monostyla,ER951n,NS,Summer,0,0,0,0,0,0,0,0,0,2,0,0,0
Monostyla,ER958n,NS,Spring,0,0,0,0,0,0,0,0,0,2,0,0,0
Monostyla,ER958n,NS,Summer,0,0,0,0,0,0,0,0,0,2,0,0,0
Monostyla,ER959n,NS,Spring,0,0,0,0,0,0,0,0,0,2,0,0,0
Monostyla,ER959n,NS,Summer,0,0,0,0,0,0,0,0,0,2,0,0,0
Monostyla,ER95b,NS,Spring,0,0,0,0,0,0,0,0,0,2,0,0,0
Monostyla,ER95b,NS,Summer,0,0,0,0,0,0,0,0,0,2,0,0,0
Monostyla,ER964n,NS,Spring,0,0,0,0,0,0,0,0,0,2,0,0,0
Monostyla,ER964n,NS,Summer,0,0,0,0,0,0,0,0,0,2,0,0,0
Monostyla,ER966n,NS,Spring,0,0,0,0,0,0,0,0,0,2,0,0,0
Monostyla,ER966n,NS,Summer,0,0,0,0,0,0,0,0,0,2,0,0,0
Monostyla,ERG09n,NS,Spring,0,0,0,0,0,0,0,0,0,2,0,0,0
Monostyla,ERG09n,NS,Summer,0,0,0,0,0,0,0,0,0,2,0,0,0
Monostyla,ERI28n,NS,Spring,0,0,0,0,0,0,0,0,0,2,0,0,0
Monostyla,ERI28n,NS,Summer,0,0,0,0,0,0,0,0,0,2,0,0,0
Monostyla,ERN22n,NS,Spring,0,0,0,0,0,0,0,0,0,2,0,0,0
Monostyla,ERN22n,NS,Summer,0,0,0,0,0,0,0,0,0,2,0,0,0
Mytilina,ER09,OS,Spring,0,0,0,0,0,0,NA,NA,0,1,NA,NA,0
Mytilina,ER09,OS,Summer,0,0,0,0,0,0,NA,NA,0,1,NA,NA,0
Mytilina,ER10,OS,Spring,0,0,0,0,0,0,NA,NA,0,1,NA,NA,0
Mytilina,ER10,OS,Summer,0,0,0,0,0,0,NA,NA,0,1,NA,NA,0
Mytilina,ER15M,OS,Spring,0,0,0,0,0,0,NA,NA,0,1,NA,NA,0
Mytilina,ER15M,OS,Summer,0,0,0,0,0,0,NA,NA,0,1,NA,NA,0
Mytilina,ER30,OS,Spring,0,0,0,0,0,0,NA,NA,0,1,NA,NA,0
Mytilina,ER30,OS,Summer,0,0,0,0,0,0,NA,NA,0,1,NA,NA,0
Mytilina,ER31,OS,Spring,0,0,0,0,0,0,NA,NA,0,1,NA,NA,0
Mytilina,ER31,OS,Summer,0,0,0,0,0,0,NA,NA,0,1,NA,NA,0
Mytilina,ER32,OS,Spring,0,0,0,0,0,0,NA,NA,0,1,NA,NA,0
Mytilina,ER32,OS,Summer,0,0,0,0,0,0,NA,NA,0,1,NA,NA,0
Mytilina,ER36,OS,Spring,0,0,0,0,0,0,NA,NA,0,1,NA,NA,0
Mytilina,ER36,OS,Summer,0,0,0,0,0,0,NA,NA,0,1,NA,NA,0
Mytilina,ER37,OS,Spring,0,0,0,0,0,0,NA,NA,0,1,NA,NA,0
Mytilina,ER37,OS,Summer,0,0,0,0,0,0,NA,NA,0,1,NA,NA,0
Mytilina,ER38,OS,Spring,0,0,0,0,0,0,NA,NA,0,1,NA,NA,0
Mytilina,ER38,OS,Summer,0,0,0,0,0,0,NA,NA,0,1,NA,NA,0
Mytilina,ER42,OS,Spring,0,0,0,0,0,0,NA,NA,0,1,NA,NA,0
Mytilina,ER42,OS,Summer,0,0,0,0,0,0,NA,NA,0,1,NA,NA,0
Mytilina,ER43,OS,Spring,0,0,0,0,0,0,NA,NA,0,1,NA,NA,0
Mytilina,ER43,OS,Summer,0,0,0,0,0,0,NA,NA,0,1,NA,NA,0
Mytilina,ER58,OS,Spring,0,0,0,0,0,0,NA,NA,0,1,NA,NA,0
Mytilina,ER58,OS,Summer,0,0,0,0,0,0,NA,NA,0,1,NA,NA,0
Mytilina,ER59,OS,Spring,0,0,0,0,0,0,NA,NA,0,1,NA,NA,0
Mytilina,ER59,OS,Summer,0,0,0,0,0,0,NA,NA,0,1,NA,NA,0
Mytilina,ER60,OS,Spring,0,0,0,0,0,0,NA,NA,0,1,NA,NA,0
Mytilina,ER60,OS,Summer,0,0,0,0,0,0,NA,NA,0,1,NA,NA,0
Mytilina,ER61,OS,Spring,0,0,0,0,0,0,NA,NA,0,1,NA,NA,0
Mytilina,ER61,OS,Summer,0,0,0,0,0,0,NA,NA,0,1,NA,NA,0
Mytilina,ER63,OS,Spring,0,0,0,0,0,0,NA,NA,0,1,NA,NA,0
Mytilina,ER63,OS,Summer,0,0,0,0,0,0,NA,NA,0,1,NA,NA,0
Mytilina,ER73,OS,Spring,0,0,0,0,0,0,NA,NA,0,1,NA,NA,0
Mytilina,ER73,OS,Summer,0,0,0,0,0,0,NA,NA,0,1,NA,NA,0
Mytilina,ER78M,OS,Spring,0,0,0,0,0,0,NA,NA,0,1,NA,NA,0
Mytilina,ER78M,OS,Summer,0,0,0,0,0,0,NA,NA,0,1,NA,NA,0
Mytilina,ER91M,OS,Spring,0,0,0,0,0,0,NA,NA,0,1,NA,NA,0
Mytilina,ER91M,OS,Summer,0,0,0,0,0,0,NA,NA,0,1,NA,NA,0
Mytilina,ER92,OS,Spring,0,0,0,0,0,0,NA,NA,0,1,NA,NA,0
Mytilina,ER92,OS,Summer,0,0,0,0,0,0,NA,NA,0,1,NA,NA,0
Mytilina,ER932n,NS,Spring,0,0,0,0,0,0,NA,NA,0,1,NA,NA,0
Mytilina,ER932n,NS,Summer,0,0,0,0,0,0,NA,NA,0,1,NA,NA,0
Mytilina,ER936n,NS,Spring,0,0,0,0,0,0,NA,NA,0,1,NA,NA,0
Mytilina,ER936n,NS,Summer,0,0,0,0,0,0,NA,NA,0,1,NA,NA,0
Mytilina,ER937n,NS,Spring,9.906777361628665e-4,0.806613585514779,0.005944066416977199,9.906777361628665e-4,0.806613585514779,0.005944066416977199,NA,NA,0.005944066416977199,1,NA,NA,0.005944066416977199
Mytilina,ER937n,NS,Summer,0,0,0,0,0,0,NA,NA,0,1,NA,NA,0
Mytilina,ER951n,NS,Spring,0,0,0,0,0,0,NA,NA,0,1,NA,NA,0
Mytilina,ER951n,NS,Summer,0,0,0,0,0,0,NA,NA,0,1,NA,NA,0
Mytilina,ER958n,NS,Spring,0,0,0,0,0,0,NA,NA,0,1,NA,NA,0
Mytilina,ER958n,NS,Summer,0,0,0,0,0,0,NA,NA,0,1,NA,NA,0
Mytilina,ER959n,NS,Spring,0,0,0,0,0,0,NA,NA,0,1,NA,NA,0
Mytilina,ER959n,NS,Summer,0,0,0,0,0,0,NA,NA,0,1,NA,NA,0
Mytilina,ER95b,NS,Spring,0,0,0,0,0,0,NA,NA,0,1,NA,NA,0
Mytilina,ER95b,NS,Summer,0,0,0,0,0,0,NA,NA,0,1,NA,NA,0
Mytilina,ER964n,NS,Spring,0,0,0,0,0,0,NA,NA,0,1,NA,NA,0
Mytilina,ER964n,NS,Summer,0,0,0,0,0,0,NA,NA,0,1,NA,NA,0
Mytilina,ER966n,NS,Spring,0,0,0,0,0,0,NA,NA,0,1,NA,NA,0
Mytilina,ER966n,NS,Summer,0,0,0,0,0,0,NA,NA,0,1,NA,NA,0
Mytilina,ERG09n,NS,Spring,0,0,0,0,0,0,NA,NA,0,1,NA,NA,0
Mytilina,ERG09n,NS,Summer,0,0,0,0,0,0,NA,NA,0,1,NA,NA,0
Mytilina,ERI28n,NS,Spring,0,0,0,0,0,0,NA,NA,0,1,NA,NA,0
Mytilina,ERI28n,NS,Summer,0,0,0,0,0,0,NA,NA,0,1,NA,NA,0
Mytilina,ERN22n,NS,Spring,0,0,0,0,0,0,NA,NA,0,1,NA,NA,0
Mytilina,ERN22n,NS,Summer,0,0,0,0,0,0,NA,NA,0,1,NA,NA,0
Notholca,ER09,OS,Spring,0.1684294773104245,476.98784143422,3.36858954620849,0.033685895462084905,95.397568286844,3.36858954620849,0.07532395213617353,213.31544757756134,3.36858954620849,5,0.0336858954620849,95.39756828684399,1.5064790427234704
Notholca,ER09,OS,Summer,0,0,0,0,0,0,0,0,0,5,0,0,0
Notholca,ER10,OS,Spring,0.45093780620512247,1150.87626381249,9.018756124102449,0.09018756124102449,230.175252762498,9.018756124102449,0.20166551765985608,514.6875119151417,9.018756124102449,5,0.09018756124102449,230.17525276249796,4.033310353197121
Notholca,ER10,OS,Summer,0,0,0,0,0,0,0,0,0,5,0,0,0
Notholca,ER15M,OS,Spring,0.2443054968389848,585.175750358041,4.886109936779696,0.048861099367796965,117.0351500716082,4.886109936779696,0.10925673964176601,261.6985513170053,4.886109936779696,5,0.04886109936779696,117.03515007160819,2.1851347928353198
Notholca,ER15M,OS,Summer,0,0,0,0,0,0,0,0,0,5,0,0,0
Notholca,ER30,OS,Spring,16.73255211550387,51381.5542684866,301.1859380790697,3.3465104231007743,10276.31085369732,301.1859380790697,7.483024793464914,22978.529626786105,301.1859380790697,5,3.346510423100774,10276.31085369732,134.69444628236843
Notholca,ER30,OS,Summer,0,0,0,0,0,0,0,0,0,5,0,0,0
Notholca,ER31,OS,Spring,14.945625319292493,44309.0936828024,283.96688106655733,2.9891250638584985,8861.818736560479,283.96688106655733,6.683886836036002,19815.629099230533,283.96688106655733,5,2.9891250638584985,8861.818736560479,126.99384988468402
Notholca,ER31,OS,Summer,0,0,0,0,0,0,0,0,0,5,0,0,0
Notholca,ER32,OS,Spring,28.554180560540832,88700.3242647978,571.0836112108167,5.710836112108167,17740.06485295956,571.0836112108167,12.76981775503447,39667.990936472386,571.0836112108167,5,5.710836112108166,17740.06485295956,255.39635510068942
Notholca,ER32,OS,Summer,0,0,0,0,0,0,0,0,0,5,0,0,0
Notholca,ER36,OS,Spring,11.112070823800787,33253.4001904587,200.01727482841417,2.222414164760157,6650.680038091739,200.01727482841417,4.96946914656213,14871.372661774021,200.01727482841417,5,2.222414164760157,6650.680038091739,89.45044463811833
Notholca,ER36,OS,Summer,0,0,0,0,0,0,0,0,0,5,0,0,0
Notholca,ER37,OS,Spring,25.33978131983411,76939.0740936171,506.7956263966822,5.067956263966822,15387.814818723422,506.7956263966822,11.332294713225682,34408.199959844176,506.7956263966822,5,5.067956263966821,15387.814818723422,226.64589426451363
Notholca,ER37,OS,Summer,0,0,0,0,0,0,0,0,0,5,0,0,0
Notholca,ER38,OS,Spring,13.708748788604169,40799.7426107937,274.17497577208337,2.7417497577208336,8159.94852215874,274.17497577208337,6.130738835557363,18246.199588445892,274.17497577208337,5,2.7417497577208336,8159.94852215874,122.61477671114726
Notholca,ER38,OS,Summer,0,0,0,0,0,0,0,0,0,5,0,0,0
Notholca,ER42,OS,Spring,22.446223207831714,64131.8784016869,426.4782409488026,4.4892446415663425,12826.37568033738,426.4782409488026,10.03825618616902,28680.647926184498,426.4782409488026,5,4.4892446415663425,12826.375680337382,190.72686753721138
Notholca,ER42,OS,Summer,0,0,0,0,0,0,0,0,0,5,0,0,0
Notholca,ER43,OS,Spring,10.385206845494526,35551.4937815639,197.318930064396,2.077041369098905,7110.29875631278,197.318930064396,4.644405693384383,15899.111359447588,197.318930064396,5,2.0770413690989047,7110.29875631278,88.24370817430328
Notholca,ER43,OS,Summer,0,0,0,0,0,0,0,0,0,5,0,0,0
Notholca,ER58,OS,Spring,0.009519620844196794,32.0376833496651,0.06663734590937756,0.0019039241688393587,6.4075366699330205,0.06663734590937756,0.004257303865529593,14.327687562292866,0.06663734590937756,5,0.0019039241688393587,6.40753666993302,0.02980112705870715
Notholca,ER58,OS,Summer,0,0,0,0,0,0,0,0,0,5,0,0,0
Notholca,ER59,OS,Spring,0.006488709020370968,15.6417634488339,0.03893225412222581,0.0012977418040741938,3.12835268976678,0.03893225412222581,0.0029018388911531104,6.995209271912831,0.03893225412222581,5,0.0012977418040741936,3.1283526897667797,0.017411033346918663
Notholca,ER59,OS,Summer,0,0,0,0,0,0,0,0,0,5,0,0,0
Notholca,ER60,OS,Spring,0.03651213309650194,182.65287043832856,0.21907279857901166,0.007302426619300389,36.53057408766571,0.21907279857901166,0.012370102922125504,46.5099342605304,0.21907279857901166,5,0.005532078204508282,20.799874927118477,0.09797233392875787
Notholca,ER60,OS,Summer,0,0,0,0,0,0,0,0,0,5,0,0,0
Notholca,ER61,OS,Spring,0.02686125132160273,78.7093536745321,0.18802875925121912,0.005372250264320547,15.74187073490642,0.18802875925121912,0.010780178640581277,23.31645566328951,0.18802875925121912,5,0.004821042449986201,10.427435971495058,0.08408901748213368
Notholca,ER61,OS,Summer,0,0,0,0,0,0,0,0,0,5,0,0,0
Notholca,ER63,OS,Spring,17.74898554379047,58649.7126809085,354.9797108758094,3.5497971087580944,11729.942536181701,354.9797108758094,7.937587641515313,26228.94888306857,354.9797108758094,5,3.549797108758094,11729.942536181701,158.75175283030626
Notholca,ER63,OS,Summer,0,0,0,0,0,0,0,0,0,5,0,0,0
Notholca,ER73,OS,Spring,14.045327075475518,45965.1501524638,280.90654150951036,2.8090654150951035,9193.03003049276,280.90654150951036,6.281261221396315,20556.240067378778,280.90654150951036,5,2.8090654150951035,9193.03003049276,125.6252244279263
Notholca,ER73,OS,Summer,0,0,0,0,0,0,0,0,0,5,0,0,0
Notholca,ER78M,OS,Spring,16.683383086325964,47557.725094992486,333.66766172651927,3.3366766172651925,9511.545018998497,333.66766172651927,7.0373546710896555,20127.61768030025,333.66766172651927,5,3.1472006852664287,9001.344271655596,149.22071470278038
Notholca,ER78M,OS,Summer,0,0,0,0,0,0,0,0,0,5,0,0,0
Notholca,ER91M,OS,Spring,0,0,0,0,0,0,0,0,0,5,0,0,0
Notholca,ER91M,OS,Summer,0,0,0,0,0,0,0,0,0,5,0,0,0
Notholca,ER92,OS,Spring,0.6163130757272037,1658.42125574737,5.546817681544834,0.12326261514544075,331.684251149474,5.546817681544834,0.2756235865496006,741.6685326363366,5.546817681544834,5,0.12326261514544073,331.684251149474,2.480612278946406
Notholca,ER92,OS,Summer,0,0,0,0,0,0,0,0,0,5,0,0,0
Notholca,ER932n,NS,Spring,2.324210226889729,6010.11649892472,44.15999431090485,0.4648420453779458,1202.023299784944,44.15999431090485,1.0394184122651287,2687.805808857743,44.15999431090485,5,0.46484204537794577,1202.023299784944,19.748949833037443
Notholca,ER932n,NS,Summer,0,0,0,0,0,0,0,0,0,5,0,0,0
Notholca,ER936n,NS,Spring,0.7141854718451254,2190.255484004391,7.141854718451254,0.14283709436902509,438.05109680087816,7.141854718451254,0.31404846041919493,963.4824528246932,7.141854718451254,5,0.14044674114529437,430.8824519288496,3.1939345271769253
Notholca,ER936n,NS,Summer,0,0,0,0,0,0,0,0,0,5,0,0,0
Notholca,ER937n,NS,Spring,0.015784751689598465,41.94390644676848,0.0947085101375908,0.003156950337919693,8.388781289353695,0.0947085101375908,0.007014054842844615,18.310306058514136,0.0947085101375908,5,0.0031367806853024325,8.18861780713277,0.0423549333430762
Notholca,ER937n,NS,Summer,0,0,0,0,0,0,0,0,0,5,0,0,0
Notholca,ER951n,NS,Spring,15.718819769018749,49904.3759222139,267.2199360733187,3.1437639538037496,9980.875184442779,267.2199360733187,7.029669905918693,22317.915387354806,267.2199360733187,5,3.1437639538037496,9980.875184442779,119.50438840061777
Notholca,ER951n,NS,Summer,0,0,0,0,0,0,0,0,0,5,0,0,0
Notholca,ER958n,NS,Spring,0.7977890344342119,2612.621403482367,6.382312275473695,0.1595578068868424,522.5242806964734,6.382312275473695,0.326531582218118,1018.7211240063078,6.382312275473695,5,0.14602936292805468,455.5859366786194,2.854256820318109
Notholca,ER958n,NS,Summer,0,0,0,0,0,0,0,0,0,5,0,0,0
Notholca,ER959n,NS,Spring,1.4991329842949221,4790.73868260759,19.48872879583399,0.29982659685898444,958.147736521518,19.48872879583399,0.6704326520391142,2142.483471349672,19.48872879583399,5,0.29982659685898444,958.1477365215179,8.715624476508484
Notholca,ER959n,NS,Summer,0,0,0,0,0,0,0,0,0,5,0,0,0
Notholca,ER95b,NS,Spring,14.043245133532032,42235.7911933912,196.60543186944847,2.8086490267064064,8447.15823867824,196.60543186944847,6.280330148654147,18888.420038381937,196.60543186944847,5,2.8086490267064064,8447.15823867824,87.92462208115806
Notholca,ER95b,NS,Summer,0,0,0,0,0,0,0,0,0,5,0,0,0
Notholca,ER964n,NS,Spring,1.2261995676899038,4101.309809301342,8.583396973829327,0.24523991353798075,820.2619618602685,8.583396973829327,0.32299192933038817,987.936420917488,8.583396973829327,5,0.1444463820333112,441.8185989238697,3.8386118222696717
Notholca,ER964n,NS,Summer,0,0,0,0,0,0,0,0,0,5,0,0,0
Notholca,ER966n,NS,Spring,1.635251562169674,5246.54287418901,13.899638278442229,0.3270503124339348,1049.308574837802,13.899638278442229,0.7313067306648229,2346.3253027107507,13.899638278442229,5,0.3270503124339348,1049.308574837802,6.2161072106509945
Notholca,ER966n,NS,Summer,0,0,0,0,0,0,0,0,0,5,0,0,0
Notholca,ERG09n,NS,Spring,2.446210708104273,7173.26986348879,26.908317789147006,0.48924214162085466,1434.653972697758,26.908317789147006,1.0939786861218102,3207.983807142314,26.908317789147006,5,0.4892421416208546,1434.6539726977578,12.033765547339911
Notholca,ERG09n,NS,Summer,0,0,0,0,0,0,0,0,0,5,0,0,0
Notholca,ERI28n,NS,Spring,3.1947529278425986,9815.51939941224,35.14228220626858,0.6389505855685197,1963.103879882448,35.14228220626858,1.428736943594506,4389.633722310736,35.14228220626858,5,0.6389505855685197,1963.103879882448,15.716106379539566
Notholca,ERI28n,NS,Summer,0,0,0,0,0,0,0,0,0,5,0,0,0
Notholca,ERN22n,NS,Spring,0.24232945989981683,680.714648375681,2.1809651390983515,0.048465891979963364,136.1429296751362,2.1809651390983515,0.10837302905735996,304.4248454095779,2.1809651390983515,5,0.048465891979963364,136.1429296751362,0.9753572615162397
Notholca,ERN22n,NS,Summer,0,0,0,0,0,0,0,0,0,5,0,0,0
Notomatta,ER09,OS,Spring,0,0,0,0,0,0,NA,NA,0,1,NA,NA,0
Notomatta,ER09,OS,Summer,0,0,0,0,0,0,NA,NA,0,1,NA,NA,0
Notomatta,ER10,OS,Spring,0,0,0,0,0,0,NA,NA,0,1,NA,NA,0
Notomatta,ER10,OS,Summer,0,0,0,0,0,0,NA,NA,0,1,NA,NA,0
Notomatta,ER15M,OS,Spring,0,0,0,0,0,0,NA,NA,0,1,NA,NA,0
Notomatta,ER15M,OS,Summer,0,0,0,0,0,0,NA,NA,0,1,NA,NA,0
Notomatta,ER30,OS,Spring,0,0,0,0,0,0,NA,NA,0,1,NA,NA,0
Notomatta,ER30,OS,Summer,0,0,0,0,0,0,NA,NA,0,1,NA,NA,0
Notomatta,ER31,OS,Spring,0,0,0,0,0,0,NA,NA,0,1,NA,NA,0
Notomatta,ER31,OS,Summer,0,0,0,0,0,0,NA,NA,0,1,NA,NA,0
Notomatta,ER32,OS,Spring,0,0,0,0,0,0,NA,NA,0,1,NA,NA,0
Notomatta,ER32,OS,Summer,0,0,0,0,0,0,NA,NA,0,1,NA,NA,0
Notomatta,ER36,OS,Spring,0,0,0,0,0,0,NA,NA,0,1,NA,NA,0
Notomatta,ER36,OS,Summer,0,0,0,0,0,0,NA,NA,0,1,NA,NA,0
Notomatta,ER37,OS,Spring,0,0,0,0,0,0,NA,NA,0,1,NA,NA,0
Notomatta,ER37,OS,Summer,0,0,0,0,0,0,NA,NA,0,1,NA,NA,0
Notomatta,ER38,OS,Spring,0,0,0,0,0,0,NA,NA,0,1,NA,NA,0
Notomatta,ER38,OS,Summer,0,0,0,0,0,0,NA,NA,0,1,NA,NA,0
Notomatta,ER42,OS,Spring,0,0,0,0,0,0,NA,NA,0,1,NA,NA,0
Notomatta,ER42,OS,Summer,0,0,0,0,0,0,NA,NA,0,1,NA,NA,0
Notomatta,ER43,OS,Spring,0,0,0,0,0,0,NA,NA,0,1,NA,NA,0
Notomatta,ER43,OS,Summer,0,0,0,0,0,0,NA,NA,0,1,NA,NA,0
Notomatta,ER58,OS,Spring,0,0,0,0,0,0,NA,NA,0,1,NA,NA,0
Notomatta,ER58,OS,Summer,0,0,0,0,0,0,NA,NA,0,1,NA,NA,0
Notomatta,ER59,OS,Spring,0,0,0,0,0,0,NA,NA,0,1,NA,NA,0
Notomatta,ER59,OS,Summer,0,0,0,0,0,0,NA,NA,0,1,NA,NA,0
Notomatta,ER60,OS,Spring,0.002788945777859939,23.8242874484776,0.016733674667159634,0.002788945777859939,23.8242874484776,0.016733674667159634,NA,NA,0.016733674667159634,1,NA,NA,0.016733674667159634
Notomatta,ER60,OS,Summer,0,0,0,0,0,0,NA,NA,0,1,NA,NA,0
Notomatta,ER61,OS,Spring,0.00542661284716971,33.7325801462281,0.037986289930187975,0.00542661284716971,33.7325801462281,0.037986289930187975,NA,NA,0.037986289930187975,1,NA,NA,0.037986289930187975
Notomatta,ER61,OS,Summer,0,0,0,0,0,0,NA,NA,0,1,NA,NA,0
Notomatta,ER63,OS,Spring,0,0,0,0,0,0,NA,NA,0,1,NA,NA,0
Notomatta,ER63,OS,Summer,0,0,0,0,0,0,NA,NA,0,1,NA,NA,0
Notomatta,ER73,OS,Spring,0,0,0,0,0,0,NA,NA,0,1,NA,NA,0
Notomatta,ER73,OS,Summer,0,0,0,0,0,0,NA,NA,0,1,NA,NA,0
Notomatta,ER78M,OS,Spring,0,0,0,0,0,0,NA,NA,0,1,NA,NA,0
Notomatta,ER78M,OS,Summer,0,0,0,0,0,0,NA,NA,0,1,NA,NA,0
Notomatta,ER91M,OS,Spring,0,0,0,0,0,0,NA,NA,0,1,NA,NA,0
Notomatta,ER91M,OS,Summer,0,0,0,0,0,0,NA,NA,0,1,NA,NA,0
Notomatta,ER92,OS,Spring,0,0,0,0,0,0,NA,NA,0,1,NA,NA,0
Notomatta,ER92,OS,Summer,0,0,0,0,0,0,NA,NA,0,1,NA,NA,0
Notomatta,ER932n,NS,Spring,0,0,0,0,0,0,NA,NA,0,1,NA,NA,0
Notomatta,ER932n,NS,Summer,0,0,0,0,0,0,NA,NA,0,1,NA,NA,0
Notomatta,ER936n,NS,Spring,0,0,0,0,0,0,NA,NA,0,1,NA,NA,0
Notomatta,ER936n,NS,Summer,0,0,0,0,0,0,NA,NA,0,1,NA,NA,0
Notomatta,ER937n,NS,Spring,0,0,0,0,0,0,NA,NA,0,1,NA,NA,0
Notomatta,ER937n,NS,Summer,0,0,0,0,0,0,NA,NA,0,1,NA,NA,0
Notomatta,ER951n,NS,Spring,0,0,0,0,0,0,NA,NA,0,1,NA,NA,0
Notomatta,ER951n,NS,Summer,0,0,0,0,0,0,NA,NA,0,1,NA,NA,0
Notomatta,ER958n,NS,Spring,0,0,0,0,0,0,NA,NA,0,1,NA,NA,0
Notomatta,ER958n,NS,Summer,0,0,0,0,0,0,NA,NA,0,1,NA,NA,0
Notomatta,ER959n,NS,Spring,0,0,0,0,0,0,NA,NA,0,1,NA,NA,0
Notomatta,ER959n,NS,Summer,0,0,0,0,0,0,NA,NA,0,1,NA,NA,0
Notomatta,ER95b,NS,Spring,0,0,0,0,0,0,NA,NA,0,1,NA,NA,0
Notomatta,ER95b,NS,Summer,0,0,0,0,0,0,NA,NA,0,1,NA,NA,0
Notomatta,ER964n,NS,Spring,0,0,0,0,0,0,NA,NA,0,1,NA,NA,0
Notomatta,ER964n,NS,Summer,0,0,0,0,0,0,NA,NA,0,1,NA,NA,0
Notomatta,ER966n,NS,Spring,0,0,0,0,0,0,NA,NA,0,1,NA,NA,0
Notomatta,ER966n,NS,Summer,0,0,0,0,0,0,NA,NA,0,1,NA,NA,0
Notomatta,ERG09n,NS,Spring,0,0,0,0,0,0,NA,NA,0,1,NA,NA,0
Notomatta,ERG09n,NS,Summer,0,0,0,0,0,0,NA,NA,0,1,NA,NA,0
Notomatta,ERI28n,NS,Spring,0,0,0,0,0,0,NA,NA,0,1,NA,NA,0
Notomatta,ERI28n,NS,Summer,0,0,0,0,0,0,NA,NA,0,1,NA,NA,0
Notomatta,ERN22n,NS,Spring,0.004073064836575652,6.54533315745847,0.036657583529180866,0.004073064836575652,6.54533315745847,0.036657583529180866,NA,NA,0.036657583529180866,1,NA,NA,0.036657583529180866
Notomatta,ERN22n,NS,Summer,0,0,0,0,0,0,NA,NA,0,1,NA,NA,0
Ploesoma,ER09,OS,Spring,0,0,0,0,0,0,0,0,0,3,0,0,0
Ploesoma,ER09,OS,Summer,0.34686402853860876,1696.49010973604,6.937280570772176,0.11562134284620292,565.4967032453467,6.937280570772176,0.2002620402489638,979.4690215336404,6.937280570772176,3,0.11562134284620293,565.4967032453467,4.005240804979277
Ploesoma,ER10,OS,Spring,0,0,0,0,0,0,0,0,0,3,0,0,0
Ploesoma,ER10,OS,Summer,15.329073310495948,5444.08952379709,306.581466209919,5.109691103498649,1814.6965079323634,306.581466209919,7.998699244692572,1814.696507932365,306.581466209919,3,4.618051162090113,1047.7155173522249,177.00489204484688
Ploesoma,ER15M,OS,Spring,0,0,0,0,0,0,0,0,0,3,0,0,0
Ploesoma,ER15M,OS,Summer,0,0,0,0,0,0,0,0,0,3,0,0,0
Ploesoma,ER30,OS,Spring,0,0,0,0,0,0,0,0,0,3,0,0,0
Ploesoma,ER30,OS,Summer,0,0,0,0,0,0,0,0,0,3,0,0,0
Ploesoma,ER31,OS,Spring,0,0,0,0,0,0,0,0,0,3,0,0,0
Ploesoma,ER31,OS,Summer,0,0,0,0,0,0,0,0,0,3,0,0,0
Ploesoma,ER32,OS,Spring,0,0,0,0,0,0,0,0,0,3,0,0,0
Ploesoma,ER32,OS,Summer,0,0,0,0,0,0,0,0,0,3,0,0,0
Ploesoma,ER36,OS,Spring,0,0,0,0,0,0,0,0,0,3,0,0,0
Ploesoma,ER36,OS,Summer,0,0,0,0,0,0,0,0,0,3,0,0,0
Ploesoma,ER37,OS,Spring,0,0,0,0,0,0,0,0,0,3,0,0,0
Ploesoma,ER37,OS,Summer,0.6042898461830929,1755.15087546437,12.085796923661858,0.20142994872769762,585.0502918214567,12.085796923661858,0.3488869053623662,1013.3368304177613,12.085796923661858,3,0.20142994872769765,585.0502918214567,6.977738107247325
Ploesoma,ER38,OS,Spring,0,0,0,0,0,0,0,0,0,3,0,0,0
Ploesoma,ER38,OS,Summer,0,0,0,0,0,0,0,0,0,3,0,0,0
Ploesoma,ER42,OS,Spring,0,0,0,0,0,0,0,0,0,3,0,0,0
Ploesoma,ER42,OS,Summer,0,0,0,0,0,0,0,0,0,3,0,0,0
Ploesoma,ER43,OS,Spring,0,0,0,0,0,0,0,0,0,3,0,0,0
Ploesoma,ER43,OS,Summer,0,0,0,0,0,0,0,0,0,3,0,0,0
Ploesoma,ER58,OS,Spring,0,0,0,0,0,0,0,0,0,3,0,0,0
Ploesoma,ER58,OS,Summer,1.0374417326404717,1679.748431021542,7.262092128483303,0.3458139108801573,559.9161436738474,7.262092128483303,0.38978658833858054,484.9016044105694,7.262092128483303,3,0.22504339170378534,279.9580718369237,4.192770845259697
Ploesoma,ER59,OS,Spring,0,0,0,0,0,0,0,0,0,3,0,0,0
Ploesoma,ER59,OS,Summer,0,0,0,0,0,0,0,0,0,3,0,0,0
Ploesoma,ER60,OS,Spring,0,0,0,0,0,0,0,0,0,3,0,0,0
Ploesoma,ER60,OS,Summer,0.5780659145042129,3287.8796808755,3.468395487025277,0.19268863816807094,1095.9598936251666,3.468395487025277,0.3337465113483545,1898.258218816571,3.468395487025277,3,0.19268863816807097,1095.9598936251668,2.002479068090127
Ploesoma,ER61,OS,Spring,0,0,0,0,0,0,0,0,0,3,0,0,0
Ploesoma,ER61,OS,Summer,0.39684962819268627,1914.1319330245467,2.777947397348804,0.13228320939756208,638.0439776748489,2.777947397348804,0.22912123966485032,1105.124586796181,2.777947397348804,3,0.1322832093975621,638.043977674849,1.6038486776539522
Ploesoma,ER63,OS,Spring,0,0,0,0,0,0,0,0,0,3,0,0,0
Ploesoma,ER63,OS,Summer,6.678359876191518,2900.38610718326,133.56719752383034,2.226119958730506,966.7953690610866,133.56719752383034,3.464477008617954,837.2693498680529,133.56719752383034,3,2.000216733526845,483.39768453054336,77.11505744528736
Ploesoma,ER73,OS,Spring,0,0,0,0,0,0,0,0,0,3,0,0,0
Ploesoma,ER73,OS,Summer,0,0,0,0,0,0,0,0,0,3,0,0,0
Ploesoma,ER78M,OS,Spring,0,0,0,0,0,0,0,0,0,3,0,0,0
Ploesoma,ER78M,OS,Summer,0,0,0,0,0,0,0,0,0,3,0,0,0
Ploesoma,ER91M,OS,Spring,0,0,0,0,0,0,0,0,0,3,0,0,0
Ploesoma,ER91M,OS,Summer,0.48547168060190254,1331.5700403649,3.8837734448152204,0.1618238935339675,443.85668012163336,3.8837734448152204,0.28028720547944846,768.7823212495159,3.8837734448152204,3,0.16182389353396753,443.8566801216334,2.2422976438355877
Ploesoma,ER92,OS,Spring,0,0,0,0,0,0,0,0,0,3,0,0,0
Ploesoma,ER92,OS,Summer,1.067657824425233,7183.09637979361,8.541262595401864,0.3558859414750777,2394.3654599312035,8.541262595401864,0.6164125323343185,4147.162628488867,8.541262595401864,3,0.3558859414750777,2394.3654599312035,4.931300258674549
Ploesoma,ER932n,NS,Spring,0,0,0,0,0,0,0,0,0,3,0,0,0
Ploesoma,ER932n,NS,Summer,0,0,0,0,0,0,0,0,0,3,0,0,0
Ploesoma,ER936n,NS,Spring,0,0,0,0,0,0,0,0,0,3,0,0,0
Ploesoma,ER936n,NS,Summer,17.381568639142507,12516.43413347871,86.90784319571253,5.793856213047502,4172.14471115957,86.90784319571253,7.068419586603022,1806.5916540645342,86.90784319571253,3,4.080953951070478,1043.0361777898902,50.17626666373442
Ploesoma,ER937n,NS,Spring,0,0,0,0,0,0,0,0,0,3,0,0,0
Ploesoma,ER937n,NS,Summer,10.0140289675521,1259.515384501,60.0841738053126,3.3380096558507,419.8384615003333,60.0841738053126,5.781602320088915,727.1815462901272,60.0841738053126,3,3.3380096558507,419.8384615003333,34.689613920533496
Ploesoma,ER951n,NS,Spring,0,0,0,0,0,0,0,0,0,3,0,0,0
Ploesoma,ER951n,NS,Summer,0,0,0,0,0,0,0,0,0,3,0,0,0
Ploesoma,ER958n,NS,Spring,0.009172255149314478,54.4296125725494,0.07337804119451583,0.003057418383104826,18.1432041908498,0.07337804119451583,0.005295603979532645,31.424951470648438,0.07337804119451583,3,0.0030574183831048266,18.143204190849804,0.04236483183626116
Ploesoma,ER958n,NS,Summer,0.4324275023571149,3760.95373214054,3.891847521214034,0.14414250078570495,1253.6512440468466,3.891847521214034,0.1430122398825749,1085.6938248305344,3.891847521214034,3,0.08256815519361595,626.8256220234234,2.2469592140179
Ploesoma,ER959n,NS,Spring,0,0,0,0,0,0,0,0,0,3,0,0,0
Ploesoma,ER959n,NS,Summer,0,0,0,0,0,0,0,0,0,3,0,0,0
Ploesoma,ER95b,NS,Spring,0,0,0,0,0,0,0,0,0,3,0,0,0
Ploesoma,ER95b,NS,Summer,0,0,0,0,0,0,0,0,0,3,0,0,0
Ploesoma,ER964n,NS,Spring,0,0,0,0,0,0,0,0,0,3,0,0,0
Ploesoma,ER964n,NS,Summer,1.183392471951603,6373.31875021194,8.28374730366122,0.39446415731720097,2124.43958340398,8.28374730366122,0.6832319622382346,3679.637296066153,8.28374730366122,3,0.39446415731720097,2124.43958340398,4.782623735667642
Ploesoma,ER966n,NS,Spring,0,0,0,0,0,0,0,0,0,3,0,0,0
Ploesoma,ER966n,NS,Summer,5.626992000268333,9477.88286224655,39.388944001878336,1.8756640000894444,3159.294287415517,39.388944001878336,2.594554638237926,3482.2188684600455,39.388944001878336,3,1.4979668188138588,2010.4600010826014,22.741217422579552
Ploesoma,ERG09n,NS,Spring,0,0,0,0,0,0,0,0,0,3,0,0,0
Ploesoma,ERG09n,NS,Summer,0,0,0,0,0,0,0,0,0,3,0,0,0
Ploesoma,ERI28n,NS,Spring,0,0,0,0,0,0,0,0,0,3,0,0,0
Ploesoma,ERI28n,NS,Summer,3.86383163430083,13403.72085431224,46.36597961160996,1.2879438781002766,4467.906951437413,46.36597961160996,1.5904106118104995,3869.320921689886,46.36597961160996,3,0.9182239948508293,2233.9534757187066,26.769410810003713
Ploesoma,ERN22n,NS,Spring,0,0,0,0,0,0,0,0,0,3,0,0,0
Ploesoma,ERN22n,NS,Summer,0,0,0,0,0,0,0,0,0,3,0,0,0
Polyarthra,ER09,OS,Spring,0,0,0,0,0,0,0,0,0,5,0,0,0
Polyarthra,ER09,OS,Summer,5.959307506056555,10178.94065841625,119.1861501211311,1.191861501211311,2035.7881316832502,119.1861501211311,1.5338345960666722,2443.7703015620837,119.1861501211311,5,0.6859516846092021,1092.8873031375958,53.301666729468785
Polyarthra,ER10,OS,Spring,0.03697812161205829,104.6251148920442,0.7395624322411658,0.007395624322411658,20.92502297840884,0.7395624322411658,0.010265387649616231,28.652767753971144,0.7395624322411658,5,0.004590820919985737,12.813907288278688,0.33074237441926574
Polyarthra,ER10,OS,Summer,9.416463199316023,14517.572063458909,188.32926398632048,1.8832926398632048,2903.514412691782,188.32926398632048,2.7882813028451197,4177.7450980499225,188.32926398632048,5,1.246957306710673,1868.34440638123,84.22340728518311
Polyarthra,ER15M,OS,Spring,0.039093843646359754,90.0270385166217,0.781876872927195,0.00781876872927195,18.00540770332434,0.781876872927195,0.009753735799549587,18.830506108525253,0.781876872927195,5,0.004362003256473228,8.421258341877499,0.3496659675800346
Polyarthra,ER15M,OS,Summer,4.8775227367927005,8760.7344526456909,97.55045473585402,0.9755045473585402,1752.1468905291383,97.55045473585402,1.600196187858796,2671.442895784354,97.55045473585402,5,0.7156294906776582,1194.7055825965404,43.62588960507717
Polyarthra,ER30,OS,Spring,0,0,0,0,0,0,0,0,0,5,0,0,0
Polyarthra,ER30,OS,Summer,61.142405163306194,91594.23157062932,1100.5632929395115,12.22848103266124,18318.84631412586,1100.5632929395115,13.372392669947141,21927.22548242188,1100.5632929395115,5,5.980315806364343,9806.153347332189,492.1868673107524
Polyarthra,ER31,OS,Spring,0,0,0,0,0,0,0,0,0,5,0,0,0
Polyarthra,ER31,OS,Summer,32.19079453550927,49036.188846022145,611.6250961746762,6.438158907101855,9807.23776920443,611.6250961746762,9.593456140435265,18492.704883502083,611.6250961746762,5,4.290324013835204,8270.189041470598,273.5270583582845
Polyarthra,ER32,OS,Spring,2.0332327943679274,4827.22853141756,40.66465588735855,0.4066465588735854,965.445706283512,40.66465588735855,0.44702679283124924,1009.6872877954655,40.66465588735855,5,0.1999164593068778,451.5458823056109,18.185786969154147
Polyarthra,ER32,OS,Summer,15.48446814172989,24431.57929789745,309.68936283459783,3.096893628345978,4886.31585957949,309.68936283459783,3.6563491941508897,6603.168230071081,309.68936283459783,5,1.635169069519593,2953.0266058611815,138.49729344135153
Polyarthra,ER36,OS,Spring,0.06891775230407766,187.872317460219,1.240519541473398,0.013783550460815534,37.5744634920438,1.240519541473398,0.030820955801682082,84.01905458629406,1.240519541473398,5,0.013783550460815532,37.5744634920438,0.5547772044302774
Polyarthra,ER36,OS,Summer,91.80329538475516,177114.8583810664,1652.4593169255927,18.36065907695103,35422.97167621328,1652.4593169255927,25.656135386836088,52563.168452479396,1652.4593169255927,5,11.47377255298067,23506.96355450327,739.0022725396988
Polyarthra,ER37,OS,Spring,0.22521453524639612,680.876761890416,4.504290704927922,0.04504290704927923,136.1753523780832,4.504290704927922,0.0674721362405829,186.46578068422733,4.504290704927922,5,0.030174456644214094,83.39003221749991,2.0143800413278563
Polyarthra,ER37,OS,Summer,87.66074387993599,170249.6349200438,1753.2148775987198,17.5321487759872,34049.926984008765,1753.2148775987198,23.853582844628587,53475.9649855495,1753.2148775987198,5,10.667646549502464,23915.17857401745,784.0615290949421
Polyarthra,ER38,OS,Spring,0.11308321436017243,326.39794088635,2.2616642872034487,0.022616642872034486,65.27958817727,2.2616642872034487,0.05057235088470519,145.96959670756732,2.2616642872034487,5,0.022616642872034486,65.27958817727,1.0114470176941037
Polyarthra,ER38,OS,Summer,74.37233124615683,111566.5469534307,1413.0742936769798,14.874466249231366,22313.30939068614,1413.0742936769798,16.925934303205377,32126.537926689565,1413.0742936769798,5,7.569507936932552,14367.424537160605,631.9460355838456
Polyarthra,ER42,OS,Spring,0.14564410857518362,408.483301921572,2.767238062928489,0.029128821715036723,81.6966603843144,2.767238062928489,0.06513402545929413,182.67928615404108,2.767238062928489,5,0.029128821715036723,81.69666038431438,1.2375464837265884
Polyarthra,ER42,OS,Summer,71.52342749167137,86872.14157572947,1358.945122341756,14.304685498334274,17374.428315145895,1358.945122341756,29.932839456188223,34837.38889258125,1358.945122341756,5,13.38637275672494,15579.753944481557,607.7387342495869
Polyarthra,ER43,OS,Spring,0.5019805867112271,877.814661273182,9.537631147513316,0.10039611734224543,175.5629322546364,9.537631147513316,0.2244925430543063,392.5706508505574,9.537631147513316,5,0.10039611734224542,175.5629322546364,4.2653583180318195
Polyarthra,ER43,OS,Summer,119.48700542125952,192950.41122550177,2150.7660975826716,23.897401084251907,38590.082245100355,2150.7660975826716,29.852364412928043,55222.624757298174,2150.7660975826716,5,13.350383223280542,24696.308570656307,961.8518395793599
Polyarthra,ER58,OS,Spring,0.0823555468607121,128.1507333986606,0.5764888280249847,0.01647110937214242,25.63014667973212,0.5764888280249847,0.022577693019743567,35.09552372163855,0.5764888280249847,5,0.010097051273453823,15.69519534950804,0.2578136415466103
Polyarthra,ER58,OS,Summer,5.633926200839473,10078.490586129255,39.437483405876314,1.1267852401678946,2015.698117225851,39.437483405876314,2.481321809132684,4276.353819848713,39.437483405876314,5,1.1096808478546878,1912.4435674045224,17.636978751411874
Polyarthra,ER59,OS,Spring,0.02292159332206889,46.9252903465017,0.13752955993241334,0.004584318664413778,9.385058069300339,0.13752955993241334,0.010250848164150254,20.985627815738493,0.13752955993241334,5,0.004584318664413778,9.38505806930034,0.06150508898490152
Polyarthra,ER59,OS,Summer,10.79504896525458,15301.1664459788,64.77029379152748,2.159009793050916,3060.2332891957603,64.77029379152748,4.827692661349601,6842.889661649492,64.77029379152748,5,2.159009793050916,3060.23328919576,28.966155968097606
Polyarthra,ER60,OS,Spring,0.012602741330485188,31.76571659797015,0.07561644798291114,0.0025205482660970377,6.353143319594031,0.07561644798291114,0.0038101531465433783,10.35435680242363,0.07561644798291114,5,0.0017039522880711424,4.630609134701319,0.03381670358137323
Polyarthra,ER60,OS,Summer,10.382047239904463,20878.03597355937,62.292283439426775,2.0764094479808928,4175.6071947118735,62.292283439426775,3.4427837157288974,7178.579133653235,62.292283439426775,5,1.5396596840398253,3210.358184942036,27.857956048848532
Polyarthra,ER61,OS,Spring,0.005546724658936042,11.244193382076,0.0388270726125523,0.0011093449317872085,2.2488386764152,0.0388270726125523,0.0024805706779710652,5.0285561508950405,0.0388270726125523,5,0.0011093449317872083,2.2488386764152,0.01736399474579746
Polyarthra,ER61,OS,Summer,2.9097223907051113,6460.195273957853,20.36805673493578,0.5819444781410222,1292.0390547915706,20.36805673493578,0.986631441089489,2227.5569020425037,20.36805673493578,5,0.44123499420293527,996.1937313431756,9.108871885777765
Polyarthra,ER63,OS,Spring,0.08351282559188224,359.814188226433,1.6702565118376447,0.016702565118376447,71.9628376452866,1.6702565118376447,0.03734807100330656,160.91379682864172,1.6702565118376447,5,0.016702565118376447,71.96283764528658,0.7469614200661311
Polyarthra,ER63,OS,Summer,7.902770847666368,10151.3513751414,158.05541695332735,1.5805541695332734,2030.27027502828,158.05541695332735,3.5342265651971267,4539.822347660427,158.05541695332735,5,1.5805541695332734,2030.2702750282797,70.68453130394253
Polyarthra,ER73,OS,Spring,0.11485602592697519,304.404967897112,2.297120518539504,0.022971205185395038,60.880993579422395,2.297120518539504,0.05136517631963897,136.13404018131672,2.297120518539504,5,0.022971205185395038,60.880993579422395,1.0273035263927792
Polyarthra,ER73,OS,Summer,40.9051322881562,55261.237494981426,818.1026457631241,8.18102645763124,11052.247498996287,818.1026457631241,11.181672043133506,12885.721890380992,818.1026457631241,5,5.000595758111096,5762.670017209798,365.86662569975516
Polyarthra,ER78M,OS,Spring,0,0,0,0,0,0,0,0,0,5,0,0,0
Polyarthra,ER78M,OS,Summer,60.631902595418765,99287.8757517249,1212.6380519083752,12.126380519083753,19857.57515034498,1212.6380519083752,12.208551514322009,24487.631980587143,1212.6380519083752,5,5.459830218566402,10951.201943318132,542.3082232340091
Polyarthra,ER91M,OS,Spring,0.28615655121374994,506.065611860877,2.2892524097099995,0.05723131024274999,101.2131223721754,2.2892524097099995,0.12797310014416896,226.31942183918898,2.2892524097099995,5,0.05723131024274999,101.2131223721754,1.0237848011533517
Polyarthra,ER91M,OS,Summer,4.083823142962587,9701.43886551572,32.6705851437007,0.8167646285925174,1940.287773103144,32.6705851437007,1.8263412311502374,4338.615356570318,32.6705851437007,5,0.8167646285925174,1940.287773103144,14.610729849201899
Polyarthra,ER92,OS,Spring,0.39984795189785016,904.593412225839,3.5986315670806515,0.07996959037957004,180.9186824451678,3.5986315670806515,0.1788174402215318,404.546472347093,3.5986315670806515,5,0.07996959037957002,180.91868244516778,1.6093569619937862
Polyarthra,ER92,OS,Summer,25.512506219132437,46690.12646865851,204.1000497530595,5.102501243826487,9338.025293731702,204.1000497530595,7.663691694905191,11785.943243914784,204.1000497530595,5,3.427307117681717,5270.834054469568,91.27631709178604
Polyarthra,ER932n,NS,Spring,0,0,0,0,0,0,0,0,0,5,0,0,0
Polyarthra,ER932n,NS,Summer,2.9583747824793987,8919.040283667571,53.25074608462917,0.5916749564958796,1783.8080567335141,53.25074608462917,0.9721290062112761,2566.6465894934345,53.25074608462917,5,0.4347493081575457,1147.8392496650633,23.81445761956232
Polyarthra,ER936n,NS,Spring,0.01950122789334412,28.8191511053209,0.1950122789334412,0.003900245578668824,5.76383022106418,0.1950122789334412,0.008721214242846494,12.888316185067145,0.1950122789334412,5,0.003900245578668824,5.763830221064179,0.08721214242846494
Polyarthra,ER936n,NS,Summer,20.76482152767665,46936.62800054518,103.82410763838325,4.15296430553533,9387.325600109036,103.82410763838325,5.654671735545914,12319.312615195196,103.82410763838325,5,2.5288460782254756,5509.364088729433,46.43155247653602
Polyarthra,ER937n,NS,Spring,0.002020849285166821,4.033067927573899,0.012125095711000927,4.041698570333642e-4,0.8066135855147798,0.012125095711000927,7.371807161980948e-4,1.3970957121869023,0.012125095711000927,5,3.2967723862418406e-4,0.624800196704679,0.005422507648697844
Polyarthra,ER937n,NS,Summer,1.757049262523939,5038.061538004,10.542295575143633,0.3514098525047878,1007.6123076008,10.542295575143633,0.4019314084513766,1053.786175016683,10.542295575143633,5,0.1797491903179023,471.26750421735875,4.714657908983281
Polyarthra,ER951n,NS,Spring,1.1064243825126332,2117.155342154525,18.809214502714767,0.22128487650252665,423.431068430905,18.809214502714767,0.34029352729895224,662.6364220803434,18.809214502714767,5,0.15218389186872752,296.3400168277781,8.411736446289023
Polyarthra,ER951n,NS,Summer,70.57493549219308,188843.53673483292,1199.7739033672822,14.114987098438615,37768.707346966585,1199.7739033672822,14.515606014081516,48014.177758798,1199.7739033672822,5,6.491576356418208,21472.593070486168,536.5552011119013
Polyarthra,ER958n,NS,Spring,0.1266912068348025,435.436900580395,1.01352965467842,0.0253382413669605,87.087380116079,1.01352965467842,0.05665803012682087,194.73330192191617,1.01352965467842,5,0.025338241366960498,87.08738011607899,0.45326424101456697
Polyarthra,ER958n,NS,Summer,26.23983481158654,69577.64404460003,236.15851330427887,5.247966962317308,13915.528808920008,236.15851330427887,5.720161571968465,18017.284473060256,236.15851330427887,5,2.5581340234407084,8057.574570342842,105.6132978427312
Polyarthra,ER959n,NS,Spring,0.07068607013464677,217.760849209436,0.918918911750408,0.014137214026929353,43.5521698418872,0.918918911750408,0.03161177157667758,97.38561233407606,0.918918911750408,5,0.014137214026929353,43.5521698418872,0.4109530304968085
Polyarthra,ER959n,NS,Summer,54.85757218346893,128942.88748829003,493.7181496512204,10.971514436693786,25788.577497658003,493.7181496512204,13.219108885802733,35098.99993097639,493.7181496512204,5,5.911765214125283,15696.749957584725,220.79746886910857
Polyarthra,ER95b,NS,Spring,0.8488557095298659,2466.323573336719,11.883979933418123,0.1697711419059732,493.2647146673438,11.883979933418123,0.2545375207764576,803.9231285652368,11.883979933418123,5,0.11383263985608484,359.52535283123444,5.31467739487327
Polyarthra,ER95b,NS,Summer,11.569108502555181,25458.89763136101,161.96751903577254,2.313821700511036,5091.779526272202,161.96751903577254,3.189218315113764,6132.619425479617,161.96751903577254,5,1.426261789536344,2742.590783101626,72.43407654219571
Polyarthra,ER964n,NS,Spring,3.1962917574706284,6379.8152589132005,22.3740423022944,0.6392583514941257,1275.96305178264,22.3740423022944,0.9094978991911993,1776.6499224714603,22.3740423022944,5,0.4067398255969545,794.5419997731832,10.005975903877234
Polyarthra,ER964n,NS,Summer,34.56991615755409,85402.47125284004,241.98941310287864,6.9139832315108185,17080.49425056801,241.98941310287864,7.6027290859205685,24677.17416646227,241.98941310287864,5,3.400043810126646,11035.96778576227,108.22095550666299
Polyarthra,ER966n,NS,Spring,0.16283687079302434,242.1481326548775,1.384113401740707,0.03256737415860487,48.4296265309755,1.384113401740707,0.04990744738325145,72.19462469879235,1.384113401740707,5,0.02231928898648885,32.28641768731699,0.6189943309721393
Polyarthra,ER966n,NS,Summer,13.739574600608973,23263.89429824158,96.17702220426281,2.7479149201217945,4652.778859648316,96.17702220426281,3.2972770620867933,6436.2921838073435,96.17702220426281,5,1.4745871302953728,2878.397369208758,43.01167190444766
Polyarthra,ERG09n,NS,Spring,0.12258008104332968,329.8055109650014,1.3483808914766264,0.024516016208665937,65.96110219300029,1.3483808914766264,0.038791371638134335,107.50344401660627,1.3483808914766264,5,0.017348028784665147,48.07700172729493,0.6030142665807007
Polyarthra,ERG09n,NS,Summer,64.77524612635928,144267.08657771224,647.7524612635927,12.955049225271855,28853.417315542447,647.7524612635927,16.63932592587521,40377.60593596804,647.7524612635927,5,7.441332774006319,18057.41432830471,289.68370719563853
Polyarthra,ERI28n,NS,Spring,1.5499406500365671,4066.42946547079,17.049347150402237,0.3099881300073134,813.285893094158,17.049347150402237,0.4258523246143617,1123.525049751287,17.049347150402237,5,0.19044694924280392,502.45567713354217,7.624699840058346
Polyarthra,ERI28n,NS,Summer,117.65722506819623,274776.2775134013,1411.8867008183547,23.531445013639246,54955.25550268026,1411.8867008183547,27.41375959707739,67751.79828990017,1411.8867008183547,5,12.259805995580457,30299.525314814153,631.4149279115497
Polyarthra,ERN22n,NS,Spring,0,0,0,0,0,0,0,0,0,5,0,0,0
Polyarthra,ERN22n,NS,Summer,69.39998551099544,128225.08801340571,624.5998695989589,13.879997102199088,25645.017602681142,624.5998695989589,11.687351453344307,22566.23929530751,624.5998695989589,5,5.226742465321767,10091.92901216691,279.32955343215525
Pompholyx,ER09,OS,Spring,0,0,0,0,0,0,NA,NA,0,1,NA,NA,0
Pompholyx,ER09,OS,Summer,0,0,0,0,0,0,NA,NA,0,1,NA,NA,0
Pompholyx,ER10,OS,Spring,0,0,0,0,0,0,NA,NA,0,1,NA,NA,0
Pompholyx,ER10,OS,Summer,0,0,0,0,0,0,NA,NA,0,1,NA,NA,0
Pompholyx,ER15M,OS,Spring,0,0,0,0,0,0,NA,NA,0,1,NA,NA,0
Pompholyx,ER15M,OS,Summer,0,0,0,0,0,0,NA,NA,0,1,NA,NA,0
Pompholyx,ER30,OS,Spring,0,0,0,0,0,0,NA,NA,0,1,NA,NA,0
Pompholyx,ER30,OS,Summer,0,0,0,0,0,0,NA,NA,0,1,NA,NA,0
Pompholyx,ER31,OS,Spring,0,0,0,0,0,0,NA,NA,0,1,NA,NA,0
Pompholyx,ER31,OS,Summer,0,0,0,0,0,0,NA,NA,0,1,NA,NA,0
Pompholyx,ER32,OS,Spring,0,0,0,0,0,0,NA,NA,0,1,NA,NA,0
Pompholyx,ER32,OS,Summer,0,0,0,0,0,0,NA,NA,0,1,NA,NA,0
Pompholyx,ER36,OS,Spring,0,0,0,0,0,0,NA,NA,0,1,NA,NA,0
Pompholyx,ER36,OS,Summer,0,0,0,0,0,0,NA,NA,0,1,NA,NA,0
Pompholyx,ER37,OS,Spring,0,0,0,0,0,0,NA,NA,0,1,NA,NA,0
Pompholyx,ER37,OS,Summer,0,0,0,0,0,0,NA,NA,0,1,NA,NA,0
Pompholyx,ER38,OS,Spring,0,0,0,0,0,0,NA,NA,0,1,NA,NA,0
Pompholyx,ER38,OS,Summer,0,0,0,0,0,0,NA,NA,0,1,NA,NA,0
Pompholyx,ER42,OS,Spring,0,0,0,0,0,0,NA,NA,0,1,NA,NA,0
Pompholyx,ER42,OS,Summer,0,0,0,0,0,0,NA,NA,0,1,NA,NA,0
Pompholyx,ER43,OS,Spring,0,0,0,0,0,0,NA,NA,0,1,NA,NA,0
Pompholyx,ER43,OS,Summer,0,0,0,0,0,0,NA,NA,0,1,NA,NA,0
Pompholyx,ER58,OS,Spring,0,0,0,0,0,0,NA,NA,0,1,NA,NA,0
Pompholyx,ER58,OS,Summer,0,0,0,0,0,0,NA,NA,0,1,NA,NA,0
Pompholyx,ER59,OS,Spring,0,0,0,0,0,0,NA,NA,0,1,NA,NA,0
Pompholyx,ER59,OS,Summer,0,0,0,0,0,0,NA,NA,0,1,NA,NA,0
Pompholyx,ER60,OS,Spring,5.025435633663255e-4,7.94142914949255,0.003015261380197953,5.025435633663255e-4,7.94142914949255,0.003015261380197953,NA,NA,0.003015261380197953,1,NA,NA,0.003015261380197953
Pompholyx,ER60,OS,Summer,0,0,0,0,0,0,NA,NA,0,1,NA,NA,0
Pompholyx,ER61,OS,Spring,0,0,0,0,0,0,NA,NA,0,1,NA,NA,0
Pompholyx,ER61,OS,Summer,0,0,0,0,0,0,NA,NA,0,1,NA,NA,0
Pompholyx,ER63,OS,Spring,0,0,0,0,0,0,NA,NA,0,1,NA,NA,0
Pompholyx,ER63,OS,Summer,0,0,0,0,0,0,NA,NA,0,1,NA,NA,0
Pompholyx,ER73,OS,Spring,0,0,0,0,0,0,NA,NA,0,1,NA,NA,0
Pompholyx,ER73,OS,Summer,0,0,0,0,0,0,NA,NA,0,1,NA,NA,0
Pompholyx,ER78M,OS,Spring,0,0,0,0,0,0,NA,NA,0,1,NA,NA,0
Pompholyx,ER78M,OS,Summer,0,0,0,0,0,0,NA,NA,0,1,NA,NA,0
Pompholyx,ER91M,OS,Spring,0,0,0,0,0,0,NA,NA,0,1,NA,NA,0
Pompholyx,ER91M,OS,Summer,0,0,0,0,0,0,NA,NA,0,1,NA,NA,0
Pompholyx,ER92,OS,Spring,0,0,0,0,0,0,NA,NA,0,1,NA,NA,0
Pompholyx,ER92,OS,Summer,0,0,0,0,0,0,NA,NA,0,1,NA,NA,0
Pompholyx,ER932n,NS,Spring,0,0,0,0,0,0,NA,NA,0,1,NA,NA,0
Pompholyx,ER932n,NS,Summer,0,0,0,0,0,0,NA,NA,0,1,NA,NA,0
Pompholyx,ER936n,NS,Spring,0,0,0,0,0,0,NA,NA,0,1,NA,NA,0
Pompholyx,ER936n,NS,Summer,0,0,0,0,0,0,NA,NA,0,1,NA,NA,0
Pompholyx,ER937n,NS,Spring,0,0,0,0,0,0,NA,NA,0,1,NA,NA,0
Pompholyx,ER937n,NS,Summer,0,0,0,0,0,0,NA,NA,0,1,NA,NA,0
Pompholyx,ER951n,NS,Spring,0,0,0,0,0,0,NA,NA,0,1,NA,NA,0
Pompholyx,ER951n,NS,Summer,0,0,0,0,0,0,NA,NA,0,1,NA,NA,0
Pompholyx,ER958n,NS,Spring,0,0,0,0,0,0,NA,NA,0,1,NA,NA,0
Pompholyx,ER958n,NS,Summer,0,0,0,0,0,0,NA,NA,0,1,NA,NA,0
Pompholyx,ER959n,NS,Spring,0,0,0,0,0,0,NA,NA,0,1,NA,NA,0
Pompholyx,ER959n,NS,Summer,0,0,0,0,0,0,NA,NA,0,1,NA,NA,0
Pompholyx,ER95b,NS,Spring,0,0,0,0,0,0,NA,NA,0,1,NA,NA,0
Pompholyx,ER95b,NS,Summer,0,0,0,0,0,0,NA,NA,0,1,NA,NA,0
Pompholyx,ER964n,NS,Spring,0,0,0,0,0,0,NA,NA,0,1,NA,NA,0
Pompholyx,ER964n,NS,Summer,0,0,0,0,0,0,NA,NA,0,1,NA,NA,0
Pompholyx,ER966n,NS,Spring,0,0,0,0,0,0,NA,NA,0,1,NA,NA,0
Pompholyx,ER966n,NS,Summer,0.3820696567405959,2584.87714424906,2.6744875971841715,0.3820696567405959,2584.87714424906,2.6744875971841715,NA,NA,2.6744875971841715,1,NA,NA,2.6744875971841715
Pompholyx,ERG09n,NS,Spring,0,0,0,0,0,0,NA,NA,0,1,NA,NA,0
Pompholyx,ERG09n,NS,Summer,0,0,0,0,0,0,NA,NA,0,1,NA,NA,0
Pompholyx,ERI28n,NS,Spring,0,0,0,0,0,0,NA,NA,0,1,NA,NA,0
Pompholyx,ERI28n,NS,Summer,0,0,0,0,0,0,NA,NA,0,1,NA,NA,0
Pompholyx,ERN22n,NS,Spring,0,0,0,0,0,0,NA,NA,0,1,NA,NA,0
Pompholyx,ERN22n,NS,Summer,0,0,0,0,0,0,NA,NA,0,1,NA,NA,0
Proales,ER09,OS,Spring,0,0,0,0,0,0,NA,NA,0,1,NA,NA,0
Proales,ER09,OS,Summer,0,0,0,0,0,0,NA,NA,0,1,NA,NA,0
Proales,ER10,OS,Spring,0,0,0,0,0,0,NA,NA,0,1,NA,NA,0
Proales,ER10,OS,Summer,0,0,0,0,0,0,NA,NA,0,1,NA,NA,0
Proales,ER15M,OS,Spring,0,0,0,0,0,0,NA,NA,0,1,NA,NA,0
Proales,ER15M,OS,Summer,0,0,0,0,0,0,NA,NA,0,1,NA,NA,0
Proales,ER30,OS,Spring,0,0,0,0,0,0,NA,NA,0,1,NA,NA,0
Proales,ER30,OS,Summer,0,0,0,0,0,0,NA,NA,0,1,NA,NA,0
Proales,ER31,OS,Spring,0,0,0,0,0,0,NA,NA,0,1,NA,NA,0
Proales,ER31,OS,Summer,0,0,0,0,0,0,NA,NA,0,1,NA,NA,0
Proales,ER32,OS,Spring,0,0,0,0,0,0,NA,NA,0,1,NA,NA,0
Proales,ER32,OS,Summer,0,0,0,0,0,0,NA,NA,0,1,NA,NA,0
Proales,ER36,OS,Spring,0,0,0,0,0,0,NA,NA,0,1,NA,NA,0
Proales,ER36,OS,Summer,0,0,0,0,0,0,NA,NA,0,1,NA,NA,0
Proales,ER37,OS,Spring,0,0,0,0,0,0,NA,NA,0,1,NA,NA,0
Proales,ER37,OS,Summer,0,0,0,0,0,0,NA,NA,0,1,NA,NA,0
Proales,ER38,OS,Spring,0,0,0,0,0,0,NA,NA,0,1,NA,NA,0
Proales,ER38,OS,Summer,0,0,0,0,0,0,NA,NA,0,1,NA,NA,0
Proales,ER42,OS,Spring,0,0,0,0,0,0,NA,NA,0,1,NA,NA,0
Proales,ER42,OS,Summer,0,0,0,0,0,0,NA,NA,0,1,NA,NA,0
Proales,ER43,OS,Spring,0,0,0,0,0,0,NA,NA,0,1,NA,NA,0
Proales,ER43,OS,Summer,0,0,0,0,0,0,NA,NA,0,1,NA,NA,0
Proales,ER58,OS,Spring,0,0,0,0,0,0,NA,NA,0,1,NA,NA,0
Proales,ER58,OS,Summer,0,0,0,0,0,0,NA,NA,0,1,NA,NA,0
Proales,ER59,OS,Spring,0,0,0,0,0,0,NA,NA,0,1,NA,NA,0
Proales,ER59,OS,Summer,0,0,0,0,0,0,NA,NA,0,1,NA,NA,0
Proales,ER60,OS,Spring,0.0012714256657482509,7.94142914949255,0.007628553994489505,0.0012714256657482509,7.94142914949255,0.007628553994489505,NA,NA,0.007628553994489505,1,NA,NA,0.007628553994489505
Proales,ER60,OS,Summer,0,0,0,0,0,0,NA,NA,0,1,NA,NA,0
Proales,ER61,OS,Spring,0,0,0,0,0,0,NA,NA,0,1,NA,NA,0
Proales,ER61,OS,Summer,0,0,0,0,0,0,NA,NA,0,1,NA,NA,0
Proales,ER63,OS,Spring,0,0,0,0,0,0,NA,NA,0,1,NA,NA,0
Proales,ER63,OS,Summer,0,0,0,0,0,0,NA,NA,0,1,NA,NA,0
Proales,ER73,OS,Spring,0,0,0,0,0,0,NA,NA,0,1,NA,NA,0
Proales,ER73,OS,Summer,0,0,0,0,0,0,NA,NA,0,1,NA,NA,0
Proales,ER78M,OS,Spring,0,0,0,0,0,0,NA,NA,0,1,NA,NA,0
Proales,ER78M,OS,Summer,0,0,0,0,0,0,NA,NA,0,1,NA,NA,0
Proales,ER91M,OS,Spring,0,0,0,0,0,0,NA,NA,0,1,NA,NA,0
Proales,ER91M,OS,Summer,0,0,0,0,0,0,NA,NA,0,1,NA,NA,0
Proales,ER92,OS,Spring,0,0,0,0,0,0,NA,NA,0,1,NA,NA,0
Proales,ER92,OS,Summer,0,0,0,0,0,0,NA,NA,0,1,NA,NA,0
Proales,ER932n,NS,Spring,0,0,0,0,0,0,NA,NA,0,1,NA,NA,0
Proales,ER932n,NS,Summer,0,0,0,0,0,0,NA,NA,0,1,NA,NA,0
Proales,ER936n,NS,Spring,0,0,0,0,0,0,NA,NA,0,1,NA,NA,0
Proales,ER936n,NS,Summer,0,0,0,0,0,0,NA,NA,0,1,NA,NA,0
Proales,ER937n,NS,Spring,0,0,0,0,0,0,NA,NA,0,1,NA,NA,0
Proales,ER937n,NS,Summer,0,0,0,0,0,0,NA,NA,0,1,NA,NA,0
Proales,ER951n,NS,Spring,0,0,0,0,0,0,NA,NA,0,1,NA,NA,0
Proales,ER951n,NS,Summer,0,0,0,0,0,0,NA,NA,0,1,NA,NA,0
Proales,ER958n,NS,Spring,0.0034592566095723544,54.4296125725494,0.027674052876578835,0.0034592566095723544,54.4296125725494,0.027674052876578835,NA,NA,0.027674052876578835,1,NA,NA,0.027674052876578835
Proales,ER958n,NS,Summer,0,0,0,0,0,0,NA,NA,0,1,NA,NA,0
Proales,ER959n,NS,Spring,0,0,0,0,0,0,NA,NA,0,1,NA,NA,0
Proales,ER959n,NS,Summer,0,0,0,0,0,0,NA,NA,0,1,NA,NA,0
Proales,ER95b,NS,Spring,0,0,0,0,0,0,NA,NA,0,1,NA,NA,0
Proales,ER95b,NS,Summer,0,0,0,0,0,0,NA,NA,0,1,NA,NA,0
Proales,ER964n,NS,Spring,0,0,0,0,0,0,NA,NA,0,1,NA,NA,0
Proales,ER964n,NS,Summer,0,0,0,0,0,0,NA,NA,0,1,NA,NA,0
Proales,ER966n,NS,Spring,0,0,0,0,0,0,NA,NA,0,1,NA,NA,0
Proales,ER966n,NS,Summer,0,0,0,0,0,0,NA,NA,0,1,NA,NA,0
Proales,ERG09n,NS,Spring,0,0,0,0,0,0,NA,NA,0,1,NA,NA,0
Proales,ERG09n,NS,Summer,0,0,0,0,0,0,NA,NA,0,1,NA,NA,0
Proales,ERI28n,NS,Spring,0,0,0,0,0,0,NA,NA,0,1,NA,NA,0
Proales,ERI28n,NS,Summer,0,0,0,0,0,0,NA,NA,0,1,NA,NA,0
Proales,ERN22n,NS,Spring,0.012775166071554519,65.4533315745847,0.11497649464399066,0.012775166071554519,65.4533315745847,0.11497649464399066,NA,NA,0.11497649464399066,1,NA,NA,0.11497649464399066
Proales,ERN22n,NS,Summer,0,0,0,0,0,0,NA,NA,0,1,NA,NA,0
Rotifer Bdelloid,ER09,OS,Spring,0,0,0,0,0,0,NA,NA,0,1,NA,NA,0
Rotifer Bdelloid,ER09,OS,Summer,0,0,0,0,0,0,NA,NA,0,1,NA,NA,0
Rotifer Bdelloid,ER10,OS,Spring,0,0,0,0,0,0,NA,NA,0,1,NA,NA,0
Rotifer Bdelloid,ER10,OS,Summer,0,0,0,0,0,0,NA,NA,0,1,NA,NA,0
Rotifer Bdelloid,ER15M,OS,Spring,0,0,0,0,0,0,NA,NA,0,1,NA,NA,0
Rotifer Bdelloid,ER15M,OS,Summer,0,0,0,0,0,0,NA,NA,0,1,NA,NA,0
Rotifer Bdelloid,ER30,OS,Spring,0,0,0,0,0,0,NA,NA,0,1,NA,NA,0
Rotifer Bdelloid,ER30,OS,Summer,0,0,0,0,0,0,NA,NA,0,1,NA,NA,0
Rotifer Bdelloid,ER31,OS,Spring,0,0,0,0,0,0,NA,NA,0,1,NA,NA,0
Rotifer Bdelloid,ER31,OS,Summer,0,0,0,0,0,0,NA,NA,0,1,NA,NA,0
Rotifer Bdelloid,ER32,OS,Spring,0,0,0,0,0,0,NA,NA,0,1,NA,NA,0
Rotifer Bdelloid,ER32,OS,Summer,0,0,0,0,0,0,NA,NA,0,1,NA,NA,0
Rotifer Bdelloid,ER36,OS,Spring,0,0,0,0,0,0,NA,NA,0,1,NA,NA,0
Rotifer Bdelloid,ER36,OS,Summer,0,0,0,0,0,0,NA,NA,0,1,NA,NA,0
Rotifer Bdelloid,ER37,OS,Spring,0,0,0,0,0,0,NA,NA,0,1,NA,NA,0
Rotifer Bdelloid,ER37,OS,Summer,0,0,0,0,0,0,NA,NA,0,1,NA,NA,0
Rotifer Bdelloid,ER38,OS,Spring,0,0,0,0,0,0,NA,NA,0,1,NA,NA,0
Rotifer Bdelloid,ER38,OS,Summer,0,0,0,0,0,0,NA,NA,0,1,NA,NA,0
Rotifer Bdelloid,ER42,OS,Spring,0,0,0,0,0,0,NA,NA,0,1,NA,NA,0
Rotifer Bdelloid,ER42,OS,Summer,0,0,0,0,0,0,NA,NA,0,1,NA,NA,0
Rotifer Bdelloid,ER43,OS,Spring,0,0,0,0,0,0,NA,NA,0,1,NA,NA,0
Rotifer Bdelloid,ER43,OS,Summer,0,0,0,0,0,0,NA,NA,0,1,NA,NA,0
Rotifer Bdelloid,ER58,OS,Spring,0.30972586722183537,64.0753666993303,2.1680810705528475,0.30972586722183537,64.0753666993303,2.1680810705528475,NA,NA,2.1680810705528475,1,NA,NA,2.1680810705528475
Rotifer Bdelloid,ER58,OS,Summer,0,0,0,0,0,0,NA,NA,0,1,NA,NA,0
Rotifer Bdelloid,ER59,OS,Spring,0,0,0,0,0,0,NA,NA,0,1,NA,NA,0
Rotifer Bdelloid,ER59,OS,Summer,0,0,0,0,0,0,NA,NA,0,1,NA,NA,0
Rotifer Bdelloid,ER60,OS,Spring,0,0,0,0,0,0,NA,NA,0,1,NA,NA,0
Rotifer Bdelloid,ER60,OS,Summer,0.05582855864803088,328.78796808755,0.3349713518881853,0.05582855864803088,328.78796808755,0.3349713518881853,NA,NA,0.3349713518881853,1,NA,NA,0.3349713518881853
Rotifer Bdelloid,ER61,OS,Spring,0.002828427370810337,11.244193382076,0.01979899159567236,0.002828427370810337,11.244193382076,0.01979899159567236,NA,NA,0.01979899159567236,1,NA,NA,0.01979899159567236
Rotifer Bdelloid,ER61,OS,Summer,0,0,0,0,0,0,NA,NA,0,1,NA,NA,0
Rotifer Bdelloid,ER63,OS,Spring,0,0,0,0,0,0,NA,NA,0,1,NA,NA,0
Rotifer Bdelloid,ER63,OS,Summer,0,0,0,0,0,0,NA,NA,0,1,NA,NA,0
Rotifer Bdelloid,ER73,OS,Spring,0,0,0,0,0,0,NA,NA,0,1,NA,NA,0
Rotifer Bdelloid,ER73,OS,Summer,0,0,0,0,0,0,NA,NA,0,1,NA,NA,0
Rotifer Bdelloid,ER78M,OS,Spring,0,0,0,0,0,0,NA,NA,0,1,NA,NA,0
Rotifer Bdelloid,ER78M,OS,Summer,0,0,0,0,0,0,NA,NA,0,1,NA,NA,0
Rotifer Bdelloid,ER91M,OS,Spring,0,0,0,0,0,0,NA,NA,0,1,NA,NA,0
Rotifer Bdelloid,ER91M,OS,Summer,0,0,0,0,0,0,NA,NA,0,1,NA,NA,0
Rotifer Bdelloid,ER92,OS,Spring,0,0,0,0,0,0,NA,NA,0,1,NA,NA,0
Rotifer Bdelloid,ER92,OS,Summer,0,0,0,0,0,0,NA,NA,0,1,NA,NA,0
Rotifer Bdelloid,ER932n,NS,Spring,0,0,0,0,0,0,NA,NA,0,1,NA,NA,0
Rotifer Bdelloid,ER932n,NS,Summer,0,0,0,0,0,0,NA,NA,0,1,NA,NA,0
Rotifer Bdelloid,ER936n,NS,Spring,0,0,0,0,0,0,NA,NA,0,1,NA,NA,0
Rotifer Bdelloid,ER936n,NS,Summer,0,0,0,0,0,0,NA,NA,0,1,NA,NA,0
Rotifer Bdelloid,ER937n,NS,Spring,0,0,0,0,0,0,NA,NA,0,1,NA,NA,0
Rotifer Bdelloid,ER937n,NS,Summer,1.3048871590999565,1259.515384501,7.829322954599739,1.3048871590999565,1259.515384501,7.829322954599739,NA,NA,7.829322954599739,1,NA,NA,7.829322954599739
Rotifer Bdelloid,ER951n,NS,Spring,0,0,0,0,0,0,NA,NA,0,1,NA,NA,0
Rotifer Bdelloid,ER951n,NS,Summer,0,0,0,0,0,0,NA,NA,0,1,NA,NA,0
Rotifer Bdelloid,ER958n,NS,Spring,0,0,0,0,0,0,NA,NA,0,1,NA,NA,0
Rotifer Bdelloid,ER958n,NS,Summer,0,0,0,0,0,0,NA,NA,0,1,NA,NA,0
Rotifer Bdelloid,ER959n,NS,Spring,0,0,0,0,0,0,NA,NA,0,1,NA,NA,0
Rotifer Bdelloid,ER959n,NS,Summer,0,0,0,0,0,0,NA,NA,0,1,NA,NA,0
Rotifer Bdelloid,ER95b,NS,Spring,0,0,0,0,0,0,NA,NA,0,1,NA,NA,0
Rotifer Bdelloid,ER95b,NS,Summer,0,0,0,0,0,0,NA,NA,0,1,NA,NA,0
Rotifer Bdelloid,ER964n,NS,Spring,0,0,0,0,0,0,NA,NA,0,1,NA,NA,0
Rotifer Bdelloid,ER964n,NS,Summer,1.1142875964740564,1274.66375004239,7.800013175318394,1.1142875964740564,1274.66375004239,7.800013175318394,NA,NA,7.800013175318394,1,NA,NA,7.800013175318394
Rotifer Bdelloid,ER966n,NS,Spring,0,0,0,0,0,0,NA,NA,0,1,NA,NA,0
Rotifer Bdelloid,ER966n,NS,Summer,0,0,0,0,0,0,NA,NA,0,1,NA,NA,0
Rotifer Bdelloid,ERG09n,NS,Spring,0,0,0,0,0,0,NA,NA,0,1,NA,NA,0
Rotifer Bdelloid,ERG09n,NS,Summer,0,0,0,0,0,0,NA,NA,0,1,NA,NA,0
Rotifer Bdelloid,ERI28n,NS,Spring,0,0,0,0,0,0,NA,NA,0,1,NA,NA,0
Rotifer Bdelloid,ERI28n,NS,Summer,0,0,0,0,0,0,NA,NA,0,1,NA,NA,0
Rotifer Bdelloid,ERN22n,NS,Spring,0,0,0,0,0,0,NA,NA,0,1,NA,NA,0
Rotifer Bdelloid,ERN22n,NS,Summer,0,0,0,0,0,0,NA,NA,0,1,NA,NA,0
Synchaeta,ER09,OS,Spring,0.7206207955749986,992.134710183178,14.412415911499972,0.7206207955749986,992.134710183178,14.412415911499972,NA,NA,14.412415911499972,1,NA,NA,14.412415911499972
Synchaeta,ER09,OS,Summer,0.38822225197683197,3392.98021947209,7.764445039536639,0.38822225197683197,3392.98021947209,7.764445039536639,NA,NA,7.764445039536639,1,NA,NA,7.764445039536639
Synchaeta,ER10,OS,Spring,0.4463802330400605,732.37580424431,8.92760466080121,0.4463802330400605,732.37580424431,8.92760466080121,NA,NA,8.92760466080121,1,NA,NA,8.92760466080121
Synchaeta,ER10,OS,Summer,1.2124686027651672,5444.08952379709,24.249372055303343,1.2124686027651672,5444.08952379709,24.249372055303343,NA,NA,24.249372055303343,1,NA,NA,24.249372055303343
Synchaeta,ER15M,OS,Spring,1.1765263022419754,1350.40557774933,23.530526044839508,1.1765263022419754,1350.40557774933,23.530526044839508,NA,NA,23.530526044839508,1,NA,NA,23.530526044839508
Synchaeta,ER15M,OS,Summer,0,0,0,0,0,0,NA,NA,0,1,NA,NA,0
Synchaeta,ER30,OS,Spring,6.94439327210115,13658.3878435218,124.99907889782071,6.94439327210115,13658.3878435218,124.99907889782071,NA,NA,124.99907889782071,1,NA,NA,124.99907889782071
Synchaeta,ER30,OS,Summer,0.2552819873452376,1477.32631565531,4.595075772214277,0.2552819873452376,1477.32631565531,4.595075772214277,NA,NA,4.595075772214277,1,NA,NA,4.595075772214277
Synchaeta,ER31,OS,Spring,3.116001690431882,3982.83988160022,59.20403211820576,3.116001690431882,3982.83988160022,59.20403211820576,NA,NA,59.20403211820576,1,NA,NA,59.20403211820576
Synchaeta,ER31,OS,Summer,0,0,0,0,0,0,NA,NA,0,1,NA,NA,0
Synchaeta,ER32,OS,Spring,28.053409758591684,31980.3890206414,561.0681951718336,28.053409758591684,31980.3890206414,561.0681951718336,NA,NA,561.0681951718336,1,NA,NA,561.0681951718336
Synchaeta,ER32,OS,Summer,0,0,0,0,0,0,NA,NA,0,1,NA,NA,0
Synchaeta,ER36,OS,Spring,3.1771715120112645,3569.57403174416,57.18908721620276,3.1771715120112645,3569.57403174416,57.18908721620276,NA,NA,57.18908721620276,1,NA,NA,57.18908721620276
Synchaeta,ER36,OS,Summer,1.475957153175552,1844.94644146944,26.567228757159935,1.475957153175552,1844.94644146944,26.567228757159935,NA,NA,26.567228757159935,1,NA,NA,26.567228757159935
Synchaeta,ER37,OS,Spring,10.99579635464626,19745.4260948221,219.9159270929252,10.99579635464626,19745.4260948221,219.9159270929252,NA,NA,219.9159270929252,1,NA,NA,219.9159270929252
Synchaeta,ER37,OS,Summer,0,0,0,0,0,0,NA,NA,0,1,NA,NA,0
Synchaeta,ER38,OS,Spring,12.069110228314,20889.4682167264,241.38220456628002,12.069110228314,20889.4682167264,241.38220456628002,NA,NA,241.38220456628002,1,NA,NA,241.38220456628002
Synchaeta,ER38,OS,Summer,0,0,0,0,0,0,NA,NA,0,1,NA,NA,0
Synchaeta,ER42,OS,Spring,6.537711321660435,8578.14934035302,124.21651511154826,6.537711321660435,8578.14934035302,124.21651511154826,NA,NA,124.21651511154826,1,NA,NA,124.21651511154826
Synchaeta,ER42,OS,Summer,0,0,0,0,0,0,NA,NA,0,1,NA,NA,0
Synchaeta,ER43,OS,Spring,6.905262912613397,9436.50760868671,131.19999533965455,6.905262912613397,9436.50760868671,131.19999533965455,NA,NA,131.19999533965455,1,NA,NA,131.19999533965455
Synchaeta,ER43,OS,Summer,0.1857915903140612,1803.27487126637,3.3442486256531017,0.1857915903140612,1803.27487126637,3.3442486256531017,NA,NA,3.3442486256531017,1,NA,NA,3.3442486256531017
Synchaeta,ER58,OS,Spring,0.9029929328259647,4068.78578540747,6.3209505297817525,0.9029929328259647,4068.78578540747,6.3209505297817525,NA,NA,6.3209505297817525,1,NA,NA,6.3209505297817525
Synchaeta,ER58,OS,Summer,0,0,0,0,0,0,NA,NA,0,1,NA,NA,0
Synchaeta,ER59,OS,Spring,0.6820323754568248,2221.13040973441,4.092194252740949,0.6820323754568248,2221.13040973441,4.092194252740949,NA,NA,4.092194252740949,1,NA,NA,4.092194252740949
Synchaeta,ER59,OS,Summer,0,0,0,0,0,0,NA,NA,0,1,NA,NA,0
Synchaeta,ER60,OS,Spring,0.06232400147222189,182.652870438329,0.37394400883333134,0.06232400147222189,182.652870438329,0.37394400883333134,NA,NA,0.37394400883333134,1,NA,NA,0.37394400883333134
Synchaeta,ER60,OS,Summer,1.6126790708676964,6082.57740961967,9.676074425206178,1.6126790708676964,6082.57740961967,9.676074425206178,NA,NA,9.676074425206178,1,NA,NA,9.676074425206178
Synchaeta,ER61,OS,Spring,0.05562525404267497,146.174513966988,0.38937677829872475,0.05562525404267497,146.174513966988,0.38937677829872475,NA,NA,0.38937677829872475,1,NA,NA,0.38937677829872475
Synchaeta,ER61,OS,Summer,0.8395957137092077,2273.0316704666534,5.877169995964454,0.8395957137092077,2273.0316704666534,5.877169995964454,NA,NA,5.877169995964454,1,NA,NA,5.877169995964454
Synchaeta,ER63,OS,Spring,8.367057029088583,8635.54051743439,167.34114058177167,8.367057029088583,8635.54051743439,167.34114058177167,NA,NA,167.34114058177167,1,NA,NA,167.34114058177167
Synchaeta,ER63,OS,Summer,1.7893073573979397,2900.38610718326,35.78614714795879,1.7893073573979397,2900.38610718326,35.78614714795879,NA,NA,35.78614714795879,1,NA,NA,35.78614714795879
Synchaeta,ER73,OS,Spring,6.785629110946222,15220.2483948556,135.71258221892444,6.785629110946222,15220.2483948556,135.71258221892444,NA,NA,135.71258221892444,1,NA,NA,135.71258221892444
Synchaeta,ER73,OS,Summer,0,0,0,0,0,0,NA,NA,0,1,NA,NA,0
Synchaeta,ER78M,OS,Spring,3.4140647275526543,5191.89138591621,68.2812945510531,3.4140647275526543,5191.89138591621,68.2812945510531,NA,NA,68.2812945510531,1,NA,NA,68.2812945510531
Synchaeta,ER78M,OS,Summer,0,0,0,0,0,0,NA,NA,0,1,NA,NA,0
Synchaeta,ER91M,OS,Spring,2.7923750649624797,13013.1157335654,22.339000519699837,2.7923750649624797,13013.1157335654,22.339000519699837,NA,NA,22.339000519699837,1,NA,NA,22.339000519699837
Synchaeta,ER91M,OS,Summer,1.0865877843385656,1141.3457488842,8.692702274708525,1.0865877843385656,1141.3457488842,8.692702274708525,NA,NA,8.692702274708525,1,NA,NA,8.692702274708525
Synchaeta,ER92,OS,Spring,9.011118409171106,35731.4397829206,81.10006568253995,9.011118409171106,35731.4397829206,81.10006568253995,NA,NA,81.10006568253995,1,NA,NA,81.10006568253995
Synchaeta,ER92,OS,Summer,0.8642214011500882,1795.7740949484,6.913771209200705,0.8642214011500882,1795.7740949484,6.913771209200705,NA,NA,6.913771209200705,1,NA,NA,6.913771209200705
Synchaeta,ER932n,NS,Spring,3.4702424585448477,5049.92037187758,65.9346067123521,3.4702424585448477,5049.92037187758,65.9346067123521,NA,NA,65.9346067123521,1,NA,NA,65.9346067123521
Synchaeta,ER932n,NS,Summer,1.480969736573826,14493.4404609598,26.657455258328866,1.480969736573826,14493.4404609598,26.657455258328866,NA,NA,26.657455258328866,1,NA,NA,26.657455258328866
Synchaeta,ER936n,NS,Spring,1.7696186889499912,2478.4469950576,17.696186889499913,1.7696186889499912,2478.4469950576,17.696186889499913,NA,NA,17.696186889499913,1,NA,NA,17.696186889499913
Synchaeta,ER936n,NS,Summer,13.311077816655866,43807.5194671755,66.55538908327932,13.311077816655866,43807.5194671755,66.55538908327932,NA,NA,66.55538908327932,1,NA,NA,66.55538908327932
Synchaeta,ER937n,NS,Spring,0.01578356722070199,43.5571336177981,0.09470140332421194,0.01578356722070199,43.5571336177981,0.09470140332421194,NA,NA,0.09470140332421194,1,NA,NA,0.09470140332421194
Synchaeta,ER937n,NS,Summer,0.3147680087714139,3778.546153503,1.8886080526284834,0.3147680087714139,3778.546153503,1.8886080526284834,NA,NA,1.8886080526284834,1,NA,NA,1.8886080526284834
Synchaeta,ER951n,NS,Spring,12.745431777848928,16029.8904477414,216.67234022343177,12.745431777848928,16029.8904477414,216.67234022343177,NA,NA,216.67234022343177,1,NA,NA,216.67234022343177
Synchaeta,ER951n,NS,Summer,0,0,0,0,0,0,NA,NA,0,1,NA,NA,0
Synchaeta,ER958n,NS,Spring,1.4433431189048138,5279.67241953729,11.54674495123851,1.4433431189048138,5279.67241953729,11.54674495123851,NA,NA,11.54674495123851,1,NA,NA,11.54674495123851
Synchaeta,ER958n,NS,Summer,0.5050244400578773,1880.47686607027,4.545219960520895,0.5050244400578773,1880.47686607027,4.545219960520895,NA,NA,4.545219960520895,1,NA,NA,4.545219960520895
Synchaeta,ER959n,NS,Spring,6.167988571702524,6315.06462707365,80.18385143213281,6.167988571702524,6315.06462707365,80.18385143213281,NA,NA,80.18385143213281,1,NA,NA,80.18385143213281
Synchaeta,ER959n,NS,Summer,0,0,0,0,0,0,NA,NA,0,1,NA,NA,0
Synchaeta,ER95b,NS,Spring,8.953407003201649,37303.1440467178,125.34769804482309,8.953407003201649,37303.1440467178,125.34769804482309,NA,NA,125.34769804482309,1,NA,NA,125.34769804482309
Synchaeta,ER95b,NS,Summer,0,0,0,0,0,0,NA,NA,0,1,NA,NA,0
Synchaeta,ER964n,NS,Spring,7.294152532008954,20962.2501364291,51.05906772406268,7.294152532008954,20962.2501364291,51.05906772406268,NA,NA,51.05906772406268,1,NA,NA,51.05906772406268
Synchaeta,ER964n,NS,Summer,0,0,0,0,0,0,NA,NA,0,1,NA,NA,0
Synchaeta,ER966n,NS,Spring,3.411502429267597,7264.44397964632,28.997770648774576,3.411502429267597,7264.44397964632,28.997770648774576,NA,NA,28.997770648774576,1,NA,NA,28.997770648774576
Synchaeta,ER966n,NS,Summer,0.864396961536037,3446.50285899875,6.050778730752259,0.864396961536037,3446.50285899875,6.050778730752259,NA,NA,6.050778730752259,1,NA,NA,6.050778730752259
Synchaeta,ERG09n,NS,Spring,12.789403053590489,7832.88088541879,140.68343358949537,12.789403053590489,7832.88088541879,140.68343358949537,NA,NA,140.68343358949537,1,NA,NA,140.68343358949537
Synchaeta,ERG09n,NS,Summer,0.43889558236046766,4808.90288592374,4.388955823604677,0.43889558236046766,4808.90288592374,4.388955823604677,NA,NA,4.388955823604677,1,NA,NA,4.388955823604677
Synchaeta,ERI28n,NS,Spring,3.2206637045873587,14583.0573934125,35.427300750460944,3.2206637045873587,14583.0573934125,35.427300750460944,NA,NA,35.427300750460944,1,NA,NA,35.427300750460944
Synchaeta,ERI28n,NS,Summer,1.395607478699755,13403.7208543122,16.747289744397058,1.395607478699755,13403.7208543122,16.747289744397058,NA,NA,16.747289744397058,1,NA,NA,16.747289744397058
Synchaeta,ERN22n,NS,Spring,0.2867336307548634,503.990653124302,2.5806026767937706,0.2867336307548634,503.990653124302,2.5806026767937706,NA,NA,2.5806026767937706,1,NA,NA,2.5806026767937706
Synchaeta,ERN22n,NS,Summer,0.18322830805915633,2137.08480022343,1.649054772532407,0.18322830805915633,2137.08480022343,1.649054772532407,NA,NA,1.649054772532407,1,NA,NA,1.649054772532407
Trichocerca,ER09,OS,Spring,0,0,0,0,0,0,0,0,0,7,0,0,0
Trichocerca,ER09,OS,Summer,1.108803289480581,1696.490109736042,22.176065789611624,0.15840046992579732,242.35572996229172,22.176065789611624,0.3482749771755364,413.9012054619671,22.176065789611624,7,0.13163556821045225,156.43995100031626,8.38176501958851
Trichocerca,ER10,OS,Spring,0,0,0,0,0,0,0,0,0,7,0,0,0
Trichocerca,ER10,OS,Summer,0,0,0,0,0,0,0,0,0,7,0,0,0
Trichocerca,ER15M,OS,Spring,0,0,0,0,0,0,0,0,0,7,0,0,0
Trichocerca,ER15M,OS,Summer,0.8215310453616738,604.188582941082,16.430620907233475,0.11736157790881054,86.31265470586887,16.430620907233475,0.21456229310314026,147.4069205417182,16.430620907233475,7,0.08109692404037976,55.71457904046355,6.210190972416891
Trichocerca,ER30,OS,Spring,0,0,0,0,0,0,0,0,0,7,0,0,0
Trichocerca,ER30,OS,Summer,6.707743834736134,10341.2842095872,120.73938902525042,0.9582491192480191,1477.3263156553144,120.73938902525042,2.535288863576936,3908.638036515269,120.73938902525042,7,0.9582491192480193,1477.3263156553141,45.63519954438485
Trichocerca,ER31,OS,Spring,0,0,0,0,0,0,0,0,0,7,0,0,0
Trichocerca,ER31,OS,Summer,1.0408709741941031,1634.53962820074,19.77654850968796,0.14869585345630046,233.50566117153429,19.77654850968796,0.3934122492318752,617.7979091855909,19.77654850968796,7,0.14869585345630046,233.50566117153429,7.474832735405627
Trichocerca,ER32,OS,Spring,0,0,0,0,0,0,0,0,0,7,0,0,0
Trichocerca,ER32,OS,Summer,1.2034513545952095,1526.97370611859,24.06902709190419,0.17192162208502992,218.13910087408428,24.06902709190419,0.454861857031819,577.1418121320595,24.06902709190419,7,0.1719216220850299,218.13910087408428,9.097237140636379
Trichocerca,ER36,OS,Spring,0,0,0,0,0,0,0,0,0,7,0,0,0
Trichocerca,ER36,OS,Summer,6.20256934274088,9224.73220734722,111.64624816933583,0.8860813346772686,1317.8188867638887,111.64624816933583,2.3443508529322457,3486.621047401238,111.64624816933583,7,0.8860813346772686,1317.8188867638887,42.19831535278042
Trichocerca,ER37,OS,Spring,0,0,0,0,0,0,0,0,0,7,0,0,0
Trichocerca,ER37,OS,Summer,17.643004878601026,24572.1122565012,352.86009757202055,2.520429268371575,3510.301750928743,352.86009757202055,6.668429041239662,9287.38545975205,352.86009757202055,7,2.520429268371575,3510.301750928743,133.36858082479324
Trichocerca,ER38,OS,Spring,0,0,0,0,0,0,0,0,0,7,0,0,0
Trichocerca,ER38,OS,Summer,10.709571675422426,13523.2178125371,203.4818618330261,1.5299388107746323,1931.8882589338714,203.4818618330261,4.047837614455584,5111.295893904579,203.4818618330261,7,1.5299388107746321,1931.8882589338712,76.90891467465609
Trichocerca,ER42,OS,Spring,0,0,0,0,0,0,0,0,0,7,0,0,0
Trichocerca,ER42,OS,Summer,3.720324962684434,4964.12237575597,70.68617429100425,0.5314749946692049,709.16033939371,70.68617429100425,1.406150663944095,1876.2618977059183,70.68617429100425,7,0.5314749946692048,709.1603393937099,26.716862614937806
Trichocerca,ER43,OS,Spring,0,0,0,0,0,0,0,0,0,7,0,0,0
Trichocerca,ER43,OS,Summer,15.485598890926278,21639.2984551964,278.740780036673,2.2122284129894685,3091.328350742343,278.740780036673,5.853006224041224,8178.886036907692,278.740780036673,7,2.212228412989468,3091.3283507423425,105.35411203274204
Trichocerca,ER58,OS,Spring,0,0,0,0,0,0,0,0,0,7,0,0,0
Trichocerca,ER58,OS,Summer,1.4005745497172426,1679.74843102154,9.804021848020698,0.20008207853103466,239.9640615745057,9.804021848020698,0.5293674215940133,634.8852305191326,9.804021848020698,7,0.20008207853103463,239.9640615745057,3.7055719511580927
Trichocerca,ER59,OS,Spring,0,0,0,0,0,0,0,0,0,7,0,0,0
Trichocerca,ER59,OS,Summer,7.928724306240214,9737.105920168355,47.57234583744128,1.1326749008914592,1391.0151314526222,47.57234583744128,2.473938426909602,3289.564800020713,47.57234583744128,7,0.9350608337841643,1243.3386260695327,17.980656624261197
Trichocerca,ER60,OS,Spring,0,0,0,0,0,0,0,0,0,7,0,0,0
Trichocerca,ER60,OS,Summer,5.68613319172291,5753.78944153212,34.116799150337464,0.8123047416747015,821.9699202188743,34.116799150337464,1.9952749930634153,1888.7430801068751,34.116799150337464,7,0.7541430612617033,713.8777829224197,12.894938011618951
Trichocerca,ER61,OS,Spring,0,0,0,0,0,0,0,0,0,7,0,0,0
Trichocerca,ER61,OS,Summer,18.16200864464781,19260.952576059502,127.13406051253466,2.5945726635211157,2751.5646537227863,127.13406051253466,6.705723800781657,7017.690686206387,127.13406051253466,7,2.534525362507871,2652.437761953759,48.05215818314336
Trichocerca,ER63,OS,Spring,0,0,0,0,0,0,0,0,0,7,0,0,0
Trichocerca,ER63,OS,Summer,7.093501817273772,5800.77221436652,141.87003634547543,1.0133574024676817,828.6817449095028,141.87003634547543,1.9009481180024652,1415.2435067895278,141.87003634547543,7,0.718490853638684,534.9117662234346,53.62183352311753
Trichocerca,ER73,OS,Spring,0,0,0,0,0,0,0,0,0,7,0,0,0
Trichocerca,ER73,OS,Summer,5.393972692234758,7084.77403781813,107.87945384469516,0.7705675274621083,1012.1105768311614,107.87945384469516,2.038730046046673,2677.792885593384,107.87945384469516,7,0.7705675274621082,1012.1105768311613,40.77460092093346
Trichocerca,ER78M,OS,Spring,0,0,0,0,0,0,0,0,0,7,0,0,0
Trichocerca,ER78M,OS,Summer,5.776025616622699,11819.98520853869,115.52051233245399,0.8251465166603856,1688.5693155055271,115.52051233245399,1.6168425652105793,2630.413079485319,115.52051233245399,7,0.6111090480987037,994.2026933842471,43.662649565491904
Trichocerca,ER91M,OS,Spring,0,0,0,0,0,0,0,0,0,7,0,0,0
Trichocerca,ER91M,OS,Summer,14.240968940147846,12364.5789462455,113.92775152118277,2.0344241343068354,1766.3684208922143,113.92775152118277,5.319668707541692,4590.0380309387765,113.92775152118277,7,2.0106457796296726,1734.8713054560856,43.060642564830026
Trichocerca,ER92,OS,Spring,0,0,0,0,0,0,0,0,0,7,0,0,0
Trichocerca,ER92,OS,Summer,14.79434719133116,13468.30571211303,118.35477753064929,2.1134781701901657,1924.0436731590041,118.35477753064929,4.066146889710026,3532.2687553275664,118.35477753064929,7,1.5368590663473585,1335.0720986343426,44.73390111749618
Trichocerca,ER932n,NS,Spring,0,0,0,0,0,0,0,0,0,7,0,0,0
Trichocerca,ER932n,NS,Summer,5.015994495339068,3344.64010637534,90.28790091610321,0.7165706421912954,477.80572948219145,90.28790091610321,1.8958677160480153,1264.1551352116812,90.28790091610321,7,0.7165706421912953,477.80572948219145,34.125618888864274
Trichocerca,ER936n,NS,Spring,0,0,0,0,0,0,0,0,0,7,0,0,0
Trichocerca,ER936n,NS,Summer,57.396633278073736,50065.73653391481,286.9831663903687,8.19951903972482,7152.248076273544,286.9831663903687,17.753895452378224,13843.053282444323,286.9831663903687,7,6.710341738519051,5232.182338737722,108.46944124725508
Trichocerca,ER937n,NS,Spring,0,0,0,0,0,0,0,0,0,7,0,0,0
Trichocerca,ER937n,NS,Summer,2.492023004391795,2519.030769002,14.95213802635077,0.35600328634168504,359.86153842885716,14.95213802635077,0.6566448308413407,614.5805778071629,14.95213802635077,7,0.2481884174431805,232.28962421259067,5.6513769694908955
Trichocerca,ER951n,NS,Spring,0,0,0,0,0,0,0,0,0,7,0,0,0
Trichocerca,ER951n,NS,Summer,4.711660899569399,7263.21295133972,80.09823529267977,0.6730944142241998,1037.6018501913886,80.09823529267977,1.7808404289039292,2745.236455506911,80.09823529267977,7,0.6730944142241998,1037.6018501913884,30.274287291366797
Trichocerca,ER958n,NS,Spring,0.004404721548652094,54.4296125725494,0.03523777238921675,6.292459355217276e-4,7.775658938935629,0.03523777238921675,0.0016648282588886758,20.572459832080042,0.03523777238921675,7,6.292459355217276e-4,7.775658938935628,0.013318626071109407
Trichocerca,ER958n,NS,Summer,23.989730380095203,26326.67612498375,215.9075734208568,3.4271043400136003,3760.953732140536,215.9075734208568,5.854735312107354,6780.155762940178,215.9075734208568,7,2.2128819468491696,2562.657999860159,81.60539220671518
Trichocerca,ER959n,NS,Spring,0,0,0,0,0,0,0,0,0,7,0,0,0
Trichocerca,ER959n,NS,Summer,7.344165076797928,9918.68365294539,66.09748569118136,1.0491664395425613,1416.9548075636271,66.09748569118136,2.7758334829447,3748.9100398307414,66.09748569118136,7,1.049166439542561,1416.9548075636271,24.9825013465023
Trichocerca,ER95b,NS,Spring,0,0,0,0,0,0,0,0,0,7,0,0,0
Trichocerca,ER95b,NS,Summer,0,0,0,0,0,0,0,0,0,7,0,0,0
Trichocerca,ER964n,NS,Spring,0,0,0,0,0,0,0,0,0,7,0,0,0
Trichocerca,ER964n,NS,Summer,7.905473014915217,10197.31000033911,55.33831110440652,1.129353287845031,1456.7585714770157,55.33831110440652,2.3274249427520446,3326.2432521440755,55.33831110440652,7,0.8796839419558073,1257.2017778971335,20.915915593797678
Trichocerca,ER966n,NS,Spring,0,0,0,0,0,0,0,0,0,7,0,0,0
Trichocerca,ER966n,NS,Summer,35.08265622487965,30156.90001623907,245.5785935741575,5.011808032125663,4308.128573748439,245.5785935741575,12.752055153351346,10646.105446306065,245.5785935741575,7,4.819823805821041,4023.8496346137354,92.81998370260364
Trichocerca,ERG09n,NS,Spring,0,0,0,0,0,0,0,0,0,7,0,0,0
Trichocerca,ERG09n,NS,Summer,18.37156920159826,24044.5144296187,183.7156920159826,2.6245098859426084,3434.9306328026714,183.7156920159826,6.943800471634635,9087.972225153591,183.7156920159826,7,2.624509885942608,3434.930632802671,69.43800471634636
Trichocerca,ERI28n,NS,Spring,0,0,0,0,0,0,0,0,0,7,0,0,0
Trichocerca,ERI28n,NS,Summer,24.298663599950316,40211.16256293674,291.5839631994038,3.4712376571357595,5744.451794705249,291.5839631994038,7.0057296955990624,9810.519119628825,291.5839631994038,7,2.647916932442193,3708.0276889974566,110.20837898860455
Trichocerca,ERN22n,NS,Spring,0,0,0,0,0,0,0,0,0,7,0,0,0
Trichocerca,ERN22n,NS,Summer,7.281331873092836,10685.4240011172,65.53198685783552,1.0401902675846908,1526.489143016743,65.53198685783552,2.7520847642188233,4038.710651462411,65.53198685783552,7,1.0401902675846908,1526.489143016743,24.768762877969404
Trichotria,ER09,OS,Spring,0,0,0,0,0,0,NA,NA,0,1,NA,NA,0
Trichotria,ER09,OS,Summer,0,0,0,0,0,0,NA,NA,0,1,NA,NA,0
Trichotria,ER10,OS,Spring,0,0,0,0,0,0,NA,NA,0,1,NA,NA,0
Trichotria,ER10,OS,Summer,0,0,0,0,0,0,NA,NA,0,1,NA,NA,0
Trichotria,ER15M,OS,Spring,0,0,0,0,0,0,NA,NA,0,1,NA,NA,0
Trichotria,ER15M,OS,Summer,0,0,0,0,0,0,NA,NA,0,1,NA,NA,0
Trichotria,ER30,OS,Spring,0,0,0,0,0,0,NA,NA,0,1,NA,NA,0
Trichotria,ER30,OS,Summer,0,0,0,0,0,0,NA,NA,0,1,NA,NA,0
Trichotria,ER31,OS,Spring,0,0,0,0,0,0,NA,NA,0,1,NA,NA,0
Trichotria,ER31,OS,Summer,0,0,0,0,0,0,NA,NA,0,1,NA,NA,0
Trichotria,ER32,OS,Spring,0,0,0,0,0,0,NA,NA,0,1,NA,NA,0
Trichotria,ER32,OS,Summer,0,0,0,0,0,0,NA,NA,0,1,NA,NA,0
Trichotria,ER36,OS,Spring,0,0,0,0,0,0,NA,NA,0,1,NA,NA,0
Trichotria,ER36,OS,Summer,0,0,0,0,0,0,NA,NA,0,1,NA,NA,0
Trichotria,ER37,OS,Spring,0,0,0,0,0,0,NA,NA,0,1,NA,NA,0
Trichotria,ER37,OS,Summer,0,0,0,0,0,0,NA,NA,0,1,NA,NA,0
Trichotria,ER38,OS,Spring,0,0,0,0,0,0,NA,NA,0,1,NA,NA,0
Trichotria,ER38,OS,Summer,0,0,0,0,0,0,NA,NA,0,1,NA,NA,0
Trichotria,ER42,OS,Spring,0,0,0,0,0,0,NA,NA,0,1,NA,NA,0
Trichotria,ER42,OS,Summer,0,0,0,0,0,0,NA,NA,0,1,NA,NA,0
Trichotria,ER43,OS,Spring,0,0,0,0,0,0,NA,NA,0,1,NA,NA,0
Trichotria,ER43,OS,Summer,0,0,0,0,0,0,NA,NA,0,1,NA,NA,0
Trichotria,ER58,OS,Spring,0,0,0,0,0,0,NA,NA,0,1,NA,NA,0
Trichotria,ER58,OS,Summer,0,0,0,0,0,0,NA,NA,0,1,NA,NA,0
Trichotria,ER59,OS,Spring,0,0,0,0,0,0,NA,NA,0,1,NA,NA,0
Trichotria,ER59,OS,Summer,0,0,0,0,0,0,NA,NA,0,1,NA,NA,0
Trichotria,ER60,OS,Spring,0,0,0,0,0,0,NA,NA,0,1,NA,NA,0
Trichotria,ER60,OS,Summer,0,0,0,0,0,0,NA,NA,0,1,NA,NA,0
Trichotria,ER61,OS,Spring,0,0,0,0,0,0,NA,NA,0,1,NA,NA,0
Trichotria,ER61,OS,Summer,0,0,0,0,0,0,NA,NA,0,1,NA,NA,0
Trichotria,ER63,OS,Spring,0,0,0,0,0,0,NA,NA,0,1,NA,NA,0
Trichotria,ER63,OS,Summer,0,0,0,0,0,0,NA,NA,0,1,NA,NA,0
Trichotria,ER73,OS,Spring,0,0,0,0,0,0,NA,NA,0,1,NA,NA,0
Trichotria,ER73,OS,Summer,0,0,0,0,0,0,NA,NA,0,1,NA,NA,0
Trichotria,ER78M,OS,Spring,0,0,0,0,0,0,NA,NA,0,1,NA,NA,0
Trichotria,ER78M,OS,Summer,0,0,0,0,0,0,NA,NA,0,1,NA,NA,0
Trichotria,ER91M,OS,Spring,0,0,0,0,0,0,NA,NA,0,1,NA,NA,0
Trichotria,ER91M,OS,Summer,0,0,0,0,0,0,NA,NA,0,1,NA,NA,0
Trichotria,ER92,OS,Spring,0,0,0,0,0,0,NA,NA,0,1,NA,NA,0
Trichotria,ER92,OS,Summer,0,0,0,0,0,0,NA,NA,0,1,NA,NA,0
Trichotria,ER932n,NS,Spring,0,0,0,0,0,0,NA,NA,0,1,NA,NA,0
Trichotria,ER932n,NS,Summer,0,0,0,0,0,0,NA,NA,0,1,NA,NA,0
Trichotria,ER936n,NS,Spring,0,0,0,0,0,0,NA,NA,0,1,NA,NA,0
Trichotria,ER936n,NS,Summer,0,0,0,0,0,0,NA,NA,0,1,NA,NA,0
Trichotria,ER937n,NS,Spring,7.843550836224987e-4,0.806613585514779,0.004706130501734992,7.843550836224987e-4,0.806613585514779,0.004706130501734992,NA,NA,0.004706130501734992,1,NA,NA,0.004706130501734992
Trichotria,ER937n,NS,Summer,0.3111341620428593,1259.515384501,1.8668049722571558,0.3111341620428593,1259.515384501,1.8668049722571558,NA,NA,1.8668049722571558,1,NA,NA,1.8668049722571558
Trichotria,ER951n,NS,Spring,0,0,0,0,0,0,NA,NA,0,1,NA,NA,0
Trichotria,ER951n,NS,Summer,0,0,0,0,0,0,NA,NA,0,1,NA,NA,0
Trichotria,ER958n,NS,Spring,0,0,0,0,0,0,NA,NA,0,1,NA,NA,0
Trichotria,ER958n,NS,Summer,0,0,0,0,0,0,NA,NA,0,1,NA,NA,0
Trichotria,ER959n,NS,Spring,0,0,0,0,0,0,NA,NA,0,1,NA,NA,0
Trichotria,ER959n,NS,Summer,0,0,0,0,0,0,NA,NA,0,1,NA,NA,0
Trichotria,ER95b,NS,Spring,0,0,0,0,0,0,NA,NA,0,1,NA,NA,0
Trichotria,ER95b,NS,Summer,0,0,0,0,0,0,NA,NA,0,1,NA,NA,0
Trichotria,ER964n,NS,Spring,0,0,0,0,0,0,NA,NA,0,1,NA,NA,0
Trichotria,ER964n,NS,Summer,0,0,0,0,0,0,NA,NA,0,1,NA,NA,0
Trichotria,ER966n,NS,Spring,0,0,0,0,0,0,NA,NA,0,1,NA,NA,0
Trichotria,ER966n,NS,Summer,0,0,0,0,0,0,NA,NA,0,1,NA,NA,0
Trichotria,ERG09n,NS,Spring,0,0,0,0,0,0,NA,NA,0,1,NA,NA,0
Trichotria,ERG09n,NS,Summer,0,0,0,0,0,0,NA,NA,0,1,NA,NA,0
Trichotria,ERI28n,NS,Spring,0,0,0,0,0,0,NA,NA,0,1,NA,NA,0
Trichotria,ERI28n,NS,Summer,0,0,0,0,0,0,NA,NA,0,1,NA,NA,0
Trichotria,ERN22n,NS,Spring,0,0,0,0,0,0,NA,NA,0,1,NA,NA,0
Trichotria,ERN22n,NS,Summer,0,0,0,0,0,0,NA,NA,0,1,NA,NA,0
